episode,method,step,score,edges,rank,rank_K,is_IBR,is_MBR,min_eig
0,initial,0,-620.0,150,44,44,True,False,0.00018924940526312889
0,random,0,-620.0,150,44,44,True,False,0.00018924940526312889
0,random,1,-620.0,150,44,44,True,False,0.00018924940526312889
0,random,2,-630.0,151,44,44,True,False,0.00018930751755156665
0,random,3,-630.0,151,44,44,True,False,0.00018930751755156665
0,random,4,-620.0,150,44,44,True,False,0.00018851995692694277
0,random,5,-620.0,150,44,44,True,False,0.00018851995692694277
0,random,6,-610.0,149,44,44,True,False,0.0001835325243734692
0,random,7,-610.0,149,44,44,True,False,0.0001835325243734692
0,random,8,-600.0,148,44,44,True,False,0.00018071172926954965
0,random,9,-600.0,148,44,44,True,False,0.00018071172926954965
0,random,10,-610.0,149,44,44,True,False,0.00018090941227593072
0,random,11,-610.0,149,44,44,True,False,0.00018090941227593072
0,random,12,-600.0,148,44,44,True,False,0.00018031539023550904
0,random,13,-600.0,148,44,44,True,False,0.00018031539023550904
0,random,14,-590.0,147,44,44,True,False,0.00017975054570152342
0,random,15,-590.0,147,44,44,True,False,0.00017975054570152342
0,random,16,-590.0,147,44,44,True,False,0.00017975054570152342
0,random,17,-580.0,146,44,44,True,False,0.00017931888826270388
0,random,18,-580.0,146,44,44,True,False,0.00017931888826270388
0,random,19,-580.0,146,44,44,True,False,0.00017931888826270388
0,random,20,-580.0,146,44,44,True,False,0.00017931888826270388
0,random,21,-570.0,145,44,44,True,False,0.00017916176287548685
0,random,22,-570.0,145,44,44,True,False,0.00017916176287548685
0,random,23,-560.0,144,44,44,True,False,0.0001704130559452287
0,random,24,-560.0,144,44,44,True,False,0.0001704130559452287
0,random,25,-570.0,145,44,44,True,False,0.00017215016406675572
0,random,26,-570.0,145,44,44,True,False,0.00017215016406675572
0,random,27,-580.0,146,44,44,True,False,0.00017243475581493593
0,random,28,-580.0,146,44,44,True,False,0.00017243475581493593
0,random,29,-570.0,145,44,44,True,False,0.0001709643409788742
0,random,30,-570.0,145,44,44,True,False,0.0001709643409788742
0,random,31,-580.0,146,44,44,True,False,0.00017178503656302836
0,random,32,-580.0,146,44,44,True,False,0.00017178503656302836
0,random,33,-570.0,145,44,44,True,False,0.00017176618909514165
0,random,34,-570.0,145,44,44,True,False,0.00017176618909514165
0,random,35,-580.0,146,44,44,True,False,0.0001839701262315658
0,random,36,-580.0,146,44,44,True,False,0.0001839701262315658
0,random,37,-590.0,147,44,44,True,False,0.00018397022082841644
0,random,38,-590.0,147,44,44,True,False,0.00018397022082841644
0,random,39,-580.0,146,44,44,True,False,0.00018360378578720108
0,random,40,-580.0,146,44,44,True,False,0.00018360378578720108
0,random,41,-590.0,147,44,44,True,False,0.0001962392980431099
0,random,42,-590.0,147,44,44,True,False,0.0001962392980431099
0,random,43,-590.0,147,44,44,True,False,0.0001962392980431099
0,random,44,-590.0,147,44,44,True,False,0.0001962392980431099
0,random,45,-580.0,146,44,44,True,False,0.0001930400306362365
0,random,46,-580.0,146,44,44,True,False,0.0001930400306362365
0,random,47,-570.0,145,44,44,True,False,0.00019221298525311443
0,random,48,-570.0,145,44,44,True,False,0.00019221298525311443
0,random,49,-560.0,144,44,44,True,False,0.00019207484851954153
0,random,50,-560.0,144,44,44,True,False,0.00019207484851954153
0,random,51,-570.0,145,44,44,True,False,0.0001924680700473703
0,random,52,-570.0,145,44,44,True,False,0.0001924680700473703
0,random,53,-560.0,144,44,44,True,False,0.00018016404008706671
0,random,54,-560.0,144,44,44,True,False,0.00018016404008706671
0,random,55,-560.0,144,44,44,True,False,0.00018016404008706671
0,random,56,-560.0,144,44,44,True,False,0.00018016404008706671
0,random,57,-560.0,144,44,44,True,False,0.00018016404008706671
0,random,58,-550.0,143,44,44,True,False,0.00017599964951289698
0,random,59,-550.0,143,44,44,True,False,0.00017599964951289698
0,random,60,-550.0,143,44,44,True,False,0.00017599964951289698
0,random,61,-560.0,144,44,44,True,False,0.00017611172048492452
0,random,62,-560.0,144,44,44,True,False,0.00017611172048492452
0,random,63,-560.0,144,44,44,True,False,0.00017611172048492452
0,random,64,-560.0,144,44,44,True,False,0.00017611172048492452
0,random,65,-570.0,145,44,44,True,False,0.00018002476206580262
0,random,66,-570.0,145,44,44,True,False,0.00018002476206580262
0,random,67,-560.0,144,44,44,True,False,0.00017998398922145756
0,random,68,-560.0,144,44,44,True,False,0.00017998398922145756
0,random,69,-550.0,143,44,44,True,False,0.00017958384035809453
0,random,70,-550.0,143,44,44,True,False,0.00017958384035809453
0,random,71,-540.0,142,44,44,True,False,0.0001764405795264085
0,random,72,-540.0,142,44,44,True,False,0.0001764405795264085
0,random,73,-550.0,143,44,44,True,False,0.00017675125291576933
0,random,74,-550.0,143,44,44,True,False,0.00017675125291576933
0,random,75,-540.0,142,44,44,True,False,0.00017667910042516857
0,random,76,-540.0,142,44,44,True,False,0.00017667910042516857
0,random,77,-530.0,141,44,44,True,False,0.00017663690204430398
0,random,78,-530.0,141,44,44,True,False,0.00017663690204430398
0,random,79,-540.0,142,44,44,True,False,0.0001767080385516355
0,random,80,-540.0,142,44,44,True,False,0.0001767080385516355
0,random,81,-550.0,143,44,44,True,False,0.00018092574048196027
0,random,82,-550.0,143,44,44,True,False,0.00018092574048196027
0,random,83,-540.0,142,44,44,True,False,0.00018076904894172435
0,random,84,-540.0,142,44,44,True,False,0.00018076904894172435
0,random,85,-530.0,141,44,44,True,False,0.00018062799724487258
0,random,86,-530.0,141,44,44,True,False,0.00018062799724487258
0,random,87,-540.0,142,44,44,True,False,0.0001813099442484138
0,random,88,-540.0,142,44,44,True,False,0.0001813099442484138
0,random,89,-550.0,143,44,44,True,False,0.0001814479269680114
0,random,90,-550.0,143,44,44,True,False,0.0001814479269680114
0,random,91,-540.0,142,44,44,True,False,0.00017913334448082683
0,random,92,-540.0,142,44,44,True,False,0.00017913334448082683
0,random,93,-550.0,143,44,44,True,False,0.0001793414214914126
0,random,94,-550.0,143,44,44,True,False,0.0001793414214914126
0,random,95,-540.0,142,44,44,True,False,0.00017838372819865684
0,random,96,-540.0,142,44,44,True,False,0.00017838372819865684
0,random,97,-550.0,143,44,44,True,False,0.00017923064032625952
0,random,98,-550.0,143,44,44,True,False,0.00017923064032625952
0,random,99,-540.0,142,44,44,True,False,0.0001768722093184528
0,random,100,-540.0,142,44,44,True,False,0.0001768722093184528
0,learned,0,-620.0,150,44,44,True,False,0.00018924940526312889
0,learned,1,-620.0,150,44,44,True,False,0.00018924940526312889
0,learned,2,-610.0,149,44,44,True,False,0.00018923470145000825
0,learned,3,-610.0,149,44,44,True,False,0.00018923470145000825
0,learned,4,-620.0,150,44,44,True,False,0.00018924940526312889
0,learned,5,-620.0,150,44,44,True,False,0.00018924940526312889
0,learned,6,-610.0,149,44,44,True,False,0.00018923470145000825
0,learned,7,-610.0,149,44,44,True,False,0.00018923470145000825
0,learned,8,-600.0,148,44,44,True,False,0.00018919736321026598
0,learned,9,-600.0,148,44,44,True,False,0.00018919736321026598
0,learned,10,-610.0,149,44,44,True,False,0.0001892206331515862
0,learned,11,-610.0,149,44,44,True,False,0.0001892206331515862
0,learned,12,-600.0,148,44,44,True,False,0.00018919736321026598
0,learned,13,-600.0,148,44,44,True,False,0.00018919736321026598
0,learned,14,-610.0,149,44,44,True,False,0.0001892206331515862
0,learned,15,-610.0,149,44,44,True,False,0.0001892206331515862
0,learned,16,-600.0,148,44,44,True,False,0.00018919736321026598
0,learned,17,-600.0,148,44,44,True,False,0.00018919736321026598
0,learned,18,-610.0,149,44,44,True,False,0.0001892206331515862
0,learned,19,-610.0,149,44,44,True,False,0.0001892206331515862
0,learned,20,-600.0,148,44,44,True,False,0.00018919736321026598
0,learned,21,-600.0,148,44,44,True,False,0.00018919736321026598
0,learned,22,-610.0,149,44,44,True,False,0.0001892206331515862
0,learned,23,-610.0,149,44,44,True,False,0.0001892206331515862
0,learned,24,-600.0,148,44,44,True,False,0.00018919736321026598
0,learned,25,-600.0,148,44,44,True,False,0.00018919736321026598
0,learned,26,-610.0,149,44,44,True,False,0.0001892206331515862
0,learned,27,-610.0,149,44,44,True,False,0.0001892206331515862
0,learned,28,-600.0,148,44,44,True,False,0.00018919736321026598
0,learned,29,-600.0,148,44,44,True,False,0.00018919736321026598
0,learned,30,-610.0,149,44,44,True,False,0.0001892206331515862
0,learned,31,-610.0,149,44,44,True,False,0.0001892206331515862
0,learned,32,-600.0,148,44,44,True,False,0.00018919736321026598
0,learned,33,-600.0,148,44,44,True,False,0.00018919736321026598
0,learned,34,-610.0,149,44,44,True,False,0.0001892206331515862
0,learned,35,-610.0,149,44,44,True,False,0.0001892206331515862
0,learned,36,-600.0,148,44,44,True,False,0.00018919736321026598
0,learned,37,-600.0,148,44,44,True,False,0.00018919736321026598
0,learned,38,-610.0,149,44,44,True,False,0.0001892206331515862
0,learned,39,-610.0,149,44,44,True,False,0.0001892206331515862
0,learned,40,-600.0,148,44,44,True,False,0.00018919736321026598
0,learned,41,-600.0,148,44,44,True,False,0.00018919736321026598
0,learned,42,-610.0,149,44,44,True,False,0.0001892206331515862
0,learned,43,-610.0,149,44,44,True,False,0.0001892206331515862
0,learned,44,-600.0,148,44,44,True,False,0.00018919736321026598
0,learned,45,-600.0,148,44,44,True,False,0.00018919736321026598
0,learned,46,-610.0,149,44,44,True,False,0.0001892206331515862
0,learned,47,-610.0,149,44,44,True,False,0.0001892206331515862
0,learned,48,-600.0,148,44,44,True,False,0.00018919736321026598
0,learned,49,-600.0,148,44,44,True,False,0.00018919736321026598
0,learned,50,-610.0,149,44,44,True,False,0.0001892206331515862
0,learned,51,-610.0,149,44,44,True,False,0.0001892206331515862
0,learned,52,-600.0,148,44,44,True,False,0.00018919736321026598
0,learned,53,-600.0,148,44,44,True,False,0.00018919736321026598
0,learned,54,-610.0,149,44,44,True,False,0.0001892206331515862
0,learned,55,-610.0,149,44,44,True,False,0.0001892206331515862
0,learned,56,-600.0,148,44,44,True,False,0.00018919736321026598
0,learned,57,-600.0,148,44,44,True,False,0.00018919736321026598
0,learned,58,-610.0,149,44,44,True,False,0.0001892206331515862
0,learned,59,-610.0,149,44,44,True,False,0.0001892206331515862
0,learned,60,-600.0,148,44,44,True,False,0.00018919736321026598
0,learned,61,-600.0,148,44,44,True,False,0.00018919736321026598
0,learned,62,-610.0,149,44,44,True,False,0.0001892206331515862
0,learned,63,-610.0,149,44,44,True,False,0.0001892206331515862
0,learned,64,-600.0,148,44,44,True,False,0.00018919736321026598
0,learned,65,-600.0,148,44,44,True,False,0.00018919736321026598
0,learned,66,-610.0,149,44,44,True,False,0.0001892206331515862
0,learned,67,-610.0,149,44,44,True,False,0.0001892206331515862
0,learned,68,-600.0,148,44,44,True,False,0.00018919736321026598
0,learned,69,-600.0,148,44,44,True,False,0.00018919736321026598
0,learned,70,-610.0,149,44,44,True,False,0.0001892206331515862
0,learned,71,-610.0,149,44,44,True,False,0.0001892206331515862
0,learned,72,-600.0,148,44,44,True,False,0.00018919736321026598
0,learned,73,-600.0,148,44,44,True,False,0.00018919736321026598
0,learned,74,-610.0,149,44,44,True,False,0.0001892206331515862
0,learned,75,-610.0,149,44,44,True,False,0.0001892206331515862
0,learned,76,-600.0,148,44,44,True,False,0.00018919736321026598
0,learned,77,-600.0,148,44,44,True,False,0.00018919736321026598
0,learned,78,-610.0,149,44,44,True,False,0.0001892206331515862
0,learned,79,-610.0,149,44,44,True,False,0.0001892206331515862
0,learned,80,-600.0,148,44,44,True,False,0.00018919736321026598
0,learned,81,-600.0,148,44,44,True,False,0.00018919736321026598
0,learned,82,-610.0,149,44,44,True,False,0.0001892206331515862
0,learned,83,-610.0,149,44,44,True,False,0.0001892206331515862
0,learned,84,-600.0,148,44,44,True,False,0.00018919736321026598
0,learned,85,-600.0,148,44,44,True,False,0.00018919736321026598
0,learned,86,-610.0,149,44,44,True,False,0.0001892206331515862
0,learned,87,-610.0,149,44,44,True,False,0.0001892206331515862
0,learned,88,-600.0,148,44,44,True,False,0.00018919736321026598
0,learned,89,-600.0,148,44,44,True,False,0.00018919736321026598
0,learned,90,-610.0,149,44,44,True,False,0.0001892206331515862
0,learned,91,-610.0,149,44,44,True,False,0.0001892206331515862
0,learned,92,-600.0,148,44,44,True,False,0.00018919736321026598
0,learned,93,-600.0,148,44,44,True,False,0.00018919736321026598
0,learned,94,-610.0,149,44,44,True,False,0.0001892206331515862
0,learned,95,-610.0,149,44,44,True,False,0.0001892206331515862
0,learned,96,-600.0,148,44,44,True,False,0.00018919736321026598
0,learned,97,-600.0,148,44,44,True,False,0.00018919736321026598
0,learned,98,-610.0,149,44,44,True,False,0.0001892206331515862
0,learned,99,-610.0,149,44,44,True,False,0.0001892206331515862
0,learned,100,-600.0,148,44,44,True,False,0.00018919736321026598
1,initial,0,370.0,51,44,44,True,False,1.6491353804850453e-05
1,random,0,370.0,51,44,44,True,False,1.6491353804850453e-05
1,random,1,370.0,51,44,44,True,False,1.6491353804850453e-05
1,random,2,360.0,52,44,44,True,False,1.6525115029624923e-05
1,random,3,360.0,52,44,44,True,False,1.6525115029624923e-05
1,random,4,350.0,53,44,44,True,False,1.9400451532138015e-05
1,random,5,350.0,53,44,44,True,False,1.9400451532138015e-05
1,random,6,360.0,52,44,44,True,False,1.8535586847465006e-05
1,random,7,360.0,52,44,44,True,False,1.8535586847465006e-05
1,random,8,350.0,53,44,44,True,False,1.9219510302708506e-05
1,random,9,350.0,53,44,44,True,False,1.9219510302708506e-05
1,random,10,340.0,54,44,44,True,False,1.9235166457127075e-05
1,random,11,340.0,54,44,44,True,False,1.9235166457127075e-05
1,random,12,330.0,55,44,44,True,False,1.9373864202314933e-05
1,random,13,330.0,55,44,44,True,False,1.9373864202314933e-05
1,random,14,320.0,56,44,44,True,False,1.9836726824200778e-05
1,random,15,320.0,56,44,44,True,False,1.9836726824200778e-05
1,random,16,310.0,57,44,44,True,False,2.247673658025181e-05
1,random,17,310.0,57,44,44,True,False,2.247673658025181e-05
1,random,18,300.0,58,44,44,True,False,2.252752071483905e-05
1,random,19,300.0,58,44,44,True,False,2.252752071483905e-05
1,random,20,290.0,59,44,44,True,False,2.266758391700951e-05
1,random,21,290.0,59,44,44,True,False,2.266758391700951e-05
1,random,22,280.0,60,44,44,True,False,2.2671615505965108e-05
1,random,23,280.0,60,44,44,True,False,2.2671615505965108e-05
1,random,24,280.0,60,44,44,True,False,2.2671615505965108e-05
1,random,25,280.0,60,44,44,True,False,2.2671615505965108e-05
1,random,26,280.0,60,44,44,True,False,2.2671615505965108e-05
1,random,27,270.0,61,44,44,True,False,2.2711431059676716e-05
1,random,28,270.0,61,44,44,True,False,2.2711431059676716e-05
1,random,29,260.0,62,44,44,True,False,2.3258584118395457e-05
1,random,30,260.0,62,44,44,True,False,2.3258584118395457e-05
1,random,31,250.0,63,44,44,True,False,2.3496638671836598e-05
1,random,32,250.0,63,44,44,True,False,2.3496638671836598e-05
1,random,33,260.0,62,44,44,True,False,2.3452687599601072e-05
1,random,34,260.0,62,44,44,True,False,2.3452687599601072e-05
1,random,35,270.0,61,44,44,True,False,2.1761537080434434e-05
1,random,36,270.0,61,44,44,True,False,2.1761537080434434e-05
1,random,37,270.0,61,44,44,True,False,2.1761537080434434e-05
1,random,38,260.0,62,44,44,True,False,2.253592860564028e-05
1,random,39,260.0,62,44,44,True,False,2.253592860564028e-05
1,random,40,250.0,63,44,44,True,False,2.3558966927004773e-05
1,random,41,250.0,63,44,44,True,False,2.3558966927004773e-05
1,random,42,240.0,64,44,44,True,False,2.379113029348094e-05
1,random,43,240.0,64,44,44,True,False,2.379113029348094e-05
1,random,44,230.0,65,44,44,True,False,2.4304150588105265e-05
1,random,45,230.0,65,44,44,True,False,2.4304150588105265e-05
1,random,46,240.0,64,44,44,True,False,2.4256868631250142e-05
1,random,47,240.0,64,44,44,True,False,2.4256868631250142e-05
1,random,48,240.0,64,44,44,True,False,2.4256868631250142e-05
1,random,49,240.0,64,44,44,True,False,2.4256868631250142e-05
1,random,50,230.0,65,44,44,True,False,2.6739770058829988e-05
1,random,51,230.0,65,44,44,True,False,2.6739770058829988e-05
1,random,52,240.0,64,44,44,True,False,2.672912218708852e-05
1,random,53,240.0,64,44,44,True,False,2.672912218708852e-05
1,random,54,240.0,64,44,44,True,False,2.672912218708852e-05
1,random,55,230.0,65,44,44,True,False,2.7731561188230088e-05
1,random,56,230.0,65,44,44,True,False,2.7731561188230088e-05
1,random,57,230.0,65,44,44,True,False,2.7731561188230088e-05
1,random,58,230.0,65,44,44,True,False,2.7731561188230088e-05
1,random,59,230.0,65,44,44,True,False,2.7731561188230088e-05
1,random,60,220.0,66,44,44,True,False,2.7742122784756053e-05
1,random,61,220.0,66,44,44,True,False,2.7742122784756053e-05
1,random,62,210.0,67,44,44,True,False,2.852268340287524e-05
1,random,63,210.0,67,44,44,True,False,2.852268340287524e-05
1,random,64,200.0,68,44,44,True,False,2.869504322150021e-05
1,random,65,200.0,68,44,44,True,False,2.869504322150021e-05
1,random,66,190.0,69,44,44,True,False,2.8716410025042067e-05
1,random,67,190.0,69,44,44,True,False,2.8716410025042067e-05
1,random,68,180.0,70,44,44,True,False,2.8719327183653347e-05
1,random,69,180.0,70,44,44,True,False,2.8719327183653347e-05
1,random,70,170.0,71,44,44,True,False,2.8814788774006226e-05
1,random,71,170.0,71,44,44,True,False,2.8814788774006226e-05
1,random,72,180.0,70,44,44,True,False,2.8800678500147182e-05
1,random,73,180.0,70,44,44,True,False,2.8800678500147182e-05
1,random,74,180.0,70,44,44,True,False,2.8800678500147182e-05
1,random,75,180.0,70,44,44,True,False,2.8800678500147182e-05
1,random,76,180.0,70,44,44,True,False,2.8800678500147182e-05
1,random,77,180.0,70,44,44,True,False,2.8800678500147182e-05
1,random,78,190.0,69,44,44,True,False,2.8393574282350343e-05
1,random,79,190.0,69,44,44,True,False,2.8393574282350343e-05
1,random,80,180.0,70,44,44,True,False,2.8586429852689153e-05
1,random,81,180.0,70,44,44,True,False,2.8586429852689153e-05
1,random,82,180.0,70,44,44,True,False,2.8586429852689153e-05
1,random,83,170.0,71,44,44,True,False,2.862157050525854e-05
1,random,84,170.0,71,44,44,True,False,2.862157050525854e-05
1,random,85,170.0,71,44,44,True,False,2.862157050525854e-05
1,random,86,160.0,72,44,44,True,False,2.8838367503776757e-05
1,random,87,160.0,72,44,44,True,False,2.8838367503776757e-05
1,random,88,150.0,73,44,44,True,False,2.8851993375410276e-05
1,random,89,150.0,73,44,44,True,False,2.8851993375410276e-05
1,random,90,150.0,73,44,44,True,False,2.8851993375410276e-05
1,random,91,150.0,73,44,44,True,False,2.8851993375410276e-05
1,random,92,150.0,73,44,44,True,False,2.8851993375410276e-05
1,random,93,150.0,73,44,44,True,False,2.8851993375410276e-05
1,random,94,140.0,74,44,44,True,False,2.8870166258836356e-05
1,random,95,140.0,74,44,44,True,False,2.8870166258836356e-05
1,random,96,140.0,74,44,44,True,False,2.8870166258836356e-05
1,random,97,140.0,74,44,44,True,False,2.8870166258836356e-05
1,random,98,130.0,75,44,44,True,False,2.895764227947367e-05
1,random,99,130.0,75,44,44,True,False,2.895764227947367e-05
1,random,100,140.0,74,44,44,True,False,2.8624968535485878e-05
1,learned,0,370.0,51,44,44,True,False,1.6491353804850453e-05
1,learned,1,370.0,51,44,44,True,False,1.6491353804850453e-05
1,learned,2,380.0,50,44,44,True,False,1.5257590747533556e-05
1,learned,3,380.0,50,44,44,True,False,1.5257590747533556e-05
1,learned,4,370.0,51,44,44,True,False,1.5384346942849874e-05
1,learned,5,370.0,51,44,44,True,False,1.5384346942849874e-05
1,learned,6,380.0,50,44,44,True,False,1.5257590747533556e-05
1,learned,7,380.0,50,44,44,True,False,1.5257590747533556e-05
1,learned,8,370.0,51,44,44,True,False,1.5384346942849874e-05
1,learned,9,370.0,51,44,44,True,False,1.5384346942849874e-05
1,learned,10,380.0,50,44,44,True,False,1.5257590747533556e-05
1,learned,11,380.0,50,44,44,True,False,1.5257590747533556e-05
1,learned,12,370.0,51,44,44,True,False,1.5264622455192504e-05
1,learned,13,370.0,51,44,44,True,False,1.5264622455192504e-05
1,learned,14,380.0,50,44,44,True,False,1.5257590747533556e-05
1,learned,15,380.0,50,44,44,True,False,1.5257590747533556e-05
1,learned,16,370.0,51,44,44,True,False,1.537214289577659e-05
1,learned,17,370.0,51,44,44,True,False,1.537214289577659e-05
1,learned,18,360.0,52,44,44,True,False,1.542559837083642e-05
1,learned,19,360.0,52,44,44,True,False,1.542559837083642e-05
1,learned,20,370.0,51,44,44,True,False,1.537214289577659e-05
1,learned,21,370.0,51,44,44,True,False,1.537214289577659e-05
1,learned,22,360.0,52,44,44,True,False,1.542559837083642e-05
1,learned,23,360.0,52,44,44,True,False,1.542559837083642e-05
1,learned,24,370.0,51,44,44,True,False,1.537214289577659e-05
1,learned,25,370.0,51,44,44,True,False,1.537214289577659e-05
1,learned,26,360.0,52,44,44,True,False,1.5443218415623357e-05
1,learned,27,360.0,52,44,44,True,False,1.5443218415623357e-05
1,learned,28,370.0,51,44,44,True,False,1.537214289577659e-05
1,learned,29,370.0,51,44,44,True,False,1.537214289577659e-05
1,learned,30,360.0,52,44,44,True,False,1.542559837083642e-05
1,learned,31,360.0,52,44,44,True,False,1.542559837083642e-05
1,learned,32,370.0,51,44,44,True,False,1.5369917401981088e-05
1,learned,33,370.0,51,44,44,True,False,1.5369917401981088e-05
1,learned,34,380.0,50,44,44,True,False,1.533042229026766e-05
1,learned,35,380.0,50,44,44,True,False,1.533042229026766e-05
1,learned,36,390.0,49,44,44,True,False,1.5192665581444473e-05
1,learned,37,390.0,49,44,44,True,False,1.5192665581444473e-05
1,learned,38,380.0,50,44,44,True,False,1.6511866743628314e-05
1,learned,39,380.0,50,44,44,True,False,1.6511866743628314e-05
1,learned,40,390.0,49,44,44,True,False,1.5192665581444473e-05
1,learned,41,390.0,49,44,44,True,False,1.5192665581444473e-05
1,learned,42,400.0,48,44,44,True,False,1.518857395357924e-05
1,learned,43,400.0,48,44,44,True,False,1.518857395357924e-05
1,learned,44,410.0,47,44,44,True,False,1.4908859064237598e-05
1,learned,45,410.0,47,44,44,True,False,1.4908859064237598e-05
1,learned,46,420.0,46,44,44,True,False,1.4827740968396932e-05
1,learned,47,420.0,46,44,44,True,False,1.4827740968396932e-05
1,learned,48,430.0,45,44,44,True,False,1.4764914400567092e-05
1,learned,49,430.0,45,44,44,True,False,1.4764914400567092e-05
1,learned,50,420.0,46,44,44,True,False,1.4949283510248718e-05
1,learned,51,420.0,46,44,44,True,False,1.4949283510248718e-05
1,learned,52,430.0,45,44,44,True,False,1.4764914400567024e-05
1,learned,53,430.0,45,44,44,True,False,1.4764914400567024e-05
1,learned,54,420.0,46,44,44,True,False,1.5375591567021376e-05
1,learned,55,420.0,46,44,44,True,False,1.5375591567021376e-05
1,learned,56,410.0,47,44,44,True,False,1.545902881444689e-05
1,learned,57,410.0,47,44,44,True,False,1.545902881444689e-05
1,learned,58,420.0,46,44,44,True,False,1.5375591567021376e-05
1,learned,59,420.0,46,44,44,True,False,1.5375591567021376e-05
1,learned,60,430.0,45,44,44,True,False,1.4764914400567024e-05
1,learned,61,430.0,45,44,44,True,False,1.4764914400567024e-05
1,learned,62,420.0,46,44,44,True,False,1.5435793124430773e-05
1,learned,63,420.0,46,44,44,True,False,1.5435793124430773e-05
1,learned,64,410.0,47,44,44,True,False,1.549685321804866e-05
1,learned,65,410.0,47,44,44,True,False,1.549685321804866e-05
1,learned,66,420.0,46,44,44,True,False,1.5435793124430773e-05
1,learned,67,420.0,46,44,44,True,False,1.5435793124430773e-05
1,learned,68,410.0,47,44,44,True,False,1.5444564925974073e-05
1,learned,69,410.0,47,44,44,True,False,1.5444564925974073e-05
1,learned,70,400.0,48,44,44,True,False,1.5572501595077423e-05
1,learned,71,400.0,48,44,44,True,False,1.5572501595077423e-05
1,learned,72,390.0,49,44,44,True,False,1.5697201561034745e-05
1,learned,73,390.0,49,44,44,True,False,1.5697201561034745e-05
1,learned,74,400.0,48,44,44,True,False,1.561040799962612e-05
1,learned,75,400.0,48,44,44,True,False,1.561040799962612e-05
1,learned,76,410.0,47,44,44,True,False,1.5444564925974073e-05
1,learned,77,410.0,47,44,44,True,False,1.5444564925974073e-05
1,learned,78,400.0,48,44,44,True,False,1.5502617827646975e-05
1,learned,79,400.0,48,44,44,True,False,1.5502617827646975e-05
1,learned,80,390.0,49,44,44,True,False,1.5723153392700548e-05
1,learned,81,390.0,49,44,44,True,False,1.5723153392700548e-05
1,learned,82,380.0,50,44,44,True,False,1.6035739564253108e-05
1,learned,83,380.0,50,44,44,True,False,1.6035739564253108e-05
1,learned,84,370.0,51,44,44,True,False,1.6041852242452388e-05
1,learned,85,370.0,51,44,44,True,False,1.6041852242452388e-05
1,learned,86,380.0,50,44,44,True,False,1.6035739564253108e-05
1,learned,87,380.0,50,44,44,True,False,1.6035739564253108e-05
1,learned,88,370.0,51,44,44,True,False,1.6041852242452388e-05
1,learned,89,370.0,51,44,44,True,False,1.6041852242452388e-05
1,learned,90,380.0,50,44,44,True,False,1.6035739564253108e-05
1,learned,91,380.0,50,44,44,True,False,1.6035739564253108e-05
1,learned,92,370.0,51,44,44,True,False,1.6041852242452388e-05
1,learned,93,370.0,51,44,44,True,False,1.6041852242452388e-05
1,learned,94,380.0,50,44,44,True,False,1.6035739564253108e-05
1,learned,95,380.0,50,44,44,True,False,1.6035739564253108e-05
1,learned,96,370.0,51,44,44,True,False,1.6041852242452388e-05
1,learned,97,370.0,51,44,44,True,False,1.6041852242452388e-05
1,learned,98,380.0,50,44,44,True,False,1.6035739564253108e-05
1,learned,99,380.0,50,44,44,True,False,1.6035739564253108e-05
1,learned,100,370.0,51,44,44,True,False,1.6041852242452388e-05
2,initial,0,-500.0,138,44,44,True,False,0.0002526182131203269
2,random,0,-500.0,138,44,44,True,False,0.0002526182131203269
2,random,1,-500.0,138,44,44,True,False,0.0002526182131203269
2,random,2,-490.0,137,44,44,True,False,0.0002524922410589845
2,random,3,-490.0,137,44,44,True,False,0.0002524922410589845
2,random,4,-500.0,138,44,44,True,False,0.00025256911703976624
2,random,5,-500.0,138,44,44,True,False,0.00025256911703976624
2,random,6,-490.0,137,44,44,True,False,0.00025195713224070317
2,random,7,-490.0,137,44,44,True,False,0.00025195713224070317
2,random,8,-480.0,136,44,44,True,False,0.00025181196181143524
2,random,9,-480.0,136,44,44,True,False,0.00025181196181143524
2,random,10,-480.0,136,44,44,True,False,0.00025181196181143524
2,random,11,-490.0,137,44,44,True,False,0.00025239459307952714
2,random,12,-490.0,137,44,44,True,False,0.00025239459307952714
2,random,13,-480.0,136,44,44,True,False,0.00025210542895617145
2,random,14,-480.0,136,44,44,True,False,0.00025210542895617145
2,random,15,-470.0,135,44,44,True,False,0.000245322948007922
2,random,16,-470.0,135,44,44,True,False,0.000245322948007922
2,random,17,-480.0,136,44,44,True,False,0.0002453966245045867
2,random,18,-480.0,136,44,44,True,False,0.0002453966245045867
2,random,19,-470.0,135,44,44,True,False,0.00024243771752775823
2,random,20,-470.0,135,44,44,True,False,0.00024243771752775823
2,random,21,-460.0,134,44,44,True,False,0.00024223478591291458
2,random,22,-460.0,134,44,44,True,False,0.00024223478591291458
2,random,23,-470.0,135,44,44,True,False,0.00024226579586517197
2,random,24,-470.0,135,44,44,True,False,0.00024226579586517197
2,random,25,-460.0,134,44,44,True,False,0.00024200517920053258
2,random,26,-460.0,134,44,44,True,False,0.00024200517920053258
2,random,27,-450.0,133,44,44,True,False,0.00024189157157997535
2,random,28,-450.0,133,44,44,True,False,0.00024189157157997535
2,random,29,-440.0,132,44,44,True,False,0.00021016511776727377
2,random,30,-440.0,132,44,44,True,False,0.00021016511776727377
2,random,31,-450.0,133,44,44,True,False,0.0002108959014469158
2,random,32,-450.0,133,44,44,True,False,0.0002108959014469158
2,random,33,-440.0,132,44,44,True,False,0.00021055799252564888
2,random,34,-440.0,132,44,44,True,False,0.00021055799252564888
2,random,35,-430.0,131,44,44,True,False,0.0002101840470294637
2,random,36,-430.0,131,44,44,True,False,0.0002101840470294637
2,random,37,-440.0,132,44,44,True,False,0.00021259178589791704
2,random,38,-440.0,132,44,44,True,False,0.00021259178589791704
2,random,39,-430.0,131,44,44,True,False,0.00021229972691595657
2,random,40,-430.0,131,44,44,True,False,0.00021229972691595657
2,random,41,-420.0,130,44,44,True,False,0.00021182582785407
2,random,42,-420.0,130,44,44,True,False,0.00021182582785407
2,random,43,-410.0,129,44,44,True,False,0.0002117245360364052
2,random,44,-410.0,129,44,44,True,False,0.0002117245360364052
2,random,45,-400.0,128,44,44,True,False,0.00021154778537845747
2,random,46,-400.0,128,44,44,True,False,0.00021154778537845747
2,random,47,-400.0,128,44,44,True,False,0.00021154778537845747
2,random,48,-410.0,129,44,44,True,False,0.00021175803187880072
2,random,49,-410.0,129,44,44,True,False,0.00021175803187880072
2,random,50,-400.0,128,44,44,True,False,0.00021166223909964405
2,random,51,-400.0,128,44,44,True,False,0.00021166223909964405
2,random,52,-400.0,128,44,44,True,False,0.00021166223909964405
2,random,53,-400.0,128,44,44,True,False,0.00021166223909964405
2,random,54,-390.0,127,44,44,True,False,0.0002111432180637477
2,random,55,-390.0,127,44,44,True,False,0.0002111432180637477
2,random,56,-390.0,127,44,44,True,False,0.0002111432180637477
2,random,57,-390.0,127,44,44,True,False,0.0002111432180637477
2,random,58,-390.0,127,44,44,True,False,0.0002111432180637477
2,random,59,-390.0,127,44,44,True,False,0.0002111432180637477
2,random,60,-400.0,128,44,44,True,False,0.0002114864848436477
2,random,61,-400.0,128,44,44,True,False,0.0002114864848436477
2,random,62,-410.0,129,44,44,True,False,0.00021180625980491132
2,random,63,-410.0,129,44,44,True,False,0.00021180625980491132
2,random,64,-400.0,128,44,44,True,False,0.00021179315484152783
2,random,65,-400.0,128,44,44,True,False,0.00021179315484152783
2,random,66,-410.0,129,44,44,True,False,0.00021190306325776304
2,random,67,-410.0,129,44,44,True,False,0.00021190306325776304
2,random,68,-420.0,130,44,44,True,False,0.0002120619770072075
2,random,69,-420.0,130,44,44,True,False,0.0002120619770072075
2,random,70,-430.0,131,44,44,True,False,0.0002124558547541915
2,random,71,-430.0,131,44,44,True,False,0.0002124558547541915
2,random,72,-430.0,131,44,44,True,False,0.0002124558547541915
2,random,73,-430.0,131,44,44,True,False,0.0002124558547541915
2,random,74,-420.0,130,44,44,True,False,0.00021234945533723146
2,random,75,-420.0,130,44,44,True,False,0.00021234945533723146
2,random,76,-430.0,131,44,44,True,False,0.00021263592216011533
2,random,77,-430.0,131,44,44,True,False,0.00021263592216011533
2,random,78,-430.0,131,44,44,True,False,0.00021263592216011533
2,random,79,-430.0,131,44,44,True,False,0.00021263592216011533
2,random,80,-420.0,130,44,44,True,False,0.00020882175781400907
2,random,81,-420.0,130,44,44,True,False,0.00020882175781400907
2,random,82,-410.0,129,44,44,True,False,0.0002085765742010286
2,random,83,-410.0,129,44,44,True,False,0.0002085765742010286
2,random,84,-400.0,128,44,44,True,False,0.00020855453000226702
2,random,85,-400.0,128,44,44,True,False,0.00020855453000226702
2,random,86,-390.0,127,44,44,True,False,0.0002083534408729883
2,random,87,-390.0,127,44,44,True,False,0.0002083534408729883
2,random,88,-390.0,127,44,44,True,False,0.0002083534408729883
2,random,89,-400.0,128,44,44,True,False,0.00020837134724030747
2,random,90,-400.0,128,44,44,True,False,0.00020837134724030747
2,random,91,-390.0,127,44,44,True,False,0.00020004697069272862
2,random,92,-390.0,127,44,44,True,False,0.00020004697069272862
2,random,93,-390.0,127,44,44,True,False,0.00020004697069272862
2,random,94,-390.0,127,44,44,True,False,0.00020004697069272862
2,random,95,-380.0,126,44,44,True,False,0.00019484789036096706
2,random,96,-380.0,126,44,44,True,False,0.00019484789036096706
2,random,97,-380.0,126,44,44,True,False,0.00019484789036096706
2,random,98,-380.0,126,44,44,True,False,0.00019484789036096706
2,random,99,-390.0,127,44,44,True,False,0.0001950329737267102
2,random,100,-390.0,127,44,44,True,False,0.0001950329737267102
2,learned,0,-500.0,138,44,44,True,False,0.0002526182131203269
2,learned,1,-500.0,138,44,44,True,False,0.0002526182131203269
2,learned,2,-510.0,139,44,44,True,False,0.0002529839328061372
2,learned,3,-510.0,139,44,44,True,False,0.0002529839328061372
2,learned,4,-500.0,138,44,44,True,False,0.0002526182131203269
2,learned,5,-500.0,138,44,44,True,False,0.0002526182131203269
2,learned,6,-510.0,139,44,44,True,False,0.0002529839328061372
2,learned,7,-510.0,139,44,44,True,False,0.0002529839328061372
2,learned,8,-500.0,138,44,44,True,False,0.00025250266352764894
2,learned,9,-500.0,138,44,44,True,False,0.00025250266352764894
2,learned,10,-490.0,137,44,44,True,False,0.00025199008163572276
2,learned,11,-490.0,137,44,44,True,False,0.00025199008163572276
2,learned,12,-480.0,136,44,44,True,False,0.00025184475501261085
2,learned,13,-480.0,136,44,44,True,False,0.00025184475501261085
2,learned,14,-490.0,137,44,44,True,False,0.000252389225998121
2,learned,15,-490.0,137,44,44,True,False,0.000252389225998121
2,learned,16,-480.0,136,44,44,True,False,0.00025184475501261085
2,learned,17,-480.0,136,44,44,True,False,0.00025184475501261085
2,learned,18,-490.0,137,44,44,True,False,0.000252389225998121
2,learned,19,-490.0,137,44,44,True,False,0.000252389225998121
2,learned,20,-480.0,136,44,44,True,False,0.00025184475501261085
2,learned,21,-480.0,136,44,44,True,False,0.00025184475501261085
2,learned,22,-490.0,137,44,44,True,False,0.000252389225998121
2,learned,23,-490.0,137,44,44,True,False,0.000252389225998121
2,learned,24,-480.0,136,44,44,True,False,0.00025184475501261085
2,learned,25,-480.0,136,44,44,True,False,0.00025184475501261085
2,learned,26,-490.0,137,44,44,True,False,0.000252389225998121
2,learned,27,-490.0,137,44,44,True,False,0.000252389225998121
2,learned,28,-480.0,136,44,44,True,False,0.00025184475501261085
2,learned,29,-480.0,136,44,44,True,False,0.00025184475501261085
2,learned,30,-470.0,135,44,44,True,False,0.000251658132846268
2,learned,31,-470.0,135,44,44,True,False,0.000251658132846268
2,learned,32,-480.0,136,44,44,True,False,0.0002523375863554204
2,learned,33,-480.0,136,44,44,True,False,0.0002523375863554204
2,learned,34,-470.0,135,44,44,True,False,0.000251658132846268
2,learned,35,-470.0,135,44,44,True,False,0.000251658132846268
2,learned,36,-480.0,136,44,44,True,False,0.0002523375863554204
2,learned,37,-480.0,136,44,44,True,False,0.0002523375863554204
2,learned,38,-470.0,135,44,44,True,False,0.000251658132846268
2,learned,39,-470.0,135,44,44,True,False,0.000251658132846268
2,learned,40,-480.0,136,44,44,True,False,0.0002523375863554204
2,learned,41,-480.0,136,44,44,True,False,0.0002523375863554204
2,learned,42,-470.0,135,44,44,True,False,0.000251658132846268
2,learned,43,-470.0,135,44,44,True,False,0.000251658132846268
2,learned,44,-480.0,136,44,44,True,False,0.0002523375863554204
2,learned,45,-480.0,136,44,44,True,False,0.0002523375863554204
2,learned,46,-470.0,135,44,44,True,False,0.000251658132846268
2,learned,47,-470.0,135,44,44,True,False,0.000251658132846268
2,learned,48,-460.0,134,44,44,True,False,0.0002506285705753656
2,learned,49,-460.0,134,44,44,True,False,0.0002506285705753656
2,learned,50,-470.0,135,44,44,True,False,0.00025139720080542827
2,learned,51,-470.0,135,44,44,True,False,0.00025139720080542827
2,learned,52,-460.0,134,44,44,True,False,0.0002506285705753656
2,learned,53,-460.0,134,44,44,True,False,0.0002506285705753656
2,learned,54,-470.0,135,44,44,True,False,0.00025139720080542827
2,learned,55,-470.0,135,44,44,True,False,0.00025139720080542827
2,learned,56,-460.0,134,44,44,True,False,0.0002506285705753656
2,learned,57,-460.0,134,44,44,True,False,0.0002506285705753656
2,learned,58,-470.0,135,44,44,True,False,0.00025139720080542827
2,learned,59,-470.0,135,44,44,True,False,0.00025139720080542827
2,learned,60,-460.0,134,44,44,True,False,0.0002506285705753656
2,learned,61,-460.0,134,44,44,True,False,0.0002506285705753656
2,learned,62,-450.0,133,44,44,True,False,0.0002505416250715915
2,learned,63,-450.0,133,44,44,True,False,0.0002505416250715915
2,learned,64,-440.0,132,44,44,True,False,0.00024954094857477
2,learned,65,-440.0,132,44,44,True,False,0.00024954094857477
2,learned,66,-450.0,133,44,44,True,False,0.0002531939906589531
2,learned,67,-450.0,133,44,44,True,False,0.0002531939906589531
2,learned,68,-440.0,132,44,44,True,False,0.0002529647264761762
2,learned,69,-440.0,132,44,44,True,False,0.0002529647264761762
2,learned,70,-430.0,131,44,44,True,False,0.00025237117443063334
2,learned,71,-430.0,131,44,44,True,False,0.00025237117443063334
2,learned,72,-420.0,130,44,44,True,False,0.00025096347023799903
2,learned,73,-420.0,130,44,44,True,False,0.00025096347023799903
2,learned,74,-410.0,129,44,44,True,False,0.0002481828328902094
2,learned,75,-410.0,129,44,44,True,False,0.0002481828328902094
2,learned,76,-400.0,128,44,44,True,False,0.00024817726704861334
2,learned,77,-400.0,128,44,44,True,False,0.00024817726704861334
2,learned,78,-410.0,129,44,44,True,False,0.0002540128271492522
2,learned,79,-410.0,129,44,44,True,False,0.0002540128271492522
2,learned,80,-400.0,128,44,44,True,False,0.00024817726704861334
2,learned,81,-400.0,128,44,44,True,False,0.00024817726704861334
2,learned,82,-390.0,127,44,44,True,False,0.0002458965694380669
2,learned,83,-390.0,127,44,44,True,False,0.0002458965694380669
2,learned,84,-400.0,128,44,44,True,False,0.0002503403147736046
2,learned,85,-400.0,128,44,44,True,False,0.0002503403147736046
2,learned,86,-390.0,127,44,44,True,False,0.0002502296666012199
2,learned,87,-390.0,127,44,44,True,False,0.0002502296666012199
2,learned,88,-380.0,126,44,44,True,False,0.00024970066261406236
2,learned,89,-380.0,126,44,44,True,False,0.00024970066261406236
2,learned,90,-390.0,127,44,44,True,False,0.0002499005738566389
2,learned,91,-390.0,127,44,44,True,False,0.0002499005738566389
2,learned,92,-380.0,126,44,44,True,False,0.00024970066261406236
2,learned,93,-380.0,126,44,44,True,False,0.00024970066261406236
2,learned,94,-390.0,127,44,44,True,False,0.0002499005738566389
2,learned,95,-390.0,127,44,44,True,False,0.0002499005738566389
2,learned,96,-380.0,126,44,44,True,False,0.00024970066261406236
2,learned,97,-380.0,126,44,44,True,False,0.00024970066261406236
2,learned,98,-370.0,125,44,44,True,False,0.00024531791854556404
2,learned,99,-370.0,125,44,44,True,False,0.00024531791854556404
2,learned,100,-360.0,124,44,44,True,False,0.00024423883695637175
3,initial,0,560.0,30,43,44,False,False,0.0
3,random,0,560.0,30,43,44,False,False,0.0
3,random,1,560.0,30,43,44,False,False,0.0
3,random,2,550.0,31,43,44,False,False,0.0
3,random,3,550.0,31,43,44,False,False,0.0
3,random,4,540.0,32,43,44,False,False,0.0
3,random,5,540.0,32,43,44,False,False,0.0
3,random,6,540.0,32,43,44,False,False,0.0
3,random,7,540.0,32,43,44,False,False,0.0
3,random,8,550.0,31,43,44,False,False,0.0
3,random,9,550.0,31,43,44,False,False,0.0
3,random,10,540.0,32,43,44,False,False,0.0
3,random,11,540.0,32,43,44,False,False,0.0
3,random,12,540.0,32,43,44,False,False,0.0
3,random,13,530.0,33,43,44,False,False,0.0
3,random,14,530.0,33,43,44,False,False,0.0
3,random,15,530.0,33,43,44,False,False,0.0
3,random,16,540.0,34,44,44,True,False,1.8775676916690665e-06
3,random,17,540.0,34,44,44,True,False,1.8775676916690665e-06
3,random,18,530.0,35,44,44,True,False,4.34785480819811e-06
3,random,19,530.0,35,44,44,True,False,4.34785480819811e-06
3,random,20,520.0,36,44,44,True,False,4.352593346034601e-06
3,random,21,520.0,36,44,44,True,False,4.352593346034601e-06
3,random,22,510.0,37,44,44,True,False,4.357574284739645e-06
3,random,23,510.0,37,44,44,True,False,4.357574284739645e-06
3,random,24,510.0,37,44,44,True,False,4.357574284739645e-06
3,random,25,510.0,37,44,44,True,False,4.357574284739645e-06
3,random,26,500.0,38,44,44,True,False,4.360324394887977e-06
3,random,27,500.0,38,44,44,True,False,4.360324394887977e-06
3,random,28,500.0,38,44,44,True,False,4.360324394887977e-06
3,random,29,500.0,38,44,44,True,False,4.360324394887977e-06
3,random,30,490.0,39,44,44,True,False,8.339879618051251e-06
3,random,31,490.0,39,44,44,True,False,8.339879618051251e-06
3,random,32,480.0,40,44,44,True,False,1.35808648102296e-05
3,random,33,480.0,40,44,44,True,False,1.35808648102296e-05
3,random,34,480.0,40,44,44,True,False,1.35808648102296e-05
3,random,35,470.0,41,44,44,True,False,1.358141827408954e-05
3,random,36,470.0,41,44,44,True,False,1.358141827408954e-05
3,random,37,460.0,42,44,44,True,False,1.3739533101241254e-05
3,random,38,460.0,42,44,44,True,False,1.3739533101241254e-05
3,random,39,470.0,41,44,44,True,False,1.2066078982617754e-05
3,random,40,470.0,41,44,44,True,False,1.2066078982617754e-05
3,random,41,460.0,42,44,44,True,False,1.2151263989767034e-05
3,random,42,460.0,42,44,44,True,False,1.2151263989767034e-05
3,random,43,450.0,43,44,44,True,False,1.39383082707741e-05
3,random,44,450.0,43,44,44,True,False,1.39383082707741e-05
3,random,45,450.0,43,44,44,True,False,1.39383082707741e-05
3,random,46,440.0,44,44,44,True,False,1.394362360272395e-05
3,random,47,440.0,44,44,44,True,False,1.394362360272395e-05
3,random,48,430.0,45,44,44,True,False,1.3951926365530489e-05
3,random,49,430.0,45,44,44,True,False,1.3951926365530489e-05
3,random,50,420.0,46,44,44,True,False,1.4572301983837934e-05
3,random,51,420.0,46,44,44,True,False,1.4572301983837934e-05
3,random,52,410.0,47,44,44,True,False,1.5592303863912045e-05
3,random,53,410.0,47,44,44,True,False,1.5592303863912045e-05
3,random,54,400.0,48,44,44,True,False,1.5611410310988907e-05
3,random,55,400.0,48,44,44,True,False,1.5611410310988907e-05
3,random,56,400.0,48,44,44,True,False,1.5611410310988907e-05
3,random,57,400.0,48,44,44,True,False,1.5611410310988907e-05
3,random,58,410.0,47,44,44,True,False,1.5055552191706411e-05
3,random,59,410.0,47,44,44,True,False,1.5055552191706411e-05
3,random,60,410.0,47,44,44,True,False,1.5055552191706411e-05
3,random,61,400.0,48,44,44,True,False,1.5084025760387435e-05
3,random,62,400.0,48,44,44,True,False,1.5084025760387435e-05
3,random,63,400.0,48,44,44,True,False,1.5084025760387435e-05
3,random,64,400.0,48,44,44,True,False,1.5084025760387435e-05
3,random,65,410.0,47,44,44,True,False,1.4681617116326992e-05
3,random,66,410.0,47,44,44,True,False,1.4681617116326992e-05
3,random,67,400.0,48,44,44,True,False,1.713113047638548e-05
3,random,68,400.0,48,44,44,True,False,1.713113047638548e-05
3,random,69,390.0,49,44,44,True,False,1.8421929562324662e-05
3,random,70,390.0,49,44,44,True,False,1.8421929562324662e-05
3,random,71,380.0,50,44,44,True,False,1.877176113958806e-05
3,random,72,380.0,50,44,44,True,False,1.877176113958806e-05
3,random,73,370.0,51,44,44,True,False,1.9423220701156488e-05
3,random,74,370.0,51,44,44,True,False,1.9423220701156488e-05
3,random,75,360.0,52,44,44,True,False,1.9425552036502185e-05
3,random,76,360.0,52,44,44,True,False,1.9425552036502185e-05
3,random,77,350.0,53,44,44,True,False,2.198450656667793e-05
3,random,78,350.0,53,44,44,True,False,2.198450656667793e-05
3,random,79,340.0,54,44,44,True,False,2.319401949544277e-05
3,random,80,340.0,54,44,44,True,False,2.319401949544277e-05
3,random,81,350.0,53,44,44,True,False,2.198450656667793e-05
3,random,82,350.0,53,44,44,True,False,2.198450656667793e-05
3,random,83,340.0,54,44,44,True,False,2.6056249967510554e-05
3,random,84,340.0,54,44,44,True,False,2.6056249967510554e-05
3,random,85,330.0,55,44,44,True,False,2.661798388661941e-05
3,random,86,330.0,55,44,44,True,False,2.661798388661941e-05
3,random,87,320.0,56,44,44,True,False,2.6644486096274324e-05
3,random,88,320.0,56,44,44,True,False,2.6644486096274324e-05
3,random,89,310.0,57,44,44,True,False,2.690263328754887e-05
3,random,90,310.0,57,44,44,True,False,2.690263328754887e-05
3,random,91,310.0,57,44,44,True,False,2.690263328754887e-05
3,random,92,300.0,58,44,44,True,False,4.0539016507697444e-05
3,random,93,300.0,58,44,44,True,False,4.0539016507697444e-05
3,random,94,290.0,59,44,44,True,False,4.2118234764691545e-05
3,random,95,290.0,59,44,44,True,False,4.2118234764691545e-05
3,random,96,280.0,60,44,44,True,False,4.4117815312365226e-05
3,random,97,280.0,60,44,44,True,False,4.4117815312365226e-05
3,random,98,280.0,60,44,44,True,False,4.4117815312365226e-05
3,random,99,280.0,60,44,44,True,False,4.4117815312365226e-05
3,random,100,290.0,59,44,44,True,False,4.3891252173889386e-05
3,learned,0,560.0,30,43,44,False,False,0.0
3,learned,1,560.0,30,43,44,False,False,0.0
3,learned,2,550.0,31,43,44,False,False,0.0
3,learned,3,550.0,31,43,44,False,False,0.0
3,learned,4,560.0,30,43,44,False,False,0.0
3,learned,5,560.0,30,43,44,False,False,0.0
3,learned,6,550.0,31,43,44,False,False,0.0
3,learned,7,550.0,31,43,44,False,False,0.0
3,learned,8,540.0,32,43,44,False,False,0.0
3,learned,9,540.0,32,43,44,False,False,0.0
3,learned,10,550.0,31,43,44,False,False,0.0
3,learned,11,550.0,31,43,44,False,False,0.0
3,learned,12,560.0,30,43,44,False,False,0.0
3,learned,13,560.0,30,43,44,False,False,0.0
3,learned,14,570.0,29,43,44,False,False,0.0
3,learned,15,570.0,29,43,44,False,False,0.0
3,learned,16,580.0,28,43,44,False,False,0.0
3,learned,17,580.0,28,43,44,False,False,0.0
3,learned,18,590.0,27,43,44,False,False,0.0
3,learned,19,590.0,27,43,44,False,False,0.0
3,learned,20,580.0,28,43,44,False,False,0.0
3,learned,21,580.0,28,43,44,False,False,0.0
3,learned,22,570.0,29,43,44,False,False,0.0
3,learned,23,570.0,29,43,44,False,False,0.0
3,learned,24,580.0,28,43,44,False,False,0.0
3,learned,25,580.0,28,43,44,False,False,0.0
3,learned,26,590.0,27,43,44,False,False,0.0
3,learned,27,590.0,27,43,44,False,False,0.0
3,learned,28,580.0,26,42,44,False,False,0.0
3,learned,29,580.0,26,42,44,False,False,0.0
3,learned,30,570.0,27,42,44,False,False,0.0
3,learned,31,570.0,27,42,44,False,False,0.0
3,learned,32,580.0,26,42,44,False,False,0.0
3,learned,33,580.0,26,42,44,False,False,0.0
3,learned,34,590.0,25,42,44,False,False,0.0
3,learned,35,590.0,25,42,44,False,False,0.0
3,learned,36,600.0,26,43,44,False,False,0.0
3,learned,37,600.0,26,43,44,False,False,0.0
3,learned,38,590.0,27,43,44,False,False,0.0
3,learned,39,590.0,27,43,44,False,False,0.0
3,learned,40,600.0,26,43,44,False,False,0.0
3,learned,41,600.0,26,43,44,False,False,0.0
3,learned,42,590.0,25,42,44,False,False,0.0
3,learned,43,590.0,25,42,44,False,False,0.0
3,learned,44,600.0,26,43,44,False,False,0.0
3,learned,45,600.0,26,43,44,False,False,0.0
3,learned,46,610.0,25,43,44,False,False,0.0
3,learned,47,610.0,25,43,44,False,False,0.0
3,learned,48,600.0,26,43,44,False,False,0.0
3,learned,49,600.0,26,43,44,False,False,0.0
3,learned,50,610.0,25,43,44,False,False,0.0
3,learned,51,610.0,25,43,44,False,False,0.0
3,learned,52,600.0,26,43,44,False,False,0.0
3,learned,53,600.0,26,43,44,False,False,0.0
3,learned,54,610.0,25,43,44,False,False,0.0
3,learned,55,610.0,25,43,44,False,False,0.0
3,learned,56,600.0,26,43,44,False,False,0.0
3,learned,57,600.0,26,43,44,False,False,0.0
3,learned,58,610.0,25,43,44,False,False,0.0
3,learned,59,610.0,25,43,44,False,False,0.0
3,learned,60,600.0,26,43,44,False,False,0.0
3,learned,61,600.0,26,43,44,False,False,0.0
3,learned,62,610.0,25,43,44,False,False,0.0
3,learned,63,610.0,25,43,44,False,False,0.0
3,learned,64,600.0,26,43,44,False,False,0.0
3,learned,65,600.0,26,43,44,False,False,0.0
3,learned,66,610.0,25,43,44,False,False,0.0
3,learned,67,610.0,25,43,44,False,False,0.0
3,learned,68,620.0,24,43,44,False,False,0.0
3,learned,69,620.0,24,43,44,False,False,0.0
3,learned,70,610.0,25,43,44,False,False,0.0
3,learned,71,610.0,25,43,44,False,False,0.0
3,learned,72,600.0,26,43,44,False,False,0.0
3,learned,73,600.0,26,43,44,False,False,0.0
3,learned,74,590.0,27,43,44,False,False,0.0
3,learned,75,590.0,27,43,44,False,False,0.0
3,learned,76,600.0,26,43,44,False,False,0.0
3,learned,77,600.0,26,43,44,False,False,0.0
3,learned,78,610.0,25,43,44,False,False,0.0
3,learned,79,610.0,25,43,44,False,False,0.0
3,learned,80,620.0,24,43,44,False,False,0.0
3,learned,81,620.0,24,43,44,False,False,0.0
3,learned,82,610.0,25,43,44,False,False,0.0
3,learned,83,610.0,25,43,44,False,False,0.0
3,learned,84,600.0,26,43,44,False,False,0.0
3,learned,85,600.0,26,43,44,False,False,0.0
3,learned,86,610.0,25,43,44,False,False,0.0
3,learned,87,610.0,25,43,44,False,False,0.0
3,learned,88,620.0,24,43,44,False,False,0.0
3,learned,89,620.0,24,43,44,False,False,0.0
3,learned,90,630.0,23,43,44,False,False,0.0
3,learned,91,630.0,23,43,44,False,False,0.0
3,learned,92,620.0,24,43,44,False,False,0.0
3,learned,93,620.0,24,43,44,False,False,0.0
3,learned,94,610.0,25,43,44,False,False,0.0
3,learned,95,610.0,25,43,44,False,False,0.0
3,learned,96,600.0,26,43,44,False,False,0.0
3,learned,97,600.0,26,43,44,False,False,0.0
3,learned,98,610.0,25,43,44,False,False,0.0
3,learned,99,610.0,25,43,44,False,False,0.0
3,learned,100,620.0,24,43,44,False,False,0.0
4,initial,0,30.0,1,2,44,False,False,0.0
4,random,0,30.0,1,2,44,False,False,0.0
4,random,1,30.0,1,2,44,False,False,0.0
4,random,2,30.0,1,2,44,False,False,0.0
4,random,3,60.0,2,4,44,False,False,0.0
4,random,4,60.0,2,4,44,False,False,0.0
4,random,5,90.0,3,6,44,False,False,0.0
4,random,6,90.0,3,6,44,False,False,0.0
4,random,7,120.0,4,8,44,False,False,0.0
4,random,8,120.0,4,8,44,False,False,0.0
4,random,9,150.0,5,10,44,False,False,0.0
4,random,10,150.0,5,10,44,False,False,0.0
4,random,11,180.0,6,12,44,False,False,0.0
4,random,12,180.0,6,12,44,False,False,0.0
4,random,13,210.0,7,14,44,False,False,0.0
4,random,14,210.0,7,14,44,False,False,0.0
4,random,15,210.0,7,14,44,False,False,0.0
4,random,16,210.0,7,14,44,False,False,0.0
4,random,17,210.0,7,14,44,False,False,0.0
4,random,18,210.0,7,14,44,False,False,0.0
4,random,19,210.0,7,14,44,False,False,0.0
4,random,20,240.0,8,16,44,False,False,0.0
4,random,21,240.0,8,16,44,False,False,0.0
4,random,22,270.0,9,18,44,False,False,0.0
4,random,23,270.0,9,18,44,False,False,0.0
4,random,24,280.0,10,19,44,False,False,0.0
4,random,25,280.0,10,19,44,False,False,0.0
4,random,26,310.0,11,21,44,False,False,0.0
4,random,27,310.0,11,21,44,False,False,0.0
4,random,28,310.0,11,21,44,False,False,0.0
4,random,29,310.0,11,21,44,False,False,0.0
4,random,30,340.0,12,23,44,False,False,0.0
4,random,31,340.0,12,23,44,False,False,0.0
4,random,32,350.0,13,24,44,False,False,0.0
4,random,33,350.0,13,24,44,False,False,0.0
4,random,34,350.0,13,24,44,False,False,0.0
4,random,35,380.0,14,26,44,False,False,0.0
4,random,36,380.0,14,26,44,False,False,0.0
4,random,37,410.0,15,28,44,False,False,0.0
4,random,38,410.0,15,28,44,False,False,0.0
4,random,39,440.0,16,30,44,False,False,0.0
4,random,40,440.0,16,30,44,False,False,0.0
4,random,41,470.0,17,32,44,False,False,0.0
4,random,42,470.0,17,32,44,False,False,0.0
4,random,43,480.0,18,33,44,False,False,0.0
4,random,44,480.0,18,33,44,False,False,0.0
4,random,45,490.0,19,34,44,False,False,0.0
4,random,46,490.0,19,34,44,False,False,0.0
4,random,47,500.0,20,35,44,False,False,0.0
4,random,48,500.0,20,35,44,False,False,0.0
4,random,49,530.0,21,37,44,False,False,0.0
4,random,50,530.0,21,37,44,False,False,0.0
4,random,51,540.0,22,38,44,False,False,0.0
4,random,52,540.0,22,38,44,False,False,0.0
4,random,53,540.0,22,38,44,False,False,0.0
4,random,54,540.0,22,38,44,False,False,0.0
4,random,55,570.0,23,40,44,False,False,0.0
4,random,56,570.0,23,40,44,False,False,0.0
4,random,57,560.0,24,40,44,False,False,0.0
4,random,58,560.0,24,40,44,False,False,0.0
4,random,59,550.0,23,39,44,False,False,0.0
4,random,60,550.0,23,39,44,False,False,0.0
4,random,61,560.0,24,40,44,False,False,0.0
4,random,62,560.0,24,40,44,False,False,0.0
4,random,63,570.0,25,41,44,False,False,0.0
4,random,64,570.0,25,41,44,False,False,0.0
4,random,65,600.0,26,43,44,False,False,0.0
4,random,66,600.0,26,43,44,False,False,0.0
4,random,67,590.0,27,43,44,False,False,0.0
4,random,68,590.0,27,43,44,False,False,0.0
4,random,69,580.0,28,43,44,False,False,0.0
4,random,70,580.0,28,43,44,False,False,0.0
4,random,71,570.0,29,43,44,False,False,0.0
4,random,72,570.0,29,43,44,False,False,0.0
4,random,73,560.0,30,43,44,False,False,0.0
4,random,74,560.0,30,43,44,False,False,0.0
4,random,75,550.0,31,43,44,False,False,0.0
4,random,76,550.0,31,43,44,False,False,0.0
4,random,77,550.0,31,43,44,False,False,0.0
4,random,78,550.0,31,43,44,False,False,0.0
4,random,79,550.0,31,43,44,False,False,0.0
4,random,80,550.0,31,43,44,False,False,0.0
4,random,81,550.0,31,43,44,False,False,0.0
4,random,82,540.0,32,43,44,False,False,0.0
4,random,83,540.0,32,43,44,False,False,0.0
4,random,84,540.0,32,43,44,False,False,0.0
4,random,85,540.0,32,43,44,False,False,0.0
4,random,86,530.0,33,43,44,False,False,0.0
4,random,87,530.0,33,43,44,False,False,0.0
4,random,88,520.0,34,43,44,False,False,0.0
4,random,89,520.0,34,43,44,False,False,0.0
4,random,90,510.0,35,43,44,False,False,0.0
4,random,91,510.0,35,43,44,False,False,0.0
4,random,92,520.0,36,44,44,True,False,2.7962896272828285e-06
4,random,93,520.0,36,44,44,True,False,2.7962896272828285e-06
4,random,94,510.0,37,44,44,True,False,2.8254739421119282e-06
4,random,95,510.0,37,44,44,True,False,2.8254739421119282e-06
4,random,96,500.0,38,44,44,True,False,3.1477216720957886e-06
4,random,97,500.0,38,44,44,True,False,3.1477216720957886e-06
4,random,98,510.0,37,44,44,True,False,2.833588547969289e-06
4,random,99,510.0,37,44,44,True,False,2.833588547969289e-06
4,random,100,500.0,38,44,44,True,False,2.853434434007806e-06
4,learned,0,30.0,1,2,44,False,False,0.0
4,learned,1,30.0,1,2,44,False,False,0.0
4,learned,2,60.0,2,4,44,False,False,0.0
4,learned,3,60.0,2,4,44,False,False,0.0
4,learned,4,90.0,3,6,44,False,False,0.0
4,learned,5,90.0,3,6,44,False,False,0.0
4,learned,6,120.0,4,8,44,False,False,0.0
4,learned,7,120.0,4,8,44,False,False,0.0
4,learned,8,150.0,5,10,44,False,False,0.0
4,learned,9,150.0,5,10,44,False,False,0.0
4,learned,10,180.0,6,12,44,False,False,0.0
4,learned,11,180.0,6,12,44,False,False,0.0
4,learned,12,210.0,7,14,44,False,False,0.0
4,learned,13,210.0,7,14,44,False,False,0.0
4,learned,14,240.0,8,16,44,False,False,0.0
4,learned,15,240.0,8,16,44,False,False,0.0
4,learned,16,270.0,9,18,44,False,False,0.0
4,learned,17,270.0,9,18,44,False,False,0.0
4,learned,18,300.0,10,20,44,False,False,0.0
4,learned,19,300.0,10,20,44,False,False,0.0
4,learned,20,330.0,11,22,44,False,False,0.0
4,learned,21,330.0,11,22,44,False,False,0.0
4,learned,22,360.0,12,24,44,False,False,0.0
4,learned,23,360.0,12,24,44,False,False,0.0
4,learned,24,390.0,13,26,44,False,False,0.0
4,learned,25,390.0,13,26,44,False,False,0.0
4,learned,26,420.0,14,28,44,False,False,0.0
4,learned,27,420.0,14,28,44,False,False,0.0
4,learned,28,450.0,15,30,44,False,False,0.0
4,learned,29,450.0,15,30,44,False,False,0.0
4,learned,30,480.0,16,32,44,False,False,0.0
4,learned,31,480.0,16,32,44,False,False,0.0
4,learned,32,510.0,17,34,44,False,False,0.0
4,learned,33,510.0,17,34,44,False,False,0.0
4,learned,34,540.0,18,36,44,False,False,0.0
4,learned,35,540.0,18,36,44,False,False,0.0
4,learned,36,570.0,19,38,44,False,False,0.0
4,learned,37,570.0,19,38,44,False,False,0.0
4,learned,38,600.0,20,40,44,False,False,0.0
4,learned,39,600.0,20,40,44,False,False,0.0
4,learned,40,590.0,21,40,44,False,False,0.0
4,learned,41,590.0,21,40,44,False,False,0.0
4,learned,42,560.0,20,38,44,False,False,0.0
4,learned,43,560.0,20,38,44,False,False,0.0
4,learned,44,570.0,19,38,44,False,False,0.0
4,learned,45,570.0,19,38,44,False,False,0.0
4,learned,46,600.0,20,40,44,False,False,0.0
4,learned,47,600.0,20,40,44,False,False,0.0
4,learned,48,610.0,21,41,44,False,False,0.0
4,learned,49,610.0,21,41,44,False,False,0.0
4,learned,50,600.0,22,41,44,False,False,0.0
4,learned,51,600.0,22,41,44,False,False,0.0
4,learned,52,610.0,21,41,44,False,False,0.0
4,learned,53,610.0,21,41,44,False,False,0.0
4,learned,54,600.0,20,40,44,False,False,0.0
4,learned,55,600.0,20,40,44,False,False,0.0
4,learned,56,630.0,21,42,44,False,False,0.0
4,learned,57,630.0,21,42,44,False,False,0.0
4,learned,58,600.0,20,40,44,False,False,0.0
4,learned,59,600.0,20,40,44,False,False,0.0
4,learned,60,610.0,21,41,44,False,False,0.0
4,learned,61,610.0,21,41,44,False,False,0.0
4,learned,62,600.0,22,41,44,False,False,0.0
4,learned,63,600.0,22,41,44,False,False,0.0
4,learned,64,610.0,21,41,44,False,False,0.0
4,learned,65,610.0,21,41,44,False,False,0.0
4,learned,66,600.0,22,41,44,False,False,0.0
4,learned,67,600.0,22,41,44,False,False,0.0
4,learned,68,610.0,21,41,44,False,False,0.0
4,learned,69,610.0,21,41,44,False,False,0.0
4,learned,70,600.0,22,41,44,False,False,0.0
4,learned,71,600.0,22,41,44,False,False,0.0
4,learned,72,610.0,21,41,44,False,False,0.0
4,learned,73,610.0,21,41,44,False,False,0.0
4,learned,74,600.0,22,41,44,False,False,0.0
4,learned,75,600.0,22,41,44,False,False,0.0
4,learned,76,590.0,23,41,44,False,False,0.0
4,learned,77,590.0,23,41,44,False,False,0.0
4,learned,78,600.0,22,41,44,False,False,0.0
4,learned,79,600.0,22,41,44,False,False,0.0
4,learned,80,590.0,23,41,44,False,False,0.0
4,learned,81,590.0,23,41,44,False,False,0.0
4,learned,82,600.0,22,41,44,False,False,0.0
4,learned,83,600.0,22,41,44,False,False,0.0
4,learned,84,610.0,21,41,44,False,False,0.0
4,learned,85,610.0,21,41,44,False,False,0.0
4,learned,86,600.0,22,41,44,False,False,0.0
4,learned,87,600.0,22,41,44,False,False,0.0
4,learned,88,590.0,23,41,44,False,False,0.0
4,learned,89,590.0,23,41,44,False,False,0.0
4,learned,90,600.0,24,42,44,False,False,0.0
4,learned,91,600.0,24,42,44,False,False,0.0
4,learned,92,590.0,23,41,44,False,False,0.0
4,learned,93,590.0,23,41,44,False,False,0.0
4,learned,94,600.0,22,41,44,False,False,0.0
4,learned,95,600.0,22,41,44,False,False,0.0
4,learned,96,610.0,21,41,44,False,False,0.0
4,learned,97,610.0,21,41,44,False,False,0.0
4,learned,98,600.0,22,41,44,False,False,0.0
4,learned,99,600.0,22,41,44,False,False,0.0
4,learned,100,590.0,23,41,44,False,False,0.0
5,initial,0,150.0,73,44,44,True,False,1.6949868043860837e-05
5,random,0,150.0,73,44,44,True,False,1.6949868043860837e-05
5,random,1,150.0,73,44,44,True,False,1.6949868043860837e-05
5,random,2,140.0,74,44,44,True,False,2.216351300603137e-05
5,random,3,140.0,74,44,44,True,False,2.216351300603137e-05
5,random,4,130.0,75,44,44,True,False,2.2180439885220132e-05
5,random,5,130.0,75,44,44,True,False,2.2180439885220132e-05
5,random,6,130.0,75,44,44,True,False,2.2180439885220132e-05
5,random,7,130.0,75,44,44,True,False,2.2180439885220132e-05
5,random,8,120.0,76,44,44,True,False,4.4801996038733487e-05
5,random,9,120.0,76,44,44,True,False,4.4801996038733487e-05
5,random,10,110.0,77,44,44,True,False,4.5088828238962995e-05
5,random,11,110.0,77,44,44,True,False,4.5088828238962995e-05
5,random,12,100.0,78,44,44,True,False,4.893898684488874e-05
5,random,13,100.0,78,44,44,True,False,4.893898684488874e-05
5,random,14,90.0,79,44,44,True,False,5.0158254724940844e-05
5,random,15,90.0,79,44,44,True,False,5.0158254724940844e-05
5,random,16,90.0,79,44,44,True,False,5.0158254724940844e-05
5,random,17,80.0,80,44,44,True,False,5.278300522306222e-05
5,random,18,80.0,80,44,44,True,False,5.278300522306222e-05
5,random,19,70.0,81,44,44,True,False,5.2853500166966557e-05
5,random,20,70.0,81,44,44,True,False,5.2853500166966557e-05
5,random,21,70.0,81,44,44,True,False,5.2853500166966557e-05
5,random,22,70.0,81,44,44,True,False,5.2853500166966557e-05
5,random,23,60.0,82,44,44,True,False,5.32431137379532e-05
5,random,24,60.0,82,44,44,True,False,5.32431137379532e-05
5,random,25,50.0,83,44,44,True,False,5.327323732502452e-05
5,random,26,50.0,83,44,44,True,False,5.327323732502452e-05
5,random,27,40.0,84,44,44,True,False,5.375666579125545e-05
5,random,28,40.0,84,44,44,True,False,5.375666579125545e-05
5,random,29,30.0,85,44,44,True,False,5.3781779801907406e-05
5,random,30,30.0,85,44,44,True,False,5.3781779801907406e-05
5,random,31,20.0,86,44,44,True,False,5.414980968773963e-05
5,random,32,20.0,86,44,44,True,False,5.414980968773963e-05
5,random,33,20.0,86,44,44,True,False,5.414980968773963e-05
5,random,34,20.0,86,44,44,True,False,5.414980968773963e-05
5,random,35,20.0,86,44,44,True,False,5.414980968773963e-05
5,random,36,20.0,86,44,44,True,False,5.414980968773963e-05
5,random,37,30.0,85,44,44,True,False,5.3947045747679635e-05
5,random,38,30.0,85,44,44,True,False,5.3947045747679635e-05
5,random,39,40.0,84,44,44,True,False,5.169682464454033e-05
5,random,40,40.0,84,44,44,True,False,5.169682464454033e-05
5,random,41,50.0,83,44,44,True,False,4.9420459982550053e-05
5,random,42,50.0,83,44,44,True,False,4.9420459982550053e-05
5,random,43,60.0,82,44,44,True,False,4.934144352934491e-05
5,random,44,60.0,82,44,44,True,False,4.934144352934491e-05
5,random,45,50.0,83,44,44,True,False,4.938685408581533e-05
5,random,46,50.0,83,44,44,True,False,4.938685408581533e-05
5,random,47,40.0,84,44,44,True,False,5.128552866494264e-05
5,random,48,40.0,84,44,44,True,False,5.128552866494264e-05
5,random,49,50.0,83,44,44,True,False,5.112204246718102e-05
5,random,50,50.0,83,44,44,True,False,5.112204246718102e-05
5,random,51,40.0,84,44,44,True,False,6.669673374329614e-05
5,random,52,40.0,84,44,44,True,False,6.669673374329614e-05
5,random,53,40.0,84,44,44,True,False,6.669673374329614e-05
5,random,54,50.0,83,44,44,True,False,6.506696491210133e-05
5,random,55,50.0,83,44,44,True,False,6.506696491210133e-05
5,random,56,40.0,84,44,44,True,False,6.593548908278793e-05
5,random,57,40.0,84,44,44,True,False,6.593548908278793e-05
5,random,58,40.0,84,44,44,True,False,6.593548908278793e-05
5,random,59,40.0,84,44,44,True,False,6.593548908278793e-05
5,random,60,40.0,84,44,44,True,False,6.593548908278793e-05
5,random,61,40.0,84,44,44,True,False,6.593548908278793e-05
5,random,62,30.0,85,44,44,True,False,6.626427619258213e-05
5,random,63,30.0,85,44,44,True,False,6.626427619258213e-05
5,random,64,40.0,84,44,44,True,False,6.62381513535849e-05
5,random,65,40.0,84,44,44,True,False,6.62381513535849e-05
5,random,66,50.0,83,44,44,True,False,5.462151545651474e-05
5,random,67,50.0,83,44,44,True,False,5.462151545651474e-05
5,random,68,40.0,84,44,44,True,False,5.469281607908273e-05
5,random,69,40.0,84,44,44,True,False,5.469281607908273e-05
5,random,70,30.0,85,44,44,True,False,5.4919962037673185e-05
5,random,71,30.0,85,44,44,True,False,5.4919962037673185e-05
5,random,72,40.0,84,44,44,True,False,5.4831951595378936e-05
5,random,73,40.0,84,44,44,True,False,5.4831951595378936e-05
5,random,74,30.0,85,44,44,True,False,6.690975682913474e-05
5,random,75,30.0,85,44,44,True,False,6.690975682913474e-05
5,random,76,20.0,86,44,44,True,False,8.047366138848383e-05
5,random,77,20.0,86,44,44,True,False,8.047366138848383e-05
5,random,78,10.0,87,44,44,True,False,8.108342812665028e-05
5,random,79,10.0,87,44,44,True,False,8.108342812665028e-05
5,random,80,20.0,86,44,44,True,False,7.98130173289743e-05
5,random,81,20.0,86,44,44,True,False,7.98130173289743e-05
5,random,82,10.0,87,44,44,True,False,8.538620580629738e-05
5,random,83,10.0,87,44,44,True,False,8.538620580629738e-05
5,random,84,0.0,88,44,44,True,False,8.736443278625173e-05
5,random,85,0.0,88,44,44,True,False,8.736443278625173e-05
5,random,86,10.0,87,44,44,True,False,8.697786242076697e-05
5,random,87,10.0,87,44,44,True,False,8.697786242076697e-05
5,random,88,20.0,86,44,44,True,False,8.245078531190453e-05
5,random,89,20.0,86,44,44,True,False,8.245078531190453e-05
5,random,90,10.0,87,44,44,True,False,8.27096826897665e-05
5,random,91,10.0,87,44,44,True,False,8.27096826897665e-05
5,random,92,20.0,86,44,44,True,False,8.263665748740394e-05
5,random,93,20.0,86,44,44,True,False,8.263665748740394e-05
5,random,94,20.0,86,44,44,True,False,8.263665748740394e-05
5,random,95,10.0,87,44,44,True,False,8.271117504296207e-05
5,random,96,10.0,87,44,44,True,False,8.271117504296207e-05
5,random,97,0.0,88,44,44,True,False,8.271544548126533e-05
5,random,98,0.0,88,44,44,True,False,8.271544548126533e-05
5,random,99,-10.0,89,44,44,True,False,8.272582850373124e-05
5,random,100,-10.0,89,44,44,True,False,8.272582850373124e-05
5,learned,0,150.0,73,44,44,True,False,1.6949868043860837e-05
5,learned,1,150.0,73,44,44,True,False,1.6949868043860837e-05
5,learned,2,160.0,72,44,44,True,False,1.694083481684673e-05
5,learned,3,160.0,72,44,44,True,False,1.694083481684673e-05
5,learned,4,150.0,73,44,44,True,False,1.6949868043860644e-05
5,learned,5,150.0,73,44,44,True,False,1.6949868043860644e-05
5,learned,6,160.0,72,44,44,True,False,1.694083481684673e-05
5,learned,7,160.0,72,44,44,True,False,1.694083481684673e-05
5,learned,8,150.0,73,44,44,True,False,1.694900562760075e-05
5,learned,9,150.0,73,44,44,True,False,1.694900562760075e-05
5,learned,10,140.0,74,44,44,True,False,1.6957235720596776e-05
5,learned,11,140.0,74,44,44,True,False,1.6957235720596776e-05
5,learned,12,150.0,73,44,44,True,False,1.694900562760075e-05
5,learned,13,150.0,73,44,44,True,False,1.694900562760075e-05
5,learned,14,160.0,72,44,44,True,False,1.694083481684673e-05
5,learned,15,160.0,72,44,44,True,False,1.694083481684673e-05
5,learned,16,150.0,73,44,44,True,False,1.694900562760075e-05
5,learned,17,150.0,73,44,44,True,False,1.694900562760075e-05
5,learned,18,160.0,72,44,44,True,False,1.694083481684673e-05
5,learned,19,160.0,72,44,44,True,False,1.694083481684673e-05
5,learned,20,150.0,73,44,44,True,False,1.694900562760075e-05
5,learned,21,150.0,73,44,44,True,False,1.694900562760075e-05
5,learned,22,160.0,72,44,44,True,False,1.694083481684673e-05
5,learned,23,160.0,72,44,44,True,False,1.694083481684673e-05
5,learned,24,150.0,73,44,44,True,False,1.694900562760075e-05
5,learned,25,150.0,73,44,44,True,False,1.694900562760075e-05
5,learned,26,160.0,72,44,44,True,False,1.694083481684673e-05
5,learned,27,160.0,72,44,44,True,False,1.694083481684673e-05
5,learned,28,150.0,73,44,44,True,False,1.6949868043860644e-05
5,learned,29,150.0,73,44,44,True,False,1.6949868043860644e-05
5,learned,30,160.0,72,44,44,True,False,1.694083481684673e-05
5,learned,31,160.0,72,44,44,True,False,1.694083481684673e-05
5,learned,32,150.0,73,44,44,True,False,1.694900562760075e-05
5,learned,33,150.0,73,44,44,True,False,1.694900562760075e-05
5,learned,34,160.0,72,44,44,True,False,1.694083481684673e-05
5,learned,35,160.0,72,44,44,True,False,1.694083481684673e-05
5,learned,36,150.0,73,44,44,True,False,1.694900562760075e-05
5,learned,37,150.0,73,44,44,True,False,1.694900562760075e-05
5,learned,38,160.0,72,44,44,True,False,1.694083481684673e-05
5,learned,39,160.0,72,44,44,True,False,1.694083481684673e-05
5,learned,40,150.0,73,44,44,True,False,1.694900562760075e-05
5,learned,41,150.0,73,44,44,True,False,1.694900562760075e-05
5,learned,42,160.0,72,44,44,True,False,1.694083481684673e-05
5,learned,43,160.0,72,44,44,True,False,1.694083481684673e-05
5,learned,44,150.0,73,44,44,True,False,1.694900562760075e-05
5,learned,45,150.0,73,44,44,True,False,1.694900562760075e-05
5,learned,46,160.0,72,44,44,True,False,1.694083481684673e-05
5,learned,47,160.0,72,44,44,True,False,1.694083481684673e-05
5,learned,48,150.0,73,44,44,True,False,1.694900562760075e-05
5,learned,49,150.0,73,44,44,True,False,1.694900562760075e-05
5,learned,50,160.0,72,44,44,True,False,1.694083481684673e-05
5,learned,51,160.0,72,44,44,True,False,1.694083481684673e-05
5,learned,52,150.0,73,44,44,True,False,1.6949868043860644e-05
5,learned,53,150.0,73,44,44,True,False,1.6949868043860644e-05
5,learned,54,160.0,72,44,44,True,False,1.694083481684673e-05
5,learned,55,160.0,72,44,44,True,False,1.694083481684673e-05
5,learned,56,150.0,73,44,44,True,False,1.694900562760075e-05
5,learned,57,150.0,73,44,44,True,False,1.694900562760075e-05
5,learned,58,160.0,72,44,44,True,False,1.694083481684673e-05
5,learned,59,160.0,72,44,44,True,False,1.694083481684673e-05
5,learned,60,150.0,73,44,44,True,False,1.694900562760075e-05
5,learned,61,150.0,73,44,44,True,False,1.694900562760075e-05
5,learned,62,140.0,74,44,44,True,False,1.6957235720596776e-05
5,learned,63,140.0,74,44,44,True,False,1.6957235720596776e-05
5,learned,64,150.0,73,44,44,True,False,1.694900562760075e-05
5,learned,65,150.0,73,44,44,True,False,1.694900562760075e-05
5,learned,66,160.0,72,44,44,True,False,1.694083481684673e-05
5,learned,67,160.0,72,44,44,True,False,1.694083481684673e-05
5,learned,68,150.0,73,44,44,True,False,1.694900562760075e-05
5,learned,69,150.0,73,44,44,True,False,1.694900562760075e-05
5,learned,70,160.0,72,44,44,True,False,1.694083481684673e-05
5,learned,71,160.0,72,44,44,True,False,1.694083481684673e-05
5,learned,72,150.0,73,44,44,True,False,1.694900562760094e-05
5,learned,73,150.0,73,44,44,True,False,1.694900562760094e-05
5,learned,74,140.0,74,44,44,True,False,1.6954780601383358e-05
5,learned,75,140.0,74,44,44,True,False,1.6954780601383358e-05
5,learned,76,150.0,73,44,44,True,False,1.694900562760094e-05
5,learned,77,150.0,73,44,44,True,False,1.694900562760094e-05
5,learned,78,140.0,74,44,44,True,False,1.6953084747653738e-05
5,learned,79,140.0,74,44,44,True,False,1.6953084747653738e-05
5,learned,80,130.0,75,44,44,True,False,1.6958050242583944e-05
5,learned,81,130.0,75,44,44,True,False,1.6958050242583944e-05
5,learned,82,140.0,74,44,44,True,False,1.6953084747653738e-05
5,learned,83,140.0,74,44,44,True,False,1.6953084747653738e-05
5,learned,84,130.0,75,44,44,True,False,1.6958050242583944e-05
5,learned,85,130.0,75,44,44,True,False,1.6958050242583944e-05
5,learned,86,140.0,74,44,44,True,False,1.6953084747653738e-05
5,learned,87,140.0,74,44,44,True,False,1.6953084747653738e-05
5,learned,88,150.0,73,44,44,True,False,1.694900562760094e-05
5,learned,89,150.0,73,44,44,True,False,1.694900562760094e-05
5,learned,90,160.0,72,44,44,True,False,1.694083481684673e-05
5,learned,91,160.0,72,44,44,True,False,1.694083481684673e-05
5,learned,92,150.0,73,44,44,True,False,1.694900562760075e-05
5,learned,93,150.0,73,44,44,True,False,1.694900562760075e-05
5,learned,94,160.0,72,44,44,True,False,1.694083481684673e-05
5,learned,95,160.0,72,44,44,True,False,1.694083481684673e-05
5,learned,96,150.0,73,44,44,True,False,1.6946311018366535e-05
5,learned,97,150.0,73,44,44,True,False,1.6946311018366535e-05
5,learned,98,140.0,74,44,44,True,False,1.695308474765328e-05
5,learned,99,140.0,74,44,44,True,False,1.695308474765328e-05
5,learned,100,150.0,73,44,44,True,False,1.6946311018366535e-05
6,initial,0,-510.0,139,44,44,True,False,0.00017024235166422663
6,random,0,-510.0,139,44,44,True,False,0.00017024235166422663
6,random,1,-510.0,139,44,44,True,False,0.00017024235166422663
6,random,2,-500.0,138,44,44,True,False,0.0001699764554776995
6,random,3,-500.0,138,44,44,True,False,0.0001699764554776995
6,random,4,-510.0,139,44,44,True,False,0.0001706901416550754
6,random,5,-510.0,139,44,44,True,False,0.0001706901416550754
6,random,6,-500.0,138,44,44,True,False,0.0001706119013213878
6,random,7,-500.0,138,44,44,True,False,0.0001706119013213878
6,random,8,-510.0,139,44,44,True,False,0.00017083851431885788
6,random,9,-510.0,139,44,44,True,False,0.00017083851431885788
6,random,10,-500.0,138,44,44,True,False,0.00017013174790815898
6,random,11,-500.0,138,44,44,True,False,0.00017013174790815898
6,random,12,-490.0,137,44,44,True,False,0.00016794682290415834
6,random,13,-490.0,137,44,44,True,False,0.00016794682290415834
6,random,14,-480.0,136,44,44,True,False,0.00016793072891786257
6,random,15,-480.0,136,44,44,True,False,0.00016793072891786257
6,random,16,-490.0,137,44,44,True,False,0.000167940993592954
6,random,17,-490.0,137,44,44,True,False,0.000167940993592954
6,random,18,-490.0,137,44,44,True,False,0.000167940993592954
6,random,19,-490.0,137,44,44,True,False,0.000167940993592954
6,random,20,-480.0,136,44,44,True,False,0.00016786716401363556
6,random,21,-480.0,136,44,44,True,False,0.00016786716401363556
6,random,22,-490.0,137,44,44,True,False,0.00016823644633632607
6,random,23,-490.0,137,44,44,True,False,0.00016823644633632607
6,random,24,-500.0,138,44,44,True,False,0.00016833743650019215
6,random,25,-500.0,138,44,44,True,False,0.00016833743650019215
6,random,26,-500.0,138,44,44,True,False,0.00016833743650019215
6,random,27,-500.0,138,44,44,True,False,0.00016833743650019215
6,random,28,-490.0,137,44,44,True,False,0.00016833399257649436
6,random,29,-490.0,137,44,44,True,False,0.00016833399257649436
6,random,30,-490.0,137,44,44,True,False,0.00016833399257649436
6,random,31,-490.0,137,44,44,True,False,0.00016833399257649436
6,random,32,-480.0,136,44,44,True,False,0.00016795927584614074
6,random,33,-480.0,136,44,44,True,False,0.00016795927584614074
6,random,34,-470.0,135,44,44,True,False,0.0001677509100408905
6,random,35,-470.0,135,44,44,True,False,0.0001677509100408905
6,random,36,-460.0,134,44,44,True,False,0.00016764559586884663
6,random,37,-460.0,134,44,44,True,False,0.00016764559586884663
6,random,38,-460.0,134,44,44,True,False,0.00016764559586884663
6,random,39,-460.0,134,44,44,True,False,0.00016764559586884663
6,random,40,-460.0,134,44,44,True,False,0.00016764559586884663
6,random,41,-450.0,133,44,44,True,False,0.00016082487169591877
6,random,42,-450.0,133,44,44,True,False,0.00016082487169591877
6,random,43,-440.0,132,44,44,True,False,0.00016017495695096713
6,random,44,-440.0,132,44,44,True,False,0.00016017495695096713
6,random,45,-430.0,131,44,44,True,False,0.0001594016725259034
6,random,46,-430.0,131,44,44,True,False,0.0001594016725259034
6,random,47,-430.0,131,44,44,True,False,0.0001594016725259034
6,random,48,-430.0,131,44,44,True,False,0.0001594016725259034
6,random,49,-420.0,130,44,44,True,False,0.00015933038175721615
6,random,50,-420.0,130,44,44,True,False,0.00015933038175721615
6,random,51,-410.0,129,44,44,True,False,0.00015929526926489535
6,random,52,-410.0,129,44,44,True,False,0.00015929526926489535
6,random,53,-420.0,130,44,44,True,False,0.00015999730578437907
6,random,54,-420.0,130,44,44,True,False,0.00015999730578437907
6,random,55,-420.0,130,44,44,True,False,0.00015999730578437907
6,random,56,-420.0,130,44,44,True,False,0.00015999730578437907
6,random,57,-430.0,131,44,44,True,False,0.00016000861000339375
6,random,58,-430.0,131,44,44,True,False,0.00016000861000339375
6,random,59,-440.0,132,44,44,True,False,0.00016016685253866444
6,random,60,-440.0,132,44,44,True,False,0.00016016685253866444
6,random,61,-430.0,131,44,44,True,False,0.0001599532384129493
6,random,62,-430.0,131,44,44,True,False,0.0001599532384129493
6,random,63,-430.0,131,44,44,True,False,0.0001599532384129493
6,random,64,-420.0,130,44,44,True,False,0.0001599145017581491
6,random,65,-420.0,130,44,44,True,False,0.0001599145017581491
6,random,66,-410.0,129,44,44,True,False,0.00015983960903444172
6,random,67,-410.0,129,44,44,True,False,0.00015983960903444172
6,random,68,-420.0,130,44,44,True,False,0.0001604142342328921
6,random,69,-420.0,130,44,44,True,False,0.0001604142342328921
6,random,70,-430.0,131,44,44,True,False,0.00016084920566521605
6,random,71,-430.0,131,44,44,True,False,0.00016084920566521605
6,random,72,-420.0,130,44,44,True,False,0.0001605443315562525
6,random,73,-420.0,130,44,44,True,False,0.0001605443315562525
6,random,74,-430.0,131,44,44,True,False,0.00016058496603489484
6,random,75,-430.0,131,44,44,True,False,0.00016058496603489484
6,random,76,-420.0,130,44,44,True,False,0.00016001827446054934
6,random,77,-420.0,130,44,44,True,False,0.00016001827446054934
6,random,78,-410.0,129,44,44,True,False,0.00016000713369939223
6,random,79,-410.0,129,44,44,True,False,0.00016000713369939223
6,random,80,-420.0,130,44,44,True,False,0.00016003455479895006
6,random,81,-420.0,130,44,44,True,False,0.00016003455479895006
6,random,82,-410.0,129,44,44,True,False,0.00015982630934244105
6,random,83,-410.0,129,44,44,True,False,0.00015982630934244105
6,random,84,-400.0,128,44,44,True,False,0.00015965625071271856
6,random,85,-400.0,128,44,44,True,False,0.00015965625071271856
6,random,86,-410.0,129,44,44,True,False,0.00015992301540428163
6,random,87,-410.0,129,44,44,True,False,0.00015992301540428163
6,random,88,-410.0,129,44,44,True,False,0.00015992301540428163
6,random,89,-420.0,130,44,44,True,False,0.00015995051419744361
6,random,90,-420.0,130,44,44,True,False,0.00015995051419744361
6,random,91,-430.0,131,44,44,True,False,0.0001601531936933655
6,random,92,-430.0,131,44,44,True,False,0.0001601531936933655
6,random,93,-420.0,130,44,44,True,False,0.0001600092640438582
6,random,94,-420.0,130,44,44,True,False,0.0001600092640438582
6,random,95,-430.0,131,44,44,True,False,0.00016002027753227746
6,random,96,-430.0,131,44,44,True,False,0.00016002027753227746
6,random,97,-440.0,132,44,44,True,False,0.00016100339245856093
6,random,98,-440.0,132,44,44,True,False,0.00016100339245856093
6,random,99,-430.0,131,44,44,True,False,0.00016099414924591003
6,random,100,-430.0,131,44,44,True,False,0.00016099414924591003
6,learned,0,-510.0,139,44,44,True,False,0.00017024235166422663
6,learned,1,-510.0,139,44,44,True,False,0.00017024235166422663
6,learned,2,-500.0,138,44,44,True,False,0.00017019428213913498
6,learned,3,-500.0,138,44,44,True,False,0.00017019428213913498
6,learned,4,-490.0,137,44,44,True,False,0.00017016316277495059
6,learned,5,-490.0,137,44,44,True,False,0.00017016316277495059
6,learned,6,-480.0,136,44,44,True,False,0.00017010446624549213
6,learned,7,-480.0,136,44,44,True,False,0.00017010446624549213
6,learned,8,-470.0,135,44,44,True,False,0.00016999651154483216
6,learned,9,-470.0,135,44,44,True,False,0.00016999651154483216
6,learned,10,-460.0,134,44,44,True,False,0.00016992034804840273
6,learned,11,-460.0,134,44,44,True,False,0.00016992034804840273
6,learned,12,-450.0,133,44,44,True,False,0.00016971666834254153
6,learned,13,-450.0,133,44,44,True,False,0.00016971666834254153
6,learned,14,-440.0,132,44,44,True,False,0.00016968843776977456
6,learned,15,-440.0,132,44,44,True,False,0.00016968843776977456
6,learned,16,-450.0,133,44,44,True,False,0.0001699516926650506
6,learned,17,-450.0,133,44,44,True,False,0.0001699516926650506
6,learned,18,-440.0,132,44,44,True,False,0.00016968843776977456
6,learned,19,-440.0,132,44,44,True,False,0.00016968843776977456
6,learned,20,-430.0,131,44,44,True,False,0.00016952497761816375
6,learned,21,-430.0,131,44,44,True,False,0.00016952497761816375
6,learned,22,-420.0,130,44,44,True,False,0.0001694329481732427
6,learned,23,-420.0,130,44,44,True,False,0.0001694329481732427
6,learned,24,-410.0,129,44,44,True,False,0.0001691533030643709
6,learned,25,-410.0,129,44,44,True,False,0.0001691533030643709
6,learned,26,-420.0,130,44,44,True,False,0.0001693305678737035
6,learned,27,-420.0,130,44,44,True,False,0.0001693305678737035
6,learned,28,-410.0,129,44,44,True,False,0.0001691533030643709
6,learned,29,-410.0,129,44,44,True,False,0.0001691533030643709
6,learned,30,-400.0,128,44,44,True,False,0.00016635933688422766
6,learned,31,-400.0,128,44,44,True,False,0.00016635933688422766
6,learned,32,-410.0,129,44,44,True,False,0.00016649054725324157
6,learned,33,-410.0,129,44,44,True,False,0.00016649054725324157
6,learned,34,-400.0,128,44,44,True,False,0.00016635933688422766
6,learned,35,-400.0,128,44,44,True,False,0.00016635933688422766
6,learned,36,-410.0,129,44,44,True,False,0.00016649054725324157
6,learned,37,-410.0,129,44,44,True,False,0.00016649054725324157
6,learned,38,-400.0,128,44,44,True,False,0.00016635933688422766
6,learned,39,-400.0,128,44,44,True,False,0.00016635933688422766
6,learned,40,-390.0,127,44,44,True,False,0.00016634900322200916
6,learned,41,-390.0,127,44,44,True,False,0.00016634900322200916
6,learned,42,-380.0,126,44,44,True,False,0.00016633163920942625
6,learned,43,-380.0,126,44,44,True,False,0.00016633163920942625
6,learned,44,-390.0,127,44,44,True,False,0.00016639028257912022
6,learned,45,-390.0,127,44,44,True,False,0.00016639028257912022
6,learned,46,-380.0,126,44,44,True,False,0.00016637982919872986
6,learned,47,-380.0,126,44,44,True,False,0.00016637982919872986
6,learned,48,-390.0,127,44,44,True,False,0.00016641931589292676
6,learned,49,-390.0,127,44,44,True,False,0.00016641931589292676
6,learned,50,-380.0,126,44,44,True,False,0.00016637982919872986
6,learned,51,-380.0,126,44,44,True,False,0.00016637982919872986
6,learned,52,-390.0,127,44,44,True,False,0.00016641931589292676
6,learned,53,-390.0,127,44,44,True,False,0.00016641931589292676
6,learned,54,-380.0,126,44,44,True,False,0.00016637982919873122
6,learned,55,-380.0,126,44,44,True,False,0.00016637982919873122
6,learned,56,-370.0,125,44,44,True,False,0.000166218700922028
6,learned,57,-370.0,125,44,44,True,False,0.000166218700922028
6,learned,58,-380.0,126,44,44,True,False,0.0001663372449414054
6,learned,59,-380.0,126,44,44,True,False,0.0001663372449414054
6,learned,60,-370.0,125,44,44,True,False,0.000166218700922028
6,learned,61,-370.0,125,44,44,True,False,0.000166218700922028
6,learned,62,-360.0,124,44,44,True,False,0.0001660802478225915
6,learned,63,-360.0,124,44,44,True,False,0.0001660802478225915
6,learned,64,-370.0,125,44,44,True,False,0.00016622322947895736
6,learned,65,-370.0,125,44,44,True,False,0.00016622322947895736
6,learned,66,-360.0,124,44,44,True,False,0.0001660802478225915
6,learned,67,-360.0,124,44,44,True,False,0.0001660802478225915
6,learned,68,-370.0,125,44,44,True,False,0.00016614499763250833
6,learned,69,-370.0,125,44,44,True,False,0.00016614499763250833
6,learned,70,-380.0,126,44,44,True,False,0.00016627971032675016
6,learned,71,-380.0,126,44,44,True,False,0.00016627971032675016
6,learned,72,-370.0,125,44,44,True,False,0.00016614499763250833
6,learned,73,-370.0,125,44,44,True,False,0.00016614499763250833
6,learned,74,-360.0,124,44,44,True,False,0.0001660802478225915
6,learned,75,-360.0,124,44,44,True,False,0.0001660802478225915
6,learned,76,-350.0,123,44,44,True,False,0.0001660420524623121
6,learned,77,-350.0,123,44,44,True,False,0.0001660420524623121
6,learned,78,-360.0,124,44,44,True,False,0.00016618094092088438
6,learned,79,-360.0,124,44,44,True,False,0.00016618094092088438
6,learned,80,-350.0,123,44,44,True,False,0.0001660420524623121
6,learned,81,-350.0,123,44,44,True,False,0.0001660420524623121
6,learned,82,-360.0,124,44,44,True,False,0.00016618094092088438
6,learned,83,-360.0,124,44,44,True,False,0.00016618094092088438
6,learned,84,-350.0,123,44,44,True,False,0.0001660420524623121
6,learned,85,-350.0,123,44,44,True,False,0.0001660420524623121
6,learned,86,-360.0,124,44,44,True,False,0.0001661528494743078
6,learned,87,-360.0,124,44,44,True,False,0.0001661528494743078
6,learned,88,-350.0,123,44,44,True,False,0.00016599400160934827
6,learned,89,-350.0,123,44,44,True,False,0.00016599400160934827
6,learned,90,-340.0,122,44,44,True,False,0.00016594709883049983
6,learned,91,-340.0,122,44,44,True,False,0.00016594709883049983
6,learned,92,-330.0,121,44,44,True,False,0.00016586817428749164
6,learned,93,-330.0,121,44,44,True,False,0.00016586817428749164
6,learned,94,-340.0,122,44,44,True,False,0.0001659143903716507
6,learned,95,-340.0,122,44,44,True,False,0.0001659143903716507
6,learned,96,-330.0,121,44,44,True,False,0.0001657216859865154
6,learned,97,-330.0,121,44,44,True,False,0.0001657216859865154
6,learned,98,-320.0,120,44,44,True,False,0.00016567575200538987
6,learned,99,-320.0,120,44,44,True,False,0.00016567575200538987
6,learned,100,-310.0,119,44,44,True,False,0.0001647352247734816
7,initial,0,30.0,1,2,44,False,False,0.0
7,random,0,30.0,1,2,44,False,False,0.0
7,random,1,30.0,1,2,44,False,False,0.0
7,random,2,60.0,2,4,44,False,False,0.0
7,random,3,60.0,2,4,44,False,False,0.0
7,random,4,90.0,3,6,44,False,False,0.0
7,random,5,90.0,3,6,44,False,False,0.0
7,random,6,120.0,4,8,44,False,False,0.0
7,random,7,120.0,4,8,44,False,False,0.0
7,random,8,120.0,4,8,44,False,False,0.0
7,random,9,120.0,4,8,44,False,False,0.0
7,random,10,150.0,5,10,44,False,False,0.0
7,random,11,150.0,5,10,44,False,False,0.0
7,random,12,180.0,6,12,44,False,False,0.0
7,random,13,180.0,6,12,44,False,False,0.0
7,random,14,190.0,7,13,44,False,False,0.0
7,random,15,190.0,7,13,44,False,False,0.0
7,random,16,220.0,8,15,44,False,False,0.0
7,random,17,220.0,8,15,44,False,False,0.0
7,random,18,250.0,9,17,44,False,False,0.0
7,random,19,250.0,9,17,44,False,False,0.0
7,random,20,240.0,10,17,44,False,False,0.0
7,random,21,240.0,10,17,44,False,False,0.0
7,random,22,270.0,11,19,44,False,False,0.0
7,random,23,270.0,11,19,44,False,False,0.0
7,random,24,300.0,12,21,44,False,False,0.0
7,random,25,300.0,12,21,44,False,False,0.0
7,random,26,330.0,13,23,44,False,False,0.0
7,random,27,330.0,13,23,44,False,False,0.0
7,random,28,360.0,14,25,44,False,False,0.0
7,random,29,360.0,14,25,44,False,False,0.0
7,random,30,390.0,15,27,44,False,False,0.0
7,random,31,390.0,15,27,44,False,False,0.0
7,random,32,420.0,16,29,44,False,False,0.0
7,random,33,420.0,16,29,44,False,False,0.0
7,random,34,450.0,17,31,44,False,False,0.0
7,random,35,450.0,17,31,44,False,False,0.0
7,random,36,480.0,18,33,44,False,False,0.0
7,random,37,480.0,18,33,44,False,False,0.0
7,random,38,480.0,18,33,44,False,False,0.0
7,random,39,480.0,18,33,44,False,False,0.0
7,random,40,480.0,18,33,44,False,False,0.0
7,random,41,470.0,19,33,44,False,False,0.0
7,random,42,470.0,19,33,44,False,False,0.0
7,random,43,470.0,19,33,44,False,False,0.0
7,random,44,470.0,19,33,44,False,False,0.0
7,random,45,500.0,20,35,44,False,False,0.0
7,random,46,500.0,20,35,44,False,False,0.0
7,random,47,490.0,19,34,44,False,False,0.0
7,random,48,490.0,19,34,44,False,False,0.0
7,random,49,480.0,20,34,44,False,False,0.0
7,random,50,480.0,20,34,44,False,False,0.0
7,random,51,510.0,21,36,44,False,False,0.0
7,random,52,510.0,21,36,44,False,False,0.0
7,random,53,500.0,22,36,44,False,False,0.0
7,random,54,500.0,22,36,44,False,False,0.0
7,random,55,490.0,23,36,44,False,False,0.0
7,random,56,490.0,23,36,44,False,False,0.0
7,random,57,480.0,24,36,44,False,False,0.0
7,random,58,480.0,24,36,44,False,False,0.0
7,random,59,470.0,25,36,44,False,False,0.0
7,random,60,470.0,25,36,44,False,False,0.0
7,random,61,480.0,24,36,44,False,False,0.0
7,random,62,480.0,24,36,44,False,False,0.0
7,random,63,490.0,25,37,44,False,False,0.0
7,random,64,490.0,25,37,44,False,False,0.0
7,random,65,500.0,26,38,44,False,False,0.0
7,random,66,500.0,26,38,44,False,False,0.0
7,random,67,500.0,26,38,44,False,False,0.0
7,random,68,500.0,26,38,44,False,False,0.0
7,random,69,500.0,26,38,44,False,False,0.0
7,random,70,470.0,25,36,44,False,False,0.0
7,random,71,470.0,25,36,44,False,False,0.0
7,random,72,500.0,26,38,44,False,False,0.0
7,random,73,500.0,26,38,44,False,False,0.0
7,random,74,510.0,27,39,44,False,False,0.0
7,random,75,510.0,27,39,44,False,False,0.0
7,random,76,500.0,28,39,44,False,False,0.0
7,random,77,500.0,28,39,44,False,False,0.0
7,random,78,530.0,29,41,44,False,False,0.0
7,random,79,530.0,29,41,44,False,False,0.0
7,random,80,560.0,30,43,44,False,False,0.0
7,random,81,560.0,30,43,44,False,False,0.0
7,random,82,550.0,31,43,44,False,False,0.0
7,random,83,550.0,31,43,44,False,False,0.0
7,random,84,550.0,31,43,44,False,False,0.0
7,random,85,550.0,31,43,44,False,False,0.0
7,random,86,540.0,32,43,44,False,False,0.0
7,random,87,540.0,32,43,44,False,False,0.0
7,random,88,530.0,33,43,44,False,False,0.0
7,random,89,530.0,33,43,44,False,False,0.0
7,random,90,520.0,34,43,44,False,False,0.0
7,random,91,520.0,34,43,44,False,False,0.0
7,random,92,510.0,35,43,44,False,False,0.0
7,random,93,510.0,35,43,44,False,False,0.0
7,random,94,500.0,36,43,44,False,False,0.0
7,random,95,500.0,36,43,44,False,False,0.0
7,random,96,500.0,36,43,44,False,False,0.0
7,random,97,490.0,37,43,44,False,False,0.0
7,random,98,490.0,37,43,44,False,False,0.0
7,random,99,490.0,37,43,44,False,False,0.0
7,random,100,490.0,37,43,44,False,False,0.0
7,learned,0,30.0,1,2,44,False,False,0.0
7,learned,1,30.0,1,2,44,False,False,0.0
7,learned,2,60.0,2,4,44,False,False,0.0
7,learned,3,60.0,2,4,44,False,False,0.0
7,learned,4,90.0,3,6,44,False,False,0.0
7,learned,5,90.0,3,6,44,False,False,0.0
7,learned,6,120.0,4,8,44,False,False,0.0
7,learned,7,120.0,4,8,44,False,False,0.0
7,learned,8,150.0,5,10,44,False,False,0.0
7,learned,9,150.0,5,10,44,False,False,0.0
7,learned,10,180.0,6,12,44,False,False,0.0
7,learned,11,180.0,6,12,44,False,False,0.0
7,learned,12,210.0,7,14,44,False,False,0.0
7,learned,13,210.0,7,14,44,False,False,0.0
7,learned,14,240.0,8,16,44,False,False,0.0
7,learned,15,240.0,8,16,44,False,False,0.0
7,learned,16,270.0,9,18,44,False,False,0.0
7,learned,17,270.0,9,18,44,False,False,0.0
7,learned,18,300.0,10,20,44,False,False,0.0
7,learned,19,300.0,10,20,44,False,False,0.0
7,learned,20,330.0,11,22,44,False,False,0.0
7,learned,21,330.0,11,22,44,False,False,0.0
7,learned,22,360.0,12,24,44,False,False,0.0
7,learned,23,360.0,12,24,44,False,False,0.0
7,learned,24,370.0,13,25,44,False,False,0.0
7,learned,25,370.0,13,25,44,False,False,0.0
7,learned,26,400.0,14,27,44,False,False,0.0
7,learned,27,400.0,14,27,44,False,False,0.0
7,learned,28,430.0,15,29,44,False,False,0.0
7,learned,29,430.0,15,29,44,False,False,0.0
7,learned,30,430.0,15,29,44,False,False,0.0
7,learned,31,430.0,15,29,44,False,False,0.0
7,learned,32,460.0,16,31,44,False,False,0.0
7,learned,33,460.0,16,31,44,False,False,0.0
7,learned,34,470.0,17,32,44,False,False,0.0
7,learned,35,470.0,17,32,44,False,False,0.0
7,learned,36,460.0,16,31,44,False,False,0.0
7,learned,37,460.0,16,31,44,False,False,0.0
7,learned,38,470.0,17,32,44,False,False,0.0
7,learned,39,470.0,17,32,44,False,False,0.0
7,learned,40,460.0,18,32,44,False,False,0.0
7,learned,41,460.0,18,32,44,False,False,0.0
7,learned,42,470.0,17,32,44,False,False,0.0
7,learned,43,470.0,17,32,44,False,False,0.0
7,learned,44,460.0,18,32,44,False,False,0.0
7,learned,45,460.0,18,32,44,False,False,0.0
7,learned,46,470.0,17,32,44,False,False,0.0
7,learned,47,470.0,17,32,44,False,False,0.0
7,learned,48,460.0,16,31,44,False,False,0.0
7,learned,49,460.0,16,31,44,False,False,0.0
7,learned,50,490.0,17,33,44,False,False,0.0
7,learned,51,490.0,17,33,44,False,False,0.0
7,learned,52,500.0,18,34,44,False,False,0.0
7,learned,53,500.0,18,34,44,False,False,0.0
7,learned,54,490.0,19,34,44,False,False,0.0
7,learned,55,490.0,19,34,44,False,False,0.0
7,learned,56,500.0,18,34,44,False,False,0.0
7,learned,57,500.0,18,34,44,False,False,0.0
7,learned,58,490.0,19,34,44,False,False,0.0
7,learned,59,490.0,19,34,44,False,False,0.0
7,learned,60,500.0,18,34,44,False,False,0.0
7,learned,61,500.0,18,34,44,False,False,0.0
7,learned,62,490.0,19,34,44,False,False,0.0
7,learned,63,490.0,19,34,44,False,False,0.0
7,learned,64,500.0,18,34,44,False,False,0.0
7,learned,65,500.0,18,34,44,False,False,0.0
7,learned,66,500.0,18,34,44,False,False,0.0
7,learned,67,500.0,18,34,44,False,False,0.0
7,learned,68,490.0,19,34,44,False,False,0.0
7,learned,69,490.0,19,34,44,False,False,0.0
7,learned,70,500.0,18,34,44,False,False,0.0
7,learned,71,500.0,18,34,44,False,False,0.0
7,learned,72,490.0,19,34,44,False,False,0.0
7,learned,73,490.0,19,34,44,False,False,0.0
7,learned,74,500.0,18,34,44,False,False,0.0
7,learned,75,500.0,18,34,44,False,False,0.0
7,learned,76,490.0,19,34,44,False,False,0.0
7,learned,77,490.0,19,34,44,False,False,0.0
7,learned,78,500.0,18,34,44,False,False,0.0
7,learned,79,500.0,18,34,44,False,False,0.0
7,learned,80,490.0,19,34,44,False,False,0.0
7,learned,81,490.0,19,34,44,False,False,0.0
7,learned,82,500.0,18,34,44,False,False,0.0
7,learned,83,500.0,18,34,44,False,False,0.0
7,learned,84,490.0,17,33,44,False,False,0.0
7,learned,85,490.0,17,33,44,False,False,0.0
7,learned,86,500.0,18,34,44,False,False,0.0
7,learned,87,500.0,18,34,44,False,False,0.0
7,learned,88,530.0,19,36,44,False,False,0.0
7,learned,89,530.0,19,36,44,False,False,0.0
7,learned,90,520.0,20,36,44,False,False,0.0
7,learned,91,520.0,20,36,44,False,False,0.0
7,learned,92,530.0,19,36,44,False,False,0.0
7,learned,93,530.0,19,36,44,False,False,0.0
7,learned,94,520.0,18,35,44,False,False,0.0
7,learned,95,520.0,18,35,44,False,False,0.0
7,learned,96,510.0,19,35,44,False,False,0.0
7,learned,97,510.0,19,35,44,False,False,0.0
7,learned,98,520.0,18,35,44,False,False,0.0
7,learned,99,520.0,18,35,44,False,False,0.0
7,learned,100,530.0,19,36,44,False,False,0.0
8,initial,0,230.0,65,44,44,True,False,4.919272320220028e-06
8,random,0,230.0,65,44,44,True,False,4.919272320220028e-06
8,random,1,230.0,65,44,44,True,False,4.919272320220028e-06
8,random,2,240.0,64,44,44,True,False,4.919204924017827e-06
8,random,3,240.0,64,44,44,True,False,4.919204924017827e-06
8,random,4,230.0,65,44,44,True,False,4.9590246127906386e-06
8,random,5,230.0,65,44,44,True,False,4.9590246127906386e-06
8,random,6,230.0,65,44,44,True,False,4.9590246127906386e-06
8,random,7,220.0,66,44,44,True,False,4.963016736801526e-06
8,random,8,220.0,66,44,44,True,False,4.963016736801526e-06
8,random,9,210.0,67,44,44,True,False,4.966598064602274e-06
8,random,10,210.0,67,44,44,True,False,4.966598064602274e-06
8,random,11,220.0,66,44,44,True,False,4.9162154493009306e-06
8,random,12,220.0,66,44,44,True,False,4.9162154493009306e-06
8,random,13,220.0,66,44,44,True,False,4.9162154493009306e-06
8,random,14,210.0,67,44,44,True,False,2.954433516525258e-05
8,random,15,210.0,67,44,44,True,False,2.954433516525258e-05
8,random,16,200.0,68,44,44,True,False,3.276154495729162e-05
8,random,17,200.0,68,44,44,True,False,3.276154495729162e-05
8,random,18,190.0,69,44,44,True,False,3.301708067496995e-05
8,random,19,190.0,69,44,44,True,False,3.301708067496995e-05
8,random,20,190.0,69,44,44,True,False,3.301708067496995e-05
8,random,21,180.0,70,44,44,True,False,3.3017586313881715e-05
8,random,22,180.0,70,44,44,True,False,3.3017586313881715e-05
8,random,23,180.0,70,44,44,True,False,3.3017586313881715e-05
8,random,24,170.0,71,44,44,True,False,3.3069528362165785e-05
8,random,25,170.0,71,44,44,True,False,3.3069528362165785e-05
8,random,26,170.0,71,44,44,True,False,3.3069528362165785e-05
8,random,27,170.0,71,44,44,True,False,3.3069528362165785e-05
8,random,28,170.0,71,44,44,True,False,3.3069528362165785e-05
8,random,29,170.0,71,44,44,True,False,3.3069528362165785e-05
8,random,30,170.0,71,44,44,True,False,3.3069528362165785e-05
8,random,31,170.0,71,44,44,True,False,3.3069528362165785e-05
8,random,32,160.0,72,44,44,True,False,3.34964570486927e-05
8,random,33,160.0,72,44,44,True,False,3.34964570486927e-05
8,random,34,150.0,73,44,44,True,False,3.441601322007709e-05
8,random,35,150.0,73,44,44,True,False,3.441601322007709e-05
8,random,36,140.0,74,44,44,True,False,3.442847773296992e-05
8,random,37,140.0,74,44,44,True,False,3.442847773296992e-05
8,random,38,150.0,73,44,44,True,False,3.4346168071963464e-05
8,random,39,150.0,73,44,44,True,False,3.4346168071963464e-05
8,random,40,140.0,74,44,44,True,False,3.439733344293138e-05
8,random,41,140.0,74,44,44,True,False,3.439733344293138e-05
8,random,42,130.0,75,44,44,True,False,3.45318697932694e-05
8,random,43,130.0,75,44,44,True,False,3.45318697932694e-05
8,random,44,130.0,75,44,44,True,False,3.45318697932694e-05
8,random,45,120.0,76,44,44,True,False,3.795867745355893e-05
8,random,46,120.0,76,44,44,True,False,3.795867745355893e-05
8,random,47,130.0,75,44,44,True,False,3.793057839489174e-05
8,random,48,130.0,75,44,44,True,False,3.793057839489174e-05
8,random,49,120.0,76,44,44,True,False,3.796350781661506e-05
8,random,50,120.0,76,44,44,True,False,3.796350781661506e-05
8,random,51,110.0,77,44,44,True,False,3.7985644645309616e-05
8,random,52,110.0,77,44,44,True,False,3.7985644645309616e-05
8,random,53,100.0,78,44,44,True,False,3.8000463690070426e-05
8,random,54,100.0,78,44,44,True,False,3.8000463690070426e-05
8,random,55,90.0,79,44,44,True,False,3.804376274416523e-05
8,random,56,90.0,79,44,44,True,False,3.804376274416523e-05
8,random,57,100.0,78,44,44,True,False,3.430930155465145e-05
8,random,58,100.0,78,44,44,True,False,3.430930155465145e-05
8,random,59,110.0,77,44,44,True,False,3.425606510451983e-05
8,random,60,110.0,77,44,44,True,False,3.425606510451983e-05
8,random,61,100.0,78,44,44,True,False,3.4269942340139304e-05
8,random,62,100.0,78,44,44,True,False,3.4269942340139304e-05
8,random,63,90.0,79,44,44,True,False,3.427046955893769e-05
8,random,64,90.0,79,44,44,True,False,3.427046955893769e-05
8,random,65,100.0,78,44,44,True,False,3.423289758509547e-05
8,random,66,100.0,78,44,44,True,False,3.423289758509547e-05
8,random,67,110.0,77,44,44,True,False,3.41869715734308e-05
8,random,68,110.0,77,44,44,True,False,3.41869715734308e-05
8,random,69,120.0,76,44,44,True,False,3.417883329696633e-05
8,random,70,120.0,76,44,44,True,False,3.417883329696633e-05
8,random,71,110.0,77,44,44,True,False,3.436719796483918e-05
8,random,72,110.0,77,44,44,True,False,3.436719796483918e-05
8,random,73,120.0,76,44,44,True,False,3.4339819435795414e-05
8,random,74,120.0,76,44,44,True,False,3.4339819435795414e-05
8,random,75,110.0,77,44,44,True,False,3.4344158954780906e-05
8,random,76,110.0,77,44,44,True,False,3.4344158954780906e-05
8,random,77,100.0,78,44,44,True,False,3.445748347805431e-05
8,random,78,100.0,78,44,44,True,False,3.445748347805431e-05
8,random,79,90.0,79,44,44,True,False,3.4511011871223326e-05
8,random,80,90.0,79,44,44,True,False,3.4511011871223326e-05
8,random,81,100.0,78,44,44,True,False,3.450928932866407e-05
8,random,82,100.0,78,44,44,True,False,3.450928932866407e-05
8,random,83,90.0,79,44,44,True,False,3.452378288407403e-05
8,random,84,90.0,79,44,44,True,False,3.452378288407403e-05
8,random,85,100.0,78,44,44,True,False,3.4513816663863216e-05
8,random,86,100.0,78,44,44,True,False,3.4513816663863216e-05
8,random,87,100.0,78,44,44,True,False,3.4513816663863216e-05
8,random,88,90.0,79,44,44,True,False,3.4514909558281084e-05
8,random,89,90.0,79,44,44,True,False,3.4514909558281084e-05
8,random,90,100.0,78,44,44,True,False,3.4453449323687486e-05
8,random,91,100.0,78,44,44,True,False,3.4453449323687486e-05
8,random,92,90.0,79,44,44,True,False,5.161255589925315e-05
8,random,93,90.0,79,44,44,True,False,5.161255589925315e-05
8,random,94,80.0,80,44,44,True,False,5.954746940468897e-05
8,random,95,80.0,80,44,44,True,False,5.954746940468897e-05
8,random,96,70.0,81,44,44,True,False,5.9818527629536906e-05
8,random,97,70.0,81,44,44,True,False,5.9818527629536906e-05
8,random,98,60.0,82,44,44,True,False,5.9839001452684294e-05
8,random,99,60.0,82,44,44,True,False,5.9839001452684294e-05
8,random,100,50.0,83,44,44,True,False,6.013067230175102e-05
8,learned,0,230.0,65,44,44,True,False,4.919272320220028e-06
8,learned,1,230.0,65,44,44,True,False,4.919272320220028e-06
8,learned,2,240.0,64,44,44,True,False,4.917270863825986e-06
8,learned,3,240.0,64,44,44,True,False,4.917270863825986e-06
8,learned,4,230.0,65,44,44,True,False,4.922976499941932e-06
8,learned,5,230.0,65,44,44,True,False,4.922976499941932e-06
8,learned,6,220.0,66,44,44,True,False,4.925155983018531e-06
8,learned,7,220.0,66,44,44,True,False,4.925155983018531e-06
8,learned,8,230.0,65,44,44,True,False,4.922976499941553e-06
8,learned,9,230.0,65,44,44,True,False,4.922976499941553e-06
8,learned,10,220.0,66,44,44,True,False,4.925155983018531e-06
8,learned,11,220.0,66,44,44,True,False,4.925155983018531e-06
8,learned,12,230.0,65,44,44,True,False,4.922976499941553e-06
8,learned,13,230.0,65,44,44,True,False,4.922976499941553e-06
8,learned,14,240.0,64,44,44,True,False,4.917270863825986e-06
8,learned,15,240.0,64,44,44,True,False,4.917270863825986e-06
8,learned,16,250.0,63,44,44,True,False,4.916462054317979e-06
8,learned,17,250.0,63,44,44,True,False,4.916462054317979e-06
8,learned,18,260.0,62,44,44,True,False,4.9040351633505155e-06
8,learned,19,260.0,62,44,44,True,False,4.9040351633505155e-06
8,learned,20,250.0,63,44,44,True,False,4.9046560393847665e-06
8,learned,21,250.0,63,44,44,True,False,4.9046560393847665e-06
8,learned,22,260.0,62,44,44,True,False,4.9040351633505155e-06
8,learned,23,260.0,62,44,44,True,False,4.9040351633505155e-06
8,learned,24,270.0,61,44,44,True,False,4.9039153445789194e-06
8,learned,25,270.0,61,44,44,True,False,4.9039153445789194e-06
8,learned,26,260.0,62,44,44,True,False,4.912301240153621e-06
8,learned,27,260.0,62,44,44,True,False,4.912301240153621e-06
8,learned,28,250.0,63,44,44,True,False,4.915531192192958e-06
8,learned,29,250.0,63,44,44,True,False,4.915531192192958e-06
8,learned,30,260.0,62,44,44,True,False,4.912301240153892e-06
8,learned,31,260.0,62,44,44,True,False,4.912301240153892e-06
8,learned,32,270.0,61,44,44,True,False,4.9039153445789194e-06
8,learned,33,270.0,61,44,44,True,False,4.9039153445789194e-06
8,learned,34,280.0,60,44,44,True,False,4.902839103736063e-06
8,learned,35,280.0,60,44,44,True,False,4.902839103736063e-06
8,learned,36,270.0,61,44,44,True,False,4.911825678434733e-06
8,learned,37,270.0,61,44,44,True,False,4.911825678434733e-06
8,learned,38,280.0,60,44,44,True,False,4.902839103736063e-06
8,learned,39,280.0,60,44,44,True,False,4.902839103736063e-06
8,learned,40,290.0,59,44,44,True,False,4.892835136553936e-06
8,learned,41,290.0,59,44,44,True,False,4.892835136553936e-06
8,learned,42,280.0,60,44,44,True,False,4.900734648322452e-06
8,learned,43,280.0,60,44,44,True,False,4.900734648322452e-06
8,learned,44,290.0,59,44,44,True,False,4.892835136553936e-06
8,learned,45,290.0,59,44,44,True,False,4.892835136553936e-06
8,learned,46,280.0,60,44,44,True,False,4.89352878818848e-06
8,learned,47,280.0,60,44,44,True,False,4.89352878818848e-06
8,learned,48,290.0,59,44,44,True,False,4.892835136553936e-06
8,learned,49,290.0,59,44,44,True,False,4.892835136553936e-06
8,learned,50,280.0,60,44,44,True,False,4.89352878818848e-06
8,learned,51,280.0,60,44,44,True,False,4.89352878818848e-06
8,learned,52,290.0,59,44,44,True,False,4.892835136553936e-06
8,learned,53,290.0,59,44,44,True,False,4.892835136553936e-06
8,learned,54,280.0,60,44,44,True,False,4.89352878818848e-06
8,learned,55,280.0,60,44,44,True,False,4.89352878818848e-06
8,learned,56,290.0,59,44,44,True,False,4.892835136553936e-06
8,learned,57,290.0,59,44,44,True,False,4.892835136553936e-06
8,learned,58,280.0,60,44,44,True,False,4.89352878818848e-06
8,learned,59,280.0,60,44,44,True,False,4.89352878818848e-06
8,learned,60,270.0,61,44,44,True,False,4.901012481420803e-06
8,learned,61,270.0,61,44,44,True,False,4.901012481420803e-06
8,learned,62,280.0,60,44,44,True,False,4.89352878818848e-06
8,learned,63,280.0,60,44,44,True,False,4.89352878818848e-06
8,learned,64,290.0,59,44,44,True,False,4.892835136553936e-06
8,learned,65,290.0,59,44,44,True,False,4.892835136553936e-06
8,learned,66,300.0,58,44,44,True,False,4.89212500047532e-06
8,learned,67,300.0,58,44,44,True,False,4.89212500047532e-06
8,learned,68,290.0,59,44,44,True,False,4.893432823316144e-06
8,learned,69,290.0,59,44,44,True,False,4.893432823316144e-06
8,learned,70,300.0,58,44,44,True,False,4.89212500047532e-06
8,learned,71,300.0,58,44,44,True,False,4.89212500047532e-06
8,learned,72,290.0,59,44,44,True,False,4.9066405601753175e-06
8,learned,73,290.0,59,44,44,True,False,4.9066405601753175e-06
8,learned,74,280.0,60,44,44,True,False,4.914951749413991e-06
8,learned,75,280.0,60,44,44,True,False,4.914951749413991e-06
8,learned,76,290.0,59,44,44,True,False,4.9066405601753175e-06
8,learned,77,290.0,59,44,44,True,False,4.9066405601753175e-06
8,learned,78,300.0,58,44,44,True,False,4.89212500047532e-06
8,learned,79,300.0,58,44,44,True,False,4.89212500047532e-06
8,learned,80,290.0,59,44,44,True,False,4.900833522504951e-06
8,learned,81,290.0,59,44,44,True,False,4.900833522504951e-06
8,learned,82,280.0,60,44,44,True,False,4.904798291584868e-06
8,learned,83,280.0,60,44,44,True,False,4.904798291584868e-06
8,learned,84,290.0,59,44,44,True,False,4.900833522504951e-06
8,learned,85,290.0,59,44,44,True,False,4.900833522504951e-06
8,learned,86,300.0,58,44,44,True,False,4.89212500047532e-06
8,learned,87,300.0,58,44,44,True,False,4.89212500047532e-06
8,learned,88,310.0,57,44,44,True,False,4.8848534082385024e-06
8,learned,89,310.0,57,44,44,True,False,4.8848534082385024e-06
8,learned,90,300.0,58,44,44,True,False,4.89212500047532e-06
8,learned,91,300.0,58,44,44,True,False,4.89212500047532e-06
8,learned,92,310.0,57,44,44,True,False,4.890555761217063e-06
8,learned,93,310.0,57,44,44,True,False,4.890555761217063e-06
8,learned,94,320.0,56,44,44,True,False,4.847359220880517e-06
8,learned,95,320.0,56,44,44,True,False,4.847359220880517e-06
8,learned,96,330.0,55,44,44,True,False,4.846930618252009e-06
8,learned,97,330.0,55,44,44,True,False,4.846930618252009e-06
8,learned,98,320.0,56,44,44,True,False,4.860434840694746e-06
8,learned,99,320.0,56,44,44,True,False,4.860434840694746e-06
8,learned,100,310.0,57,44,44,True,False,4.861718648792709e-06
9,initial,0,30.0,1,2,44,False,False,0.0
9,random,0,30.0,1,2,44,False,False,0.0
9,random,1,30.0,1,2,44,False,False,0.0
9,random,2,60.0,2,4,44,False,False,0.0
9,random,3,60.0,2,4,44,False,False,0.0
9,random,4,90.0,3,6,44,False,False,0.0
9,random,5,90.0,3,6,44,False,False,0.0
9,random,6,120.0,4,8,44,False,False,0.0
9,random,7,120.0,4,8,44,False,False,0.0
9,random,8,150.0,5,10,44,False,False,0.0
9,random,9,150.0,5,10,44,False,False,0.0
9,random,10,180.0,6,12,44,False,False,0.0
9,random,11,180.0,6,12,44,False,False,0.0
9,random,12,210.0,7,14,44,False,False,0.0
9,random,13,210.0,7,14,44,False,False,0.0
9,random,14,240.0,8,16,44,False,False,0.0
9,random,15,240.0,8,16,44,False,False,0.0
9,random,16,270.0,9,18,44,False,False,0.0
9,random,17,270.0,9,18,44,False,False,0.0
9,random,18,300.0,10,20,44,False,False,0.0
9,random,19,300.0,10,20,44,False,False,0.0
9,random,20,330.0,11,22,44,False,False,0.0
9,random,21,330.0,11,22,44,False,False,0.0
9,random,22,330.0,11,22,44,False,False,0.0
9,random,23,330.0,11,22,44,False,False,0.0
9,random,24,330.0,11,22,44,False,False,0.0
9,random,25,330.0,11,22,44,False,False,0.0
9,random,26,360.0,12,24,44,False,False,0.0
9,random,27,360.0,12,24,44,False,False,0.0
9,random,28,390.0,13,26,44,False,False,0.0
9,random,29,390.0,13,26,44,False,False,0.0
9,random,30,420.0,14,28,44,False,False,0.0
9,random,31,420.0,14,28,44,False,False,0.0
9,random,32,390.0,13,26,44,False,False,0.0
9,random,33,390.0,13,26,44,False,False,0.0
9,random,34,420.0,14,28,44,False,False,0.0
9,random,35,420.0,14,28,44,False,False,0.0
9,random,36,450.0,15,30,44,False,False,0.0
9,random,37,450.0,15,30,44,False,False,0.0
9,random,38,450.0,15,30,44,False,False,0.0
9,random,39,460.0,16,31,44,False,False,0.0
9,random,40,460.0,16,31,44,False,False,0.0
9,random,41,490.0,17,33,44,False,False,0.0
9,random,42,490.0,17,33,44,False,False,0.0
9,random,43,520.0,18,35,44,False,False,0.0
9,random,44,520.0,18,35,44,False,False,0.0
9,random,45,510.0,19,35,44,False,False,0.0
9,random,46,510.0,19,35,44,False,False,0.0
9,random,47,540.0,20,37,44,False,False,0.0
9,random,48,540.0,20,37,44,False,False,0.0
9,random,49,550.0,21,38,44,False,False,0.0
9,random,50,550.0,21,38,44,False,False,0.0
9,random,51,540.0,22,38,44,False,False,0.0
9,random,52,540.0,22,38,44,False,False,0.0
9,random,53,550.0,21,38,44,False,False,0.0
9,random,54,550.0,21,38,44,False,False,0.0
9,random,55,550.0,21,38,44,False,False,0.0
9,random,56,550.0,21,38,44,False,False,0.0
9,random,57,540.0,22,38,44,False,False,0.0
9,random,58,540.0,22,38,44,False,False,0.0
9,random,59,570.0,23,40,44,False,False,0.0
9,random,60,570.0,23,40,44,False,False,0.0
9,random,61,560.0,24,40,44,False,False,0.0
9,random,62,560.0,24,40,44,False,False,0.0
9,random,63,560.0,24,40,44,False,False,0.0
9,random,64,560.0,24,40,44,False,False,0.0
9,random,65,570.0,25,41,44,False,False,0.0
9,random,66,570.0,25,41,44,False,False,0.0
9,random,67,560.0,26,41,44,False,False,0.0
9,random,68,560.0,26,41,44,False,False,0.0
9,random,69,550.0,27,41,44,False,False,0.0
9,random,70,550.0,27,41,44,False,False,0.0
9,random,71,560.0,26,41,44,False,False,0.0
9,random,72,560.0,26,41,44,False,False,0.0
9,random,73,550.0,27,41,44,False,False,0.0
9,random,74,550.0,27,41,44,False,False,0.0
9,random,75,520.0,26,39,44,False,False,0.0
9,random,76,520.0,26,39,44,False,False,0.0
9,random,77,530.0,27,40,44,False,False,0.0
9,random,78,530.0,27,40,44,False,False,0.0
9,random,79,520.0,28,40,44,False,False,0.0
9,random,80,520.0,28,40,44,False,False,0.0
9,random,81,510.0,29,40,44,False,False,0.0
9,random,82,510.0,29,40,44,False,False,0.0
9,random,83,500.0,30,40,44,False,False,0.0
9,random,84,500.0,30,40,44,False,False,0.0
9,random,85,490.0,31,40,44,False,False,0.0
9,random,86,490.0,31,40,44,False,False,0.0
9,random,87,490.0,31,40,44,False,False,0.0
9,random,88,490.0,31,40,44,False,False,0.0
9,random,89,490.0,31,40,44,False,False,0.0
9,random,90,490.0,31,40,44,False,False,0.0
9,random,91,480.0,32,40,44,False,False,0.0
9,random,92,480.0,32,40,44,False,False,0.0
9,random,93,490.0,31,40,44,False,False,0.0
9,random,94,490.0,31,40,44,False,False,0.0
9,random,95,490.0,31,40,44,False,False,0.0
9,random,96,490.0,31,40,44,False,False,0.0
9,random,97,490.0,31,40,44,False,False,0.0
9,random,98,480.0,30,39,44,False,False,0.0
9,random,99,480.0,30,39,44,False,False,0.0
9,random,100,470.0,31,39,44,False,False,0.0
9,learned,0,30.0,1,2,44,False,False,0.0
9,learned,1,30.0,1,2,44,False,False,0.0
9,learned,2,60.0,2,4,44,False,False,0.0
9,learned,3,60.0,2,4,44,False,False,0.0
9,learned,4,90.0,3,6,44,False,False,0.0
9,learned,5,90.0,3,6,44,False,False,0.0
9,learned,6,120.0,4,8,44,False,False,0.0
9,learned,7,120.0,4,8,44,False,False,0.0
9,learned,8,150.0,5,10,44,False,False,0.0
9,learned,9,150.0,5,10,44,False,False,0.0
9,learned,10,180.0,6,12,44,False,False,0.0
9,learned,11,180.0,6,12,44,False,False,0.0
9,learned,12,210.0,7,14,44,False,False,0.0
9,learned,13,210.0,7,14,44,False,False,0.0
9,learned,14,240.0,8,16,44,False,False,0.0
9,learned,15,240.0,8,16,44,False,False,0.0
9,learned,16,270.0,9,18,44,False,False,0.0
9,learned,17,270.0,9,18,44,False,False,0.0
9,learned,18,300.0,10,20,44,False,False,0.0
9,learned,19,300.0,10,20,44,False,False,0.0
9,learned,20,330.0,11,22,44,False,False,0.0
9,learned,21,330.0,11,22,44,False,False,0.0
9,learned,22,360.0,12,24,44,False,False,0.0
9,learned,23,360.0,12,24,44,False,False,0.0
9,learned,24,350.0,13,24,44,False,False,0.0
9,learned,25,350.0,13,24,44,False,False,0.0
9,learned,26,340.0,14,24,44,False,False,0.0
9,learned,27,340.0,14,24,44,False,False,0.0
9,learned,28,350.0,13,24,44,False,False,0.0
9,learned,29,350.0,13,24,44,False,False,0.0
9,learned,30,360.0,12,24,44,False,False,0.0
9,learned,31,360.0,12,24,44,False,False,0.0
9,learned,32,390.0,13,26,44,False,False,0.0
9,learned,33,390.0,13,26,44,False,False,0.0
9,learned,34,360.0,12,24,44,False,False,0.0
9,learned,35,360.0,12,24,44,False,False,0.0
9,learned,36,390.0,13,26,44,False,False,0.0
9,learned,37,390.0,13,26,44,False,False,0.0
9,learned,38,420.0,14,28,44,False,False,0.0
9,learned,39,420.0,14,28,44,False,False,0.0
9,learned,40,450.0,15,30,44,False,False,0.0
9,learned,41,450.0,15,30,44,False,False,0.0
9,learned,42,480.0,16,32,44,False,False,0.0
9,learned,43,480.0,16,32,44,False,False,0.0
9,learned,44,510.0,17,34,44,False,False,0.0
9,learned,45,510.0,17,34,44,False,False,0.0
9,learned,46,540.0,18,36,44,False,False,0.0
9,learned,47,540.0,18,36,44,False,False,0.0
9,learned,48,570.0,19,38,44,False,False,0.0
9,learned,49,570.0,19,38,44,False,False,0.0
9,learned,50,540.0,18,36,44,False,False,0.0
9,learned,51,540.0,18,36,44,False,False,0.0
9,learned,52,510.0,17,34,44,False,False,0.0
9,learned,53,510.0,17,34,44,False,False,0.0
9,learned,54,540.0,18,36,44,False,False,0.0
9,learned,55,540.0,18,36,44,False,False,0.0
9,learned,56,570.0,19,38,44,False,False,0.0
9,learned,57,570.0,19,38,44,False,False,0.0
9,learned,58,560.0,20,38,44,False,False,0.0
9,learned,59,560.0,20,38,44,False,False,0.0
9,learned,60,570.0,19,38,44,False,False,0.0
9,learned,61,570.0,19,38,44,False,False,0.0
9,learned,62,580.0,20,39,44,False,False,0.0
9,learned,63,580.0,20,39,44,False,False,0.0
9,learned,64,570.0,21,39,44,False,False,0.0
9,learned,65,570.0,21,39,44,False,False,0.0
9,learned,66,580.0,20,39,44,False,False,0.0
9,learned,67,580.0,20,39,44,False,False,0.0
9,learned,68,570.0,21,39,44,False,False,0.0
9,learned,69,570.0,21,39,44,False,False,0.0
9,learned,70,580.0,20,39,44,False,False,0.0
9,learned,71,580.0,20,39,44,False,False,0.0
9,learned,72,590.0,21,40,44,False,False,0.0
9,learned,73,590.0,21,40,44,False,False,0.0
9,learned,74,580.0,20,39,44,False,False,0.0
9,learned,75,580.0,20,39,44,False,False,0.0
9,learned,76,570.0,19,38,44,False,False,0.0
9,learned,77,570.0,19,38,44,False,False,0.0
9,learned,78,540.0,18,36,44,False,False,0.0
9,learned,79,540.0,18,36,44,False,False,0.0
9,learned,80,570.0,19,38,44,False,False,0.0
9,learned,81,570.0,19,38,44,False,False,0.0
9,learned,82,540.0,18,36,44,False,False,0.0
9,learned,83,540.0,18,36,44,False,False,0.0
9,learned,84,550.0,19,37,44,False,False,0.0
9,learned,85,550.0,19,37,44,False,False,0.0
9,learned,86,540.0,18,36,44,False,False,0.0
9,learned,87,540.0,18,36,44,False,False,0.0
9,learned,88,570.0,19,38,44,False,False,0.0
9,learned,89,570.0,19,38,44,False,False,0.0
9,learned,90,580.0,20,39,44,False,False,0.0
9,learned,91,580.0,20,39,44,False,False,0.0
9,learned,92,570.0,19,38,44,False,False,0.0
9,learned,93,570.0,19,38,44,False,False,0.0
9,learned,94,560.0,20,38,44,False,False,0.0
9,learned,95,560.0,20,38,44,False,False,0.0
9,learned,96,570.0,19,38,44,False,False,0.0
9,learned,97,570.0,19,38,44,False,False,0.0
9,learned,98,580.0,20,39,44,False,False,0.0
9,learned,99,580.0,20,39,44,False,False,0.0
9,learned,100,550.0,19,37,44,False,False,0.0
10,initial,0,30.0,1,2,44,False,False,0.0
10,random,0,30.0,1,2,44,False,False,0.0
10,random,1,30.0,1,2,44,False,False,0.0
10,random,2,60.0,2,4,44,False,False,0.0
10,random,3,60.0,2,4,44,False,False,0.0
10,random,4,90.0,3,6,44,False,False,0.0
10,random,5,90.0,3,6,44,False,False,0.0
10,random,6,90.0,3,6,44,False,False,0.0
10,random,7,90.0,3,6,44,False,False,0.0
10,random,8,120.0,4,8,44,False,False,0.0
10,random,9,120.0,4,8,44,False,False,0.0
10,random,10,150.0,5,10,44,False,False,0.0
10,random,11,150.0,5,10,44,False,False,0.0
10,random,12,180.0,6,12,44,False,False,0.0
10,random,13,180.0,6,12,44,False,False,0.0
10,random,14,210.0,7,14,44,False,False,0.0
10,random,15,210.0,7,14,44,False,False,0.0
10,random,16,210.0,7,14,44,False,False,0.0
10,random,17,210.0,7,14,44,False,False,0.0
10,random,18,240.0,8,16,44,False,False,0.0
10,random,19,240.0,8,16,44,False,False,0.0
10,random,20,240.0,8,16,44,False,False,0.0
10,random,21,240.0,8,16,44,False,False,0.0
10,random,22,270.0,9,18,44,False,False,0.0
10,random,23,270.0,9,18,44,False,False,0.0
10,random,24,300.0,10,20,44,False,False,0.0
10,random,25,300.0,10,20,44,False,False,0.0
10,random,26,330.0,11,22,44,False,False,0.0
10,random,27,330.0,11,22,44,False,False,0.0
10,random,28,360.0,12,24,44,False,False,0.0
10,random,29,360.0,12,24,44,False,False,0.0
10,random,30,390.0,13,26,44,False,False,0.0
10,random,31,390.0,13,26,44,False,False,0.0
10,random,32,420.0,14,28,44,False,False,0.0
10,random,33,420.0,14,28,44,False,False,0.0
10,random,34,450.0,15,30,44,False,False,0.0
10,random,35,450.0,15,30,44,False,False,0.0
10,random,36,480.0,16,32,44,False,False,0.0
10,random,37,480.0,16,32,44,False,False,0.0
10,random,38,490.0,17,33,44,False,False,0.0
10,random,39,490.0,17,33,44,False,False,0.0
10,random,40,480.0,18,33,44,False,False,0.0
10,random,41,480.0,18,33,44,False,False,0.0
10,random,42,510.0,19,35,44,False,False,0.0
10,random,43,510.0,19,35,44,False,False,0.0
10,random,44,520.0,20,36,44,False,False,0.0
10,random,45,520.0,20,36,44,False,False,0.0
10,random,46,520.0,20,36,44,False,False,0.0
10,random,47,520.0,20,36,44,False,False,0.0
10,random,48,510.0,21,36,44,False,False,0.0
10,random,49,510.0,21,36,44,False,False,0.0
10,random,50,540.0,22,38,44,False,False,0.0
10,random,51,540.0,22,38,44,False,False,0.0
10,random,52,570.0,23,40,44,False,False,0.0
10,random,53,570.0,23,40,44,False,False,0.0
10,random,54,580.0,24,41,44,False,False,0.0
10,random,55,580.0,24,41,44,False,False,0.0
10,random,56,570.0,25,41,44,False,False,0.0
10,random,57,570.0,25,41,44,False,False,0.0
10,random,58,560.0,26,41,44,False,False,0.0
10,random,59,560.0,26,41,44,False,False,0.0
10,random,60,570.0,25,41,44,False,False,0.0
10,random,61,570.0,25,41,44,False,False,0.0
10,random,62,570.0,25,41,44,False,False,0.0
10,random,63,570.0,25,41,44,False,False,0.0
10,random,64,580.0,26,42,44,False,False,0.0
10,random,65,580.0,26,42,44,False,False,0.0
10,random,66,570.0,27,42,44,False,False,0.0
10,random,67,570.0,27,42,44,False,False,0.0
10,random,68,560.0,28,42,44,False,False,0.0
10,random,69,560.0,28,42,44,False,False,0.0
10,random,70,570.0,29,43,44,False,False,0.0
10,random,71,570.0,29,43,44,False,False,0.0
10,random,72,560.0,30,43,44,False,False,0.0
10,random,73,560.0,30,43,44,False,False,0.0
10,random,74,550.0,31,43,44,False,False,0.0
10,random,75,550.0,31,43,44,False,False,0.0
10,random,76,540.0,32,43,44,False,False,0.0
10,random,77,540.0,32,43,44,False,False,0.0
10,random,78,530.0,33,43,44,False,False,0.0
10,random,79,530.0,33,43,44,False,False,0.0
10,random,80,520.0,34,43,44,False,False,0.0
10,random,81,520.0,34,43,44,False,False,0.0
10,random,82,510.0,35,43,44,False,False,0.0
10,random,83,510.0,35,43,44,False,False,0.0
10,random,84,520.0,34,43,44,False,False,0.0
10,random,85,520.0,34,43,44,False,False,0.0
10,random,86,510.0,35,43,44,False,False,0.0
10,random,87,510.0,35,43,44,False,False,0.0
10,random,88,520.0,36,44,44,True,False,4.960903439801018e-06
10,random,89,520.0,36,44,44,True,False,4.960903439801018e-06
10,random,90,510.0,37,44,44,True,False,4.986618355711054e-06
10,random,91,510.0,37,44,44,True,False,4.986618355711054e-06
10,random,92,510.0,37,44,44,True,False,4.986618355711054e-06
10,random,93,510.0,37,44,44,True,False,4.986618355711054e-06
10,random,94,510.0,37,44,44,True,False,4.986618355711054e-06
10,random,95,520.0,36,44,44,True,False,4.847809342054776e-06
10,random,96,520.0,36,44,44,True,False,4.847809342054776e-06
10,random,97,520.0,36,44,44,True,False,4.847809342054776e-06
10,random,98,520.0,36,44,44,True,False,4.847809342054776e-06
10,random,99,520.0,36,44,44,True,False,4.847809342054776e-06
10,random,100,520.0,36,44,44,True,False,4.847809342054776e-06
10,learned,0,30.0,1,2,44,False,False,0.0
10,learned,1,30.0,1,2,44,False,False,0.0
10,learned,2,60.0,2,4,44,False,False,0.0
10,learned,3,60.0,2,4,44,False,False,0.0
10,learned,4,90.0,3,6,44,False,False,0.0
10,learned,5,90.0,3,6,44,False,False,0.0
10,learned,6,120.0,4,8,44,False,False,0.0
10,learned,7,120.0,4,8,44,False,False,0.0
10,learned,8,150.0,5,10,44,False,False,0.0
10,learned,9,150.0,5,10,44,False,False,0.0
10,learned,10,180.0,6,12,44,False,False,0.0
10,learned,11,180.0,6,12,44,False,False,0.0
10,learned,12,210.0,7,14,44,False,False,0.0
10,learned,13,210.0,7,14,44,False,False,0.0
10,learned,14,180.0,6,12,44,False,False,0.0
10,learned,15,180.0,6,12,44,False,False,0.0
10,learned,16,210.0,7,14,44,False,False,0.0
10,learned,17,210.0,7,14,44,False,False,0.0
10,learned,18,180.0,6,12,44,False,False,0.0
10,learned,19,180.0,6,12,44,False,False,0.0
10,learned,20,210.0,7,14,44,False,False,0.0
10,learned,21,210.0,7,14,44,False,False,0.0
10,learned,22,240.0,8,16,44,False,False,0.0
10,learned,23,240.0,8,16,44,False,False,0.0
10,learned,24,270.0,9,18,44,False,False,0.0
10,learned,25,270.0,9,18,44,False,False,0.0
10,learned,26,300.0,10,20,44,False,False,0.0
10,learned,27,300.0,10,20,44,False,False,0.0
10,learned,28,330.0,11,22,44,False,False,0.0
10,learned,29,330.0,11,22,44,False,False,0.0
10,learned,30,300.0,10,20,44,False,False,0.0
10,learned,31,300.0,10,20,44,False,False,0.0
10,learned,32,270.0,9,18,44,False,False,0.0
10,learned,33,270.0,9,18,44,False,False,0.0
10,learned,34,300.0,10,20,44,False,False,0.0
10,learned,35,300.0,10,20,44,False,False,0.0
10,learned,36,330.0,11,22,44,False,False,0.0
10,learned,37,330.0,11,22,44,False,False,0.0
10,learned,38,300.0,10,20,44,False,False,0.0
10,learned,39,300.0,10,20,44,False,False,0.0
10,learned,40,310.0,11,21,44,False,False,0.0
10,learned,41,310.0,11,21,44,False,False,0.0
10,learned,42,300.0,12,21,44,False,False,0.0
10,learned,43,300.0,12,21,44,False,False,0.0
10,learned,44,310.0,11,21,44,False,False,0.0
10,learned,45,310.0,11,21,44,False,False,0.0
10,learned,46,300.0,10,20,44,False,False,0.0
10,learned,47,300.0,10,20,44,False,False,0.0
10,learned,48,330.0,11,22,44,False,False,0.0
10,learned,49,330.0,11,22,44,False,False,0.0
10,learned,50,360.0,12,24,44,False,False,0.0
10,learned,51,360.0,12,24,44,False,False,0.0
10,learned,52,390.0,13,26,44,False,False,0.0
10,learned,53,390.0,13,26,44,False,False,0.0
10,learned,54,420.0,14,28,44,False,False,0.0
10,learned,55,420.0,14,28,44,False,False,0.0
10,learned,56,410.0,15,28,44,False,False,0.0
10,learned,57,410.0,15,28,44,False,False,0.0
10,learned,58,420.0,14,28,44,False,False,0.0
10,learned,59,420.0,14,28,44,False,False,0.0
10,learned,60,450.0,15,30,44,False,False,0.0
10,learned,61,450.0,15,30,44,False,False,0.0
10,learned,62,440.0,16,30,44,False,False,0.0
10,learned,63,440.0,16,30,44,False,False,0.0
10,learned,64,450.0,15,30,44,False,False,0.0
10,learned,65,450.0,15,30,44,False,False,0.0
10,learned,66,440.0,16,30,44,False,False,0.0
10,learned,67,440.0,16,30,44,False,False,0.0
10,learned,68,430.0,15,29,44,False,False,0.0
10,learned,69,430.0,15,29,44,False,False,0.0
10,learned,70,420.0,14,28,44,False,False,0.0
10,learned,71,420.0,14,28,44,False,False,0.0
10,learned,72,390.0,13,26,44,False,False,0.0
10,learned,73,390.0,13,26,44,False,False,0.0
10,learned,74,400.0,14,27,44,False,False,0.0
10,learned,75,400.0,14,27,44,False,False,0.0
10,learned,76,390.0,13,26,44,False,False,0.0
10,learned,77,390.0,13,26,44,False,False,0.0
10,learned,78,400.0,14,27,44,False,False,0.0
10,learned,79,400.0,14,27,44,False,False,0.0
10,learned,80,390.0,13,26,44,False,False,0.0
10,learned,81,390.0,13,26,44,False,False,0.0
10,learned,82,360.0,12,24,44,False,False,0.0
10,learned,83,360.0,12,24,44,False,False,0.0
10,learned,84,390.0,13,26,44,False,False,0.0
10,learned,85,390.0,13,26,44,False,False,0.0
10,learned,86,420.0,14,28,44,False,False,0.0
10,learned,87,420.0,14,28,44,False,False,0.0
10,learned,88,450.0,15,30,44,False,False,0.0
10,learned,89,450.0,15,30,44,False,False,0.0
10,learned,90,460.0,16,31,44,False,False,0.0
10,learned,91,460.0,16,31,44,False,False,0.0
10,learned,92,450.0,15,30,44,False,False,0.0
10,learned,93,450.0,15,30,44,False,False,0.0
10,learned,94,460.0,16,31,44,False,False,0.0
10,learned,95,460.0,16,31,44,False,False,0.0
10,learned,96,470.0,17,32,44,False,False,0.0
10,learned,97,470.0,17,32,44,False,False,0.0
10,learned,98,460.0,16,31,44,False,False,0.0
10,learned,99,460.0,16,31,44,False,False,0.0
10,learned,100,470.0,17,32,44,False,False,0.0
11,initial,0,470.0,41,44,44,True,False,8.515198370575941e-06
11,random,0,470.0,41,44,44,True,False,8.515198370575941e-06
11,random,1,470.0,41,44,44,True,False,8.515198370575941e-06
11,random,2,470.0,41,44,44,True,False,8.515198370575941e-06
11,random,3,460.0,42,44,44,True,False,8.821432244341232e-06
11,random,4,460.0,42,44,44,True,False,8.821432244341232e-06
11,random,5,450.0,43,44,44,True,False,1.3939904040914108e-05
11,random,6,450.0,43,44,44,True,False,1.3939904040914108e-05
11,random,7,440.0,44,44,44,True,False,1.400087838657662e-05
11,random,8,440.0,44,44,44,True,False,1.400087838657662e-05
11,random,9,430.0,45,44,44,True,False,1.409433523571203e-05
11,random,10,430.0,45,44,44,True,False,1.409433523571203e-05
11,random,11,420.0,46,44,44,True,False,1.4151605421144416e-05
11,random,12,420.0,46,44,44,True,False,1.4151605421144416e-05
11,random,13,410.0,47,44,44,True,False,1.545290325339754e-05
11,random,14,410.0,47,44,44,True,False,1.545290325339754e-05
11,random,15,420.0,46,44,44,True,False,1.2823398066362181e-05
11,random,16,420.0,46,44,44,True,False,1.2823398066362181e-05
11,random,17,410.0,47,44,44,True,False,1.3671555949019743e-05
11,random,18,410.0,47,44,44,True,False,1.3671555949019743e-05
11,random,19,420.0,46,44,44,True,False,1.363090142645824e-05
11,random,20,420.0,46,44,44,True,False,1.363090142645824e-05
11,random,21,430.0,45,44,44,True,False,1.3603210847962408e-05
11,random,22,430.0,45,44,44,True,False,1.3603210847962408e-05
11,random,23,430.0,45,44,44,True,False,1.3603210847962408e-05
11,random,24,430.0,45,44,44,True,False,1.3603210847962408e-05
11,random,25,420.0,46,44,44,True,False,1.3669074011047403e-05
11,random,26,420.0,46,44,44,True,False,1.3669074011047403e-05
11,random,27,420.0,46,44,44,True,False,1.3669074011047403e-05
11,random,28,420.0,46,44,44,True,False,1.3669074011047403e-05
11,random,29,420.0,46,44,44,True,False,1.3669074011047403e-05
11,random,30,420.0,46,44,44,True,False,1.3669074011047403e-05
11,random,31,420.0,46,44,44,True,False,1.3669074011047403e-05
11,random,32,420.0,46,44,44,True,False,1.3669074011047403e-05
11,random,33,410.0,47,44,44,True,False,1.377382431827014e-05
11,random,34,410.0,47,44,44,True,False,1.377382431827014e-05
11,random,35,410.0,47,44,44,True,False,1.377382431827014e-05
11,random,36,410.0,47,44,44,True,False,1.377382431827014e-05
11,random,37,410.0,47,44,44,True,False,1.377382431827014e-05
11,random,38,410.0,47,44,44,True,False,1.377382431827014e-05
11,random,39,420.0,46,44,44,True,False,1.3758808882855864e-05
11,random,40,420.0,46,44,44,True,False,1.3758808882855864e-05
11,random,41,410.0,47,44,44,True,False,1.756185494570497e-05
11,random,42,410.0,47,44,44,True,False,1.756185494570497e-05
11,random,43,400.0,48,44,44,True,False,1.898998349932464e-05
11,random,44,400.0,48,44,44,True,False,1.898998349932464e-05
11,random,45,390.0,49,44,44,True,False,2.2140135078246912e-05
11,random,46,390.0,49,44,44,True,False,2.2140135078246912e-05
11,random,47,380.0,50,44,44,True,False,2.2797575342642786e-05
11,random,48,380.0,50,44,44,True,False,2.2797575342642786e-05
11,random,49,390.0,49,44,44,True,False,1.9369311447332866e-05
11,random,50,390.0,49,44,44,True,False,1.9369311447332866e-05
11,random,51,400.0,48,44,44,True,False,1.9336646332956955e-05
11,random,52,400.0,48,44,44,True,False,1.9336646332956955e-05
11,random,53,390.0,49,44,44,True,False,1.9470194158656886e-05
11,random,54,390.0,49,44,44,True,False,1.9470194158656886e-05
11,random,55,390.0,49,44,44,True,False,1.9470194158656886e-05
11,random,56,390.0,49,44,44,True,False,1.9470194158656886e-05
11,random,57,380.0,50,44,44,True,False,2.2755399940835923e-05
11,random,58,380.0,50,44,44,True,False,2.2755399940835923e-05
11,random,59,380.0,50,44,44,True,False,2.2755399940835923e-05
11,random,60,380.0,50,44,44,True,False,2.2755399940835923e-05
11,random,61,380.0,50,44,44,True,False,2.2755399940835923e-05
11,random,62,380.0,50,44,44,True,False,2.2755399940835923e-05
11,random,63,370.0,51,44,44,True,False,2.2783829210438193e-05
11,random,64,370.0,51,44,44,True,False,2.2783829210438193e-05
11,random,65,360.0,52,44,44,True,False,2.2839636760993142e-05
11,random,66,360.0,52,44,44,True,False,2.2839636760993142e-05
11,random,67,350.0,53,44,44,True,False,2.4695400688880563e-05
11,random,68,350.0,53,44,44,True,False,2.4695400688880563e-05
11,random,69,340.0,54,44,44,True,False,2.4808865463067515e-05
11,random,70,340.0,54,44,44,True,False,2.4808865463067515e-05
11,random,71,330.0,55,44,44,True,False,2.482383041184155e-05
11,random,72,330.0,55,44,44,True,False,2.482383041184155e-05
11,random,73,340.0,54,44,44,True,False,2.4808453664073136e-05
11,random,74,340.0,54,44,44,True,False,2.4808453664073136e-05
11,random,75,350.0,53,44,44,True,False,2.4528770399749664e-05
11,random,76,350.0,53,44,44,True,False,2.4528770399749664e-05
11,random,77,360.0,52,44,44,True,False,2.410825624457696e-05
11,random,78,360.0,52,44,44,True,False,2.410825624457696e-05
11,random,79,350.0,53,44,44,True,False,2.4157289033619608e-05
11,random,80,350.0,53,44,44,True,False,2.4157289033619608e-05
11,random,81,340.0,54,44,44,True,False,2.4183599373828986e-05
11,random,82,340.0,54,44,44,True,False,2.4183599373828986e-05
11,random,83,330.0,55,44,44,True,False,2.4435902826152104e-05
11,random,84,330.0,55,44,44,True,False,2.4435902826152104e-05
11,random,85,320.0,56,44,44,True,False,2.463181842104737e-05
11,random,86,320.0,56,44,44,True,False,2.463181842104737e-05
11,random,87,310.0,57,44,44,True,False,2.4683042295000144e-05
11,random,88,310.0,57,44,44,True,False,2.4683042295000144e-05
11,random,89,300.0,58,44,44,True,False,2.4758041412159718e-05
11,random,90,300.0,58,44,44,True,False,2.4758041412159718e-05
11,random,91,300.0,58,44,44,True,False,2.4758041412159718e-05
11,random,92,300.0,58,44,44,True,False,2.4758041412159718e-05
11,random,93,290.0,59,44,44,True,False,2.4966689865903946e-05
11,random,94,290.0,59,44,44,True,False,2.4966689865903946e-05
11,random,95,280.0,60,44,44,True,False,2.50751141515232e-05
11,random,96,280.0,60,44,44,True,False,2.50751141515232e-05
11,random,97,270.0,61,44,44,True,False,2.5089101493700698e-05
11,random,98,270.0,61,44,44,True,False,2.5089101493700698e-05
11,random,99,260.0,62,44,44,True,False,2.5112564159324725e-05
11,random,100,260.0,62,44,44,True,False,2.5112564159324725e-05
11,learned,0,470.0,41,44,44,True,False,8.515198370575941e-06
11,learned,1,470.0,41,44,44,True,False,8.515198370575941e-06
11,learned,2,460.0,42,44,44,True,False,8.752185398549145e-06
11,learned,3,460.0,42,44,44,True,False,8.752185398549145e-06
11,learned,4,470.0,41,44,44,True,False,8.515198370575941e-06
11,learned,5,470.0,41,44,44,True,False,8.515198370575941e-06
11,learned,6,460.0,42,44,44,True,False,8.649565133235996e-06
11,learned,7,460.0,42,44,44,True,False,8.649565133235996e-06
11,learned,8,470.0,41,44,44,True,False,8.515198370575941e-06
11,learned,9,470.0,41,44,44,True,False,8.515198370575941e-06
11,learned,10,460.0,42,44,44,True,False,8.752185398549145e-06
11,learned,11,460.0,42,44,44,True,False,8.752185398549145e-06
11,learned,12,470.0,41,44,44,True,False,8.515198370575941e-06
11,learned,13,470.0,41,44,44,True,False,8.515198370575941e-06
11,learned,14,460.0,42,44,44,True,False,8.752185398549145e-06
11,learned,15,460.0,42,44,44,True,False,8.752185398549145e-06
11,learned,16,470.0,41,44,44,True,False,8.515198370575941e-06
11,learned,17,470.0,41,44,44,True,False,8.515198370575941e-06
11,learned,18,460.0,42,44,44,True,False,8.752185398549145e-06
11,learned,19,460.0,42,44,44,True,False,8.752185398549145e-06
11,learned,20,470.0,41,44,44,True,False,8.515198370575941e-06
11,learned,21,470.0,41,44,44,True,False,8.515198370575941e-06
11,learned,22,460.0,42,44,44,True,False,8.752185398549145e-06
11,learned,23,460.0,42,44,44,True,False,8.752185398549145e-06
11,learned,24,470.0,41,44,44,True,False,8.515198370575941e-06
11,learned,25,470.0,41,44,44,True,False,8.515198370575941e-06
11,learned,26,460.0,42,44,44,True,False,8.752185398549145e-06
11,learned,27,460.0,42,44,44,True,False,8.752185398549145e-06
11,learned,28,470.0,41,44,44,True,False,8.584812096059207e-06
11,learned,29,470.0,41,44,44,True,False,8.584812096059207e-06
11,learned,30,480.0,40,44,44,True,False,8.355758051981688e-06
11,learned,31,480.0,40,44,44,True,False,8.355758051981688e-06
11,learned,32,490.0,39,44,44,True,False,7.9896157068201e-06
11,learned,33,490.0,39,44,44,True,False,7.9896157068201e-06
11,learned,34,480.0,40,44,44,True,False,8.00983692919561e-06
11,learned,35,480.0,40,44,44,True,False,8.00983692919561e-06
11,learned,36,470.0,41,44,44,True,False,8.161132942374638e-06
11,learned,37,470.0,41,44,44,True,False,8.161132942374638e-06
11,learned,38,480.0,40,44,44,True,False,8.00983692919561e-06
11,learned,39,480.0,40,44,44,True,False,8.00983692919561e-06
11,learned,40,490.0,39,44,44,True,False,7.9896157068201e-06
11,learned,41,490.0,39,44,44,True,False,7.9896157068201e-06
11,learned,42,480.0,40,44,44,True,False,8.009836929195593e-06
11,learned,43,480.0,40,44,44,True,False,8.009836929195593e-06
11,learned,44,490.0,39,44,44,True,False,7.9896157068201e-06
11,learned,45,490.0,39,44,44,True,False,7.9896157068201e-06
11,learned,46,480.0,40,44,44,True,False,8.096433034392126e-06
11,learned,47,480.0,40,44,44,True,False,8.096433034392126e-06
11,learned,48,470.0,41,44,44,True,False,8.232921273696655e-06
11,learned,49,470.0,41,44,44,True,False,8.232921273696655e-06
11,learned,50,460.0,42,44,44,True,False,8.260483294490818e-06
11,learned,51,460.0,42,44,44,True,False,8.260483294490818e-06
11,learned,52,470.0,41,44,44,True,False,8.232921273696655e-06
11,learned,53,470.0,41,44,44,True,False,8.232921273696655e-06
11,learned,54,460.0,42,44,44,True,False,8.260483294490818e-06
11,learned,55,460.0,42,44,44,True,False,8.260483294490818e-06
11,learned,56,470.0,41,44,44,True,False,8.232921273696655e-06
11,learned,57,470.0,41,44,44,True,False,8.232921273696655e-06
11,learned,58,480.0,40,44,44,True,False,8.096433034392126e-06
11,learned,59,480.0,40,44,44,True,False,8.096433034392126e-06
11,learned,60,470.0,41,44,44,True,False,9.236748151610367e-06
11,learned,61,470.0,41,44,44,True,False,9.236748151610367e-06
11,learned,62,460.0,42,44,44,True,False,9.31289943580902e-06
11,learned,63,460.0,42,44,44,True,False,9.31289943580902e-06
11,learned,64,470.0,41,44,44,True,False,9.236748151610367e-06
11,learned,65,470.0,41,44,44,True,False,9.236748151610367e-06
11,learned,66,460.0,42,44,44,True,False,9.31289943580902e-06
11,learned,67,460.0,42,44,44,True,False,9.31289943580902e-06
11,learned,68,470.0,41,44,44,True,False,9.236748151610367e-06
11,learned,69,470.0,41,44,44,True,False,9.236748151610367e-06
11,learned,70,480.0,40,44,44,True,False,9.027287029369951e-06
11,learned,71,480.0,40,44,44,True,False,9.027287029369951e-06
11,learned,72,470.0,41,44,44,True,False,9.102941848034123e-06
11,learned,73,470.0,41,44,44,True,False,9.102941848034123e-06
11,learned,74,480.0,40,44,44,True,False,9.027287029369951e-06
11,learned,75,480.0,40,44,44,True,False,9.027287029369951e-06
11,learned,76,470.0,41,44,44,True,False,9.102941848034123e-06
11,learned,77,470.0,41,44,44,True,False,9.102941848034123e-06
11,learned,78,480.0,40,44,44,True,False,9.027287029369951e-06
11,learned,79,480.0,40,44,44,True,False,9.027287029369951e-06
11,learned,80,470.0,41,44,44,True,False,9.102941848034123e-06
11,learned,81,470.0,41,44,44,True,False,9.102941848034123e-06
11,learned,82,480.0,40,44,44,True,False,9.027287029369951e-06
11,learned,83,480.0,40,44,44,True,False,9.027287029369951e-06
11,learned,84,470.0,41,44,44,True,False,9.102941848034123e-06
11,learned,85,470.0,41,44,44,True,False,9.102941848034123e-06
11,learned,86,480.0,40,44,44,True,False,9.027287029369951e-06
11,learned,87,480.0,40,44,44,True,False,9.027287029369951e-06
11,learned,88,470.0,41,44,44,True,False,9.102941848034123e-06
11,learned,89,470.0,41,44,44,True,False,9.102941848034123e-06
11,learned,90,480.0,40,44,44,True,False,9.027287029369951e-06
11,learned,91,480.0,40,44,44,True,False,9.027287029369951e-06
11,learned,92,470.0,41,44,44,True,False,9.102941848034123e-06
11,learned,93,470.0,41,44,44,True,False,9.102941848034123e-06
11,learned,94,480.0,40,44,44,True,False,9.027287029369951e-06
11,learned,95,480.0,40,44,44,True,False,9.027287029369951e-06
11,learned,96,470.0,41,44,44,True,False,9.102941848034173e-06
11,learned,97,470.0,41,44,44,True,False,9.102941848034173e-06
11,learned,98,480.0,40,44,44,True,False,9.027287029369951e-06
11,learned,99,480.0,40,44,44,True,False,9.027287029369951e-06
11,learned,100,470.0,41,44,44,True,False,9.102941848034123e-06
12,initial,0,490.0,39,44,44,True,False,8.032395380466555e-06
12,random,0,490.0,39,44,44,True,False,8.032395380466555e-06
12,random,1,490.0,39,44,44,True,False,8.032395380466555e-06
12,random,2,480.0,40,44,44,True,False,8.052464230611541e-06
12,random,3,480.0,40,44,44,True,False,8.052464230611541e-06
12,random,4,470.0,41,44,44,True,False,8.618870044253102e-06
12,random,5,470.0,41,44,44,True,False,8.618870044253102e-06
12,random,6,470.0,41,44,44,True,False,8.618870044253102e-06
12,random,7,460.0,42,44,44,True,False,8.659853284068656e-06
12,random,8,460.0,42,44,44,True,False,8.659853284068656e-06
12,random,9,450.0,43,44,44,True,False,9.40412351420263e-06
12,random,10,450.0,43,44,44,True,False,9.40412351420263e-06
12,random,11,460.0,42,44,44,True,False,9.40149783024576e-06
12,random,12,460.0,42,44,44,True,False,9.40149783024576e-06
12,random,13,450.0,43,44,44,True,False,1.0711171814995035e-05
12,random,14,450.0,43,44,44,True,False,1.0711171814995035e-05
12,random,15,450.0,43,44,44,True,False,1.0711171814995035e-05
12,random,16,450.0,43,44,44,True,False,1.0711171814995035e-05
12,random,17,440.0,44,44,44,True,False,1.0808445956802118e-05
12,random,18,440.0,44,44,44,True,False,1.0808445956802118e-05
12,random,19,430.0,45,44,44,True,False,1.0856956652632937e-05
12,random,20,430.0,45,44,44,True,False,1.0856956652632937e-05
12,random,21,420.0,46,44,44,True,False,1.087497425629775e-05
12,random,22,420.0,46,44,44,True,False,1.087497425629775e-05
12,random,23,410.0,47,44,44,True,False,1.0987777244273938e-05
12,random,24,410.0,47,44,44,True,False,1.0987777244273938e-05
12,random,25,420.0,46,44,44,True,False,1.0263513889880478e-05
12,random,26,420.0,46,44,44,True,False,1.0263513889880478e-05
12,random,27,420.0,46,44,44,True,False,1.0263513889880478e-05
12,random,28,420.0,46,44,44,True,False,1.0263513889880478e-05
12,random,29,410.0,47,44,44,True,False,1.6217430394478968e-05
12,random,30,410.0,47,44,44,True,False,1.6217430394478968e-05
12,random,31,400.0,48,44,44,True,False,1.6224201766966107e-05
12,random,32,400.0,48,44,44,True,False,1.6224201766966107e-05
12,random,33,400.0,48,44,44,True,False,1.6224201766966107e-05
12,random,34,400.0,48,44,44,True,False,1.6224201766966107e-05
12,random,35,390.0,49,44,44,True,False,1.8591064909945703e-05
12,random,36,390.0,49,44,44,True,False,1.8591064909945703e-05
12,random,37,380.0,50,44,44,True,False,2.020838064446009e-05
12,random,38,380.0,50,44,44,True,False,2.020838064446009e-05
12,random,39,370.0,51,44,44,True,False,2.0221301965479817e-05
12,random,40,370.0,51,44,44,True,False,2.0221301965479817e-05
12,random,41,380.0,50,44,44,True,False,2.003937866597412e-05
12,random,42,380.0,50,44,44,True,False,2.003937866597412e-05
12,random,43,370.0,51,44,44,True,False,2.0778885417495703e-05
12,random,44,370.0,51,44,44,True,False,2.0778885417495703e-05
12,random,45,370.0,51,44,44,True,False,2.0778885417495703e-05
12,random,46,370.0,51,44,44,True,False,2.0778885417495703e-05
12,random,47,360.0,52,44,44,True,False,3.390925325726212e-05
12,random,48,360.0,52,44,44,True,False,3.390925325726212e-05
12,random,49,350.0,53,44,44,True,False,3.415031770778129e-05
12,random,50,350.0,53,44,44,True,False,3.415031770778129e-05
12,random,51,350.0,53,44,44,True,False,3.415031770778129e-05
12,random,52,350.0,53,44,44,True,False,3.415031770778129e-05
12,random,53,340.0,54,44,44,True,False,3.506733030576744e-05
12,random,54,340.0,54,44,44,True,False,3.506733030576744e-05
12,random,55,330.0,55,44,44,True,False,3.563233986254107e-05
12,random,56,330.0,55,44,44,True,False,3.563233986254107e-05
12,random,57,320.0,56,44,44,True,False,3.6984174928092204e-05
12,random,58,320.0,56,44,44,True,False,3.6984174928092204e-05
12,random,59,320.0,56,44,44,True,False,3.6984174928092204e-05
12,random,60,320.0,56,44,44,True,False,3.6984174928092204e-05
12,random,61,310.0,57,44,44,True,False,3.7089097562560824e-05
12,random,62,310.0,57,44,44,True,False,3.7089097562560824e-05
12,random,63,320.0,56,44,44,True,False,3.6425243949619685e-05
12,random,64,320.0,56,44,44,True,False,3.6425243949619685e-05
12,random,65,330.0,55,44,44,True,False,3.617700939490279e-05
12,random,66,330.0,55,44,44,True,False,3.617700939490279e-05
12,random,67,340.0,54,44,44,True,False,3.588245747967978e-05
12,random,68,340.0,54,44,44,True,False,3.588245747967978e-05
12,random,69,330.0,55,44,44,True,False,3.595501715730638e-05
12,random,70,330.0,55,44,44,True,False,3.595501715730638e-05
12,random,71,320.0,56,44,44,True,False,3.6409162200108776e-05
12,random,72,320.0,56,44,44,True,False,3.6409162200108776e-05
12,random,73,310.0,57,44,44,True,False,3.670174380406923e-05
12,random,74,310.0,57,44,44,True,False,3.670174380406923e-05
12,random,75,310.0,57,44,44,True,False,3.670174380406923e-05
12,random,76,310.0,57,44,44,True,False,3.670174380406923e-05
12,random,77,300.0,58,44,44,True,False,5.186951878467652e-05
12,random,78,300.0,58,44,44,True,False,5.186951878467652e-05
12,random,79,290.0,59,44,44,True,False,5.201642856357121e-05
12,random,80,290.0,59,44,44,True,False,5.201642856357121e-05
12,random,81,290.0,59,44,44,True,False,5.201642856357121e-05
12,random,82,290.0,59,44,44,True,False,5.201642856357121e-05
12,random,83,280.0,60,44,44,True,False,5.241923261178953e-05
12,random,84,280.0,60,44,44,True,False,5.241923261178953e-05
12,random,85,270.0,61,44,44,True,False,5.898471153709352e-05
12,random,86,270.0,61,44,44,True,False,5.898471153709352e-05
12,random,87,260.0,62,44,44,True,False,6.248737465857731e-05
12,random,88,260.0,62,44,44,True,False,6.248737465857731e-05
12,random,89,270.0,61,44,44,True,False,5.053672533772704e-05
12,random,90,270.0,61,44,44,True,False,5.053672533772704e-05
12,random,91,270.0,61,44,44,True,False,5.053672533772704e-05
12,random,92,270.0,61,44,44,True,False,5.053672533772704e-05
12,random,93,260.0,62,44,44,True,False,5.202805726470225e-05
12,random,94,260.0,62,44,44,True,False,5.202805726470225e-05
12,random,95,250.0,63,44,44,True,False,5.269445524476992e-05
12,random,96,250.0,63,44,44,True,False,5.269445524476992e-05
12,random,97,250.0,63,44,44,True,False,5.269445524476992e-05
12,random,98,250.0,63,44,44,True,False,5.269445524476992e-05
12,random,99,260.0,62,44,44,True,False,4.7702748385347344e-05
12,random,100,260.0,62,44,44,True,False,4.7702748385347344e-05
12,learned,0,490.0,39,44,44,True,False,8.032395380466555e-06
12,learned,1,490.0,39,44,44,True,False,8.032395380466555e-06
12,learned,2,500.0,38,44,44,True,False,6.892708821617942e-06
12,learned,3,500.0,38,44,44,True,False,6.892708821617942e-06
12,learned,4,490.0,39,44,44,True,False,8.032395380466555e-06
12,learned,5,490.0,39,44,44,True,False,8.032395380466555e-06
12,learned,6,500.0,38,44,44,True,False,6.892708821617942e-06
12,learned,7,500.0,38,44,44,True,False,6.892708821617942e-06
12,learned,8,490.0,39,44,44,True,False,8.032395380466555e-06
12,learned,9,490.0,39,44,44,True,False,8.032395380466555e-06
12,learned,10,480.0,40,44,44,True,False,8.16018299049634e-06
12,learned,11,480.0,40,44,44,True,False,8.16018299049634e-06
12,learned,12,490.0,39,44,44,True,False,6.923565302157697e-06
12,learned,13,490.0,39,44,44,True,False,6.923565302157697e-06
12,learned,14,500.0,38,44,44,True,False,6.892708821617942e-06
12,learned,15,500.0,38,44,44,True,False,6.892708821617942e-06
12,learned,16,510.0,37,44,44,True,False,6.855501155031938e-06
12,learned,17,510.0,37,44,44,True,False,6.855501155031938e-06
12,learned,18,500.0,38,44,44,True,False,9.07684702278955e-06
12,learned,19,500.0,38,44,44,True,False,9.07684702278955e-06
12,learned,20,510.0,37,44,44,True,False,6.855501155031938e-06
12,learned,21,510.0,37,44,44,True,False,6.855501155031938e-06
12,learned,22,500.0,38,44,44,True,False,7.981351662056444e-06
12,learned,23,500.0,38,44,44,True,False,7.981351662056444e-06
12,learned,24,490.0,39,44,44,True,False,9.189865104391362e-06
12,learned,25,490.0,39,44,44,True,False,9.189865104391362e-06
12,learned,26,500.0,38,44,44,True,False,9.07684702278955e-06
12,learned,27,500.0,38,44,44,True,False,9.07684702278955e-06
12,learned,28,510.0,37,44,44,True,False,6.855501155031938e-06
12,learned,29,510.0,37,44,44,True,False,6.855501155031938e-06
12,learned,30,500.0,38,44,44,True,False,7.981351662056444e-06
12,learned,31,500.0,38,44,44,True,False,7.981351662056444e-06
12,learned,32,510.0,37,44,44,True,False,6.855501155031938e-06
12,learned,33,510.0,37,44,44,True,False,6.855501155031938e-06
12,learned,34,520.0,36,44,44,True,False,6.514177610171756e-06
12,learned,35,520.0,36,44,44,True,False,6.514177610171756e-06
12,learned,36,510.0,37,44,44,True,False,8.319333515457144e-06
12,learned,37,510.0,37,44,44,True,False,8.319333515457144e-06
12,learned,38,520.0,36,44,44,True,False,6.514177610171756e-06
12,learned,39,520.0,36,44,44,True,False,6.514177610171756e-06
12,learned,40,510.0,37,44,44,True,False,6.543171850756584e-06
12,learned,41,510.0,37,44,44,True,False,6.543171850756584e-06
12,learned,42,500.0,38,44,44,True,False,8.331092521505782e-06
12,learned,43,500.0,38,44,44,True,False,8.331092521505782e-06
12,learned,44,510.0,37,44,44,True,False,6.543171850756584e-06
12,learned,45,510.0,37,44,44,True,False,6.543171850756584e-06
12,learned,46,520.0,36,44,44,True,False,6.514177610171756e-06
12,learned,47,520.0,36,44,44,True,False,6.514177610171756e-06
12,learned,48,510.0,37,44,44,True,False,8.319333515457144e-06
12,learned,49,510.0,37,44,44,True,False,8.319333515457144e-06
12,learned,50,520.0,36,44,44,True,False,6.514177610171756e-06
12,learned,51,520.0,36,44,44,True,False,6.514177610171756e-06
12,learned,52,530.0,35,44,44,True,False,6.183725228923914e-06
12,learned,53,530.0,35,44,44,True,False,6.183725228923914e-06
12,learned,54,520.0,36,44,44,True,False,6.255157242172338e-06
12,learned,55,520.0,36,44,44,True,False,6.255157242172338e-06
12,learned,56,510.0,37,44,44,True,False,8.022169099105665e-06
12,learned,57,510.0,37,44,44,True,False,8.022169099105665e-06
12,learned,58,500.0,38,44,44,True,False,8.323309978369106e-06
12,learned,59,500.0,38,44,44,True,False,8.323309978369106e-06
12,learned,60,490.0,39,44,44,True,False,8.617610286323507e-06
12,learned,61,490.0,39,44,44,True,False,8.617610286323507e-06
12,learned,62,500.0,38,44,44,True,False,7.058594338262545e-06
12,learned,63,500.0,38,44,44,True,False,7.058594338262545e-06
12,learned,64,510.0,37,44,44,True,False,6.360698781201613e-06
12,learned,65,510.0,37,44,44,True,False,6.360698781201613e-06
12,learned,66,520.0,36,44,44,True,False,6.312508507105577e-06
12,learned,67,520.0,36,44,44,True,False,6.312508507105577e-06
12,learned,68,510.0,37,44,44,True,False,6.756332804761325e-06
12,learned,69,510.0,37,44,44,True,False,6.756332804761325e-06
12,learned,70,500.0,38,44,44,True,False,7.717221074112995e-06
12,learned,71,500.0,38,44,44,True,False,7.717221074112995e-06
12,learned,72,510.0,37,44,44,True,False,6.756332804761325e-06
12,learned,73,510.0,37,44,44,True,False,6.756332804761325e-06
12,learned,74,520.0,36,44,44,True,False,6.312508507105577e-06
12,learned,75,520.0,36,44,44,True,False,6.312508507105577e-06
12,learned,76,510.0,37,44,44,True,False,6.892037019807441e-06
12,learned,77,510.0,37,44,44,True,False,6.892037019807441e-06
12,learned,78,500.0,38,44,44,True,False,1.2376393716376236e-05
12,learned,79,500.0,38,44,44,True,False,1.2376393716376236e-05
12,learned,80,490.0,39,44,44,True,False,1.3266451499318904e-05
12,learned,81,490.0,39,44,44,True,False,1.3266451499318904e-05
12,learned,82,500.0,38,44,44,True,False,1.2376393716376236e-05
12,learned,83,500.0,38,44,44,True,False,1.2376393716376236e-05
12,learned,84,510.0,37,44,44,True,False,1.2303886988905033e-05
12,learned,85,510.0,37,44,44,True,False,1.2303886988905033e-05
12,learned,86,500.0,38,44,44,True,False,1.564591647101089e-05
12,learned,87,500.0,38,44,44,True,False,1.564591647101089e-05
12,learned,88,510.0,37,44,44,True,False,1.2303886988905033e-05
12,learned,89,510.0,37,44,44,True,False,1.2303886988905033e-05
12,learned,90,500.0,38,44,44,True,False,1.310184990373049e-05
12,learned,91,500.0,38,44,44,True,False,1.310184990373049e-05
12,learned,92,510.0,37,44,44,True,False,1.2303886988905033e-05
12,learned,93,510.0,37,44,44,True,False,1.2303886988905033e-05
12,learned,94,500.0,38,44,44,True,False,1.564591647101089e-05
12,learned,95,500.0,38,44,44,True,False,1.564591647101089e-05
12,learned,96,510.0,37,44,44,True,False,1.0791073400020954e-05
12,learned,97,510.0,37,44,44,True,False,1.0791073400020954e-05
12,learned,98,520.0,36,44,44,True,False,1.0641152468835424e-05
12,learned,99,520.0,36,44,44,True,False,1.0641152468835424e-05
12,learned,100,510.0,37,44,44,True,False,1.0818938625713375e-05
13,initial,0,150.0,5,10,44,False,False,0.0
13,random,0,150.0,5,10,44,False,False,0.0
13,random,1,150.0,5,10,44,False,False,0.0
13,random,2,150.0,5,10,44,False,False,0.0
13,random,3,180.0,6,12,44,False,False,0.0
13,random,4,180.0,6,12,44,False,False,0.0
13,random,5,210.0,7,14,44,False,False,0.0
13,random,6,210.0,7,14,44,False,False,0.0
13,random,7,240.0,8,16,44,False,False,0.0
13,random,8,240.0,8,16,44,False,False,0.0
13,random,9,270.0,9,18,44,False,False,0.0
13,random,10,270.0,9,18,44,False,False,0.0
13,random,11,270.0,9,18,44,False,False,0.0
13,random,12,270.0,9,18,44,False,False,0.0
13,random,13,270.0,9,18,44,False,False,0.0
13,random,14,270.0,9,18,44,False,False,0.0
13,random,15,300.0,10,20,44,False,False,0.0
13,random,16,300.0,10,20,44,False,False,0.0
13,random,17,330.0,11,22,44,False,False,0.0
13,random,18,330.0,11,22,44,False,False,0.0
13,random,19,360.0,12,24,44,False,False,0.0
13,random,20,360.0,12,24,44,False,False,0.0
13,random,21,360.0,12,24,44,False,False,0.0
13,random,22,360.0,12,24,44,False,False,0.0
13,random,23,360.0,12,24,44,False,False,0.0
13,random,24,360.0,12,24,44,False,False,0.0
13,random,25,390.0,13,26,44,False,False,0.0
13,random,26,390.0,13,26,44,False,False,0.0
13,random,27,420.0,14,28,44,False,False,0.0
13,random,28,420.0,14,28,44,False,False,0.0
13,random,29,420.0,14,28,44,False,False,0.0
13,random,30,420.0,14,28,44,False,False,0.0
13,random,31,450.0,15,30,44,False,False,0.0
13,random,32,450.0,15,30,44,False,False,0.0
13,random,33,480.0,16,32,44,False,False,0.0
13,random,34,480.0,16,32,44,False,False,0.0
13,random,35,510.0,17,34,44,False,False,0.0
13,random,36,510.0,17,34,44,False,False,0.0
13,random,37,540.0,18,36,44,False,False,0.0
13,random,38,540.0,18,36,44,False,False,0.0
13,random,39,540.0,18,36,44,False,False,0.0
13,random,40,540.0,18,36,44,False,False,0.0
13,random,41,530.0,19,36,44,False,False,0.0
13,random,42,530.0,19,36,44,False,False,0.0
13,random,43,530.0,19,36,44,False,False,0.0
13,random,44,540.0,20,37,44,False,False,0.0
13,random,45,540.0,20,37,44,False,False,0.0
13,random,46,540.0,20,37,44,False,False,0.0
13,random,47,540.0,20,37,44,False,False,0.0
13,random,48,570.0,21,39,44,False,False,0.0
13,random,49,570.0,21,39,44,False,False,0.0
13,random,50,580.0,22,40,44,False,False,0.0
13,random,51,580.0,22,40,44,False,False,0.0
13,random,52,570.0,23,40,44,False,False,0.0
13,random,53,570.0,23,40,44,False,False,0.0
13,random,54,540.0,22,38,44,False,False,0.0
13,random,55,540.0,22,38,44,False,False,0.0
13,random,56,550.0,23,39,44,False,False,0.0
13,random,57,550.0,23,39,44,False,False,0.0
13,random,58,540.0,24,39,44,False,False,0.0
13,random,59,540.0,24,39,44,False,False,0.0
13,random,60,540.0,24,39,44,False,False,0.0
13,random,61,540.0,24,39,44,False,False,0.0
13,random,62,540.0,24,39,44,False,False,0.0
13,random,63,530.0,25,39,44,False,False,0.0
13,random,64,530.0,25,39,44,False,False,0.0
13,random,65,520.0,26,39,44,False,False,0.0
13,random,66,520.0,26,39,44,False,False,0.0
13,random,67,530.0,27,40,44,False,False,0.0
13,random,68,530.0,27,40,44,False,False,0.0
13,random,69,530.0,27,40,44,False,False,0.0
13,random,70,530.0,27,40,44,False,False,0.0
13,random,71,520.0,28,40,44,False,False,0.0
13,random,72,520.0,28,40,44,False,False,0.0
13,random,73,520.0,28,40,44,False,False,0.0
13,random,74,520.0,28,40,44,False,False,0.0
13,random,75,510.0,29,40,44,False,False,0.0
13,random,76,510.0,29,40,44,False,False,0.0
13,random,77,510.0,29,40,44,False,False,0.0
13,random,78,510.0,29,40,44,False,False,0.0
13,random,79,500.0,30,40,44,False,False,0.0
13,random,80,500.0,30,40,44,False,False,0.0
13,random,81,500.0,30,40,44,False,False,0.0
13,random,82,500.0,30,40,44,False,False,0.0
13,random,83,490.0,31,40,44,False,False,0.0
13,random,84,490.0,31,40,44,False,False,0.0
13,random,85,480.0,32,40,44,False,False,0.0
13,random,86,480.0,32,40,44,False,False,0.0
13,random,87,470.0,33,40,44,False,False,0.0
13,random,88,470.0,33,40,44,False,False,0.0
13,random,89,470.0,33,40,44,False,False,0.0
13,random,90,470.0,33,40,44,False,False,0.0
13,random,91,500.0,34,42,44,False,False,0.0
13,random,92,500.0,34,42,44,False,False,0.0
13,random,93,500.0,34,42,44,False,False,0.0
13,random,94,500.0,34,42,44,False,False,0.0
13,random,95,510.0,33,42,44,False,False,0.0
13,random,96,510.0,33,42,44,False,False,0.0
13,random,97,500.0,34,42,44,False,False,0.0
13,random,98,500.0,34,42,44,False,False,0.0
13,random,99,500.0,34,42,44,False,False,0.0
13,random,100,510.0,33,42,44,False,False,0.0
13,learned,0,150.0,5,10,44,False,False,0.0
13,learned,1,150.0,5,10,44,False,False,0.0
13,learned,2,180.0,6,12,44,False,False,0.0
13,learned,3,180.0,6,12,44,False,False,0.0
13,learned,4,210.0,7,14,44,False,False,0.0
13,learned,5,210.0,7,14,44,False,False,0.0
13,learned,6,240.0,8,16,44,False,False,0.0
13,learned,7,240.0,8,16,44,False,False,0.0
13,learned,8,210.0,7,14,44,False,False,0.0
13,learned,9,210.0,7,14,44,False,False,0.0
13,learned,10,240.0,8,16,44,False,False,0.0
13,learned,11,240.0,8,16,44,False,False,0.0
13,learned,12,270.0,9,18,44,False,False,0.0
13,learned,13,270.0,9,18,44,False,False,0.0
13,learned,14,300.0,10,20,44,False,False,0.0
13,learned,15,300.0,10,20,44,False,False,0.0
13,learned,16,330.0,11,22,44,False,False,0.0
13,learned,17,330.0,11,22,44,False,False,0.0
13,learned,18,360.0,12,24,44,False,False,0.0
13,learned,19,360.0,12,24,44,False,False,0.0
13,learned,20,390.0,13,26,44,False,False,0.0
13,learned,21,390.0,13,26,44,False,False,0.0
13,learned,22,420.0,14,28,44,False,False,0.0
13,learned,23,420.0,14,28,44,False,False,0.0
13,learned,24,450.0,15,30,44,False,False,0.0
13,learned,25,450.0,15,30,44,False,False,0.0
13,learned,26,440.0,16,30,44,False,False,0.0
13,learned,27,440.0,16,30,44,False,False,0.0
13,learned,28,430.0,17,30,44,False,False,0.0
13,learned,29,430.0,17,30,44,False,False,0.0
13,learned,30,460.0,18,32,44,False,False,0.0
13,learned,31,460.0,18,32,44,False,False,0.0
13,learned,32,430.0,17,30,44,False,False,0.0
13,learned,33,430.0,17,30,44,False,False,0.0
13,learned,34,460.0,18,32,44,False,False,0.0
13,learned,35,460.0,18,32,44,False,False,0.0
13,learned,36,430.0,17,30,44,False,False,0.0
13,learned,37,430.0,17,30,44,False,False,0.0
13,learned,38,460.0,18,32,44,False,False,0.0
13,learned,39,460.0,18,32,44,False,False,0.0
13,learned,40,450.0,19,32,44,False,False,0.0
13,learned,41,450.0,19,32,44,False,False,0.0
13,learned,42,460.0,18,32,44,False,False,0.0
13,learned,43,460.0,18,32,44,False,False,0.0
13,learned,44,430.0,17,30,44,False,False,0.0
13,learned,45,430.0,17,30,44,False,False,0.0
13,learned,46,460.0,18,32,44,False,False,0.0
13,learned,47,460.0,18,32,44,False,False,0.0
13,learned,48,430.0,17,30,44,False,False,0.0
13,learned,49,430.0,17,30,44,False,False,0.0
13,learned,50,440.0,16,30,44,False,False,0.0
13,learned,51,440.0,16,30,44,False,False,0.0
13,learned,52,450.0,15,30,44,False,False,0.0
13,learned,53,450.0,15,30,44,False,False,0.0
13,learned,54,460.0,16,31,44,False,False,0.0
13,learned,55,460.0,16,31,44,False,False,0.0
13,learned,56,430.0,15,29,44,False,False,0.0
13,learned,57,430.0,15,29,44,False,False,0.0
13,learned,58,460.0,16,31,44,False,False,0.0
13,learned,59,460.0,16,31,44,False,False,0.0
13,learned,60,430.0,15,29,44,False,False,0.0
13,learned,61,430.0,15,29,44,False,False,0.0
13,learned,62,460.0,16,31,44,False,False,0.0
13,learned,63,460.0,16,31,44,False,False,0.0
13,learned,64,430.0,15,29,44,False,False,0.0
13,learned,65,430.0,15,29,44,False,False,0.0
13,learned,66,440.0,16,30,44,False,False,0.0
13,learned,67,440.0,16,30,44,False,False,0.0
13,learned,68,430.0,15,29,44,False,False,0.0
13,learned,69,430.0,15,29,44,False,False,0.0
13,learned,70,420.0,14,28,44,False,False,0.0
13,learned,71,420.0,14,28,44,False,False,0.0
13,learned,72,450.0,15,30,44,False,False,0.0
13,learned,73,450.0,15,30,44,False,False,0.0
13,learned,74,480.0,16,32,44,False,False,0.0
13,learned,75,480.0,16,32,44,False,False,0.0
13,learned,76,510.0,17,34,44,False,False,0.0
13,learned,77,510.0,17,34,44,False,False,0.0
13,learned,78,540.0,18,36,44,False,False,0.0
13,learned,79,540.0,18,36,44,False,False,0.0
13,learned,80,570.0,19,38,44,False,False,0.0
13,learned,81,570.0,19,38,44,False,False,0.0
13,learned,82,600.0,20,40,44,False,False,0.0
13,learned,83,600.0,20,40,44,False,False,0.0
13,learned,84,630.0,21,42,44,False,False,0.0
13,learned,85,630.0,21,42,44,False,False,0.0
13,learned,86,620.0,22,42,44,False,False,0.0
13,learned,87,620.0,22,42,44,False,False,0.0
13,learned,88,610.0,21,41,44,False,False,0.0
13,learned,89,610.0,21,41,44,False,False,0.0
13,learned,90,580.0,20,39,44,False,False,0.0
13,learned,91,580.0,20,39,44,False,False,0.0
13,learned,92,610.0,21,41,44,False,False,0.0
13,learned,93,610.0,21,41,44,False,False,0.0
13,learned,94,620.0,22,42,44,False,False,0.0
13,learned,95,620.0,22,42,44,False,False,0.0
13,learned,96,610.0,23,42,44,False,False,0.0
13,learned,97,610.0,23,42,44,False,False,0.0
13,learned,98,620.0,22,42,44,False,False,0.0
13,learned,99,620.0,22,42,44,False,False,0.0
13,learned,100,610.0,23,42,44,False,False,0.0
14,initial,0,300.0,58,44,44,True,False,1.552895902429001e-05
14,random,0,300.0,58,44,44,True,False,1.552895902429001e-05
14,random,1,300.0,58,44,44,True,False,1.552895902429001e-05
14,random,2,300.0,58,44,44,True,False,1.552895902429001e-05
14,random,3,300.0,58,44,44,True,False,1.552895902429001e-05
14,random,4,290.0,59,44,44,True,False,3.025199117717584e-05
14,random,5,290.0,59,44,44,True,False,3.025199117717584e-05
14,random,6,280.0,60,44,44,True,False,3.029224066164406e-05
14,random,7,280.0,60,44,44,True,False,3.029224066164406e-05
14,random,8,290.0,59,44,44,True,False,3.0060651401956826e-05
14,random,9,290.0,59,44,44,True,False,3.0060651401956826e-05
14,random,10,280.0,60,44,44,True,False,3.083098727210805e-05
14,random,11,280.0,60,44,44,True,False,3.083098727210805e-05
14,random,12,270.0,61,44,44,True,False,4.4123728701586415e-05
14,random,13,270.0,61,44,44,True,False,4.4123728701586415e-05
14,random,14,260.0,62,44,44,True,False,5.274382616829554e-05
14,random,15,260.0,62,44,44,True,False,5.274382616829554e-05
14,random,16,250.0,63,44,44,True,False,5.441695774300047e-05
14,random,17,250.0,63,44,44,True,False,5.441695774300047e-05
14,random,18,240.0,64,44,44,True,False,5.445515088117413e-05
14,random,19,240.0,64,44,44,True,False,5.445515088117413e-05
14,random,20,250.0,63,44,44,True,False,5.435646952016802e-05
14,random,21,250.0,63,44,44,True,False,5.435646952016802e-05
14,random,22,240.0,64,44,44,True,False,5.44441464180589e-05
14,random,23,240.0,64,44,44,True,False,5.44441464180589e-05
14,random,24,230.0,65,44,44,True,False,5.5062054868831926e-05
14,random,25,230.0,65,44,44,True,False,5.5062054868831926e-05
14,random,26,240.0,64,44,44,True,False,4.2047700234629306e-05
14,random,27,240.0,64,44,44,True,False,4.2047700234629306e-05
14,random,28,230.0,65,44,44,True,False,4.239207272712228e-05
14,random,29,230.0,65,44,44,True,False,4.239207272712228e-05
14,random,30,230.0,65,44,44,True,False,4.239207272712228e-05
14,random,31,230.0,65,44,44,True,False,4.239207272712228e-05
14,random,32,220.0,66,44,44,True,False,4.258050512444317e-05
14,random,33,220.0,66,44,44,True,False,4.258050512444317e-05
14,random,34,210.0,67,44,44,True,False,4.265574206187672e-05
14,random,35,210.0,67,44,44,True,False,4.265574206187672e-05
14,random,36,210.0,67,44,44,True,False,4.265574206187672e-05
14,random,37,210.0,67,44,44,True,False,4.265574206187672e-05
14,random,38,200.0,68,44,44,True,False,4.646068304417763e-05
14,random,39,200.0,68,44,44,True,False,4.646068304417763e-05
14,random,40,190.0,69,44,44,True,False,4.680661219615218e-05
14,random,41,190.0,69,44,44,True,False,4.680661219615218e-05
14,random,42,180.0,70,44,44,True,False,4.7002908455468656e-05
14,random,43,180.0,70,44,44,True,False,4.7002908455468656e-05
14,random,44,180.0,70,44,44,True,False,4.7002908455468656e-05
14,random,45,170.0,71,44,44,True,False,4.816275062961722e-05
14,random,46,170.0,71,44,44,True,False,4.816275062961722e-05
14,random,47,160.0,72,44,44,True,False,4.868658183367363e-05
14,random,48,160.0,72,44,44,True,False,4.868658183367363e-05
14,random,49,150.0,73,44,44,True,False,4.8748841823419094e-05
14,random,50,150.0,73,44,44,True,False,4.8748841823419094e-05
14,random,51,140.0,74,44,44,True,False,5.988218945065772e-05
14,random,52,140.0,74,44,44,True,False,5.988218945065772e-05
14,random,53,130.0,75,44,44,True,False,5.9971419030780024e-05
14,random,54,130.0,75,44,44,True,False,5.9971419030780024e-05
14,random,55,130.0,75,44,44,True,False,5.9971419030780024e-05
14,random,56,130.0,75,44,44,True,False,5.9971419030780024e-05
14,random,57,120.0,76,44,44,True,False,6.018994012295986e-05
14,random,58,120.0,76,44,44,True,False,6.018994012295986e-05
14,random,59,110.0,77,44,44,True,False,6.0548075235838396e-05
14,random,60,110.0,77,44,44,True,False,6.0548075235838396e-05
14,random,61,120.0,76,44,44,True,False,6.008533609308592e-05
14,random,62,120.0,76,44,44,True,False,6.008533609308592e-05
14,random,63,110.0,77,44,44,True,False,6.768680108003449e-05
14,random,64,110.0,77,44,44,True,False,6.768680108003449e-05
14,random,65,100.0,78,44,44,True,False,6.838418484542534e-05
14,random,66,100.0,78,44,44,True,False,6.838418484542534e-05
14,random,67,110.0,77,44,44,True,False,6.800972664942218e-05
14,random,68,110.0,77,44,44,True,False,6.800972664942218e-05
14,random,69,100.0,78,44,44,True,False,6.875598348730249e-05
14,random,70,100.0,78,44,44,True,False,6.875598348730249e-05
14,random,71,100.0,78,44,44,True,False,6.875598348730249e-05
14,random,72,90.0,79,44,44,True,False,6.979403104254644e-05
14,random,73,90.0,79,44,44,True,False,6.979403104254644e-05
14,random,74,90.0,79,44,44,True,False,6.979403104254644e-05
14,random,75,90.0,79,44,44,True,False,6.979403104254644e-05
14,random,76,80.0,80,44,44,True,False,7.011284866131342e-05
14,random,77,80.0,80,44,44,True,False,7.011284866131342e-05
14,random,78,70.0,81,44,44,True,False,7.029163103190214e-05
14,random,79,70.0,81,44,44,True,False,7.029163103190214e-05
14,random,80,60.0,82,44,44,True,False,8.157654087063775e-05
14,random,81,60.0,82,44,44,True,False,8.157654087063775e-05
14,random,82,50.0,83,44,44,True,False,8.962574271144775e-05
14,random,83,50.0,83,44,44,True,False,8.962574271144775e-05
14,random,84,40.0,84,44,44,True,False,8.986694598009043e-05
14,random,85,40.0,84,44,44,True,False,8.986694598009043e-05
14,random,86,30.0,85,44,44,True,False,9.02517056686786e-05
14,random,87,30.0,85,44,44,True,False,9.02517056686786e-05
14,random,88,20.0,86,44,44,True,False,9.03318429198175e-05
14,random,89,20.0,86,44,44,True,False,9.03318429198175e-05
14,random,90,10.0,87,44,44,True,False,9.036662326151721e-05
14,random,91,10.0,87,44,44,True,False,9.036662326151721e-05
14,random,92,10.0,87,44,44,True,False,9.036662326151721e-05
14,random,93,10.0,87,44,44,True,False,9.036662326151721e-05
14,random,94,20.0,86,44,44,True,False,8.719799595916225e-05
14,random,95,20.0,86,44,44,True,False,8.719799595916225e-05
14,random,96,10.0,87,44,44,True,False,8.835877801421029e-05
14,random,97,10.0,87,44,44,True,False,8.835877801421029e-05
14,random,98,20.0,86,44,44,True,False,8.459300692964086e-05
14,random,99,20.0,86,44,44,True,False,8.459300692964086e-05
14,random,100,10.0,87,44,44,True,False,8.686908622079874e-05
14,learned,0,300.0,58,44,44,True,False,1.552895902429001e-05
14,learned,1,300.0,58,44,44,True,False,1.552895902429001e-05
14,learned,2,290.0,59,44,44,True,False,1.60317261912631e-05
14,learned,3,290.0,59,44,44,True,False,1.60317261912631e-05
14,learned,4,300.0,58,44,44,True,False,1.552895902429001e-05
14,learned,5,300.0,58,44,44,True,False,1.552895902429001e-05
14,learned,6,290.0,59,44,44,True,False,1.60317261912631e-05
14,learned,7,290.0,59,44,44,True,False,1.60317261912631e-05
14,learned,8,300.0,58,44,44,True,False,1.552895902429001e-05
14,learned,9,300.0,58,44,44,True,False,1.552895902429001e-05
14,learned,10,290.0,59,44,44,True,False,1.60317261912631e-05
14,learned,11,290.0,59,44,44,True,False,1.60317261912631e-05
14,learned,12,300.0,58,44,44,True,False,1.552895902429001e-05
14,learned,13,300.0,58,44,44,True,False,1.552895902429001e-05
14,learned,14,290.0,59,44,44,True,False,1.60317261912631e-05
14,learned,15,290.0,59,44,44,True,False,1.60317261912631e-05
14,learned,16,300.0,58,44,44,True,False,1.552895902429001e-05
14,learned,17,300.0,58,44,44,True,False,1.552895902429001e-05
14,learned,18,290.0,59,44,44,True,False,1.60317261912631e-05
14,learned,19,290.0,59,44,44,True,False,1.60317261912631e-05
14,learned,20,300.0,58,44,44,True,False,1.552895902429001e-05
14,learned,21,300.0,58,44,44,True,False,1.552895902429001e-05
14,learned,22,290.0,59,44,44,True,False,1.60317261912631e-05
14,learned,23,290.0,59,44,44,True,False,1.60317261912631e-05
14,learned,24,300.0,58,44,44,True,False,1.552895902429001e-05
14,learned,25,300.0,58,44,44,True,False,1.552895902429001e-05
14,learned,26,290.0,59,44,44,True,False,1.60317261912631e-05
14,learned,27,290.0,59,44,44,True,False,1.60317261912631e-05
14,learned,28,300.0,58,44,44,True,False,1.552895902429001e-05
14,learned,29,300.0,58,44,44,True,False,1.552895902429001e-05
14,learned,30,290.0,59,44,44,True,False,1.60317261912631e-05
14,learned,31,290.0,59,44,44,True,False,1.60317261912631e-05
14,learned,32,300.0,58,44,44,True,False,1.552895902429001e-05
14,learned,33,300.0,58,44,44,True,False,1.552895902429001e-05
14,learned,34,290.0,59,44,44,True,False,1.60317261912631e-05
14,learned,35,290.0,59,44,44,True,False,1.60317261912631e-05
14,learned,36,300.0,58,44,44,True,False,1.552895902429001e-05
14,learned,37,300.0,58,44,44,True,False,1.552895902429001e-05
14,learned,38,290.0,59,44,44,True,False,1.60317261912631e-05
14,learned,39,290.0,59,44,44,True,False,1.60317261912631e-05
14,learned,40,300.0,58,44,44,True,False,1.552895902429001e-05
14,learned,41,300.0,58,44,44,True,False,1.552895902429001e-05
14,learned,42,290.0,59,44,44,True,False,1.60317261912631e-05
14,learned,43,290.0,59,44,44,True,False,1.60317261912631e-05
14,learned,44,300.0,58,44,44,True,False,1.552895902429001e-05
14,learned,45,300.0,58,44,44,True,False,1.552895902429001e-05
14,learned,46,290.0,59,44,44,True,False,1.60317261912631e-05
14,learned,47,290.0,59,44,44,True,False,1.60317261912631e-05
14,learned,48,300.0,58,44,44,True,False,1.552895902429001e-05
14,learned,49,300.0,58,44,44,True,False,1.552895902429001e-05
14,learned,50,290.0,59,44,44,True,False,1.60317261912631e-05
14,learned,51,290.0,59,44,44,True,False,1.60317261912631e-05
14,learned,52,300.0,58,44,44,True,False,1.552895902429001e-05
14,learned,53,300.0,58,44,44,True,False,1.552895902429001e-05
14,learned,54,290.0,59,44,44,True,False,1.60317261912631e-05
14,learned,55,290.0,59,44,44,True,False,1.60317261912631e-05
14,learned,56,300.0,58,44,44,True,False,1.552895902429001e-05
14,learned,57,300.0,58,44,44,True,False,1.552895902429001e-05
14,learned,58,290.0,59,44,44,True,False,1.60317261912631e-05
14,learned,59,290.0,59,44,44,True,False,1.60317261912631e-05
14,learned,60,300.0,58,44,44,True,False,1.552895902429001e-05
14,learned,61,300.0,58,44,44,True,False,1.552895902429001e-05
14,learned,62,290.0,59,44,44,True,False,1.60317261912631e-05
14,learned,63,290.0,59,44,44,True,False,1.60317261912631e-05
14,learned,64,300.0,58,44,44,True,False,1.552895902429001e-05
14,learned,65,300.0,58,44,44,True,False,1.552895902429001e-05
14,learned,66,290.0,59,44,44,True,False,1.60317261912631e-05
14,learned,67,290.0,59,44,44,True,False,1.60317261912631e-05
14,learned,68,300.0,58,44,44,True,False,1.552895902429001e-05
14,learned,69,300.0,58,44,44,True,False,1.552895902429001e-05
14,learned,70,290.0,59,44,44,True,False,1.60317261912631e-05
14,learned,71,290.0,59,44,44,True,False,1.60317261912631e-05
14,learned,72,300.0,58,44,44,True,False,1.552895902429001e-05
14,learned,73,300.0,58,44,44,True,False,1.552895902429001e-05
14,learned,74,290.0,59,44,44,True,False,1.60317261912631e-05
14,learned,75,290.0,59,44,44,True,False,1.60317261912631e-05
14,learned,76,300.0,58,44,44,True,False,1.552895902429001e-05
14,learned,77,300.0,58,44,44,True,False,1.552895902429001e-05
14,learned,78,290.0,59,44,44,True,False,1.60317261912631e-05
14,learned,79,290.0,59,44,44,True,False,1.60317261912631e-05
14,learned,80,300.0,58,44,44,True,False,1.552895902429001e-05
14,learned,81,300.0,58,44,44,True,False,1.552895902429001e-05
14,learned,82,290.0,59,44,44,True,False,1.60317261912631e-05
14,learned,83,290.0,59,44,44,True,False,1.60317261912631e-05
14,learned,84,300.0,58,44,44,True,False,1.552895902429001e-05
14,learned,85,300.0,58,44,44,True,False,1.552895902429001e-05
14,learned,86,290.0,59,44,44,True,False,1.60317261912631e-05
14,learned,87,290.0,59,44,44,True,False,1.60317261912631e-05
14,learned,88,300.0,58,44,44,True,False,1.552895902429001e-05
14,learned,89,300.0,58,44,44,True,False,1.552895902429001e-05
14,learned,90,290.0,59,44,44,True,False,1.60317261912631e-05
14,learned,91,290.0,59,44,44,True,False,1.60317261912631e-05
14,learned,92,300.0,58,44,44,True,False,1.552895902429001e-05
14,learned,93,300.0,58,44,44,True,False,1.552895902429001e-05
14,learned,94,290.0,59,44,44,True,False,1.60317261912631e-05
14,learned,95,290.0,59,44,44,True,False,1.60317261912631e-05
14,learned,96,300.0,58,44,44,True,False,1.552895902429001e-05
14,learned,97,300.0,58,44,44,True,False,1.552895902429001e-05
14,learned,98,290.0,59,44,44,True,False,1.60317261912631e-05
14,learned,99,290.0,59,44,44,True,False,1.60317261912631e-05
14,learned,100,300.0,58,44,44,True,False,1.552895902429001e-05
15,initial,0,100.0,78,44,44,True,False,9.641723827127918e-05
15,random,0,100.0,78,44,44,True,False,9.641723827127918e-05
15,random,1,100.0,78,44,44,True,False,9.641723827127918e-05
15,random,2,90.0,79,44,44,True,False,9.717976804077867e-05
15,random,3,90.0,79,44,44,True,False,9.717976804077867e-05
15,random,4,80.0,80,44,44,True,False,9.754498840710765e-05
15,random,5,80.0,80,44,44,True,False,9.754498840710765e-05
15,random,6,70.0,81,44,44,True,False,9.899013911594757e-05
15,random,7,70.0,81,44,44,True,False,9.899013911594757e-05
15,random,8,70.0,81,44,44,True,False,9.899013911594757e-05
15,random,9,80.0,80,44,44,True,False,9.886154922723234e-05
15,random,10,80.0,80,44,44,True,False,9.886154922723234e-05
15,random,11,70.0,81,44,44,True,False,0.00010073686980204684
15,random,12,70.0,81,44,44,True,False,0.00010073686980204684
15,random,13,60.0,82,44,44,True,False,0.0001102586456323685
15,random,14,60.0,82,44,44,True,False,0.0001102586456323685
15,random,15,50.0,83,44,44,True,False,0.00011673104802338277
15,random,16,50.0,83,44,44,True,False,0.00011673104802338277
15,random,17,60.0,82,44,44,True,False,0.00011476121914295277
15,random,18,60.0,82,44,44,True,False,0.00011476121914295277
15,random,19,70.0,81,44,44,True,False,0.00011465703040773317
15,random,20,70.0,81,44,44,True,False,0.00011465703040773317
15,random,21,70.0,81,44,44,True,False,0.00011465703040773317
15,random,22,70.0,81,44,44,True,False,0.00011465703040773317
15,random,23,60.0,82,44,44,True,False,0.00012033086637486696
15,random,24,60.0,82,44,44,True,False,0.00012033086637486696
15,random,25,50.0,83,44,44,True,False,0.00012101275287347934
15,random,26,50.0,83,44,44,True,False,0.00012101275287347934
15,random,27,50.0,83,44,44,True,False,0.00012101275287347934
15,random,28,60.0,82,44,44,True,False,0.00012032262416906496
15,random,29,60.0,82,44,44,True,False,0.00012032262416906496
15,random,30,70.0,81,44,44,True,False,0.00011768396861335279
15,random,31,70.0,81,44,44,True,False,0.00011768396861335279
15,random,32,80.0,80,44,44,True,False,0.00011673724127288789
15,random,33,80.0,80,44,44,True,False,0.00011673724127288789
15,random,34,80.0,80,44,44,True,False,0.00011673724127288789
15,random,35,80.0,80,44,44,True,False,0.00011673724127288789
15,random,36,70.0,81,44,44,True,False,0.00011807844246373118
15,random,37,70.0,81,44,44,True,False,0.00011807844246373118
15,random,38,60.0,82,44,44,True,False,0.00011863443652678336
15,random,39,60.0,82,44,44,True,False,0.00011863443652678336
15,random,40,70.0,81,44,44,True,False,0.00011789893362337128
15,random,41,70.0,81,44,44,True,False,0.00011789893362337128
15,random,42,60.0,82,44,44,True,False,0.00011835254662189931
15,random,43,60.0,82,44,44,True,False,0.00011835254662189931
15,random,44,70.0,81,44,44,True,False,0.00010754726749778677
15,random,45,70.0,81,44,44,True,False,0.00010754726749778677
15,random,46,80.0,80,44,44,True,False,0.00010455944560685541
15,random,47,80.0,80,44,44,True,False,0.00010455944560685541
15,random,48,90.0,79,44,44,True,False,0.00010315292933159535
15,random,49,90.0,79,44,44,True,False,0.00010315292933159535
15,random,50,80.0,80,44,44,True,False,0.00010351797101655199
15,random,51,80.0,80,44,44,True,False,0.00010351797101655199
15,random,52,70.0,81,44,44,True,False,0.00010372162321546366
15,random,53,70.0,81,44,44,True,False,0.00010372162321546366
15,random,54,80.0,80,44,44,True,False,0.00010343904335199234
15,random,55,80.0,80,44,44,True,False,0.00010343904335199234
15,random,56,70.0,81,44,44,True,False,0.00010364756231517167
15,random,57,70.0,81,44,44,True,False,0.00010364756231517167
15,random,58,80.0,80,44,44,True,False,0.000102881086270675
15,random,59,80.0,80,44,44,True,False,0.000102881086270675
15,random,60,90.0,79,44,44,True,False,0.00010186019905837007
15,random,61,90.0,79,44,44,True,False,0.00010186019905837007
15,random,62,100.0,78,44,44,True,False,0.00010179939236627065
15,random,63,100.0,78,44,44,True,False,0.00010179939236627065
15,random,64,110.0,77,44,44,True,False,0.00010054226271804843
15,random,65,110.0,77,44,44,True,False,0.00010054226271804843
15,random,66,100.0,78,44,44,True,False,0.00010082182065831481
15,random,67,100.0,78,44,44,True,False,0.00010082182065831481
15,random,68,110.0,77,44,44,True,False,9.986537284518197e-05
15,random,69,110.0,77,44,44,True,False,9.986537284518197e-05
15,random,70,100.0,78,44,44,True,False,0.000101180697386749
15,random,71,100.0,78,44,44,True,False,0.000101180697386749
15,random,72,90.0,79,44,44,True,False,0.00010431300543749459
15,random,73,90.0,79,44,44,True,False,0.00010431300543749459
15,random,74,80.0,80,44,44,True,False,0.00010448371386966222
15,random,75,80.0,80,44,44,True,False,0.00010448371386966222
15,random,76,90.0,79,44,44,True,False,0.0001044307846269267
15,random,77,90.0,79,44,44,True,False,0.0001044307846269267
15,random,78,80.0,80,44,44,True,False,0.00010466439883169429
15,random,79,80.0,80,44,44,True,False,0.00010466439883169429
15,random,80,70.0,81,44,44,True,False,0.00010515207720886293
15,random,81,70.0,81,44,44,True,False,0.00010515207720886293
15,random,82,70.0,81,44,44,True,False,0.00010515207720886293
15,random,83,70.0,81,44,44,True,False,0.00010515207720886293
15,random,84,60.0,82,44,44,True,False,0.00011315684758698293
15,random,85,60.0,82,44,44,True,False,0.00011315684758698293
15,random,86,50.0,83,44,44,True,False,0.00011437967544058329
15,random,87,50.0,83,44,44,True,False,0.00011437967544058329
15,random,88,40.0,84,44,44,True,False,0.00011541341208578698
15,random,89,40.0,84,44,44,True,False,0.00011541341208578698
15,random,90,30.0,85,44,44,True,False,0.00011560263444752998
15,random,91,30.0,85,44,44,True,False,0.00011560263444752998
15,random,92,20.0,86,44,44,True,False,0.00011739090135185119
15,random,93,20.0,86,44,44,True,False,0.00011739090135185119
15,random,94,10.0,87,44,44,True,False,0.00012019889858516627
15,random,95,10.0,87,44,44,True,False,0.00012019889858516627
15,random,96,0.0,88,44,44,True,False,0.00012021322427674513
15,random,97,0.0,88,44,44,True,False,0.00012021322427674513
15,random,98,-10.0,89,44,44,True,False,0.00012023538921231585
15,random,99,-10.0,89,44,44,True,False,0.00012023538921231585
15,random,100,-10.0,89,44,44,True,False,0.00012023538921231585
15,learned,0,100.0,78,44,44,True,False,9.641723827127918e-05
15,learned,1,100.0,78,44,44,True,False,9.641723827127918e-05
15,learned,2,90.0,79,44,44,True,False,9.646212462069384e-05
15,learned,3,90.0,79,44,44,True,False,9.646212462069384e-05
15,learned,4,100.0,78,44,44,True,False,9.641723827127918e-05
15,learned,5,100.0,78,44,44,True,False,9.641723827127918e-05
15,learned,6,110.0,77,44,44,True,False,9.603399288451653e-05
15,learned,7,110.0,77,44,44,True,False,9.603399288451653e-05
15,learned,8,120.0,76,44,44,True,False,9.55506144845118e-05
15,learned,9,120.0,76,44,44,True,False,9.55506144845118e-05
15,learned,10,130.0,75,44,44,True,False,9.541871004247089e-05
15,learned,11,130.0,75,44,44,True,False,9.541871004247089e-05
15,learned,12,140.0,74,44,44,True,False,9.405471271159093e-05
15,learned,13,140.0,74,44,44,True,False,9.405471271159093e-05
15,learned,14,150.0,73,44,44,True,False,9.322917411073071e-05
15,learned,15,150.0,73,44,44,True,False,9.322917411073071e-05
15,learned,16,140.0,74,44,44,True,False,9.940302592597996e-05
15,learned,17,140.0,74,44,44,True,False,9.940302592597996e-05
15,learned,18,150.0,73,44,44,True,False,9.385483191565767e-05
15,learned,19,150.0,73,44,44,True,False,9.385483191565767e-05
15,learned,20,140.0,74,44,44,True,False,9.43261637111195e-05
15,learned,21,140.0,74,44,44,True,False,9.43261637111195e-05
15,learned,22,150.0,73,44,44,True,False,9.335345685714051e-05
15,learned,23,150.0,73,44,44,True,False,9.335345685714051e-05
15,learned,24,160.0,72,44,44,True,False,9.264637374506674e-05
15,learned,25,160.0,72,44,44,True,False,9.264637374506674e-05
15,learned,26,170.0,71,44,44,True,False,9.245409352821049e-05
15,learned,27,170.0,71,44,44,True,False,9.245409352821049e-05
15,learned,28,160.0,72,44,44,True,False,9.374470841321218e-05
15,learned,29,160.0,72,44,44,True,False,9.374470841321218e-05
15,learned,30,150.0,73,44,44,True,False,9.435323351623414e-05
15,learned,31,150.0,73,44,44,True,False,9.435323351623414e-05
15,learned,32,160.0,72,44,44,True,False,9.326808136719575e-05
15,learned,33,160.0,72,44,44,True,False,9.326808136719575e-05
15,learned,34,150.0,73,44,44,True,False,9.327611149772687e-05
15,learned,35,150.0,73,44,44,True,False,9.327611149772687e-05
15,learned,36,160.0,72,44,44,True,False,9.326808136719575e-05
15,learned,37,160.0,72,44,44,True,False,9.326808136719575e-05
15,learned,38,150.0,73,44,44,True,False,9.354344152914381e-05
15,learned,39,150.0,73,44,44,True,False,9.354344152914381e-05
15,learned,40,160.0,72,44,44,True,False,9.326808136719575e-05
15,learned,41,160.0,72,44,44,True,False,9.326808136719575e-05
15,learned,42,150.0,73,44,44,True,False,9.50441656796507e-05
15,learned,43,150.0,73,44,44,True,False,9.50441656796507e-05
15,learned,44,140.0,74,44,44,True,False,9.508236174420327e-05
15,learned,45,140.0,74,44,44,True,False,9.508236174420327e-05
15,learned,46,150.0,73,44,44,True,False,9.50441656796507e-05
15,learned,47,150.0,73,44,44,True,False,9.50441656796507e-05
15,learned,48,140.0,74,44,44,True,False,9.508236174420327e-05
15,learned,49,140.0,74,44,44,True,False,9.508236174420327e-05
15,learned,50,150.0,73,44,44,True,False,9.50441656796507e-05
15,learned,51,150.0,73,44,44,True,False,9.50441656796507e-05
15,learned,52,140.0,74,44,44,True,False,9.551200437203835e-05
15,learned,53,140.0,74,44,44,True,False,9.551200437203835e-05
15,learned,54,150.0,73,44,44,True,False,9.50441656796507e-05
15,learned,55,150.0,73,44,44,True,False,9.50441656796507e-05
15,learned,56,140.0,74,44,44,True,False,9.551200437203835e-05
15,learned,57,140.0,74,44,44,True,False,9.551200437203835e-05
15,learned,58,150.0,73,44,44,True,False,9.391439564026679e-05
15,learned,59,150.0,73,44,44,True,False,9.391439564026679e-05
15,learned,60,160.0,72,44,44,True,False,9.326808136719575e-05
15,learned,61,160.0,72,44,44,True,False,9.326808136719575e-05
15,learned,62,150.0,73,44,44,True,False,9.391439564026679e-05
15,learned,63,150.0,73,44,44,True,False,9.391439564026679e-05
15,learned,64,140.0,74,44,44,True,False,9.451040773639199e-05
15,learned,65,140.0,74,44,44,True,False,9.451040773639199e-05
15,learned,66,150.0,73,44,44,True,False,9.391439564026679e-05
15,learned,67,150.0,73,44,44,True,False,9.391439564026679e-05
15,learned,68,140.0,74,44,44,True,False,9.503540156390661e-05
15,learned,69,140.0,74,44,44,True,False,9.503540156390661e-05
15,learned,70,130.0,75,44,44,True,False,9.676281828573917e-05
15,learned,71,130.0,75,44,44,True,False,9.676281828573917e-05
15,learned,72,140.0,74,44,44,True,False,9.503540156390661e-05
15,learned,73,140.0,74,44,44,True,False,9.503540156390661e-05
15,learned,74,150.0,73,44,44,True,False,9.391439564026679e-05
15,learned,75,150.0,73,44,44,True,False,9.391439564026679e-05
15,learned,76,160.0,72,44,44,True,False,9.326808136719575e-05
15,learned,77,160.0,72,44,44,True,False,9.326808136719575e-05
15,learned,78,170.0,71,44,44,True,False,8.836795969178114e-05
15,learned,79,170.0,71,44,44,True,False,8.836795969178114e-05
15,learned,80,180.0,70,44,44,True,False,8.484636202184395e-05
15,learned,81,180.0,70,44,44,True,False,8.484636202184395e-05
15,learned,82,190.0,69,44,44,True,False,8.455784116763833e-05
15,learned,83,190.0,69,44,44,True,False,8.455784116763833e-05
15,learned,84,180.0,70,44,44,True,False,8.508951673012296e-05
15,learned,85,180.0,70,44,44,True,False,8.508951673012296e-05
15,learned,86,190.0,69,44,44,True,False,8.455784116763833e-05
15,learned,87,190.0,69,44,44,True,False,8.455784116763833e-05
15,learned,88,180.0,70,44,44,True,False,8.495009857934417e-05
15,learned,89,180.0,70,44,44,True,False,8.495009857934417e-05
15,learned,90,190.0,69,44,44,True,False,8.455784116763833e-05
15,learned,91,190.0,69,44,44,True,False,8.455784116763833e-05
15,learned,92,180.0,70,44,44,True,False,8.51244315857827e-05
15,learned,93,180.0,70,44,44,True,False,8.51244315857827e-05
15,learned,94,170.0,71,44,44,True,False,8.71876080760655e-05
15,learned,95,170.0,71,44,44,True,False,8.71876080760655e-05
15,learned,96,160.0,72,44,44,True,False,8.7415937769849e-05
15,learned,97,160.0,72,44,44,True,False,8.7415937769849e-05
15,learned,98,170.0,71,44,44,True,False,8.71876080760655e-05
15,learned,99,170.0,71,44,44,True,False,8.71876080760655e-05
15,learned,100,160.0,72,44,44,True,False,8.773453329026675e-05
16,initial,0,540.0,28,41,44,False,False,0.0
16,random,0,540.0,28,41,44,False,False,0.0
16,random,1,540.0,28,41,44,False,False,0.0
16,random,2,540.0,28,41,44,False,False,0.0
16,random,3,530.0,29,41,44,False,False,0.0
16,random,4,530.0,29,41,44,False,False,0.0
16,random,5,520.0,30,41,44,False,False,0.0
16,random,6,520.0,30,41,44,False,False,0.0
16,random,7,550.0,31,43,44,False,False,0.0
16,random,8,550.0,31,43,44,False,False,0.0
16,random,9,540.0,32,43,44,False,False,0.0
16,random,10,540.0,32,43,44,False,False,0.0
16,random,11,530.0,33,43,44,False,False,0.0
16,random,12,530.0,33,43,44,False,False,0.0
16,random,13,520.0,34,43,44,False,False,0.0
16,random,14,520.0,34,43,44,False,False,0.0
16,random,15,510.0,35,43,44,False,False,0.0
16,random,16,510.0,35,43,44,False,False,0.0
16,random,17,500.0,36,43,44,False,False,0.0
16,random,18,500.0,36,43,44,False,False,0.0
16,random,19,490.0,37,43,44,False,False,0.0
16,random,20,490.0,37,43,44,False,False,0.0
16,random,21,480.0,38,43,44,False,False,0.0
16,random,22,480.0,38,43,44,False,False,0.0
16,random,23,470.0,39,43,44,False,False,0.0
16,random,24,470.0,39,43,44,False,False,0.0
16,random,25,480.0,40,44,44,True,False,8.718427636654473e-06
16,random,26,480.0,40,44,44,True,False,8.718427636654473e-06
16,random,27,480.0,40,44,44,True,False,8.718427636654473e-06
16,random,28,480.0,40,44,44,True,False,8.718427636654473e-06
16,random,29,480.0,40,44,44,True,False,8.718427636654473e-06
16,random,30,470.0,41,44,44,True,False,8.735800091680075e-06
16,random,31,470.0,41,44,44,True,False,8.735800091680075e-06
16,random,32,480.0,40,44,44,True,False,8.69557933470359e-06
16,random,33,480.0,40,44,44,True,False,8.69557933470359e-06
16,random,34,470.0,41,44,44,True,False,1.0043818530118804e-05
16,random,35,470.0,41,44,44,True,False,1.0043818530118804e-05
16,random,36,460.0,42,44,44,True,False,1.0194142741696263e-05
16,random,37,460.0,42,44,44,True,False,1.0194142741696263e-05
16,random,38,450.0,43,44,44,True,False,1.0673451966643755e-05
16,random,39,450.0,43,44,44,True,False,1.0673451966643755e-05
16,random,40,440.0,44,44,44,True,False,1.0683400495476737e-05
16,random,41,440.0,44,44,44,True,False,1.0683400495476737e-05
16,random,42,430.0,45,44,44,True,False,1.939814767551384e-05
16,random,43,430.0,45,44,44,True,False,1.939814767551384e-05
16,random,44,420.0,46,44,44,True,False,1.9539698303494527e-05
16,random,45,420.0,46,44,44,True,False,1.9539698303494527e-05
16,random,46,410.0,47,44,44,True,False,1.9647881469970322e-05
16,random,47,410.0,47,44,44,True,False,1.9647881469970322e-05
16,random,48,400.0,48,44,44,True,False,1.9858581516798296e-05
16,random,49,400.0,48,44,44,True,False,1.9858581516798296e-05
16,random,50,390.0,49,44,44,True,False,2.000919182087901e-05
16,random,51,390.0,49,44,44,True,False,2.000919182087901e-05
16,random,52,380.0,50,44,44,True,False,2.002344586743594e-05
16,random,53,380.0,50,44,44,True,False,2.002344586743594e-05
16,random,54,370.0,51,44,44,True,False,3.2820736338158254e-05
16,random,55,370.0,51,44,44,True,False,3.2820736338158254e-05
16,random,56,360.0,52,44,44,True,False,3.282233007445627e-05
16,random,57,360.0,52,44,44,True,False,3.282233007445627e-05
16,random,58,370.0,51,44,44,True,False,3.255601649262222e-05
16,random,59,370.0,51,44,44,True,False,3.255601649262222e-05
16,random,60,360.0,52,44,44,True,False,3.297907743232119e-05
16,random,61,360.0,52,44,44,True,False,3.297907743232119e-05
16,random,62,370.0,51,44,44,True,False,3.2550801114061365e-05
16,random,63,370.0,51,44,44,True,False,3.2550801114061365e-05
16,random,64,360.0,52,44,44,True,False,3.2812824510942814e-05
16,random,65,360.0,52,44,44,True,False,3.2812824510942814e-05
16,random,66,350.0,53,44,44,True,False,3.335395482429847e-05
16,random,67,350.0,53,44,44,True,False,3.335395482429847e-05
16,random,68,340.0,54,44,44,True,False,3.498367139767479e-05
16,random,69,340.0,54,44,44,True,False,3.498367139767479e-05
16,random,70,330.0,55,44,44,True,False,3.54920616208519e-05
16,random,71,330.0,55,44,44,True,False,3.54920616208519e-05
16,random,72,320.0,56,44,44,True,False,3.656377365308073e-05
16,random,73,320.0,56,44,44,True,False,3.656377365308073e-05
16,random,74,330.0,55,44,44,True,False,2.9647316213012683e-05
16,random,75,330.0,55,44,44,True,False,2.9647316213012683e-05
16,random,76,340.0,54,44,44,True,False,2.6702125655852466e-05
16,random,77,340.0,54,44,44,True,False,2.6702125655852466e-05
16,random,78,350.0,53,44,44,True,False,2.6451266743486502e-05
16,random,79,350.0,53,44,44,True,False,2.6451266743486502e-05
16,random,80,350.0,53,44,44,True,False,2.6451266743486502e-05
16,random,81,340.0,54,44,44,True,False,2.774341084943349e-05
16,random,82,340.0,54,44,44,True,False,2.774341084943349e-05
16,random,83,350.0,53,44,44,True,False,2.7678642126725542e-05
16,random,84,350.0,53,44,44,True,False,2.7678642126725542e-05
16,random,85,340.0,54,44,44,True,False,2.7728309228110745e-05
16,random,86,340.0,54,44,44,True,False,2.7728309228110745e-05
16,random,87,330.0,55,44,44,True,False,2.7917752745665195e-05
16,random,88,330.0,55,44,44,True,False,2.7917752745665195e-05
16,random,89,320.0,56,44,44,True,False,2.8022696273119663e-05
16,random,90,320.0,56,44,44,True,False,2.8022696273119663e-05
16,random,91,310.0,57,44,44,True,False,2.8039336292805886e-05
16,random,92,310.0,57,44,44,True,False,2.8039336292805886e-05
16,random,93,300.0,58,44,44,True,False,2.8920586108762246e-05
16,random,94,300.0,58,44,44,True,False,2.8920586108762246e-05
16,random,95,310.0,57,44,44,True,False,2.8683525412525122e-05
16,random,96,310.0,57,44,44,True,False,2.8683525412525122e-05
16,random,97,300.0,58,44,44,True,False,2.9080708086585635e-05
16,random,98,300.0,58,44,44,True,False,2.9080708086585635e-05
16,random,99,310.0,57,44,44,True,False,2.903032417399999e-05
16,random,100,310.0,57,44,44,True,False,2.903032417399999e-05
16,learned,0,540.0,28,41,44,False,False,0.0
16,learned,1,540.0,28,41,44,False,False,0.0
16,learned,2,550.0,27,41,44,False,False,0.0
16,learned,3,550.0,27,41,44,False,False,0.0
16,learned,4,580.0,28,43,44,False,False,0.0
16,learned,5,580.0,28,43,44,False,False,0.0
16,learned,6,590.0,27,43,44,False,False,0.0
16,learned,7,590.0,27,43,44,False,False,0.0
16,learned,8,580.0,26,42,44,False,False,0.0
16,learned,9,580.0,26,42,44,False,False,0.0
16,learned,10,610.0,27,44,44,True,False,8.157610717150052e-07
16,learned,11,610.0,27,44,44,True,False,8.157610717150052e-07
16,learned,12,600.0,28,44,44,True,False,8.291481593453176e-07
16,learned,13,600.0,28,44,44,True,False,8.291481593453176e-07
16,learned,14,590.0,29,44,44,True,False,8.389102942226589e-07
16,learned,15,590.0,29,44,44,True,False,8.389102942226589e-07
16,learned,16,600.0,28,44,44,True,False,8.291481593453176e-07
16,learned,17,600.0,28,44,44,True,False,8.291481593453176e-07
16,learned,18,590.0,29,44,44,True,False,8.322016110691591e-07
16,learned,19,590.0,29,44,44,True,False,8.322016110691591e-07
16,learned,20,580.0,30,44,44,True,False,8.403170753664047e-07
16,learned,21,580.0,30,44,44,True,False,8.403170753664047e-07
16,learned,22,590.0,29,44,44,True,False,8.322016110691591e-07
16,learned,23,590.0,29,44,44,True,False,8.322016110691591e-07
16,learned,24,580.0,30,44,44,True,False,8.403170753664047e-07
16,learned,25,580.0,30,44,44,True,False,8.403170753664047e-07
16,learned,26,590.0,29,44,44,True,False,8.322016110691591e-07
16,learned,27,590.0,29,44,44,True,False,8.322016110691591e-07
16,learned,28,600.0,28,44,44,True,False,8.190814961947508e-07
16,learned,29,600.0,28,44,44,True,False,8.190814961947508e-07
16,learned,30,590.0,29,44,44,True,False,8.413090580690564e-07
16,learned,31,590.0,29,44,44,True,False,8.413090580690564e-07
16,learned,32,600.0,28,44,44,True,False,8.190814961947508e-07
16,learned,33,600.0,28,44,44,True,False,8.190814961947508e-07
16,learned,34,610.0,27,44,44,True,False,8.15761071714997e-07
16,learned,35,610.0,27,44,44,True,False,8.15761071714997e-07
16,learned,36,620.0,26,44,44,True,False,8.11054946516049e-07
16,learned,37,620.0,26,44,44,True,False,8.11054946516049e-07
16,learned,38,610.0,27,44,44,True,False,8.26930587879393e-07
16,learned,39,610.0,27,44,44,True,False,8.26930587879393e-07
16,learned,40,600.0,28,44,44,True,False,8.67813215108696e-07
16,learned,41,600.0,28,44,44,True,False,8.67813215108696e-07
16,learned,42,590.0,29,44,44,True,False,8.67871445160872e-07
16,learned,43,590.0,29,44,44,True,False,8.67871445160872e-07
16,learned,44,580.0,30,44,44,True,False,8.719181365828049e-07
16,learned,45,580.0,30,44,44,True,False,8.719181365828049e-07
16,learned,46,590.0,29,44,44,True,False,8.718571591877413e-07
16,learned,47,590.0,29,44,44,True,False,8.718571591877413e-07
16,learned,48,600.0,28,44,44,True,False,8.678132151086549e-07
16,learned,49,600.0,28,44,44,True,False,8.678132151086549e-07
16,learned,50,590.0,29,44,44,True,False,8.718571591877413e-07
16,learned,51,590.0,29,44,44,True,False,8.718571591877413e-07
16,learned,52,600.0,28,44,44,True,False,8.678132151086549e-07
16,learned,53,600.0,28,44,44,True,False,8.678132151086549e-07
16,learned,54,590.0,29,44,44,True,False,8.689714362621531e-07
16,learned,55,590.0,29,44,44,True,False,8.689714362621531e-07
16,learned,56,580.0,30,44,44,True,False,8.696075904257459e-07
16,learned,57,580.0,30,44,44,True,False,8.696075904257459e-07
16,learned,58,590.0,29,44,44,True,False,8.689714362621531e-07
16,learned,59,590.0,29,44,44,True,False,8.689714362621531e-07
16,learned,60,580.0,30,44,44,True,False,8.696075904257976e-07
16,learned,61,580.0,30,44,44,True,False,8.696075904257976e-07
16,learned,62,590.0,29,44,44,True,False,8.689714362621531e-07
16,learned,63,590.0,29,44,44,True,False,8.689714362621531e-07
16,learned,64,580.0,30,44,44,True,False,8.696075904257459e-07
16,learned,65,580.0,30,44,44,True,False,8.696075904257459e-07
16,learned,66,590.0,29,44,44,True,False,8.689714362621531e-07
16,learned,67,590.0,29,44,44,True,False,8.689714362621531e-07
16,learned,68,580.0,30,44,44,True,False,8.692346642599245e-07
16,learned,69,580.0,30,44,44,True,False,8.692346642599245e-07
16,learned,70,590.0,29,44,44,True,False,8.689714362621531e-07
16,learned,71,590.0,29,44,44,True,False,8.689714362621531e-07
16,learned,72,580.0,30,44,44,True,False,8.823966960097762e-07
16,learned,73,580.0,30,44,44,True,False,8.823966960097762e-07
16,learned,74,590.0,29,44,44,True,False,8.720812083471064e-07
16,learned,75,590.0,29,44,44,True,False,8.720812083471064e-07
16,learned,76,580.0,30,44,44,True,False,8.725977609733288e-07
16,learned,77,580.0,30,44,44,True,False,8.725977609733288e-07
16,learned,78,570.0,29,43,44,False,False,0.0
16,learned,79,570.0,29,43,44,False,False,0.0
16,learned,80,580.0,28,43,44,False,False,0.0
16,learned,81,580.0,28,43,44,False,False,0.0
16,learned,82,570.0,29,43,44,False,False,0.0
16,learned,83,570.0,29,43,44,False,False,0.0
16,learned,84,580.0,28,43,44,False,False,0.0
16,learned,85,580.0,28,43,44,False,False,0.0
16,learned,86,570.0,29,43,44,False,False,0.0
16,learned,87,570.0,29,43,44,False,False,0.0
16,learned,88,560.0,30,43,44,False,False,0.0
16,learned,89,560.0,30,43,44,False,False,0.0
16,learned,90,570.0,29,43,44,False,False,0.0
16,learned,91,570.0,29,43,44,False,False,0.0
16,learned,92,580.0,30,44,44,True,False,8.063004322685867e-07
16,learned,93,580.0,30,44,44,True,False,8.063004322685867e-07
16,learned,94,570.0,29,43,44,False,False,0.0
16,learned,95,570.0,29,43,44,False,False,0.0
16,learned,96,560.0,30,43,44,False,False,0.0
16,learned,97,560.0,30,43,44,False,False,0.0
16,learned,98,550.0,31,43,44,False,False,0.0
16,learned,99,550.0,31,43,44,False,False,0.0
16,learned,100,560.0,30,43,44,False,False,0.0
17,initial,0,140.0,74,44,44,True,False,8.81211248563186e-05
17,random,0,140.0,74,44,44,True,False,8.81211248563186e-05
17,random,1,140.0,74,44,44,True,False,8.81211248563186e-05
17,random,2,130.0,75,44,44,True,False,8.820580154685199e-05
17,random,3,130.0,75,44,44,True,False,8.820580154685199e-05
17,random,4,120.0,76,44,44,True,False,8.840185258242153e-05
17,random,5,120.0,76,44,44,True,False,8.840185258242153e-05
17,random,6,110.0,77,44,44,True,False,8.848040012186059e-05
17,random,7,110.0,77,44,44,True,False,8.848040012186059e-05
17,random,8,100.0,78,44,44,True,False,8.84885724465313e-05
17,random,9,100.0,78,44,44,True,False,8.84885724465313e-05
17,random,10,90.0,79,44,44,True,False,9.499446153739963e-05
17,random,11,90.0,79,44,44,True,False,9.499446153739963e-05
17,random,12,80.0,80,44,44,True,False,9.515632035625264e-05
17,random,13,80.0,80,44,44,True,False,9.515632035625264e-05
17,random,14,70.0,81,44,44,True,False,9.527365953518289e-05
17,random,15,70.0,81,44,44,True,False,9.527365953518289e-05
17,random,16,80.0,80,44,44,True,False,9.524227579184908e-05
17,random,17,80.0,80,44,44,True,False,9.524227579184908e-05
17,random,18,70.0,81,44,44,True,False,9.550648592733205e-05
17,random,19,70.0,81,44,44,True,False,9.550648592733205e-05
17,random,20,80.0,80,44,44,True,False,9.540673488740247e-05
17,random,21,80.0,80,44,44,True,False,9.540673488740247e-05
17,random,22,90.0,79,44,44,True,False,8.882700471253204e-05
17,random,23,90.0,79,44,44,True,False,8.882700471253204e-05
17,random,24,100.0,78,44,44,True,False,8.872209809546745e-05
17,random,25,100.0,78,44,44,True,False,8.872209809546745e-05
17,random,26,110.0,77,44,44,True,False,8.787311102062862e-05
17,random,27,110.0,77,44,44,True,False,8.787311102062862e-05
17,random,28,100.0,78,44,44,True,False,9.109881755433989e-05
17,random,29,100.0,78,44,44,True,False,9.109881755433989e-05
17,random,30,110.0,77,44,44,True,False,9.06938673283619e-05
17,random,31,110.0,77,44,44,True,False,9.06938673283619e-05
17,random,32,100.0,78,44,44,True,False,9.109062624233345e-05
17,random,33,100.0,78,44,44,True,False,9.109062624233345e-05
17,random,34,90.0,79,44,44,True,False,9.243515312291138e-05
17,random,35,90.0,79,44,44,True,False,9.243515312291138e-05
17,random,36,80.0,80,44,44,True,False,9.543676160243335e-05
17,random,37,80.0,80,44,44,True,False,9.543676160243335e-05
17,random,38,70.0,81,44,44,True,False,9.547703065032992e-05
17,random,39,70.0,81,44,44,True,False,9.547703065032992e-05
17,random,40,60.0,82,44,44,True,False,9.548678390859338e-05
17,random,41,60.0,82,44,44,True,False,9.548678390859338e-05
17,random,42,50.0,83,44,44,True,False,9.596324262455013e-05
17,random,43,50.0,83,44,44,True,False,9.596324262455013e-05
17,random,44,40.0,84,44,44,True,False,9.794510844540496e-05
17,random,45,40.0,84,44,44,True,False,9.794510844540496e-05
17,random,46,30.0,85,44,44,True,False,9.828225686356127e-05
17,random,47,30.0,85,44,44,True,False,9.828225686356127e-05
17,random,48,40.0,84,44,44,True,False,9.812040472123819e-05
17,random,49,40.0,84,44,44,True,False,9.812040472123819e-05
17,random,50,50.0,83,44,44,True,False,9.806025541730586e-05
17,random,51,50.0,83,44,44,True,False,9.806025541730586e-05
17,random,52,40.0,84,44,44,True,False,9.819034293290971e-05
17,random,53,40.0,84,44,44,True,False,9.819034293290971e-05
17,random,54,30.0,85,44,44,True,False,9.820075502692668e-05
17,random,55,30.0,85,44,44,True,False,9.820075502692668e-05
17,random,56,20.0,86,44,44,True,False,9.823665829510545e-05
17,random,57,20.0,86,44,44,True,False,9.823665829510545e-05
17,random,58,30.0,85,44,44,True,False,9.722680871436736e-05
17,random,59,30.0,85,44,44,True,False,9.722680871436736e-05
17,random,60,40.0,84,44,44,True,False,9.721865010401568e-05
17,random,61,40.0,84,44,44,True,False,9.721865010401568e-05
17,random,62,30.0,85,44,44,True,False,9.72794955512662e-05
17,random,63,30.0,85,44,44,True,False,9.72794955512662e-05
17,random,64,30.0,85,44,44,True,False,9.72794955512662e-05
17,random,65,20.0,86,44,44,True,False,9.733022293760855e-05
17,random,66,20.0,86,44,44,True,False,9.733022293760855e-05
17,random,67,30.0,85,44,44,True,False,9.727949555126623e-05
17,random,68,30.0,85,44,44,True,False,9.727949555126623e-05
17,random,69,30.0,85,44,44,True,False,9.727949555126623e-05
17,random,70,30.0,85,44,44,True,False,9.727949555126623e-05
17,random,71,20.0,86,44,44,True,False,0.00013352017674024227
17,random,72,20.0,86,44,44,True,False,0.00013352017674024227
17,random,73,10.0,87,44,44,True,False,0.00013362656707713316
17,random,74,10.0,87,44,44,True,False,0.00013362656707713316
17,random,75,10.0,87,44,44,True,False,0.00013362656707713316
17,random,76,10.0,87,44,44,True,False,0.00013362656707713316
17,random,77,0.0,88,44,44,True,False,0.00013363798975452748
17,random,78,0.0,88,44,44,True,False,0.00013363798975452748
17,random,79,10.0,87,44,44,True,False,0.00013279617948777812
17,random,80,10.0,87,44,44,True,False,0.00013279617948777812
17,random,81,20.0,86,44,44,True,False,0.00013230205459072392
17,random,82,20.0,86,44,44,True,False,0.00013230205459072392
17,random,83,10.0,87,44,44,True,False,0.00013279525121732532
17,random,84,10.0,87,44,44,True,False,0.00013279525121732532
17,random,85,20.0,86,44,44,True,False,0.00013225874458378214
17,random,86,20.0,86,44,44,True,False,0.00013225874458378214
17,random,87,10.0,87,44,44,True,False,0.00013228309040338494
17,random,88,10.0,87,44,44,True,False,0.00013228309040338494
17,random,89,20.0,86,44,44,True,False,0.00012261797854303775
17,random,90,20.0,86,44,44,True,False,0.00012261797854303775
17,random,91,10.0,87,44,44,True,False,0.0001228215772383335
17,random,92,10.0,87,44,44,True,False,0.0001228215772383335
17,random,93,0.0,88,44,44,True,False,0.0001234137124011832
17,random,94,0.0,88,44,44,True,False,0.0001234137124011832
17,random,95,-10.0,89,44,44,True,False,0.0001387905999676764
17,random,96,-10.0,89,44,44,True,False,0.0001387905999676764
17,random,97,0.0,88,44,44,True,False,0.000137656436499919
17,random,98,0.0,88,44,44,True,False,0.000137656436499919
17,random,99,10.0,87,44,44,True,False,0.00012609871099029024
17,random,100,10.0,87,44,44,True,False,0.00012609871099029024
17,learned,0,140.0,74,44,44,True,False,8.81211248563186e-05
17,learned,1,140.0,74,44,44,True,False,8.81211248563186e-05
17,learned,2,150.0,73,44,44,True,False,8.810367574379807e-05
17,learned,3,150.0,73,44,44,True,False,8.810367574379807e-05
17,learned,4,140.0,74,44,44,True,False,8.938376749954881e-05
17,learned,5,140.0,74,44,44,True,False,8.938376749954881e-05
17,learned,6,130.0,75,44,44,True,False,8.939153358508208e-05
17,learned,7,130.0,75,44,44,True,False,8.939153358508208e-05
17,learned,8,140.0,74,44,44,True,False,8.938376749954881e-05
17,learned,9,140.0,74,44,44,True,False,8.938376749954881e-05
17,learned,10,130.0,75,44,44,True,False,8.939153358508208e-05
17,learned,11,130.0,75,44,44,True,False,8.939153358508208e-05
17,learned,12,140.0,74,44,44,True,False,8.938376749954881e-05
17,learned,13,140.0,74,44,44,True,False,8.938376749954881e-05
17,learned,14,150.0,73,44,44,True,False,8.810367574379807e-05
17,learned,15,150.0,73,44,44,True,False,8.810367574379807e-05
17,learned,16,140.0,74,44,44,True,False,8.81211248563186e-05
17,learned,17,140.0,74,44,44,True,False,8.81211248563186e-05
17,learned,18,150.0,73,44,44,True,False,8.810367574379807e-05
17,learned,19,150.0,73,44,44,True,False,8.810367574379807e-05
17,learned,20,140.0,74,44,44,True,False,8.81211248563186e-05
17,learned,21,140.0,74,44,44,True,False,8.81211248563186e-05
17,learned,22,150.0,73,44,44,True,False,8.810367574379807e-05
17,learned,23,150.0,73,44,44,True,False,8.810367574379807e-05
17,learned,24,140.0,74,44,44,True,False,8.81211248563186e-05
17,learned,25,140.0,74,44,44,True,False,8.81211248563186e-05
17,learned,26,150.0,73,44,44,True,False,8.810367574379807e-05
17,learned,27,150.0,73,44,44,True,False,8.810367574379807e-05
17,learned,28,140.0,74,44,44,True,False,8.81211248563186e-05
17,learned,29,140.0,74,44,44,True,False,8.81211248563186e-05
17,learned,30,150.0,73,44,44,True,False,8.810367574379807e-05
17,learned,31,150.0,73,44,44,True,False,8.810367574379807e-05
17,learned,32,140.0,74,44,44,True,False,8.81211248563186e-05
17,learned,33,140.0,74,44,44,True,False,8.81211248563186e-05
17,learned,34,150.0,73,44,44,True,False,8.810367574379807e-05
17,learned,35,150.0,73,44,44,True,False,8.810367574379807e-05
17,learned,36,140.0,74,44,44,True,False,8.81211248563186e-05
17,learned,37,140.0,74,44,44,True,False,8.81211248563186e-05
17,learned,38,150.0,73,44,44,True,False,8.810367574379807e-05
17,learned,39,150.0,73,44,44,True,False,8.810367574379807e-05
17,learned,40,140.0,74,44,44,True,False,8.81211248563186e-05
17,learned,41,140.0,74,44,44,True,False,8.81211248563186e-05
17,learned,42,150.0,73,44,44,True,False,8.810367574379807e-05
17,learned,43,150.0,73,44,44,True,False,8.810367574379807e-05
17,learned,44,140.0,74,44,44,True,False,8.81211248563186e-05
17,learned,45,140.0,74,44,44,True,False,8.81211248563186e-05
17,learned,46,150.0,73,44,44,True,False,8.810367574379807e-05
17,learned,47,150.0,73,44,44,True,False,8.810367574379807e-05
17,learned,48,140.0,74,44,44,True,False,8.938376749954899e-05
17,learned,49,140.0,74,44,44,True,False,8.938376749954899e-05
17,learned,50,130.0,75,44,44,True,False,8.939153358508226e-05
17,learned,51,130.0,75,44,44,True,False,8.939153358508226e-05
17,learned,52,140.0,74,44,44,True,False,8.938376749954899e-05
17,learned,53,140.0,74,44,44,True,False,8.938376749954899e-05
17,learned,54,130.0,75,44,44,True,False,8.938581005318051e-05
17,learned,55,130.0,75,44,44,True,False,8.938581005318051e-05
17,learned,56,140.0,74,44,44,True,False,8.938376749954899e-05
17,learned,57,140.0,74,44,44,True,False,8.938376749954899e-05
17,learned,58,130.0,75,44,44,True,False,8.939153358508226e-05
17,learned,59,130.0,75,44,44,True,False,8.939153358508226e-05
17,learned,60,140.0,74,44,44,True,False,8.938376749954899e-05
17,learned,61,140.0,74,44,44,True,False,8.938376749954899e-05
17,learned,62,130.0,75,44,44,True,False,8.992606584768462e-05
17,learned,63,130.0,75,44,44,True,False,8.992606584768462e-05
17,learned,64,140.0,74,44,44,True,False,8.938376749954899e-05
17,learned,65,140.0,74,44,44,True,False,8.938376749954899e-05
17,learned,66,130.0,75,44,44,True,False,8.939153358508226e-05
17,learned,67,130.0,75,44,44,True,False,8.939153358508226e-05
17,learned,68,140.0,74,44,44,True,False,8.938376749954899e-05
17,learned,69,140.0,74,44,44,True,False,8.938376749954899e-05
17,learned,70,130.0,75,44,44,True,False,8.939153358508226e-05
17,learned,71,130.0,75,44,44,True,False,8.939153358508226e-05
17,learned,72,140.0,74,44,44,True,False,8.938376749954899e-05
17,learned,73,140.0,74,44,44,True,False,8.938376749954899e-05
17,learned,74,130.0,75,44,44,True,False,8.938581005318051e-05
17,learned,75,130.0,75,44,44,True,False,8.938581005318051e-05
17,learned,76,140.0,74,44,44,True,False,8.938376749954899e-05
17,learned,77,140.0,74,44,44,True,False,8.938376749954899e-05
17,learned,78,150.0,73,44,44,True,False,8.935488152120815e-05
17,learned,79,150.0,73,44,44,True,False,8.935488152120815e-05
17,learned,80,140.0,74,44,44,True,False,8.936356843833857e-05
17,learned,81,140.0,74,44,44,True,False,8.936356843833857e-05
17,learned,82,150.0,73,44,44,True,False,8.935488152120815e-05
17,learned,83,150.0,73,44,44,True,False,8.935488152120815e-05
17,learned,84,160.0,72,44,44,True,False,8.808752500366702e-05
17,learned,85,160.0,72,44,44,True,False,8.808752500366702e-05
17,learned,86,150.0,73,44,44,True,False,8.810631486255274e-05
17,learned,87,150.0,73,44,44,True,False,8.810631486255274e-05
17,learned,88,160.0,72,44,44,True,False,8.808752500366702e-05
17,learned,89,160.0,72,44,44,True,False,8.808752500366702e-05
17,learned,90,150.0,73,44,44,True,False,8.810631486255274e-05
17,learned,91,150.0,73,44,44,True,False,8.810631486255274e-05
17,learned,92,160.0,72,44,44,True,False,8.808752500366702e-05
17,learned,93,160.0,72,44,44,True,False,8.808752500366702e-05
17,learned,94,150.0,73,44,44,True,False,8.935488152120872e-05
17,learned,95,150.0,73,44,44,True,False,8.935488152120872e-05
17,learned,96,160.0,72,44,44,True,False,8.808752500366702e-05
17,learned,97,160.0,72,44,44,True,False,8.808752500366702e-05
17,learned,98,170.0,71,44,44,True,False,8.805168491980319e-05
17,learned,99,170.0,71,44,44,True,False,8.805168491980319e-05
17,learned,100,160.0,72,44,44,True,False,8.808323951963219e-05
18,initial,0,30.0,1,2,44,False,False,0.0
18,random,0,30.0,1,2,44,False,False,0.0
18,random,1,30.0,1,2,44,False,False,0.0
18,random,2,60.0,2,4,44,False,False,0.0
18,random,3,60.0,2,4,44,False,False,0.0
18,random,4,90.0,3,6,44,False,False,0.0
18,random,5,90.0,3,6,44,False,False,0.0
18,random,6,120.0,4,8,44,False,False,0.0
18,random,7,120.0,4,8,44,False,False,0.0
18,random,8,150.0,5,10,44,False,False,0.0
18,random,9,150.0,5,10,44,False,False,0.0
18,random,10,180.0,6,12,44,False,False,0.0
18,random,11,180.0,6,12,44,False,False,0.0
18,random,12,210.0,7,14,44,False,False,0.0
18,random,13,210.0,7,14,44,False,False,0.0
18,random,14,240.0,8,16,44,False,False,0.0
18,random,15,240.0,8,16,44,False,False,0.0
18,random,16,270.0,9,18,44,False,False,0.0
18,random,17,270.0,9,18,44,False,False,0.0
18,random,18,300.0,10,20,44,False,False,0.0
18,random,19,300.0,10,20,44,False,False,0.0
18,random,20,330.0,11,22,44,False,False,0.0
18,random,21,330.0,11,22,44,False,False,0.0
18,random,22,330.0,11,22,44,False,False,0.0
18,random,23,330.0,11,22,44,False,False,0.0
18,random,24,360.0,12,24,44,False,False,0.0
18,random,25,360.0,12,24,44,False,False,0.0
18,random,26,390.0,13,26,44,False,False,0.0
18,random,27,390.0,13,26,44,False,False,0.0
18,random,28,390.0,13,26,44,False,False,0.0
18,random,29,420.0,14,28,44,False,False,0.0
18,random,30,420.0,14,28,44,False,False,0.0
18,random,31,410.0,15,28,44,False,False,0.0
18,random,32,410.0,15,28,44,False,False,0.0
18,random,33,400.0,16,28,44,False,False,0.0
18,random,34,400.0,16,28,44,False,False,0.0
18,random,35,430.0,17,30,44,False,False,0.0
18,random,36,430.0,17,30,44,False,False,0.0
18,random,37,400.0,16,28,44,False,False,0.0
18,random,38,400.0,16,28,44,False,False,0.0
18,random,39,430.0,17,30,44,False,False,0.0
18,random,40,430.0,17,30,44,False,False,0.0
18,random,41,460.0,18,32,44,False,False,0.0
18,random,42,460.0,18,32,44,False,False,0.0
18,random,43,490.0,19,34,44,False,False,0.0
18,random,44,490.0,19,34,44,False,False,0.0
18,random,45,500.0,20,35,44,False,False,0.0
18,random,46,500.0,20,35,44,False,False,0.0
18,random,47,530.0,21,37,44,False,False,0.0
18,random,48,530.0,21,37,44,False,False,0.0
18,random,49,500.0,20,35,44,False,False,0.0
18,random,50,500.0,20,35,44,False,False,0.0
18,random,51,510.0,21,36,44,False,False,0.0
18,random,52,510.0,21,36,44,False,False,0.0
18,random,53,540.0,22,38,44,False,False,0.0
18,random,54,540.0,22,38,44,False,False,0.0
18,random,55,540.0,22,38,44,False,False,0.0
18,random,56,540.0,22,38,44,False,False,0.0
18,random,57,550.0,23,39,44,False,False,0.0
18,random,58,550.0,23,39,44,False,False,0.0
18,random,59,540.0,24,39,44,False,False,0.0
18,random,60,540.0,24,39,44,False,False,0.0
18,random,61,570.0,25,41,44,False,False,0.0
18,random,62,570.0,25,41,44,False,False,0.0
18,random,63,570.0,25,41,44,False,False,0.0
18,random,64,570.0,25,41,44,False,False,0.0
18,random,65,570.0,25,41,44,False,False,0.0
18,random,66,570.0,25,41,44,False,False,0.0
18,random,67,580.0,26,42,44,False,False,0.0
18,random,68,580.0,26,42,44,False,False,0.0
18,random,69,570.0,27,42,44,False,False,0.0
18,random,70,570.0,27,42,44,False,False,0.0
18,random,71,600.0,28,44,44,True,False,3.6366182770240607e-07
18,random,72,600.0,28,44,44,True,False,3.6366182770240607e-07
18,random,73,590.0,29,44,44,True,False,5.317359998477815e-07
18,random,74,590.0,29,44,44,True,False,5.317359998477815e-07
18,random,75,580.0,30,44,44,True,False,5.324153724209947e-07
18,random,76,580.0,30,44,44,True,False,5.324153724209947e-07
18,random,77,570.0,31,44,44,True,False,5.360570062977346e-07
18,random,78,570.0,31,44,44,True,False,5.360570062977346e-07
18,random,79,560.0,32,44,44,True,False,8.713214967112655e-07
18,random,80,560.0,32,44,44,True,False,8.713214967112655e-07
18,random,81,550.0,33,44,44,True,False,9.594094677461566e-07
18,random,82,550.0,33,44,44,True,False,9.594094677461566e-07
18,random,83,540.0,34,44,44,True,False,1.0320269686598012e-06
18,random,84,540.0,34,44,44,True,False,1.0320269686598012e-06
18,random,85,530.0,35,44,44,True,False,2.6239076318559935e-06
18,random,86,530.0,35,44,44,True,False,2.6239076318559935e-06
18,random,87,520.0,36,44,44,True,False,3.7087472104207074e-06
18,random,88,520.0,36,44,44,True,False,3.7087472104207074e-06
18,random,89,510.0,37,44,44,True,False,3.825347926393365e-06
18,random,90,510.0,37,44,44,True,False,3.825347926393365e-06
18,random,91,510.0,37,44,44,True,False,3.825347926393365e-06
18,random,92,510.0,37,44,44,True,False,3.825347926393365e-06
18,random,93,500.0,38,44,44,True,False,3.987521723358281e-06
18,random,94,500.0,38,44,44,True,False,3.987521723358281e-06
18,random,95,490.0,39,44,44,True,False,4.112981855314527e-06
18,random,96,490.0,39,44,44,True,False,4.112981855314527e-06
18,random,97,490.0,39,44,44,True,False,4.112981855314527e-06
18,random,98,490.0,39,44,44,True,False,4.112981855314527e-06
18,random,99,480.0,40,44,44,True,False,4.122376922747011e-06
18,random,100,480.0,40,44,44,True,False,4.122376922747011e-06
18,learned,0,30.0,1,2,44,False,False,0.0
18,learned,1,30.0,1,2,44,False,False,0.0
18,learned,2,60.0,2,4,44,False,False,0.0
18,learned,3,60.0,2,4,44,False,False,0.0
18,learned,4,90.0,3,6,44,False,False,0.0
18,learned,5,90.0,3,6,44,False,False,0.0
18,learned,6,120.0,4,8,44,False,False,0.0
18,learned,7,120.0,4,8,44,False,False,0.0
18,learned,8,150.0,5,10,44,False,False,0.0
18,learned,9,150.0,5,10,44,False,False,0.0
18,learned,10,180.0,6,12,44,False,False,0.0
18,learned,11,180.0,6,12,44,False,False,0.0
18,learned,12,210.0,7,14,44,False,False,0.0
18,learned,13,210.0,7,14,44,False,False,0.0
18,learned,14,240.0,8,16,44,False,False,0.0
18,learned,15,240.0,8,16,44,False,False,0.0
18,learned,16,270.0,9,18,44,False,False,0.0
18,learned,17,270.0,9,18,44,False,False,0.0
18,learned,18,300.0,10,20,44,False,False,0.0
18,learned,19,300.0,10,20,44,False,False,0.0
18,learned,20,330.0,11,22,44,False,False,0.0
18,learned,21,330.0,11,22,44,False,False,0.0
18,learned,22,360.0,12,24,44,False,False,0.0
18,learned,23,360.0,12,24,44,False,False,0.0
18,learned,24,390.0,13,26,44,False,False,0.0
18,learned,25,390.0,13,26,44,False,False,0.0
18,learned,26,420.0,14,28,44,False,False,0.0
18,learned,27,420.0,14,28,44,False,False,0.0
18,learned,28,450.0,15,30,44,False,False,0.0
18,learned,29,450.0,15,30,44,False,False,0.0
18,learned,30,460.0,16,31,44,False,False,0.0
18,learned,31,460.0,16,31,44,False,False,0.0
18,learned,32,450.0,15,30,44,False,False,0.0
18,learned,33,450.0,15,30,44,False,False,0.0
18,learned,34,460.0,16,31,44,False,False,0.0
18,learned,35,460.0,16,31,44,False,False,0.0
18,learned,36,450.0,15,30,44,False,False,0.0
18,learned,37,450.0,15,30,44,False,False,0.0
18,learned,38,480.0,16,32,44,False,False,0.0
18,learned,39,480.0,16,32,44,False,False,0.0
18,learned,40,450.0,15,30,44,False,False,0.0
18,learned,41,450.0,15,30,44,False,False,0.0
18,learned,42,480.0,16,32,44,False,False,0.0
18,learned,43,480.0,16,32,44,False,False,0.0
18,learned,44,450.0,15,30,44,False,False,0.0
18,learned,45,450.0,15,30,44,False,False,0.0
18,learned,46,480.0,16,32,44,False,False,0.0
18,learned,47,480.0,16,32,44,False,False,0.0
18,learned,48,490.0,17,33,44,False,False,0.0
18,learned,49,490.0,17,33,44,False,False,0.0
18,learned,50,500.0,18,34,44,False,False,0.0
18,learned,51,500.0,18,34,44,False,False,0.0
18,learned,52,490.0,17,33,44,False,False,0.0
18,learned,53,490.0,17,33,44,False,False,0.0
18,learned,54,480.0,16,32,44,False,False,0.0
18,learned,55,480.0,16,32,44,False,False,0.0
18,learned,56,450.0,15,30,44,False,False,0.0
18,learned,57,450.0,15,30,44,False,False,0.0
18,learned,58,480.0,16,32,44,False,False,0.0
18,learned,59,480.0,16,32,44,False,False,0.0
18,learned,60,450.0,15,30,44,False,False,0.0
18,learned,61,450.0,15,30,44,False,False,0.0
18,learned,62,480.0,16,32,44,False,False,0.0
18,learned,63,480.0,16,32,44,False,False,0.0
18,learned,64,490.0,17,33,44,False,False,0.0
18,learned,65,490.0,17,33,44,False,False,0.0
18,learned,66,500.0,18,34,44,False,False,0.0
18,learned,67,500.0,18,34,44,False,False,0.0
18,learned,68,470.0,17,32,44,False,False,0.0
18,learned,69,470.0,17,32,44,False,False,0.0
18,learned,70,460.0,16,31,44,False,False,0.0
18,learned,71,460.0,16,31,44,False,False,0.0
18,learned,72,490.0,17,33,44,False,False,0.0
18,learned,73,490.0,17,33,44,False,False,0.0
18,learned,74,500.0,18,34,44,False,False,0.0
18,learned,75,500.0,18,34,44,False,False,0.0
18,learned,76,490.0,17,33,44,False,False,0.0
18,learned,77,490.0,17,33,44,False,False,0.0
18,learned,78,500.0,18,34,44,False,False,0.0
18,learned,79,500.0,18,34,44,False,False,0.0
18,learned,80,490.0,17,33,44,False,False,0.0
18,learned,81,490.0,17,33,44,False,False,0.0
18,learned,82,500.0,18,34,44,False,False,0.0
18,learned,83,500.0,18,34,44,False,False,0.0
18,learned,84,490.0,17,33,44,False,False,0.0
18,learned,85,490.0,17,33,44,False,False,0.0
18,learned,86,480.0,16,32,44,False,False,0.0
18,learned,87,480.0,16,32,44,False,False,0.0
18,learned,88,450.0,15,30,44,False,False,0.0
18,learned,89,450.0,15,30,44,False,False,0.0
18,learned,90,420.0,14,28,44,False,False,0.0
18,learned,91,420.0,14,28,44,False,False,0.0
18,learned,92,450.0,15,30,44,False,False,0.0
18,learned,93,450.0,15,30,44,False,False,0.0
18,learned,94,460.0,16,31,44,False,False,0.0
18,learned,95,460.0,16,31,44,False,False,0.0
18,learned,96,490.0,17,33,44,False,False,0.0
18,learned,97,490.0,17,33,44,False,False,0.0
18,learned,98,520.0,18,35,44,False,False,0.0
18,learned,99,520.0,18,35,44,False,False,0.0
18,learned,100,550.0,19,37,44,False,False,0.0
19,initial,0,170.0,71,44,44,True,False,3.9405745157397564e-05
19,random,0,170.0,71,44,44,True,False,3.9405745157397564e-05
19,random,1,170.0,71,44,44,True,False,3.9405745157397564e-05
19,random,2,180.0,70,44,44,True,False,3.9385833090857384e-05
19,random,3,180.0,70,44,44,True,False,3.9385833090857384e-05
19,random,4,190.0,69,44,44,True,False,3.89983250177958e-05
19,random,5,190.0,69,44,44,True,False,3.89983250177958e-05
19,random,6,180.0,70,44,44,True,False,3.961454245882627e-05
19,random,7,180.0,70,44,44,True,False,3.961454245882627e-05
19,random,8,190.0,69,44,44,True,False,3.941356626834387e-05
19,random,9,190.0,69,44,44,True,False,3.941356626834387e-05
19,random,10,190.0,69,44,44,True,False,3.941356626834387e-05
19,random,11,180.0,70,44,44,True,False,3.9427874253703096e-05
19,random,12,180.0,70,44,44,True,False,3.9427874253703096e-05
19,random,13,180.0,70,44,44,True,False,3.9427874253703096e-05
19,random,14,180.0,70,44,44,True,False,3.9427874253703096e-05
19,random,15,190.0,69,44,44,True,False,3.9197331341776185e-05
19,random,16,190.0,69,44,44,True,False,3.9197331341776185e-05
19,random,17,200.0,68,44,44,True,False,3.907419965926875e-05
19,random,18,200.0,68,44,44,True,False,3.907419965926875e-05
19,random,19,200.0,68,44,44,True,False,3.907419965926875e-05
19,random,20,190.0,69,44,44,True,False,3.9164085149327564e-05
19,random,21,190.0,69,44,44,True,False,3.9164085149327564e-05
19,random,22,180.0,70,44,44,True,False,3.933956387499048e-05
19,random,23,180.0,70,44,44,True,False,3.933956387499048e-05
19,random,24,170.0,71,44,44,True,False,3.968585416011895e-05
19,random,25,170.0,71,44,44,True,False,3.968585416011895e-05
19,random,26,160.0,72,44,44,True,False,7.049529109814122e-05
19,random,27,160.0,72,44,44,True,False,7.049529109814122e-05
19,random,28,160.0,72,44,44,True,False,7.049529109814122e-05
19,random,29,150.0,73,44,44,True,False,7.073649156290431e-05
19,random,30,150.0,73,44,44,True,False,7.073649156290431e-05
19,random,31,160.0,72,44,44,True,False,7.071164938325803e-05
19,random,32,160.0,72,44,44,True,False,7.071164938325803e-05
19,random,33,150.0,73,44,44,True,False,7.132323115339813e-05
19,random,34,150.0,73,44,44,True,False,7.132323115339813e-05
19,random,35,140.0,74,44,44,True,False,7.148828733362035e-05
19,random,36,140.0,74,44,44,True,False,7.148828733362035e-05
19,random,37,130.0,75,44,44,True,False,8.100534711899922e-05
19,random,38,130.0,75,44,44,True,False,8.100534711899922e-05
19,random,39,120.0,76,44,44,True,False,8.138360940511977e-05
19,random,40,120.0,76,44,44,True,False,8.138360940511977e-05
19,random,41,110.0,77,44,44,True,False,8.175959203512553e-05
19,random,42,110.0,77,44,44,True,False,8.175959203512553e-05
19,random,43,120.0,76,44,44,True,False,7.193579218994614e-05
19,random,44,120.0,76,44,44,True,False,7.193579218994614e-05
19,random,45,110.0,77,44,44,True,False,7.252083833252686e-05
19,random,46,110.0,77,44,44,True,False,7.252083833252686e-05
19,random,47,120.0,76,44,44,True,False,7.215814293077289e-05
19,random,48,120.0,76,44,44,True,False,7.215814293077289e-05
19,random,49,130.0,75,44,44,True,False,7.124481797581716e-05
19,random,50,130.0,75,44,44,True,False,7.124481797581716e-05
19,random,51,140.0,74,44,44,True,False,7.07590183645686e-05
19,random,52,140.0,74,44,44,True,False,7.07590183645686e-05
19,random,53,150.0,73,44,44,True,False,7.036285257741981e-05
19,random,54,150.0,73,44,44,True,False,7.036285257741981e-05
19,random,55,140.0,74,44,44,True,False,7.208780073435664e-05
19,random,56,140.0,74,44,44,True,False,7.208780073435664e-05
19,random,57,130.0,75,44,44,True,False,7.210890252258166e-05
19,random,58,130.0,75,44,44,True,False,7.210890252258166e-05
19,random,59,140.0,74,44,44,True,False,7.029049155819165e-05
19,random,60,140.0,74,44,44,True,False,7.029049155819165e-05
19,random,61,150.0,73,44,44,True,False,6.844884518324078e-05
19,random,62,150.0,73,44,44,True,False,6.844884518324078e-05
19,random,63,140.0,74,44,44,True,False,6.863744345108416e-05
19,random,64,140.0,74,44,44,True,False,6.863744345108416e-05
19,random,65,130.0,75,44,44,True,False,8.6149558490845e-05
19,random,66,130.0,75,44,44,True,False,8.6149558490845e-05
19,random,67,120.0,76,44,44,True,False,9.389344448553652e-05
19,random,68,120.0,76,44,44,True,False,9.389344448553652e-05
19,random,69,110.0,77,44,44,True,False,9.690007851608805e-05
19,random,70,110.0,77,44,44,True,False,9.690007851608805e-05
19,random,71,120.0,76,44,44,True,False,8.934153180658055e-05
19,random,72,120.0,76,44,44,True,False,8.934153180658055e-05
19,random,73,110.0,77,44,44,True,False,8.942143599475736e-05
19,random,74,110.0,77,44,44,True,False,8.942143599475736e-05
19,random,75,120.0,76,44,44,True,False,7.480298701190072e-05
19,random,76,120.0,76,44,44,True,False,7.480298701190072e-05
19,random,77,110.0,77,44,44,True,False,7.515546872353439e-05
19,random,78,110.0,77,44,44,True,False,7.515546872353439e-05
19,random,79,100.0,78,44,44,True,False,7.532156801653694e-05
19,random,80,100.0,78,44,44,True,False,7.532156801653694e-05
19,random,81,90.0,79,44,44,True,False,7.532817203092185e-05
19,random,82,90.0,79,44,44,True,False,7.532817203092185e-05
19,random,83,80.0,80,44,44,True,False,7.559931079777503e-05
19,random,84,80.0,80,44,44,True,False,7.559931079777503e-05
19,random,85,90.0,79,44,44,True,False,7.536643842976249e-05
19,random,86,90.0,79,44,44,True,False,7.536643842976249e-05
19,random,87,80.0,80,44,44,True,False,7.814595817272738e-05
19,random,88,80.0,80,44,44,True,False,7.814595817272738e-05
19,random,89,70.0,81,44,44,True,False,7.826133311947093e-05
19,random,90,70.0,81,44,44,True,False,7.826133311947093e-05
19,random,91,70.0,81,44,44,True,False,7.826133311947093e-05
19,random,92,70.0,81,44,44,True,False,7.826133311947093e-05
19,random,93,80.0,80,44,44,True,False,7.670571835510182e-05
19,random,94,80.0,80,44,44,True,False,7.670571835510182e-05
19,random,95,80.0,80,44,44,True,False,7.670571835510182e-05
19,random,96,80.0,80,44,44,True,False,7.670571835510182e-05
19,random,97,90.0,79,44,44,True,False,7.666995603364608e-05
19,random,98,90.0,79,44,44,True,False,7.666995603364608e-05
19,random,99,80.0,80,44,44,True,False,7.807393083766462e-05
19,random,100,80.0,80,44,44,True,False,7.807393083766462e-05
19,learned,0,170.0,71,44,44,True,False,3.9405745157397564e-05
19,learned,1,170.0,71,44,44,True,False,3.9405745157397564e-05
19,learned,2,160.0,72,44,44,True,False,3.9405948769647976e-05
19,learned,3,160.0,72,44,44,True,False,3.9405948769647976e-05
19,learned,4,170.0,71,44,44,True,False,3.9405745157397564e-05
19,learned,5,170.0,71,44,44,True,False,3.9405745157397564e-05
19,learned,6,160.0,72,44,44,True,False,3.9405948769647976e-05
19,learned,7,160.0,72,44,44,True,False,3.9405948769647976e-05
19,learned,8,170.0,71,44,44,True,False,3.9405745157397564e-05
19,learned,9,170.0,71,44,44,True,False,3.9405745157397564e-05
19,learned,10,160.0,72,44,44,True,False,3.9405948769647976e-05
19,learned,11,160.0,72,44,44,True,False,3.9405948769647976e-05
19,learned,12,170.0,71,44,44,True,False,3.9405745157397564e-05
19,learned,13,170.0,71,44,44,True,False,3.9405745157397564e-05
19,learned,14,160.0,72,44,44,True,False,3.9405948769647976e-05
19,learned,15,160.0,72,44,44,True,False,3.9405948769647976e-05
19,learned,16,170.0,71,44,44,True,False,3.9405745157397564e-05
19,learned,17,170.0,71,44,44,True,False,3.9405745157397564e-05
19,learned,18,160.0,72,44,44,True,False,3.9405948769647976e-05
19,learned,19,160.0,72,44,44,True,False,3.9405948769647976e-05
19,learned,20,170.0,71,44,44,True,False,3.9405745157397564e-05
19,learned,21,170.0,71,44,44,True,False,3.9405745157397564e-05
19,learned,22,160.0,72,44,44,True,False,3.9405948769647976e-05
19,learned,23,160.0,72,44,44,True,False,3.9405948769647976e-05
19,learned,24,170.0,71,44,44,True,False,3.9405745157397564e-05
19,learned,25,170.0,71,44,44,True,False,3.9405745157397564e-05
19,learned,26,160.0,72,44,44,True,False,3.9405948769647976e-05
19,learned,27,160.0,72,44,44,True,False,3.9405948769647976e-05
19,learned,28,170.0,71,44,44,True,False,3.9405745157397564e-05
19,learned,29,170.0,71,44,44,True,False,3.9405745157397564e-05
19,learned,30,160.0,72,44,44,True,False,3.9405948769647976e-05
19,learned,31,160.0,72,44,44,True,False,3.9405948769647976e-05
19,learned,32,170.0,71,44,44,True,False,3.9405745157397564e-05
19,learned,33,170.0,71,44,44,True,False,3.9405745157397564e-05
19,learned,34,160.0,72,44,44,True,False,3.9405948769647976e-05
19,learned,35,160.0,72,44,44,True,False,3.9405948769647976e-05
19,learned,36,170.0,71,44,44,True,False,3.9405745157397564e-05
19,learned,37,170.0,71,44,44,True,False,3.9405745157397564e-05
19,learned,38,160.0,72,44,44,True,False,3.9405948769647976e-05
19,learned,39,160.0,72,44,44,True,False,3.9405948769647976e-05
19,learned,40,170.0,71,44,44,True,False,3.9405745157397564e-05
19,learned,41,170.0,71,44,44,True,False,3.9405745157397564e-05
19,learned,42,180.0,70,44,44,True,False,3.940499307894095e-05
19,learned,43,180.0,70,44,44,True,False,3.940499307894095e-05
19,learned,44,170.0,71,44,44,True,False,3.940574515739778e-05
19,learned,45,170.0,71,44,44,True,False,3.940574515739778e-05
19,learned,46,180.0,70,44,44,True,False,3.940499307894095e-05
19,learned,47,180.0,70,44,44,True,False,3.940499307894095e-05
19,learned,48,170.0,71,44,44,True,False,3.940574515739778e-05
19,learned,49,170.0,71,44,44,True,False,3.940574515739778e-05
19,learned,50,180.0,70,44,44,True,False,3.940499307894095e-05
19,learned,51,180.0,70,44,44,True,False,3.940499307894095e-05
19,learned,52,170.0,71,44,44,True,False,3.940574515739778e-05
19,learned,53,170.0,71,44,44,True,False,3.940574515739778e-05
19,learned,54,180.0,70,44,44,True,False,3.940499307894095e-05
19,learned,55,180.0,70,44,44,True,False,3.940499307894095e-05
19,learned,56,170.0,71,44,44,True,False,3.940574515739778e-05
19,learned,57,170.0,71,44,44,True,False,3.940574515739778e-05
19,learned,58,180.0,70,44,44,True,False,3.940499307894095e-05
19,learned,59,180.0,70,44,44,True,False,3.940499307894095e-05
19,learned,60,170.0,71,44,44,True,False,3.940574515739778e-05
19,learned,61,170.0,71,44,44,True,False,3.940574515739778e-05
19,learned,62,180.0,70,44,44,True,False,3.940499307894095e-05
19,learned,63,180.0,70,44,44,True,False,3.940499307894095e-05
19,learned,64,170.0,71,44,44,True,False,3.940574515739778e-05
19,learned,65,170.0,71,44,44,True,False,3.940574515739778e-05
19,learned,66,180.0,70,44,44,True,False,3.940499307894095e-05
19,learned,67,180.0,70,44,44,True,False,3.940499307894095e-05
19,learned,68,170.0,71,44,44,True,False,3.940574515739778e-05
19,learned,69,170.0,71,44,44,True,False,3.940574515739778e-05
19,learned,70,180.0,70,44,44,True,False,3.940499307894095e-05
19,learned,71,180.0,70,44,44,True,False,3.940499307894095e-05
19,learned,72,170.0,71,44,44,True,False,3.940574515739778e-05
19,learned,73,170.0,71,44,44,True,False,3.940574515739778e-05
19,learned,74,180.0,70,44,44,True,False,3.940499307894095e-05
19,learned,75,180.0,70,44,44,True,False,3.940499307894095e-05
19,learned,76,170.0,71,44,44,True,False,3.940574515739778e-05
19,learned,77,170.0,71,44,44,True,False,3.940574515739778e-05
19,learned,78,180.0,70,44,44,True,False,3.940499307894095e-05
19,learned,79,180.0,70,44,44,True,False,3.940499307894095e-05
19,learned,80,170.0,71,44,44,True,False,3.940574515739778e-05
19,learned,81,170.0,71,44,44,True,False,3.940574515739778e-05
19,learned,82,180.0,70,44,44,True,False,3.940499307894095e-05
19,learned,83,180.0,70,44,44,True,False,3.940499307894095e-05
19,learned,84,170.0,71,44,44,True,False,3.940574515739778e-05
19,learned,85,170.0,71,44,44,True,False,3.940574515739778e-05
19,learned,86,180.0,70,44,44,True,False,3.940499307894095e-05
19,learned,87,180.0,70,44,44,True,False,3.940499307894095e-05
19,learned,88,170.0,71,44,44,True,False,3.940574515739778e-05
19,learned,89,170.0,71,44,44,True,False,3.940574515739778e-05
19,learned,90,180.0,70,44,44,True,False,3.940499307894095e-05
19,learned,91,180.0,70,44,44,True,False,3.940499307894095e-05
19,learned,92,170.0,71,44,44,True,False,3.940574515739778e-05
19,learned,93,170.0,71,44,44,True,False,3.940574515739778e-05
19,learned,94,180.0,70,44,44,True,False,3.940499307894095e-05
19,learned,95,180.0,70,44,44,True,False,3.940499307894095e-05
19,learned,96,170.0,71,44,44,True,False,3.940574515739778e-05
19,learned,97,170.0,71,44,44,True,False,3.940574515739778e-05
19,learned,98,180.0,70,44,44,True,False,3.940499307894095e-05
19,learned,99,180.0,70,44,44,True,False,3.940499307894095e-05
19,learned,100,170.0,71,44,44,True,False,3.940574515739778e-05
