episode,method,step,score,edges,rank,rank_K,is_IBR,is_MBR,min_eig
0,initial,0,130.0,15,14,14,True,False,8.993739454018907e-07
0,greedy,0,130.0,15,14,14,True,False,8.993739454018907e-07
0,greedy,1,140.0,14,14,14,True,False,8.913627185887567e-07
0,greedy,2,150.0,13,14,14,True,False,7.080668730633918e-07
0,greedy,3,160.0,12,14,14,True,False,6.678457961520066e-07
0,greedy,4,170.0,11,14,14,True,False,6.510162429969509e-07
0,greedy,5,180.0,10,14,14,True,False,2.734704027856115e-07
0,greedy,6,190.0,9,14,14,True,False,2.717024972841313e-07
0,random,0,130.0,15,14,14,True,False,8.993739454018907e-07
0,random,1,140.0,14,14,14,True,False,5.914442999438643e-07
0,random,2,140.0,14,14,14,True,False,5.914442999438643e-07
0,random,3,150.0,13,14,14,True,False,5.914295378209781e-07
0,random,4,150.0,13,14,14,True,False,5.914295378209781e-07
0,random,5,150.0,13,14,14,True,False,5.914295378209781e-07
0,random,6,140.0,14,14,14,True,False,1.1247916361339491e-06
0,random,7,130.0,15,14,14,True,False,1.1386966468006845e-06
0,random,8,120.0,16,14,14,True,False,1.1597578131507516e-06
0,random,9,120.0,16,14,14,True,False,1.1597578131507516e-06
0,random,10,130.0,15,14,14,True,False,8.660424797772151e-07
0,random,11,130.0,15,14,14,True,False,8.660424797772151e-07
0,random,12,140.0,14,14,14,True,False,6.832051190960888e-07
0,random,13,150.0,13,14,14,True,False,6.678479941982726e-07
0,random,14,160.0,12,14,14,True,False,4.909857838886715e-07
0,random,15,170.0,11,14,14,True,False,4.816326008963491e-07
0,random,16,180.0,10,14,14,True,False,4.4127847889627804e-07
0,random,17,170.0,9,13,14,False,False,0.0
0,random,18,180.0,8,13,14,False,False,0.0
0,random,19,180.0,8,13,14,False,False,0.0
0,random,20,170.0,7,12,14,False,False,0.0
0,random,21,170.0,7,12,14,False,False,0.0
0,random,22,170.0,7,12,14,False,False,0.0
0,random,23,140.0,6,10,14,False,False,0.0
0,random,24,150.0,7,11,14,False,False,0.0
0,random,25,150.0,7,11,14,False,False,0.0
0,random,26,120.0,6,9,14,False,False,0.0
0,random,27,120.0,6,9,14,False,False,0.0
0,random,28,120.0,6,9,14,False,False,0.0
0,random,29,90.0,5,7,14,False,False,0.0
0,random,30,90.0,5,7,14,False,False,0.0
0,random,31,90.0,5,7,14,False,False,0.0
0,random,32,120.0,6,9,14,False,False,0.0
0,random,33,120.0,6,9,14,False,False,0.0
0,random,34,120.0,6,9,14,False,False,0.0
0,random,35,120.0,6,9,14,False,False,0.0
0,random,36,120.0,6,9,14,False,False,0.0
0,random,37,120.0,6,9,14,False,False,0.0
0,random,38,120.0,6,9,14,False,False,0.0
0,random,39,150.0,7,11,14,False,False,0.0
0,random,40,160.0,8,12,14,False,False,0.0
0,random,41,160.0,8,12,14,False,False,0.0
0,random,42,160.0,8,12,14,False,False,0.0
0,random,43,160.0,8,12,14,False,False,0.0
0,random,44,170.0,9,13,14,False,False,0.0
0,random,45,170.0,9,13,14,False,False,0.0
0,random,46,160.0,8,12,14,False,False,0.0
0,random,47,150.0,7,11,14,False,False,0.0
0,random,48,150.0,7,11,14,False,False,0.0
0,random,49,160.0,8,12,14,False,False,0.0
0,random,50,150.0,7,11,14,False,False,0.0
0,random,51,150.0,7,11,14,False,False,0.0
0,random,52,160.0,8,12,14,False,False,0.0
0,random,53,190.0,9,14,14,True,False,1.2885275034120167e-07
0,random,54,190.0,9,14,14,True,False,1.2885275034120167e-07
0,random,55,190.0,9,14,14,True,False,1.2885275034120167e-07
0,random,56,190.0,9,14,14,True,False,1.2885275034120167e-07
0,random,57,190.0,9,14,14,True,False,1.2885275034120167e-07
0,random,58,190.0,9,14,14,True,False,1.2885275034120167e-07
0,random,59,160.0,8,12,14,False,False,0.0
0,random,60,160.0,8,12,14,False,False,0.0
0,random,61,160.0,8,12,14,False,False,0.0
0,random,62,160.0,8,12,14,False,False,0.0
0,random,63,160.0,8,12,14,False,False,0.0
0,random,64,160.0,8,12,14,False,False,0.0
0,random,65,150.0,7,11,14,False,False,0.0
0,random,66,160.0,8,12,14,False,False,0.0
0,random,67,130.0,7,10,14,False,False,0.0
0,random,68,130.0,7,10,14,False,False,0.0
0,random,69,130.0,7,10,14,False,False,0.0
0,random,70,130.0,7,10,14,False,False,0.0
0,random,71,160.0,8,12,14,False,False,0.0
0,random,72,160.0,8,12,14,False,False,0.0
0,random,73,160.0,8,12,14,False,False,0.0
0,random,74,160.0,8,12,14,False,False,0.0
0,random,75,160.0,8,12,14,False,False,0.0
0,random,76,130.0,7,10,14,False,False,0.0
0,random,77,120.0,8,10,14,False,False,0.0
0,random,78,120.0,8,10,14,False,False,0.0
0,random,79,120.0,8,10,14,False,False,0.0
0,random,80,110.0,9,10,14,False,False,0.0
0,random,81,110.0,9,10,14,False,False,0.0
0,random,82,110.0,9,10,14,False,False,0.0
0,random,83,110.0,9,10,14,False,False,0.0
0,random,84,120.0,10,11,14,False,False,0.0
0,random,85,120.0,10,11,14,False,False,0.0
0,random,86,120.0,10,11,14,False,False,0.0
0,random,87,110.0,9,10,14,False,False,0.0
0,random,88,110.0,9,10,14,False,False,0.0
0,random,89,110.0,9,10,14,False,False,0.0
0,random,90,140.0,10,12,14,False,False,0.0
0,random,91,140.0,10,12,14,False,False,0.0
0,random,92,110.0,9,10,14,False,False,0.0
0,random,93,110.0,9,10,14,False,False,0.0
0,random,94,100.0,10,10,14,False,False,0.0
0,random,95,110.0,9,10,14,False,False,0.0
0,random,96,100.0,8,9,14,False,False,0.0
0,random,97,110.0,9,10,14,False,False,0.0
0,random,98,140.0,10,12,14,False,False,0.0
0,random,99,140.0,10,12,14,False,False,0.0
0,random,100,150.0,9,12,14,False,False,0.0
0,learned,0,130.0,15,14,14,True,False,8.993739454018907e-07
0,learned,1,140.0,14,14,14,True,False,8.234752143767109e-07
0,learned,2,150.0,13,14,14,True,False,8.189513325022935e-07
0,learned,3,160.0,12,14,14,True,False,6.758424435208385e-07
0,learned,4,170.0,11,14,14,True,False,6.54610046163593e-07
0,learned,5,180.0,10,14,14,True,False,5.334466551559583e-07
0,learned,6,190.0,9,14,14,True,True,5.054154848139059e-09
0,learned,7,190.0,9,14,14,True,True,5.054154848139059e-09
0,learned,8,190.0,9,14,14,True,True,5.054154848139059e-09
0,learned,9,190.0,9,14,14,True,True,5.054154848139059e-09
0,learned,10,190.0,9,14,14,True,True,5.054154848139059e-09
0,learned,11,190.0,9,14,14,True,True,5.054154848139059e-09
0,learned,12,190.0,9,14,14,True,True,5.054154848139059e-09
0,learned,13,190.0,9,14,14,True,True,5.054154848139059e-09
0,learned,14,190.0,9,14,14,True,True,5.054154848139059e-09
0,learned,15,190.0,9,14,14,True,True,5.054154848139059e-09
0,learned,16,190.0,9,14,14,True,True,5.054154848139059e-09
0,learned,17,190.0,9,14,14,True,True,5.054154848139059e-09
0,learned,18,190.0,9,14,14,True,True,5.054154848139059e-09
0,learned,19,190.0,9,14,14,True,True,5.054154848139059e-09
0,learned,20,190.0,9,14,14,True,True,5.054154848139059e-09
0,learned,21,190.0,9,14,14,True,True,5.054154848139059e-09
0,learned,22,190.0,9,14,14,True,True,5.054154848139059e-09
0,learned,23,190.0,9,14,14,True,True,5.054154848139059e-09
0,learned,24,190.0,9,14,14,True,True,5.054154848139059e-09
0,learned,25,190.0,9,14,14,True,True,5.054154848139059e-09
0,learned,26,190.0,9,14,14,True,True,5.054154848139059e-09
0,learned,27,190.0,9,14,14,True,True,5.054154848139059e-09
0,learned,28,190.0,9,14,14,True,True,5.054154848139059e-09
0,learned,29,190.0,9,14,14,True,True,5.054154848139059e-09
0,learned,30,190.0,9,14,14,True,True,5.054154848139059e-09
0,learned,31,190.0,9,14,14,True,True,5.054154848139059e-09
0,learned,32,190.0,9,14,14,True,True,5.054154848139059e-09
0,learned,33,190.0,9,14,14,True,True,5.054154848139059e-09
0,learned,34,190.0,9,14,14,True,True,5.054154848139059e-09
0,learned,35,190.0,9,14,14,True,True,5.054154848139059e-09
0,learned,36,190.0,9,14,14,True,True,5.054154848139059e-09
0,learned,37,190.0,9,14,14,True,True,5.054154848139059e-09
0,learned,38,190.0,9,14,14,True,True,5.054154848139059e-09
0,learned,39,190.0,9,14,14,True,True,5.054154848139059e-09
0,learned,40,190.0,9,14,14,True,True,5.054154848139059e-09
0,learned,41,190.0,9,14,14,True,True,5.054154848139059e-09
0,learned,42,190.0,9,14,14,True,True,5.054154848139059e-09
0,learned,43,190.0,9,14,14,True,True,5.054154848139059e-09
0,learned,44,190.0,9,14,14,True,True,5.054154848139059e-09
0,learned,45,190.0,9,14,14,True,True,5.054154848139059e-09
0,learned,46,190.0,9,14,14,True,True,5.054154848139059e-09
0,learned,47,190.0,9,14,14,True,True,5.054154848139059e-09
0,learned,48,190.0,9,14,14,True,True,5.054154848139059e-09
0,learned,49,190.0,9,14,14,True,True,5.054154848139059e-09
0,learned,50,190.0,9,14,14,True,True,5.054154848139059e-09
0,learned,51,190.0,9,14,14,True,True,5.054154848139059e-09
0,learned,52,190.0,9,14,14,True,True,5.054154848139059e-09
0,learned,53,190.0,9,14,14,True,True,5.054154848139059e-09
0,learned,54,190.0,9,14,14,True,True,5.054154848139059e-09
0,learned,55,190.0,9,14,14,True,True,5.054154848139059e-09
0,learned,56,190.0,9,14,14,True,True,5.054154848139059e-09
0,learned,57,190.0,9,14,14,True,True,5.054154848139059e-09
0,learned,58,190.0,9,14,14,True,True,5.054154848139059e-09
0,learned,59,190.0,9,14,14,True,True,5.054154848139059e-09
0,learned,60,190.0,9,14,14,True,True,5.054154848139059e-09
0,learned,61,190.0,9,14,14,True,True,5.054154848139059e-09
0,learned,62,190.0,9,14,14,True,True,5.054154848139059e-09
0,learned,63,190.0,9,14,14,True,True,5.054154848139059e-09
0,learned,64,190.0,9,14,14,True,True,5.054154848139059e-09
0,learned,65,190.0,9,14,14,True,True,5.054154848139059e-09
0,learned,66,190.0,9,14,14,True,True,5.054154848139059e-09
0,learned,67,190.0,9,14,14,True,True,5.054154848139059e-09
0,learned,68,190.0,9,14,14,True,True,5.054154848139059e-09
0,learned,69,190.0,9,14,14,True,True,5.054154848139059e-09
0,learned,70,190.0,9,14,14,True,True,5.054154848139059e-09
0,learned,71,190.0,9,14,14,True,True,5.054154848139059e-09
0,learned,72,190.0,9,14,14,True,True,5.054154848139059e-09
0,learned,73,190.0,9,14,14,True,True,5.054154848139059e-09
0,learned,74,190.0,9,14,14,True,True,5.054154848139059e-09
0,learned,75,190.0,9,14,14,True,True,5.054154848139059e-09
0,learned,76,190.0,9,14,14,True,True,5.054154848139059e-09
0,learned,77,190.0,9,14,14,True,True,5.054154848139059e-09
0,learned,78,190.0,9,14,14,True,True,5.054154848139059e-09
0,learned,79,190.0,9,14,14,True,True,5.054154848139059e-09
0,learned,80,190.0,9,14,14,True,True,5.054154848139059e-09
0,learned,81,190.0,9,14,14,True,True,5.054154848139059e-09
0,learned,82,190.0,9,14,14,True,True,5.054154848139059e-09
0,learned,83,190.0,9,14,14,True,True,5.054154848139059e-09
0,learned,84,190.0,9,14,14,True,True,5.054154848139059e-09
0,learned,85,190.0,9,14,14,True,True,5.054154848139059e-09
0,learned,86,190.0,9,14,14,True,True,5.054154848139059e-09
0,learned,87,190.0,9,14,14,True,True,5.054154848139059e-09
0,learned,88,190.0,9,14,14,True,True,5.054154848139059e-09
0,learned,89,190.0,9,14,14,True,True,5.054154848139059e-09
0,learned,90,190.0,9,14,14,True,True,5.054154848139059e-09
0,learned,91,190.0,9,14,14,True,True,5.054154848139059e-09
0,learned,92,190.0,9,14,14,True,True,5.054154848139059e-09
0,learned,93,190.0,9,14,14,True,True,5.054154848139059e-09
0,learned,94,190.0,9,14,14,True,True,5.054154848139059e-09
0,learned,95,190.0,9,14,14,True,True,5.054154848139059e-09
0,learned,96,190.0,9,14,14,True,True,5.054154848139059e-09
0,learned,97,190.0,9,14,14,True,True,5.054154848139059e-09
0,learned,98,190.0,9,14,14,True,True,5.054154848139059e-09
0,learned,99,190.0,9,14,14,True,True,5.054154848139059e-09
0,learned,100,190.0,9,14,14,True,True,5.054154848139059e-09
1,initial,0,90.0,9,9,14,False,False,0.0
1,greedy,0,90.0,9,9,14,False,False,0.0
1,greedy,1,120.0,10,11,14,False,False,0.0
1,greedy,2,150.0,11,13,14,False,False,0.0
1,greedy,3,160.0,10,13,14,False,False,0.0
1,greedy,4,170.0,9,13,14,False,False,0.0
1,greedy,5,180.0,10,14,14,True,False,4.908871308167213e-07
1,greedy,6,190.0,9,14,14,True,True,4.900353026170764e-07
1,random,0,90.0,9,9,14,False,False,0.0
1,random,1,120.0,10,11,14,False,False,0.0
1,random,2,130.0,9,11,14,False,False,0.0
1,random,3,120.0,10,11,14,False,False,0.0
1,random,4,110.0,11,11,14,False,False,0.0
1,random,5,120.0,10,11,14,False,False,0.0
1,random,6,120.0,10,11,14,False,False,0.0
1,random,7,150.0,11,13,14,False,False,0.0
1,random,8,150.0,11,13,14,False,False,0.0
1,random,9,150.0,11,13,14,False,False,0.0
1,random,10,140.0,12,13,14,False,False,0.0
1,random,11,110.0,11,11,14,False,False,0.0
1,random,12,100.0,12,11,14,False,False,0.0
1,random,13,100.0,12,11,14,False,False,0.0
1,random,14,100.0,12,11,14,False,False,0.0
1,random,15,70.0,11,9,14,False,False,0.0
1,random,16,70.0,11,9,14,False,False,0.0
1,random,17,80.0,10,9,14,False,False,0.0
1,random,18,80.0,10,9,14,False,False,0.0
1,random,19,80.0,10,9,14,False,False,0.0
1,random,20,80.0,10,9,14,False,False,0.0
1,random,21,80.0,10,9,14,False,False,0.0
1,random,22,110.0,11,11,14,False,False,0.0
1,random,23,110.0,11,11,14,False,False,0.0
1,random,24,100.0,12,11,14,False,False,0.0
1,random,25,70.0,11,9,14,False,False,0.0
1,random,26,100.0,12,11,14,False,False,0.0
1,random,27,110.0,11,11,14,False,False,0.0
1,random,28,80.0,10,9,14,False,False,0.0
1,random,29,50.0,9,7,14,False,False,0.0
1,random,30,40.0,10,7,14,False,False,0.0
1,random,31,40.0,10,7,14,False,False,0.0
1,random,32,40.0,10,7,14,False,False,0.0
1,random,33,40.0,10,7,14,False,False,0.0
1,random,34,40.0,10,7,14,False,False,0.0
1,random,35,40.0,10,7,14,False,False,0.0
1,random,36,40.0,10,7,14,False,False,0.0
1,random,37,30.0,11,7,14,False,False,0.0
1,random,38,20.0,12,7,14,False,False,0.0
1,random,39,30.0,11,7,14,False,False,0.0
1,random,40,30.0,11,7,14,False,False,0.0
1,random,41,40.0,10,7,14,False,False,0.0
1,random,42,40.0,10,7,14,False,False,0.0
1,random,43,40.0,10,7,14,False,False,0.0
1,random,44,40.0,10,7,14,False,False,0.0
1,random,45,70.0,11,9,14,False,False,0.0
1,random,46,100.0,12,11,14,False,False,0.0
1,random,47,110.0,13,12,14,False,False,0.0
1,random,48,100.0,12,11,14,False,False,0.0
1,random,49,100.0,12,11,14,False,False,0.0
1,random,50,100.0,12,11,14,False,False,0.0
1,random,51,100.0,12,11,14,False,False,0.0
1,random,52,100.0,12,11,14,False,False,0.0
1,random,53,70.0,11,9,14,False,False,0.0
1,random,54,70.0,11,9,14,False,False,0.0
1,random,55,70.0,11,9,14,False,False,0.0
1,random,56,70.0,11,9,14,False,False,0.0
1,random,57,80.0,10,9,14,False,False,0.0
1,random,58,80.0,10,9,14,False,False,0.0
1,random,59,70.0,11,9,14,False,False,0.0
1,random,60,100.0,12,11,14,False,False,0.0
1,random,61,110.0,11,11,14,False,False,0.0
1,random,62,110.0,11,11,14,False,False,0.0
1,random,63,110.0,11,11,14,False,False,0.0
1,random,64,120.0,10,11,14,False,False,0.0
1,random,65,120.0,10,11,14,False,False,0.0
1,random,66,130.0,9,11,14,False,False,0.0
1,random,67,130.0,9,11,14,False,False,0.0
1,random,68,140.0,8,11,14,False,False,0.0
1,random,69,170.0,9,13,14,False,False,0.0
1,random,70,170.0,9,13,14,False,False,0.0
1,random,71,160.0,10,13,14,False,False,0.0
1,random,72,170.0,9,13,14,False,False,0.0
1,random,73,170.0,9,13,14,False,False,0.0
1,random,74,160.0,8,12,14,False,False,0.0
1,random,75,130.0,7,10,14,False,False,0.0
1,random,76,120.0,6,9,14,False,False,0.0
1,random,77,150.0,7,11,14,False,False,0.0
1,random,78,160.0,8,12,14,False,False,0.0
1,random,79,150.0,9,12,14,False,False,0.0
1,random,80,150.0,9,12,14,False,False,0.0
1,random,81,150.0,9,12,14,False,False,0.0
1,random,82,150.0,9,12,14,False,False,0.0
1,random,83,140.0,8,11,14,False,False,0.0
1,random,84,140.0,8,11,14,False,False,0.0
1,random,85,140.0,8,11,14,False,False,0.0
1,random,86,130.0,9,11,14,False,False,0.0
1,random,87,130.0,9,11,14,False,False,0.0
1,random,88,130.0,9,11,14,False,False,0.0
1,random,89,130.0,9,11,14,False,False,0.0
1,random,90,130.0,9,11,14,False,False,0.0
1,random,91,120.0,8,10,14,False,False,0.0
1,random,92,120.0,8,10,14,False,False,0.0
1,random,93,130.0,9,11,14,False,False,0.0
1,random,94,120.0,10,11,14,False,False,0.0
1,random,95,120.0,10,11,14,False,False,0.0
1,random,96,120.0,10,11,14,False,False,0.0
1,random,97,130.0,11,12,14,False,False,0.0
1,random,98,100.0,10,10,14,False,False,0.0
1,random,99,100.0,10,10,14,False,False,0.0
1,random,100,100.0,10,10,14,False,False,0.0
1,learned,0,90.0,9,9,14,False,False,0.0
1,learned,1,120.0,10,11,14,False,False,0.0
1,learned,2,130.0,11,12,14,False,False,0.0
1,learned,3,160.0,12,14,14,True,False,5.663717287254049e-06
1,learned,4,170.0,11,14,14,True,False,5.655101703057326e-06
1,learned,5,180.0,10,14,14,True,False,1.3902494992178402e-07
1,learned,6,190.0,9,14,14,True,True,1.315036469981881e-07
1,learned,7,190.0,9,14,14,True,True,1.315036469981881e-07
1,learned,8,190.0,9,14,14,True,True,1.315036469981881e-07
1,learned,9,190.0,9,14,14,True,True,1.315036469981881e-07
1,learned,10,190.0,9,14,14,True,True,1.315036469981881e-07
1,learned,11,190.0,9,14,14,True,True,1.315036469981881e-07
1,learned,12,190.0,9,14,14,True,True,1.315036469981881e-07
1,learned,13,190.0,9,14,14,True,True,1.315036469981881e-07
1,learned,14,190.0,9,14,14,True,True,1.315036469981881e-07
1,learned,15,190.0,9,14,14,True,True,1.315036469981881e-07
1,learned,16,190.0,9,14,14,True,True,1.315036469981881e-07
1,learned,17,190.0,9,14,14,True,True,1.315036469981881e-07
1,learned,18,190.0,9,14,14,True,True,1.315036469981881e-07
1,learned,19,190.0,9,14,14,True,True,1.315036469981881e-07
1,learned,20,190.0,9,14,14,True,True,1.315036469981881e-07
1,learned,21,190.0,9,14,14,True,True,1.315036469981881e-07
1,learned,22,190.0,9,14,14,True,True,1.315036469981881e-07
1,learned,23,190.0,9,14,14,True,True,1.315036469981881e-07
1,learned,24,190.0,9,14,14,True,True,1.315036469981881e-07
1,learned,25,190.0,9,14,14,True,True,1.315036469981881e-07
1,learned,26,190.0,9,14,14,True,True,1.315036469981881e-07
1,learned,27,190.0,9,14,14,True,True,1.315036469981881e-07
1,learned,28,190.0,9,14,14,True,True,1.315036469981881e-07
1,learned,29,190.0,9,14,14,True,True,1.315036469981881e-07
1,learned,30,190.0,9,14,14,True,True,1.315036469981881e-07
1,learned,31,190.0,9,14,14,True,True,1.315036469981881e-07
1,learned,32,190.0,9,14,14,True,True,1.315036469981881e-07
1,learned,33,190.0,9,14,14,True,True,1.315036469981881e-07
1,learned,34,190.0,9,14,14,True,True,1.315036469981881e-07
1,learned,35,190.0,9,14,14,True,True,1.315036469981881e-07
1,learned,36,190.0,9,14,14,True,True,1.315036469981881e-07
1,learned,37,190.0,9,14,14,True,True,1.315036469981881e-07
1,learned,38,190.0,9,14,14,True,True,1.315036469981881e-07
1,learned,39,190.0,9,14,14,True,True,1.315036469981881e-07
1,learned,40,190.0,9,14,14,True,True,1.315036469981881e-07
1,learned,41,190.0,9,14,14,True,True,1.315036469981881e-07
1,learned,42,190.0,9,14,14,True,True,1.315036469981881e-07
1,learned,43,190.0,9,14,14,True,True,1.315036469981881e-07
1,learned,44,190.0,9,14,14,True,True,1.315036469981881e-07
1,learned,45,190.0,9,14,14,True,True,1.315036469981881e-07
1,learned,46,190.0,9,14,14,True,True,1.315036469981881e-07
1,learned,47,190.0,9,14,14,True,True,1.315036469981881e-07
1,learned,48,190.0,9,14,14,True,True,1.315036469981881e-07
1,learned,49,190.0,9,14,14,True,True,1.315036469981881e-07
1,learned,50,190.0,9,14,14,True,True,1.315036469981881e-07
1,learned,51,190.0,9,14,14,True,True,1.315036469981881e-07
1,learned,52,190.0,9,14,14,True,True,1.315036469981881e-07
1,learned,53,190.0,9,14,14,True,True,1.315036469981881e-07
1,learned,54,190.0,9,14,14,True,True,1.315036469981881e-07
1,learned,55,190.0,9,14,14,True,True,1.315036469981881e-07
1,learned,56,190.0,9,14,14,True,True,1.315036469981881e-07
1,learned,57,190.0,9,14,14,True,True,1.315036469981881e-07
1,learned,58,190.0,9,14,14,True,True,1.315036469981881e-07
1,learned,59,190.0,9,14,14,True,True,1.315036469981881e-07
1,learned,60,190.0,9,14,14,True,True,1.315036469981881e-07
1,learned,61,190.0,9,14,14,True,True,1.315036469981881e-07
1,learned,62,190.0,9,14,14,True,True,1.315036469981881e-07
1,learned,63,190.0,9,14,14,True,True,1.315036469981881e-07
1,learned,64,190.0,9,14,14,True,True,1.315036469981881e-07
1,learned,65,190.0,9,14,14,True,True,1.315036469981881e-07
1,learned,66,190.0,9,14,14,True,True,1.315036469981881e-07
1,learned,67,190.0,9,14,14,True,True,1.315036469981881e-07
1,learned,68,190.0,9,14,14,True,True,1.315036469981881e-07
1,learned,69,190.0,9,14,14,True,True,1.315036469981881e-07
1,learned,70,190.0,9,14,14,True,True,1.315036469981881e-07
1,learned,71,190.0,9,14,14,True,True,1.315036469981881e-07
1,learned,72,190.0,9,14,14,True,True,1.315036469981881e-07
1,learned,73,190.0,9,14,14,True,True,1.315036469981881e-07
1,learned,74,190.0,9,14,14,True,True,1.315036469981881e-07
1,learned,75,190.0,9,14,14,True,True,1.315036469981881e-07
1,learned,76,190.0,9,14,14,True,True,1.315036469981881e-07
1,learned,77,190.0,9,14,14,True,True,1.315036469981881e-07
1,learned,78,190.0,9,14,14,True,True,1.315036469981881e-07
1,learned,79,190.0,9,14,14,True,True,1.315036469981881e-07
1,learned,80,190.0,9,14,14,True,True,1.315036469981881e-07
1,learned,81,190.0,9,14,14,True,True,1.315036469981881e-07
1,learned,82,190.0,9,14,14,True,True,1.315036469981881e-07
1,learned,83,190.0,9,14,14,True,True,1.315036469981881e-07
1,learned,84,190.0,9,14,14,True,True,1.315036469981881e-07
1,learned,85,190.0,9,14,14,True,True,1.315036469981881e-07
1,learned,86,190.0,9,14,14,True,True,1.315036469981881e-07
1,learned,87,190.0,9,14,14,True,True,1.315036469981881e-07
1,learned,88,190.0,9,14,14,True,True,1.315036469981881e-07
1,learned,89,190.0,9,14,14,True,True,1.315036469981881e-07
1,learned,90,190.0,9,14,14,True,True,1.315036469981881e-07
1,learned,91,190.0,9,14,14,True,True,1.315036469981881e-07
1,learned,92,190.0,9,14,14,True,True,1.315036469981881e-07
1,learned,93,190.0,9,14,14,True,True,1.315036469981881e-07
1,learned,94,190.0,9,14,14,True,True,1.315036469981881e-07
1,learned,95,190.0,9,14,14,True,True,1.315036469981881e-07
1,learned,96,190.0,9,14,14,True,True,1.315036469981881e-07
1,learned,97,190.0,9,14,14,True,True,1.315036469981881e-07
1,learned,98,190.0,9,14,14,True,True,1.315036469981881e-07
1,learned,99,190.0,9,14,14,True,True,1.315036469981881e-07
1,learned,100,190.0,9,14,14,True,True,1.315036469981881e-07
2,initial,0,30.0,1,2,14,False,False,0.0
2,greedy,0,30.0,1,2,14,False,False,0.0
2,greedy,1,60.0,2,4,14,False,False,0.0
2,greedy,2,90.0,3,6,14,False,False,0.0
2,greedy,3,120.0,4,8,14,False,False,0.0
2,greedy,4,150.0,5,10,14,False,False,0.0
2,greedy,5,160.0,6,11,14,False,False,0.0
2,greedy,6,170.0,7,12,14,False,False,0.0
2,greedy,7,180.0,8,13,14,False,False,0.0
2,greedy,8,190.0,9,14,14,True,False,9.606866351050972e-07
2,random,0,30.0,1,2,14,False,False,0.0
2,random,1,40.0,2,3,14,False,False,0.0
2,random,2,70.0,3,5,14,False,False,0.0
2,random,3,80.0,4,6,14,False,False,0.0
2,random,4,80.0,4,6,14,False,False,0.0
2,random,5,80.0,4,6,14,False,False,0.0
2,random,6,80.0,4,6,14,False,False,0.0
2,random,7,70.0,5,6,14,False,False,0.0
2,random,8,70.0,5,6,14,False,False,0.0
2,random,9,40.0,4,4,14,False,False,0.0
2,random,10,50.0,5,5,14,False,False,0.0
2,random,11,80.0,6,7,14,False,False,0.0
2,random,12,80.0,6,7,14,False,False,0.0
2,random,13,80.0,6,7,14,False,False,0.0
2,random,14,110.0,7,9,14,False,False,0.0
2,random,15,100.0,8,9,14,False,False,0.0
2,random,16,70.0,7,7,14,False,False,0.0
2,random,17,70.0,7,7,14,False,False,0.0
2,random,18,80.0,8,8,14,False,False,0.0
2,random,19,90.0,7,8,14,False,False,0.0
2,random,20,80.0,6,7,14,False,False,0.0
2,random,21,110.0,7,9,14,False,False,0.0
2,random,22,120.0,6,9,14,False,False,0.0
2,random,23,120.0,6,9,14,False,False,0.0
2,random,24,120.0,6,9,14,False,False,0.0
2,random,25,120.0,6,9,14,False,False,0.0
2,random,26,110.0,5,8,14,False,False,0.0
2,random,27,120.0,6,9,14,False,False,0.0
2,random,28,130.0,7,10,14,False,False,0.0
2,random,29,160.0,8,12,14,False,False,0.0
2,random,30,130.0,7,10,14,False,False,0.0
2,random,31,130.0,7,10,14,False,False,0.0
2,random,32,120.0,6,9,14,False,False,0.0
2,random,33,120.0,6,9,14,False,False,0.0
2,random,34,120.0,6,9,14,False,False,0.0
2,random,35,130.0,7,10,14,False,False,0.0
2,random,36,120.0,8,10,14,False,False,0.0
2,random,37,110.0,7,9,14,False,False,0.0
2,random,38,110.0,7,9,14,False,False,0.0
2,random,39,110.0,7,9,14,False,False,0.0
2,random,40,110.0,7,9,14,False,False,0.0
2,random,41,100.0,6,8,14,False,False,0.0
2,random,42,90.0,7,8,14,False,False,0.0
2,random,43,100.0,8,9,14,False,False,0.0
2,random,44,100.0,8,9,14,False,False,0.0
2,random,45,100.0,8,9,14,False,False,0.0
2,random,46,100.0,8,9,14,False,False,0.0
2,random,47,90.0,9,9,14,False,False,0.0
2,random,48,60.0,8,7,14,False,False,0.0
2,random,49,60.0,8,7,14,False,False,0.0
2,random,50,60.0,8,7,14,False,False,0.0
2,random,51,90.0,9,9,14,False,False,0.0
2,random,52,90.0,9,9,14,False,False,0.0
2,random,53,100.0,10,10,14,False,False,0.0
2,random,54,100.0,10,10,14,False,False,0.0
2,random,55,100.0,10,10,14,False,False,0.0
2,random,56,100.0,10,10,14,False,False,0.0
2,random,57,100.0,10,10,14,False,False,0.0
2,random,58,100.0,10,10,14,False,False,0.0
2,random,59,70.0,9,8,14,False,False,0.0
2,random,60,100.0,10,10,14,False,False,0.0
2,random,61,110.0,9,10,14,False,False,0.0
2,random,62,110.0,9,10,14,False,False,0.0
2,random,63,110.0,9,10,14,False,False,0.0
2,random,64,100.0,8,9,14,False,False,0.0
2,random,65,70.0,7,7,14,False,False,0.0
2,random,66,70.0,7,7,14,False,False,0.0
2,random,67,80.0,8,8,14,False,False,0.0
2,random,68,70.0,7,7,14,False,False,0.0
2,random,69,100.0,8,9,14,False,False,0.0
2,random,70,110.0,9,10,14,False,False,0.0
2,random,71,110.0,9,10,14,False,False,0.0
2,random,72,140.0,10,12,14,False,False,0.0
2,random,73,140.0,10,12,14,False,False,0.0
2,random,74,140.0,10,12,14,False,False,0.0
2,random,75,140.0,10,12,14,False,False,0.0
2,random,76,150.0,9,12,14,False,False,0.0
2,random,77,140.0,8,11,14,False,False,0.0
2,random,78,140.0,8,11,14,False,False,0.0
2,random,79,140.0,8,11,14,False,False,0.0
2,random,80,170.0,9,13,14,False,False,0.0
2,random,81,160.0,10,13,14,False,False,0.0
2,random,82,160.0,10,13,14,False,False,0.0
2,random,83,170.0,11,14,14,True,False,2.4301133583055182e-06
2,random,84,170.0,11,14,14,True,False,2.4301133583055182e-06
2,random,85,160.0,12,14,14,True,False,2.512917797149876e-06
2,random,86,170.0,11,14,14,True,False,2.298633920034865e-06
2,random,87,180.0,10,14,14,True,False,1.552244436175997e-06
2,random,88,170.0,11,14,14,True,False,1.5523098289403339e-06
2,random,89,170.0,11,14,14,True,False,1.5523098289403339e-06
2,random,90,170.0,11,14,14,True,False,1.5523098289403339e-06
2,random,91,170.0,11,14,14,True,False,1.5523098289403339e-06
2,random,92,160.0,10,13,14,False,False,0.0
2,random,93,160.0,10,13,14,False,False,0.0
2,random,94,160.0,10,13,14,False,False,0.0
2,random,95,160.0,10,13,14,False,False,0.0
2,random,96,160.0,10,13,14,False,False,0.0
2,random,97,160.0,10,13,14,False,False,0.0
2,random,98,170.0,11,14,14,True,False,1.5523098289403339e-06
2,random,99,140.0,10,12,14,False,False,0.0
2,random,100,140.0,10,12,14,False,False,0.0
2,learned,0,30.0,1,2,14,False,False,0.0
2,learned,1,60.0,2,4,14,False,False,0.0
2,learned,2,90.0,3,6,14,False,False,0.0
2,learned,3,100.0,4,7,14,False,False,0.0
2,learned,4,110.0,5,8,14,False,False,0.0
2,learned,5,120.0,6,9,14,False,False,0.0
2,learned,6,150.0,7,11,14,False,False,0.0
2,learned,7,180.0,8,13,14,False,False,0.0
2,learned,8,190.0,9,14,14,True,False,1.4167822861835275e-07
2,learned,9,190.0,9,14,14,True,False,1.4167822861835275e-07
2,learned,10,190.0,9,14,14,True,False,1.4167822861835275e-07
2,learned,11,190.0,9,14,14,True,False,1.4167822861835275e-07
2,learned,12,190.0,9,14,14,True,False,1.4167822861835275e-07
2,learned,13,190.0,9,14,14,True,False,1.4167822861835275e-07
2,learned,14,190.0,9,14,14,True,False,1.4167822861835275e-07
2,learned,15,190.0,9,14,14,True,False,1.4167822861835275e-07
2,learned,16,190.0,9,14,14,True,False,1.4167822861835275e-07
2,learned,17,190.0,9,14,14,True,False,1.4167822861835275e-07
2,learned,18,190.0,9,14,14,True,False,1.4167822861835275e-07
2,learned,19,190.0,9,14,14,True,False,1.4167822861835275e-07
2,learned,20,190.0,9,14,14,True,False,1.4167822861835275e-07
2,learned,21,190.0,9,14,14,True,False,1.4167822861835275e-07
2,learned,22,190.0,9,14,14,True,False,1.4167822861835275e-07
2,learned,23,190.0,9,14,14,True,False,1.4167822861835275e-07
2,learned,24,190.0,9,14,14,True,False,1.4167822861835275e-07
2,learned,25,190.0,9,14,14,True,False,1.4167822861835275e-07
2,learned,26,190.0,9,14,14,True,False,1.4167822861835275e-07
2,learned,27,190.0,9,14,14,True,False,1.4167822861835275e-07
2,learned,28,190.0,9,14,14,True,False,1.4167822861835275e-07
2,learned,29,190.0,9,14,14,True,False,1.4167822861835275e-07
2,learned,30,190.0,9,14,14,True,False,1.4167822861835275e-07
2,learned,31,190.0,9,14,14,True,False,1.4167822861835275e-07
2,learned,32,190.0,9,14,14,True,False,1.4167822861835275e-07
2,learned,33,190.0,9,14,14,True,False,1.4167822861835275e-07
2,learned,34,190.0,9,14,14,True,False,1.4167822861835275e-07
2,learned,35,190.0,9,14,14,True,False,1.4167822861835275e-07
2,learned,36,190.0,9,14,14,True,False,1.4167822861835275e-07
2,learned,37,190.0,9,14,14,True,False,1.4167822861835275e-07
2,learned,38,190.0,9,14,14,True,False,1.4167822861835275e-07
2,learned,39,190.0,9,14,14,True,False,1.4167822861835275e-07
2,learned,40,190.0,9,14,14,True,False,1.4167822861835275e-07
2,learned,41,190.0,9,14,14,True,False,1.4167822861835275e-07
2,learned,42,190.0,9,14,14,True,False,1.4167822861835275e-07
2,learned,43,190.0,9,14,14,True,False,1.4167822861835275e-07
2,learned,44,190.0,9,14,14,True,False,1.4167822861835275e-07
2,learned,45,190.0,9,14,14,True,False,1.4167822861835275e-07
2,learned,46,190.0,9,14,14,True,False,1.4167822861835275e-07
2,learned,47,190.0,9,14,14,True,False,1.4167822861835275e-07
2,learned,48,190.0,9,14,14,True,False,1.4167822861835275e-07
2,learned,49,190.0,9,14,14,True,False,1.4167822861835275e-07
2,learned,50,190.0,9,14,14,True,False,1.4167822861835275e-07
2,learned,51,190.0,9,14,14,True,False,1.4167822861835275e-07
2,learned,52,190.0,9,14,14,True,False,1.4167822861835275e-07
2,learned,53,190.0,9,14,14,True,False,1.4167822861835275e-07
2,learned,54,190.0,9,14,14,True,False,1.4167822861835275e-07
2,learned,55,190.0,9,14,14,True,False,1.4167822861835275e-07
2,learned,56,190.0,9,14,14,True,False,1.4167822861835275e-07
2,learned,57,190.0,9,14,14,True,False,1.4167822861835275e-07
2,learned,58,190.0,9,14,14,True,False,1.4167822861835275e-07
2,learned,59,190.0,9,14,14,True,False,1.4167822861835275e-07
2,learned,60,190.0,9,14,14,True,False,1.4167822861835275e-07
2,learned,61,190.0,9,14,14,True,False,1.4167822861835275e-07
2,learned,62,190.0,9,14,14,True,False,1.4167822861835275e-07
2,learned,63,190.0,9,14,14,True,False,1.4167822861835275e-07
2,learned,64,190.0,9,14,14,True,False,1.4167822861835275e-07
2,learned,65,190.0,9,14,14,True,False,1.4167822861835275e-07
2,learned,66,190.0,9,14,14,True,False,1.4167822861835275e-07
2,learned,67,190.0,9,14,14,True,False,1.4167822861835275e-07
2,learned,68,190.0,9,14,14,True,False,1.4167822861835275e-07
2,learned,69,190.0,9,14,14,True,False,1.4167822861835275e-07
2,learned,70,190.0,9,14,14,True,False,1.4167822861835275e-07
2,learned,71,190.0,9,14,14,True,False,1.4167822861835275e-07
2,learned,72,190.0,9,14,14,True,False,1.4167822861835275e-07
2,learned,73,190.0,9,14,14,True,False,1.4167822861835275e-07
2,learned,74,190.0,9,14,14,True,False,1.4167822861835275e-07
2,learned,75,190.0,9,14,14,True,False,1.4167822861835275e-07
2,learned,76,190.0,9,14,14,True,False,1.4167822861835275e-07
2,learned,77,190.0,9,14,14,True,False,1.4167822861835275e-07
2,learned,78,190.0,9,14,14,True,False,1.4167822861835275e-07
2,learned,79,190.0,9,14,14,True,False,1.4167822861835275e-07
2,learned,80,190.0,9,14,14,True,False,1.4167822861835275e-07
2,learned,81,190.0,9,14,14,True,False,1.4167822861835275e-07
2,learned,82,190.0,9,14,14,True,False,1.4167822861835275e-07
2,learned,83,190.0,9,14,14,True,False,1.4167822861835275e-07
2,learned,84,190.0,9,14,14,True,False,1.4167822861835275e-07
2,learned,85,190.0,9,14,14,True,False,1.4167822861835275e-07
2,learned,86,190.0,9,14,14,True,False,1.4167822861835275e-07
2,learned,87,190.0,9,14,14,True,False,1.4167822861835275e-07
2,learned,88,190.0,9,14,14,True,False,1.4167822861835275e-07
2,learned,89,190.0,9,14,14,True,False,1.4167822861835275e-07
2,learned,90,190.0,9,14,14,True,False,1.4167822861835275e-07
2,learned,91,190.0,9,14,14,True,False,1.4167822861835275e-07
2,learned,92,190.0,9,14,14,True,False,1.4167822861835275e-07
2,learned,93,190.0,9,14,14,True,False,1.4167822861835275e-07
2,learned,94,190.0,9,14,14,True,False,1.4167822861835275e-07
2,learned,95,190.0,9,14,14,True,False,1.4167822861835275e-07
2,learned,96,190.0,9,14,14,True,False,1.4167822861835275e-07
2,learned,97,190.0,9,14,14,True,False,1.4167822861835275e-07
2,learned,98,190.0,9,14,14,True,False,1.4167822861835275e-07
2,learned,99,190.0,9,14,14,True,False,1.4167822861835275e-07
2,learned,100,190.0,9,14,14,True,False,1.4167822861835275e-07
3,initial,0,110.0,7,9,14,False,False,0.0
3,greedy,0,110.0,7,9,14,False,False,0.0
3,greedy,1,140.0,8,11,14,False,False,0.0
3,greedy,2,170.0,9,13,14,False,False,0.0
3,greedy,3,180.0,10,14,14,True,False,4.5967291563176994e-08
3,greedy,4,190.0,9,14,14,True,True,3.106062193289813e-08
3,random,0,110.0,7,9,14,False,False,0.0
3,random,1,120.0,8,10,14,False,False,0.0
3,random,2,110.0,9,10,14,False,False,0.0
3,random,3,110.0,9,10,14,False,False,0.0
3,random,4,110.0,9,10,14,False,False,0.0
3,random,5,110.0,9,10,14,False,False,0.0
3,random,6,140.0,10,12,14,False,False,0.0
3,random,7,130.0,11,12,14,False,False,0.0
3,random,8,120.0,10,11,14,False,False,0.0
3,random,9,120.0,10,11,14,False,False,0.0
3,random,10,120.0,10,11,14,False,False,0.0
3,random,11,120.0,10,11,14,False,False,0.0
3,random,12,120.0,10,11,14,False,False,0.0
3,random,13,120.0,10,11,14,False,False,0.0
3,random,14,120.0,10,11,14,False,False,0.0
3,random,15,120.0,10,11,14,False,False,0.0
3,random,16,120.0,10,11,14,False,False,0.0
3,random,17,130.0,11,12,14,False,False,0.0
3,random,18,130.0,11,12,14,False,False,0.0
3,random,19,160.0,12,14,14,True,False,1.308478151993501e-07
3,random,20,150.0,13,14,14,True,False,9.025046022724833e-07
3,random,21,150.0,13,14,14,True,False,9.025046022724833e-07
3,random,22,140.0,14,14,14,True,False,5.25489682371981e-05
3,random,23,140.0,14,14,14,True,False,5.25489682371981e-05
3,random,24,140.0,14,14,14,True,False,5.25489682371981e-05
3,random,25,130.0,15,14,14,True,False,5.288023272592164e-05
3,random,26,140.0,14,14,14,True,False,5.123185640559482e-05
3,random,27,140.0,14,14,14,True,False,5.123185640559482e-05
3,random,28,140.0,14,14,14,True,False,5.123185640559482e-05
3,random,29,140.0,14,14,14,True,False,5.123185640559482e-05
3,random,30,130.0,13,13,14,False,False,0.0
3,random,31,120.0,14,13,14,False,False,0.0
3,random,32,120.0,14,13,14,False,False,0.0
3,random,33,120.0,14,13,14,False,False,0.0
3,random,34,130.0,15,14,14,True,False,5.288023272592164e-05
3,random,35,140.0,14,14,14,True,False,5.123185640559482e-05
3,random,36,150.0,13,14,14,True,False,9.013725255482936e-07
3,random,37,150.0,13,14,14,True,False,9.013725255482936e-07
3,random,38,140.0,12,13,14,False,False,0.0
3,random,39,130.0,13,13,14,False,False,0.0
3,random,40,130.0,13,13,14,False,False,0.0
3,random,41,140.0,12,13,14,False,False,0.0
3,random,42,140.0,12,13,14,False,False,0.0
3,random,43,110.0,11,11,14,False,False,0.0
3,random,44,110.0,11,11,14,False,False,0.0
3,random,45,120.0,10,11,14,False,False,0.0
3,random,46,120.0,10,11,14,False,False,0.0
3,random,47,120.0,10,11,14,False,False,0.0
3,random,48,150.0,11,13,14,False,False,0.0
3,random,49,150.0,11,13,14,False,False,0.0
3,random,50,150.0,11,13,14,False,False,0.0
3,random,51,150.0,11,13,14,False,False,0.0
3,random,52,150.0,11,13,14,False,False,0.0
3,random,53,150.0,11,13,14,False,False,0.0
3,random,54,120.0,10,11,14,False,False,0.0
3,random,55,110.0,9,10,14,False,False,0.0
3,random,56,80.0,8,8,14,False,False,0.0
3,random,57,80.0,8,8,14,False,False,0.0
3,random,58,50.0,7,6,14,False,False,0.0
3,random,59,50.0,7,6,14,False,False,0.0
3,random,60,50.0,7,6,14,False,False,0.0
3,random,61,60.0,6,6,14,False,False,0.0
3,random,62,60.0,6,6,14,False,False,0.0
3,random,63,60.0,6,6,14,False,False,0.0
3,random,64,50.0,7,6,14,False,False,0.0
3,random,65,50.0,7,6,14,False,False,0.0
3,random,66,40.0,8,6,14,False,False,0.0
3,random,67,40.0,8,6,14,False,False,0.0
3,random,68,40.0,8,6,14,False,False,0.0
3,random,69,50.0,9,7,14,False,False,0.0
3,random,70,60.0,8,7,14,False,False,0.0
3,random,71,60.0,8,7,14,False,False,0.0
3,random,72,50.0,9,7,14,False,False,0.0
3,random,73,50.0,9,7,14,False,False,0.0
3,random,74,80.0,10,9,14,False,False,0.0
3,random,75,50.0,9,7,14,False,False,0.0
3,random,76,50.0,9,7,14,False,False,0.0
3,random,77,50.0,9,7,14,False,False,0.0
3,random,78,50.0,9,7,14,False,False,0.0
3,random,79,50.0,9,7,14,False,False,0.0
3,random,80,50.0,9,7,14,False,False,0.0
3,random,81,60.0,8,7,14,False,False,0.0
3,random,82,90.0,9,9,14,False,False,0.0
3,random,83,100.0,8,9,14,False,False,0.0
3,random,84,110.0,7,9,14,False,False,0.0
3,random,85,110.0,7,9,14,False,False,0.0
3,random,86,110.0,7,9,14,False,False,0.0
3,random,87,100.0,8,9,14,False,False,0.0
3,random,88,110.0,9,10,14,False,False,0.0
3,random,89,110.0,9,10,14,False,False,0.0
3,random,90,110.0,9,10,14,False,False,0.0
3,random,91,100.0,10,10,14,False,False,0.0
3,random,92,90.0,9,9,14,False,False,0.0
3,random,93,120.0,10,11,14,False,False,0.0
3,random,94,110.0,11,11,14,False,False,0.0
3,random,95,120.0,10,11,14,False,False,0.0
3,random,96,90.0,9,9,14,False,False,0.0
3,random,97,90.0,9,9,14,False,False,0.0
3,random,98,90.0,9,9,14,False,False,0.0
3,random,99,100.0,8,9,14,False,False,0.0
3,random,100,110.0,7,9,14,False,False,0.0
3,learned,0,110.0,7,9,14,False,False,0.0
3,learned,1,140.0,8,11,14,False,False,0.0
3,learned,2,170.0,9,13,14,False,False,0.0
3,learned,3,180.0,10,14,14,True,False,3.8148355635127826e-08
3,learned,4,190.0,9,14,14,True,True,2.5762177405628127e-08
3,learned,5,180.0,10,14,14,True,False,2.7220394097997423e-06
3,learned,6,190.0,9,14,14,True,False,2.6943060516072928e-06
3,learned,7,190.0,9,14,14,True,False,2.6943060516072928e-06
3,learned,8,190.0,9,14,14,True,False,2.6943060516072928e-06
3,learned,9,190.0,9,14,14,True,False,2.6943060516072928e-06
3,learned,10,190.0,9,14,14,True,False,2.6943060516072928e-06
3,learned,11,190.0,9,14,14,True,False,2.6943060516072928e-06
3,learned,12,190.0,9,14,14,True,False,2.6943060516072928e-06
3,learned,13,190.0,9,14,14,True,False,2.6943060516072928e-06
3,learned,14,190.0,9,14,14,True,False,2.6943060516072928e-06
3,learned,15,190.0,9,14,14,True,False,2.6943060516072928e-06
3,learned,16,190.0,9,14,14,True,False,2.6943060516072928e-06
3,learned,17,190.0,9,14,14,True,False,2.6943060516072928e-06
3,learned,18,190.0,9,14,14,True,False,2.6943060516072928e-06
3,learned,19,190.0,9,14,14,True,False,2.6943060516072928e-06
3,learned,20,190.0,9,14,14,True,False,2.6943060516072928e-06
3,learned,21,190.0,9,14,14,True,False,2.6943060516072928e-06
3,learned,22,190.0,9,14,14,True,False,2.6943060516072928e-06
3,learned,23,190.0,9,14,14,True,False,2.6943060516072928e-06
3,learned,24,190.0,9,14,14,True,False,2.6943060516072928e-06
3,learned,25,190.0,9,14,14,True,False,2.6943060516072928e-06
3,learned,26,190.0,9,14,14,True,False,2.6943060516072928e-06
3,learned,27,190.0,9,14,14,True,False,2.6943060516072928e-06
3,learned,28,190.0,9,14,14,True,False,2.6943060516072928e-06
3,learned,29,190.0,9,14,14,True,False,2.6943060516072928e-06
3,learned,30,190.0,9,14,14,True,False,2.6943060516072928e-06
3,learned,31,190.0,9,14,14,True,False,2.6943060516072928e-06
3,learned,32,190.0,9,14,14,True,False,2.6943060516072928e-06
3,learned,33,190.0,9,14,14,True,False,2.6943060516072928e-06
3,learned,34,190.0,9,14,14,True,False,2.6943060516072928e-06
3,learned,35,190.0,9,14,14,True,False,2.6943060516072928e-06
3,learned,36,190.0,9,14,14,True,False,2.6943060516072928e-06
3,learned,37,190.0,9,14,14,True,False,2.6943060516072928e-06
3,learned,38,190.0,9,14,14,True,False,2.6943060516072928e-06
3,learned,39,190.0,9,14,14,True,False,2.6943060516072928e-06
3,learned,40,190.0,9,14,14,True,False,2.6943060516072928e-06
3,learned,41,190.0,9,14,14,True,False,2.6943060516072928e-06
3,learned,42,190.0,9,14,14,True,False,2.6943060516072928e-06
3,learned,43,190.0,9,14,14,True,False,2.6943060516072928e-06
3,learned,44,190.0,9,14,14,True,False,2.6943060516072928e-06
3,learned,45,190.0,9,14,14,True,False,2.6943060516072928e-06
3,learned,46,190.0,9,14,14,True,False,2.6943060516072928e-06
3,learned,47,190.0,9,14,14,True,False,2.6943060516072928e-06
3,learned,48,190.0,9,14,14,True,False,2.6943060516072928e-06
3,learned,49,190.0,9,14,14,True,False,2.6943060516072928e-06
3,learned,50,190.0,9,14,14,True,False,2.6943060516072928e-06
3,learned,51,190.0,9,14,14,True,False,2.6943060516072928e-06
3,learned,52,190.0,9,14,14,True,False,2.6943060516072928e-06
3,learned,53,190.0,9,14,14,True,False,2.6943060516072928e-06
3,learned,54,190.0,9,14,14,True,False,2.6943060516072928e-06
3,learned,55,190.0,9,14,14,True,False,2.6943060516072928e-06
3,learned,56,190.0,9,14,14,True,False,2.6943060516072928e-06
3,learned,57,190.0,9,14,14,True,False,2.6943060516072928e-06
3,learned,58,190.0,9,14,14,True,False,2.6943060516072928e-06
3,learned,59,190.0,9,14,14,True,False,2.6943060516072928e-06
3,learned,60,190.0,9,14,14,True,False,2.6943060516072928e-06
3,learned,61,190.0,9,14,14,True,False,2.6943060516072928e-06
3,learned,62,190.0,9,14,14,True,False,2.6943060516072928e-06
3,learned,63,190.0,9,14,14,True,False,2.6943060516072928e-06
3,learned,64,190.0,9,14,14,True,False,2.6943060516072928e-06
3,learned,65,190.0,9,14,14,True,False,2.6943060516072928e-06
3,learned,66,190.0,9,14,14,True,False,2.6943060516072928e-06
3,learned,67,190.0,9,14,14,True,False,2.6943060516072928e-06
3,learned,68,190.0,9,14,14,True,False,2.6943060516072928e-06
3,learned,69,190.0,9,14,14,True,False,2.6943060516072928e-06
3,learned,70,190.0,9,14,14,True,False,2.6943060516072928e-06
3,learned,71,190.0,9,14,14,True,False,2.6943060516072928e-06
3,learned,72,190.0,9,14,14,True,False,2.6943060516072928e-06
3,learned,73,190.0,9,14,14,True,False,2.6943060516072928e-06
3,learned,74,190.0,9,14,14,True,False,2.6943060516072928e-06
3,learned,75,190.0,9,14,14,True,False,2.6943060516072928e-06
3,learned,76,190.0,9,14,14,True,False,2.6943060516072928e-06
3,learned,77,190.0,9,14,14,True,False,2.6943060516072928e-06
3,learned,78,190.0,9,14,14,True,False,2.6943060516072928e-06
3,learned,79,190.0,9,14,14,True,False,2.6943060516072928e-06
3,learned,80,190.0,9,14,14,True,False,2.6943060516072928e-06
3,learned,81,190.0,9,14,14,True,False,2.6943060516072928e-06
3,learned,82,190.0,9,14,14,True,False,2.6943060516072928e-06
3,learned,83,190.0,9,14,14,True,False,2.6943060516072928e-06
3,learned,84,190.0,9,14,14,True,False,2.6943060516072928e-06
3,learned,85,190.0,9,14,14,True,False,2.6943060516072928e-06
3,learned,86,190.0,9,14,14,True,False,2.6943060516072928e-06
3,learned,87,190.0,9,14,14,True,False,2.6943060516072928e-06
3,learned,88,190.0,9,14,14,True,False,2.6943060516072928e-06
3,learned,89,190.0,9,14,14,True,False,2.6943060516072928e-06
3,learned,90,190.0,9,14,14,True,False,2.6943060516072928e-06
3,learned,91,190.0,9,14,14,True,False,2.6943060516072928e-06
3,learned,92,190.0,9,14,14,True,False,2.6943060516072928e-06
3,learned,93,190.0,9,14,14,True,False,2.6943060516072928e-06
3,learned,94,190.0,9,14,14,True,False,2.6943060516072928e-06
3,learned,95,190.0,9,14,14,True,False,2.6943060516072928e-06
3,learned,96,190.0,9,14,14,True,False,2.6943060516072928e-06
3,learned,97,190.0,9,14,14,True,False,2.6943060516072928e-06
3,learned,98,190.0,9,14,14,True,False,2.6943060516072928e-06
3,learned,99,190.0,9,14,14,True,False,2.6943060516072928e-06
3,learned,100,190.0,9,14,14,True,False,2.6943060516072928e-06
4,initial,0,40.0,2,3,14,False,False,0.0
4,greedy,0,40.0,2,3,14,False,False,0.0
4,greedy,1,70.0,3,5,14,False,False,0.0
4,greedy,2,100.0,4,7,14,False,False,0.0
4,greedy,3,130.0,5,9,14,False,False,0.0
4,greedy,4,160.0,6,11,14,False,False,0.0
4,greedy,5,170.0,7,12,14,False,False,0.0
4,greedy,6,180.0,8,13,14,False,False,0.0
4,greedy,7,190.0,9,14,14,True,False,5.594309564844161e-06
4,random,0,40.0,2,3,14,False,False,0.0
4,random,1,10.0,1,1,14,False,False,0.0
4,random,2,20.0,2,2,14,False,False,0.0
4,random,3,20.0,2,2,14,False,False,0.0
4,random,4,50.0,3,4,14,False,False,0.0
4,random,5,60.0,4,5,14,False,False,0.0
4,random,6,30.0,3,3,14,False,False,0.0
4,random,7,30.0,3,3,14,False,False,0.0
4,random,8,60.0,4,5,14,False,False,0.0
4,random,9,30.0,3,3,14,False,False,0.0
4,random,10,30.0,3,3,14,False,False,0.0
4,random,11,30.0,3,3,14,False,False,0.0
4,random,12,30.0,3,3,14,False,False,0.0
4,random,13,30.0,3,3,14,False,False,0.0
4,random,14,30.0,3,3,14,False,False,0.0
4,random,15,60.0,4,5,14,False,False,0.0
4,random,16,70.0,5,6,14,False,False,0.0
4,random,17,70.0,5,6,14,False,False,0.0
4,random,18,70.0,5,6,14,False,False,0.0
4,random,19,60.0,4,5,14,False,False,0.0
4,random,20,60.0,4,5,14,False,False,0.0
4,random,21,70.0,5,6,14,False,False,0.0
4,random,22,100.0,6,8,14,False,False,0.0
4,random,23,70.0,5,6,14,False,False,0.0
4,random,24,100.0,6,8,14,False,False,0.0
4,random,25,100.0,6,8,14,False,False,0.0
4,random,26,90.0,7,8,14,False,False,0.0
4,random,27,90.0,7,8,14,False,False,0.0
4,random,28,90.0,7,8,14,False,False,0.0
4,random,29,120.0,8,10,14,False,False,0.0
4,random,30,120.0,8,10,14,False,False,0.0
4,random,31,120.0,8,10,14,False,False,0.0
4,random,32,150.0,9,12,14,False,False,0.0
4,random,33,150.0,9,12,14,False,False,0.0
4,random,34,120.0,8,10,14,False,False,0.0
4,random,35,110.0,9,10,14,False,False,0.0
4,random,36,140.0,10,12,14,False,False,0.0
4,random,37,140.0,10,12,14,False,False,0.0
4,random,38,140.0,10,12,14,False,False,0.0
4,random,39,140.0,10,12,14,False,False,0.0
4,random,40,110.0,9,10,14,False,False,0.0
4,random,41,110.0,9,10,14,False,False,0.0
4,random,42,110.0,9,10,14,False,False,0.0
4,random,43,140.0,10,12,14,False,False,0.0
4,random,44,140.0,10,12,14,False,False,0.0
4,random,45,140.0,10,12,14,False,False,0.0
4,random,46,140.0,10,12,14,False,False,0.0
4,random,47,140.0,10,12,14,False,False,0.0
4,random,48,140.0,10,12,14,False,False,0.0
4,random,49,150.0,11,13,14,False,False,0.0
4,random,50,150.0,11,13,14,False,False,0.0
4,random,51,150.0,11,13,14,False,False,0.0
4,random,52,160.0,10,13,14,False,False,0.0
4,random,53,160.0,10,13,14,False,False,0.0
4,random,54,160.0,10,13,14,False,False,0.0
4,random,55,150.0,11,13,14,False,False,0.0
4,random,56,140.0,12,13,14,False,False,0.0
4,random,57,130.0,13,13,14,False,False,0.0
4,random,58,130.0,13,13,14,False,False,0.0
4,random,59,130.0,13,13,14,False,False,0.0
4,random,60,130.0,13,13,14,False,False,0.0
4,random,61,120.0,14,13,14,False,False,0.0
4,random,62,130.0,13,13,14,False,False,0.0
4,random,63,130.0,13,13,14,False,False,0.0
4,random,64,120.0,14,13,14,False,False,0.0
4,random,65,130.0,13,13,14,False,False,0.0
4,random,66,130.0,13,13,14,False,False,0.0
4,random,67,140.0,12,13,14,False,False,0.0
4,random,68,150.0,11,13,14,False,False,0.0
4,random,69,140.0,12,13,14,False,False,0.0
4,random,70,140.0,12,13,14,False,False,0.0
4,random,71,140.0,12,13,14,False,False,0.0
4,random,72,150.0,11,13,14,False,False,0.0
4,random,73,140.0,12,13,14,False,False,0.0
4,random,74,130.0,13,13,14,False,False,0.0
4,random,75,140.0,12,13,14,False,False,0.0
4,random,76,150.0,11,13,14,False,False,0.0
4,random,77,120.0,10,11,14,False,False,0.0
4,random,78,120.0,10,11,14,False,False,0.0
4,random,79,130.0,9,11,14,False,False,0.0
4,random,80,130.0,9,11,14,False,False,0.0
4,random,81,130.0,9,11,14,False,False,0.0
4,random,82,160.0,10,13,14,False,False,0.0
4,random,83,150.0,11,13,14,False,False,0.0
4,random,84,150.0,11,13,14,False,False,0.0
4,random,85,140.0,12,13,14,False,False,0.0
4,random,86,140.0,12,13,14,False,False,0.0
4,random,87,150.0,11,13,14,False,False,0.0
4,random,88,160.0,12,14,14,True,False,2.220896037732692e-08
4,random,89,170.0,11,14,14,True,False,2.004292438960221e-08
4,random,90,170.0,11,14,14,True,False,2.004292438960221e-08
4,random,91,170.0,11,14,14,True,False,2.004292438960221e-08
4,random,92,180.0,10,14,14,True,False,1.976542663569248e-08
4,random,93,150.0,9,12,14,False,False,0.0
4,random,94,150.0,9,12,14,False,False,0.0
4,random,95,150.0,9,12,14,False,False,0.0
4,random,96,150.0,9,12,14,False,False,0.0
4,random,97,120.0,8,10,14,False,False,0.0
4,random,98,120.0,8,10,14,False,False,0.0
4,random,99,110.0,7,9,14,False,False,0.0
4,random,100,110.0,7,9,14,False,False,0.0
4,learned,0,40.0,2,3,14,False,False,0.0
4,learned,1,70.0,3,5,14,False,False,0.0
4,learned,2,100.0,4,7,14,False,False,0.0
4,learned,3,130.0,5,9,14,False,False,0.0
4,learned,4,160.0,6,11,14,False,False,0.0
4,learned,5,170.0,7,12,14,False,False,0.0
4,learned,6,180.0,8,13,14,False,False,0.0
4,learned,7,190.0,9,14,14,True,True,1.2063405005694596e-08
4,learned,8,190.0,9,14,14,True,True,1.2063405005694596e-08
4,learned,9,190.0,9,14,14,True,True,1.2063405005694596e-08
4,learned,10,190.0,9,14,14,True,True,1.2063405005694596e-08
4,learned,11,190.0,9,14,14,True,True,1.2063405005694596e-08
4,learned,12,190.0,9,14,14,True,True,1.2063405005694596e-08
4,learned,13,190.0,9,14,14,True,True,1.2063405005694596e-08
4,learned,14,190.0,9,14,14,True,True,1.2063405005694596e-08
4,learned,15,190.0,9,14,14,True,True,1.2063405005694596e-08
4,learned,16,190.0,9,14,14,True,True,1.2063405005694596e-08
4,learned,17,190.0,9,14,14,True,True,1.2063405005694596e-08
4,learned,18,190.0,9,14,14,True,True,1.2063405005694596e-08
4,learned,19,190.0,9,14,14,True,True,1.2063405005694596e-08
4,learned,20,190.0,9,14,14,True,True,1.2063405005694596e-08
4,learned,21,190.0,9,14,14,True,True,1.2063405005694596e-08
4,learned,22,190.0,9,14,14,True,True,1.2063405005694596e-08
4,learned,23,190.0,9,14,14,True,True,1.2063405005694596e-08
4,learned,24,190.0,9,14,14,True,True,1.2063405005694596e-08
4,learned,25,190.0,9,14,14,True,True,1.2063405005694596e-08
4,learned,26,190.0,9,14,14,True,True,1.2063405005694596e-08
4,learned,27,190.0,9,14,14,True,True,1.2063405005694596e-08
4,learned,28,190.0,9,14,14,True,True,1.2063405005694596e-08
4,learned,29,190.0,9,14,14,True,True,1.2063405005694596e-08
4,learned,30,190.0,9,14,14,True,True,1.2063405005694596e-08
4,learned,31,190.0,9,14,14,True,True,1.2063405005694596e-08
4,learned,32,190.0,9,14,14,True,True,1.2063405005694596e-08
4,learned,33,190.0,9,14,14,True,True,1.2063405005694596e-08
4,learned,34,190.0,9,14,14,True,True,1.2063405005694596e-08
4,learned,35,190.0,9,14,14,True,True,1.2063405005694596e-08
4,learned,36,190.0,9,14,14,True,True,1.2063405005694596e-08
4,learned,37,190.0,9,14,14,True,True,1.2063405005694596e-08
4,learned,38,190.0,9,14,14,True,True,1.2063405005694596e-08
4,learned,39,190.0,9,14,14,True,True,1.2063405005694596e-08
4,learned,40,190.0,9,14,14,True,True,1.2063405005694596e-08
4,learned,41,190.0,9,14,14,True,True,1.2063405005694596e-08
4,learned,42,190.0,9,14,14,True,True,1.2063405005694596e-08
4,learned,43,190.0,9,14,14,True,True,1.2063405005694596e-08
4,learned,44,190.0,9,14,14,True,True,1.2063405005694596e-08
4,learned,45,190.0,9,14,14,True,True,1.2063405005694596e-08
4,learned,46,190.0,9,14,14,True,True,1.2063405005694596e-08
4,learned,47,190.0,9,14,14,True,True,1.2063405005694596e-08
4,learned,48,190.0,9,14,14,True,True,1.2063405005694596e-08
4,learned,49,190.0,9,14,14,True,True,1.2063405005694596e-08
4,learned,50,190.0,9,14,14,True,True,1.2063405005694596e-08
4,learned,51,190.0,9,14,14,True,True,1.2063405005694596e-08
4,learned,52,190.0,9,14,14,True,True,1.2063405005694596e-08
4,learned,53,190.0,9,14,14,True,True,1.2063405005694596e-08
4,learned,54,190.0,9,14,14,True,True,1.2063405005694596e-08
4,learned,55,190.0,9,14,14,True,True,1.2063405005694596e-08
4,learned,56,190.0,9,14,14,True,True,1.2063405005694596e-08
4,learned,57,190.0,9,14,14,True,True,1.2063405005694596e-08
4,learned,58,190.0,9,14,14,True,True,1.2063405005694596e-08
4,learned,59,190.0,9,14,14,True,True,1.2063405005694596e-08
4,learned,60,190.0,9,14,14,True,True,1.2063405005694596e-08
4,learned,61,190.0,9,14,14,True,True,1.2063405005694596e-08
4,learned,62,190.0,9,14,14,True,True,1.2063405005694596e-08
4,learned,63,190.0,9,14,14,True,True,1.2063405005694596e-08
4,learned,64,190.0,9,14,14,True,True,1.2063405005694596e-08
4,learned,65,190.0,9,14,14,True,True,1.2063405005694596e-08
4,learned,66,190.0,9,14,14,True,True,1.2063405005694596e-08
4,learned,67,190.0,9,14,14,True,True,1.2063405005694596e-08
4,learned,68,190.0,9,14,14,True,True,1.2063405005694596e-08
4,learned,69,190.0,9,14,14,True,True,1.2063405005694596e-08
4,learned,70,190.0,9,14,14,True,True,1.2063405005694596e-08
4,learned,71,190.0,9,14,14,True,True,1.2063405005694596e-08
4,learned,72,190.0,9,14,14,True,True,1.2063405005694596e-08
4,learned,73,190.0,9,14,14,True,True,1.2063405005694596e-08
4,learned,74,190.0,9,14,14,True,True,1.2063405005694596e-08
4,learned,75,190.0,9,14,14,True,True,1.2063405005694596e-08
4,learned,76,190.0,9,14,14,True,True,1.2063405005694596e-08
4,learned,77,190.0,9,14,14,True,True,1.2063405005694596e-08
4,learned,78,190.0,9,14,14,True,True,1.2063405005694596e-08
4,learned,79,190.0,9,14,14,True,True,1.2063405005694596e-08
4,learned,80,190.0,9,14,14,True,True,1.2063405005694596e-08
4,learned,81,190.0,9,14,14,True,True,1.2063405005694596e-08
4,learned,82,190.0,9,14,14,True,True,1.2063405005694596e-08
4,learned,83,190.0,9,14,14,True,True,1.2063405005694596e-08
4,learned,84,190.0,9,14,14,True,True,1.2063405005694596e-08
4,learned,85,190.0,9,14,14,True,True,1.2063405005694596e-08
4,learned,86,190.0,9,14,14,True,True,1.2063405005694596e-08
4,learned,87,190.0,9,14,14,True,True,1.2063405005694596e-08
4,learned,88,190.0,9,14,14,True,True,1.2063405005694596e-08
4,learned,89,190.0,9,14,14,True,True,1.2063405005694596e-08
4,learned,90,190.0,9,14,14,True,True,1.2063405005694596e-08
4,learned,91,190.0,9,14,14,True,True,1.2063405005694596e-08
4,learned,92,190.0,9,14,14,True,True,1.2063405005694596e-08
4,learned,93,190.0,9,14,14,True,True,1.2063405005694596e-08
4,learned,94,190.0,9,14,14,True,True,1.2063405005694596e-08
4,learned,95,190.0,9,14,14,True,True,1.2063405005694596e-08
4,learned,96,190.0,9,14,14,True,True,1.2063405005694596e-08
4,learned,97,190.0,9,14,14,True,True,1.2063405005694596e-08
4,learned,98,190.0,9,14,14,True,True,1.2063405005694596e-08
4,learned,99,190.0,9,14,14,True,True,1.2063405005694596e-08
4,learned,100,190.0,9,14,14,True,True,1.2063405005694596e-08
5,initial,0,130.0,7,10,14,False,False,0.0
5,greedy,0,130.0,7,10,14,False,False,0.0
5,greedy,1,160.0,8,12,14,False,False,0.0
5,greedy,2,190.0,9,14,14,True,True,5.77693603965375e-07
5,random,0,130.0,7,10,14,False,False,0.0
5,random,1,160.0,8,12,14,False,False,0.0
5,random,2,190.0,9,14,14,True,True,5.77693603965375e-07
5,random,3,190.0,9,14,14,True,True,5.77693603965375e-07
5,random,4,190.0,9,14,14,True,True,5.77693603965375e-07
5,random,5,190.0,9,14,14,True,True,5.77693603965375e-07
5,random,6,190.0,9,14,14,True,True,5.77693603965375e-07
5,random,7,190.0,9,14,14,True,True,5.77693603965375e-07
5,random,8,180.0,8,13,14,False,False,0.0
5,random,9,190.0,9,14,14,True,True,9.146551190479206e-08
5,random,10,180.0,10,14,14,True,False,4.225456913429067e-06
5,random,11,170.0,11,14,14,True,False,4.245477912004919e-06
5,random,12,170.0,11,14,14,True,False,4.245477912004919e-06
5,random,13,170.0,11,14,14,True,False,4.245477912004919e-06
5,random,14,180.0,10,14,14,True,False,2.769359055326784e-07
5,random,15,150.0,9,12,14,False,False,0.0
5,random,16,150.0,9,12,14,False,False,0.0
5,random,17,140.0,8,11,14,False,False,0.0
5,random,18,140.0,8,11,14,False,False,0.0
5,random,19,150.0,9,12,14,False,False,0.0
5,random,20,140.0,8,11,14,False,False,0.0
5,random,21,140.0,8,11,14,False,False,0.0
5,random,22,140.0,8,11,14,False,False,0.0
5,random,23,140.0,8,11,14,False,False,0.0
5,random,24,150.0,9,12,14,False,False,0.0
5,random,25,160.0,8,12,14,False,False,0.0
5,random,26,160.0,8,12,14,False,False,0.0
5,random,27,160.0,8,12,14,False,False,0.0
5,random,28,170.0,9,13,14,False,False,0.0
5,random,29,170.0,9,13,14,False,False,0.0
5,random,30,170.0,9,13,14,False,False,0.0
5,random,31,170.0,9,13,14,False,False,0.0
5,random,32,170.0,9,13,14,False,False,0.0
5,random,33,170.0,9,13,14,False,False,0.0
5,random,34,170.0,9,13,14,False,False,0.0
5,random,35,140.0,8,11,14,False,False,0.0
5,random,36,130.0,9,11,14,False,False,0.0
5,random,37,100.0,8,9,14,False,False,0.0
5,random,38,100.0,8,9,14,False,False,0.0
5,random,39,130.0,9,11,14,False,False,0.0
5,random,40,130.0,9,11,14,False,False,0.0
5,random,41,160.0,10,13,14,False,False,0.0
5,random,42,160.0,10,13,14,False,False,0.0
5,random,43,150.0,11,13,14,False,False,0.0
5,random,44,160.0,10,13,14,False,False,0.0
5,random,45,150.0,11,13,14,False,False,0.0
5,random,46,140.0,12,13,14,False,False,0.0
5,random,47,140.0,12,13,14,False,False,0.0
5,random,48,150.0,11,13,14,False,False,0.0
5,random,49,150.0,11,13,14,False,False,0.0
5,random,50,140.0,10,12,14,False,False,0.0
5,random,51,140.0,10,12,14,False,False,0.0
5,random,52,140.0,10,12,14,False,False,0.0
5,random,53,140.0,10,12,14,False,False,0.0
5,random,54,140.0,10,12,14,False,False,0.0
5,random,55,140.0,10,12,14,False,False,0.0
5,random,56,140.0,10,12,14,False,False,0.0
5,random,57,140.0,10,12,14,False,False,0.0
5,random,58,140.0,10,12,14,False,False,0.0
5,random,59,140.0,10,12,14,False,False,0.0
5,random,60,140.0,10,12,14,False,False,0.0
5,random,61,140.0,10,12,14,False,False,0.0
5,random,62,150.0,9,12,14,False,False,0.0
5,random,63,150.0,9,12,14,False,False,0.0
5,random,64,150.0,9,12,14,False,False,0.0
5,random,65,150.0,9,12,14,False,False,0.0
5,random,66,120.0,8,10,14,False,False,0.0
5,random,67,120.0,8,10,14,False,False,0.0
5,random,68,150.0,9,12,14,False,False,0.0
5,random,69,160.0,10,13,14,False,False,0.0
5,random,70,160.0,10,13,14,False,False,0.0
5,random,71,160.0,10,13,14,False,False,0.0
5,random,72,160.0,10,13,14,False,False,0.0
5,random,73,160.0,10,13,14,False,False,0.0
5,random,74,160.0,10,13,14,False,False,0.0
5,random,75,170.0,11,14,14,True,False,6.697696382915964e-07
5,random,76,160.0,10,13,14,False,False,0.0
5,random,77,150.0,9,12,14,False,False,0.0
5,random,78,150.0,9,12,14,False,False,0.0
5,random,79,120.0,8,10,14,False,False,0.0
5,random,80,150.0,9,12,14,False,False,0.0
5,random,81,180.0,10,14,14,True,False,2.0167631539837954e-07
5,random,82,170.0,11,14,14,True,False,4.912515257183478e-06
5,random,83,170.0,11,14,14,True,False,4.912515257183478e-06
5,random,84,170.0,11,14,14,True,False,4.912515257183478e-06
5,random,85,170.0,11,14,14,True,False,4.912515257183478e-06
5,random,86,170.0,11,14,14,True,False,4.912515257183478e-06
5,random,87,160.0,12,14,14,True,False,8.232251535530935e-06
5,random,88,150.0,13,14,14,True,False,9.018994683071563e-06
5,random,89,150.0,13,14,14,True,False,9.018994683071563e-06
5,random,90,150.0,13,14,14,True,False,9.018994683071563e-06
5,random,91,150.0,13,14,14,True,False,9.018994683071563e-06
5,random,92,150.0,13,14,14,True,False,9.018994683071563e-06
5,random,93,150.0,13,14,14,True,False,9.018994683071563e-06
5,random,94,150.0,13,14,14,True,False,9.018994683071563e-06
5,random,95,150.0,13,14,14,True,False,9.018994683071563e-06
5,random,96,160.0,12,14,14,True,False,4.877836070851467e-06
5,random,97,160.0,12,14,14,True,False,4.877836070851467e-06
5,random,98,160.0,12,14,14,True,False,4.877836070851467e-06
5,random,99,150.0,13,14,14,True,False,4.883286633228058e-06
5,random,100,150.0,13,14,14,True,False,4.883286633228058e-06
5,learned,0,130.0,7,10,14,False,False,0.0
5,learned,1,160.0,8,12,14,False,False,0.0
5,learned,2,190.0,9,14,14,True,True,5.482942739073801e-09
5,learned,3,180.0,10,14,14,True,False,2.5245920798770074e-06
5,learned,4,190.0,9,14,14,True,False,2.3673706633478654e-06
5,learned,5,190.0,9,14,14,True,False,2.3673706633478654e-06
5,learned,6,190.0,9,14,14,True,False,2.3673706633478654e-06
5,learned,7,190.0,9,14,14,True,False,2.3673706633478654e-06
5,learned,8,190.0,9,14,14,True,False,2.3673706633478654e-06
5,learned,9,190.0,9,14,14,True,False,2.3673706633478654e-06
5,learned,10,190.0,9,14,14,True,False,2.3673706633478654e-06
5,learned,11,190.0,9,14,14,True,False,2.3673706633478654e-06
5,learned,12,190.0,9,14,14,True,False,2.3673706633478654e-06
5,learned,13,190.0,9,14,14,True,False,2.3673706633478654e-06
5,learned,14,190.0,9,14,14,True,False,2.3673706633478654e-06
5,learned,15,190.0,9,14,14,True,False,2.3673706633478654e-06
5,learned,16,190.0,9,14,14,True,False,2.3673706633478654e-06
5,learned,17,190.0,9,14,14,True,False,2.3673706633478654e-06
5,learned,18,190.0,9,14,14,True,False,2.3673706633478654e-06
5,learned,19,190.0,9,14,14,True,False,2.3673706633478654e-06
5,learned,20,190.0,9,14,14,True,False,2.3673706633478654e-06
5,learned,21,190.0,9,14,14,True,False,2.3673706633478654e-06
5,learned,22,190.0,9,14,14,True,False,2.3673706633478654e-06
5,learned,23,190.0,9,14,14,True,False,2.3673706633478654e-06
5,learned,24,190.0,9,14,14,True,False,2.3673706633478654e-06
5,learned,25,190.0,9,14,14,True,False,2.3673706633478654e-06
5,learned,26,190.0,9,14,14,True,False,2.3673706633478654e-06
5,learned,27,190.0,9,14,14,True,False,2.3673706633478654e-06
5,learned,28,190.0,9,14,14,True,False,2.3673706633478654e-06
5,learned,29,190.0,9,14,14,True,False,2.3673706633478654e-06
5,learned,30,190.0,9,14,14,True,False,2.3673706633478654e-06
5,learned,31,190.0,9,14,14,True,False,2.3673706633478654e-06
5,learned,32,190.0,9,14,14,True,False,2.3673706633478654e-06
5,learned,33,190.0,9,14,14,True,False,2.3673706633478654e-06
5,learned,34,190.0,9,14,14,True,False,2.3673706633478654e-06
5,learned,35,190.0,9,14,14,True,False,2.3673706633478654e-06
5,learned,36,190.0,9,14,14,True,False,2.3673706633478654e-06
5,learned,37,190.0,9,14,14,True,False,2.3673706633478654e-06
5,learned,38,190.0,9,14,14,True,False,2.3673706633478654e-06
5,learned,39,190.0,9,14,14,True,False,2.3673706633478654e-06
5,learned,40,190.0,9,14,14,True,False,2.3673706633478654e-06
5,learned,41,190.0,9,14,14,True,False,2.3673706633478654e-06
5,learned,42,190.0,9,14,14,True,False,2.3673706633478654e-06
5,learned,43,190.0,9,14,14,True,False,2.3673706633478654e-06
5,learned,44,190.0,9,14,14,True,False,2.3673706633478654e-06
5,learned,45,190.0,9,14,14,True,False,2.3673706633478654e-06
5,learned,46,190.0,9,14,14,True,False,2.3673706633478654e-06
5,learned,47,190.0,9,14,14,True,False,2.3673706633478654e-06
5,learned,48,190.0,9,14,14,True,False,2.3673706633478654e-06
5,learned,49,190.0,9,14,14,True,False,2.3673706633478654e-06
5,learned,50,190.0,9,14,14,True,False,2.3673706633478654e-06
5,learned,51,190.0,9,14,14,True,False,2.3673706633478654e-06
5,learned,52,190.0,9,14,14,True,False,2.3673706633478654e-06
5,learned,53,190.0,9,14,14,True,False,2.3673706633478654e-06
5,learned,54,190.0,9,14,14,True,False,2.3673706633478654e-06
5,learned,55,190.0,9,14,14,True,False,2.3673706633478654e-06
5,learned,56,190.0,9,14,14,True,False,2.3673706633478654e-06
5,learned,57,190.0,9,14,14,True,False,2.3673706633478654e-06
5,learned,58,190.0,9,14,14,True,False,2.3673706633478654e-06
5,learned,59,190.0,9,14,14,True,False,2.3673706633478654e-06
5,learned,60,190.0,9,14,14,True,False,2.3673706633478654e-06
5,learned,61,190.0,9,14,14,True,False,2.3673706633478654e-06
5,learned,62,190.0,9,14,14,True,False,2.3673706633478654e-06
5,learned,63,190.0,9,14,14,True,False,2.3673706633478654e-06
5,learned,64,190.0,9,14,14,True,False,2.3673706633478654e-06
5,learned,65,190.0,9,14,14,True,False,2.3673706633478654e-06
5,learned,66,190.0,9,14,14,True,False,2.3673706633478654e-06
5,learned,67,190.0,9,14,14,True,False,2.3673706633478654e-06
5,learned,68,190.0,9,14,14,True,False,2.3673706633478654e-06
5,learned,69,190.0,9,14,14,True,False,2.3673706633478654e-06
5,learned,70,190.0,9,14,14,True,False,2.3673706633478654e-06
5,learned,71,190.0,9,14,14,True,False,2.3673706633478654e-06
5,learned,72,190.0,9,14,14,True,False,2.3673706633478654e-06
5,learned,73,190.0,9,14,14,True,False,2.3673706633478654e-06
5,learned,74,190.0,9,14,14,True,False,2.3673706633478654e-06
5,learned,75,190.0,9,14,14,True,False,2.3673706633478654e-06
5,learned,76,190.0,9,14,14,True,False,2.3673706633478654e-06
5,learned,77,190.0,9,14,14,True,False,2.3673706633478654e-06
5,learned,78,190.0,9,14,14,True,False,2.3673706633478654e-06
5,learned,79,190.0,9,14,14,True,False,2.3673706633478654e-06
5,learned,80,190.0,9,14,14,True,False,2.3673706633478654e-06
5,learned,81,190.0,9,14,14,True,False,2.3673706633478654e-06
5,learned,82,190.0,9,14,14,True,False,2.3673706633478654e-06
5,learned,83,190.0,9,14,14,True,False,2.3673706633478654e-06
5,learned,84,190.0,9,14,14,True,False,2.3673706633478654e-06
5,learned,85,190.0,9,14,14,True,False,2.3673706633478654e-06
5,learned,86,190.0,9,14,14,True,False,2.3673706633478654e-06
5,learned,87,190.0,9,14,14,True,False,2.3673706633478654e-06
5,learned,88,190.0,9,14,14,True,False,2.3673706633478654e-06
5,learned,89,190.0,9,14,14,True,False,2.3673706633478654e-06
5,learned,90,190.0,9,14,14,True,False,2.3673706633478654e-06
5,learned,91,190.0,9,14,14,True,False,2.3673706633478654e-06
5,learned,92,190.0,9,14,14,True,False,2.3673706633478654e-06
5,learned,93,190.0,9,14,14,True,False,2.3673706633478654e-06
5,learned,94,190.0,9,14,14,True,False,2.3673706633478654e-06
5,learned,95,190.0,9,14,14,True,False,2.3673706633478654e-06
5,learned,96,190.0,9,14,14,True,False,2.3673706633478654e-06
5,learned,97,190.0,9,14,14,True,False,2.3673706633478654e-06
5,learned,98,190.0,9,14,14,True,False,2.3673706633478654e-06
5,learned,99,190.0,9,14,14,True,False,2.3673706633478654e-06
5,learned,100,190.0,9,14,14,True,False,2.3673706633478654e-06
6,initial,0,10.0,1,1,14,False,False,0.0
6,greedy,0,10.0,1,1,14,False,False,0.0
6,greedy,1,40.0,2,3,14,False,False,0.0
6,greedy,2,70.0,3,5,14,False,False,0.0
6,greedy,3,100.0,4,7,14,False,False,0.0
6,greedy,4,130.0,5,9,14,False,False,0.0
6,greedy,5,160.0,6,11,14,False,False,0.0
6,greedy,6,170.0,7,12,14,False,False,0.0
6,greedy,7,180.0,8,13,14,False,False,0.0
6,greedy,8,190.0,9,14,14,True,False,2.2066464935538933e-05
6,random,0,10.0,1,1,14,False,False,0.0
6,random,1,10.0,1,1,14,False,False,0.0
6,random,2,10.0,1,1,14,False,False,0.0
6,random,3,10.0,1,1,14,False,False,0.0
6,random,4,10.0,1,1,14,False,False,0.0
6,random,5,10.0,1,1,14,False,False,0.0
6,random,6,10.0,1,1,14,False,False,0.0
6,random,7,20.0,2,2,14,False,False,0.0
6,random,8,20.0,2,2,14,False,False,0.0
6,random,9,20.0,2,2,14,False,False,0.0
6,random,10,20.0,2,2,14,False,False,0.0
6,random,11,20.0,2,2,14,False,False,0.0
6,random,12,20.0,2,2,14,False,False,0.0
6,random,13,20.0,2,2,14,False,False,0.0
6,random,14,10.0,1,1,14,False,False,0.0
6,random,15,20.0,2,2,14,False,False,0.0
6,random,16,20.0,2,2,14,False,False,0.0
6,random,17,20.0,2,2,14,False,False,0.0
6,random,18,20.0,2,2,14,False,False,0.0
6,random,19,50.0,3,4,14,False,False,0.0
6,random,20,40.0,4,4,14,False,False,0.0
6,random,21,40.0,4,4,14,False,False,0.0
6,random,22,70.0,5,6,14,False,False,0.0
6,random,23,80.0,6,7,14,False,False,0.0
6,random,24,110.0,7,9,14,False,False,0.0
6,random,25,110.0,7,9,14,False,False,0.0
6,random,26,120.0,6,9,14,False,False,0.0
6,random,27,120.0,6,9,14,False,False,0.0
6,random,28,150.0,7,11,14,False,False,0.0
6,random,29,150.0,7,11,14,False,False,0.0
6,random,30,140.0,6,10,14,False,False,0.0
6,random,31,110.0,5,8,14,False,False,0.0
6,random,32,120.0,6,9,14,False,False,0.0
6,random,33,120.0,6,9,14,False,False,0.0
6,random,34,120.0,6,9,14,False,False,0.0
6,random,35,130.0,7,10,14,False,False,0.0
6,random,36,160.0,8,12,14,False,False,0.0
6,random,37,160.0,8,12,14,False,False,0.0
6,random,38,160.0,8,12,14,False,False,0.0
6,random,39,160.0,8,12,14,False,False,0.0
6,random,40,160.0,8,12,14,False,False,0.0
6,random,41,150.0,9,12,14,False,False,0.0
6,random,42,150.0,9,12,14,False,False,0.0
6,random,43,150.0,9,12,14,False,False,0.0
6,random,44,180.0,10,14,14,True,False,8.770820070091356e-08
6,random,45,170.0,9,13,14,False,False,0.0
6,random,46,140.0,8,11,14,False,False,0.0
6,random,47,110.0,7,9,14,False,False,0.0
6,random,48,140.0,8,11,14,False,False,0.0
6,random,49,140.0,8,11,14,False,False,0.0
6,random,50,130.0,7,10,14,False,False,0.0
6,random,51,140.0,8,11,14,False,False,0.0
6,random,52,140.0,8,11,14,False,False,0.0
6,random,53,140.0,8,11,14,False,False,0.0
6,random,54,140.0,8,11,14,False,False,0.0
6,random,55,140.0,8,11,14,False,False,0.0
6,random,56,110.0,7,9,14,False,False,0.0
6,random,57,120.0,8,10,14,False,False,0.0
6,random,58,120.0,8,10,14,False,False,0.0
6,random,59,130.0,7,10,14,False,False,0.0
6,random,60,130.0,7,10,14,False,False,0.0
6,random,61,130.0,7,10,14,False,False,0.0
6,random,62,130.0,7,10,14,False,False,0.0
6,random,63,130.0,7,10,14,False,False,0.0
6,random,64,130.0,7,10,14,False,False,0.0
6,random,65,130.0,7,10,14,False,False,0.0
6,random,66,130.0,7,10,14,False,False,0.0
6,random,67,130.0,7,10,14,False,False,0.0
6,random,68,140.0,8,11,14,False,False,0.0
6,random,69,140.0,8,11,14,False,False,0.0
6,random,70,130.0,9,11,14,False,False,0.0
6,random,71,130.0,9,11,14,False,False,0.0
6,random,72,130.0,9,11,14,False,False,0.0
6,random,73,140.0,10,12,14,False,False,0.0
6,random,74,140.0,10,12,14,False,False,0.0
6,random,75,130.0,11,12,14,False,False,0.0
6,random,76,130.0,11,12,14,False,False,0.0
6,random,77,120.0,10,11,14,False,False,0.0
6,random,78,120.0,10,11,14,False,False,0.0
6,random,79,120.0,10,11,14,False,False,0.0
6,random,80,120.0,10,11,14,False,False,0.0
6,random,81,150.0,11,13,14,False,False,0.0
6,random,82,150.0,11,13,14,False,False,0.0
6,random,83,140.0,12,13,14,False,False,0.0
6,random,84,150.0,11,13,14,False,False,0.0
6,random,85,160.0,12,14,14,True,False,2.0303407828279162e-07
6,random,86,160.0,12,14,14,True,False,2.0303407828279162e-07
6,random,87,150.0,11,13,14,False,False,0.0
6,random,88,160.0,10,13,14,False,False,0.0
6,random,89,160.0,10,13,14,False,False,0.0
6,random,90,150.0,9,12,14,False,False,0.0
6,random,91,160.0,10,13,14,False,False,0.0
6,random,92,160.0,10,13,14,False,False,0.0
6,random,93,160.0,10,13,14,False,False,0.0
6,random,94,150.0,11,13,14,False,False,0.0
6,random,95,140.0,12,13,14,False,False,0.0
6,random,96,110.0,11,11,14,False,False,0.0
6,random,97,110.0,11,11,14,False,False,0.0
6,random,98,110.0,11,11,14,False,False,0.0
6,random,99,110.0,11,11,14,False,False,0.0
6,random,100,110.0,11,11,14,False,False,0.0
6,learned,0,10.0,1,1,14,False,False,0.0
6,learned,1,40.0,2,3,14,False,False,0.0
6,learned,2,70.0,3,5,14,False,False,0.0
6,learned,3,100.0,4,7,14,False,False,0.0
6,learned,4,110.0,5,8,14,False,False,0.0
6,learned,5,120.0,6,9,14,False,False,0.0
6,learned,6,130.0,7,10,14,False,False,0.0
6,learned,7,160.0,8,12,14,False,False,0.0
6,learned,8,190.0,9,14,14,True,False,4.571049034404453e-06
6,learned,9,180.0,8,13,14,False,False,0.0
6,learned,10,190.0,9,14,14,True,False,2.5388124771877798e-05
6,learned,11,190.0,9,14,14,True,False,2.5388124771877798e-05
6,learned,12,190.0,9,14,14,True,False,2.5388124771877798e-05
6,learned,13,190.0,9,14,14,True,False,2.5388124771877798e-05
6,learned,14,190.0,9,14,14,True,False,2.5388124771877798e-05
6,learned,15,190.0,9,14,14,True,False,2.5388124771877798e-05
6,learned,16,190.0,9,14,14,True,False,2.5388124771877798e-05
6,learned,17,190.0,9,14,14,True,False,2.5388124771877798e-05
6,learned,18,190.0,9,14,14,True,False,2.5388124771877798e-05
6,learned,19,190.0,9,14,14,True,False,2.5388124771877798e-05
6,learned,20,190.0,9,14,14,True,False,2.5388124771877798e-05
6,learned,21,190.0,9,14,14,True,False,2.5388124771877798e-05
6,learned,22,190.0,9,14,14,True,False,2.5388124771877798e-05
6,learned,23,190.0,9,14,14,True,False,2.5388124771877798e-05
6,learned,24,190.0,9,14,14,True,False,2.5388124771877798e-05
6,learned,25,190.0,9,14,14,True,False,2.5388124771877798e-05
6,learned,26,190.0,9,14,14,True,False,2.5388124771877798e-05
6,learned,27,190.0,9,14,14,True,False,2.5388124771877798e-05
6,learned,28,190.0,9,14,14,True,False,2.5388124771877798e-05
6,learned,29,190.0,9,14,14,True,False,2.5388124771877798e-05
6,learned,30,190.0,9,14,14,True,False,2.5388124771877798e-05
6,learned,31,190.0,9,14,14,True,False,2.5388124771877798e-05
6,learned,32,190.0,9,14,14,True,False,2.5388124771877798e-05
6,learned,33,190.0,9,14,14,True,False,2.5388124771877798e-05
6,learned,34,190.0,9,14,14,True,False,2.5388124771877798e-05
6,learned,35,190.0,9,14,14,True,False,2.5388124771877798e-05
6,learned,36,190.0,9,14,14,True,False,2.5388124771877798e-05
6,learned,37,190.0,9,14,14,True,False,2.5388124771877798e-05
6,learned,38,190.0,9,14,14,True,False,2.5388124771877798e-05
6,learned,39,190.0,9,14,14,True,False,2.5388124771877798e-05
6,learned,40,190.0,9,14,14,True,False,2.5388124771877798e-05
6,learned,41,190.0,9,14,14,True,False,2.5388124771877798e-05
6,learned,42,190.0,9,14,14,True,False,2.5388124771877798e-05
6,learned,43,190.0,9,14,14,True,False,2.5388124771877798e-05
6,learned,44,190.0,9,14,14,True,False,2.5388124771877798e-05
6,learned,45,190.0,9,14,14,True,False,2.5388124771877798e-05
6,learned,46,190.0,9,14,14,True,False,2.5388124771877798e-05
6,learned,47,190.0,9,14,14,True,False,2.5388124771877798e-05
6,learned,48,190.0,9,14,14,True,False,2.5388124771877798e-05
6,learned,49,190.0,9,14,14,True,False,2.5388124771877798e-05
6,learned,50,190.0,9,14,14,True,False,2.5388124771877798e-05
6,learned,51,190.0,9,14,14,True,False,2.5388124771877798e-05
6,learned,52,190.0,9,14,14,True,False,2.5388124771877798e-05
6,learned,53,190.0,9,14,14,True,False,2.5388124771877798e-05
6,learned,54,190.0,9,14,14,True,False,2.5388124771877798e-05
6,learned,55,190.0,9,14,14,True,False,2.5388124771877798e-05
6,learned,56,190.0,9,14,14,True,False,2.5388124771877798e-05
6,learned,57,190.0,9,14,14,True,False,2.5388124771877798e-05
6,learned,58,190.0,9,14,14,True,False,2.5388124771877798e-05
6,learned,59,190.0,9,14,14,True,False,2.5388124771877798e-05
6,learned,60,190.0,9,14,14,True,False,2.5388124771877798e-05
6,learned,61,190.0,9,14,14,True,False,2.5388124771877798e-05
6,learned,62,190.0,9,14,14,True,False,2.5388124771877798e-05
6,learned,63,190.0,9,14,14,True,False,2.5388124771877798e-05
6,learned,64,190.0,9,14,14,True,False,2.5388124771877798e-05
6,learned,65,190.0,9,14,14,True,False,2.5388124771877798e-05
6,learned,66,190.0,9,14,14,True,False,2.5388124771877798e-05
6,learned,67,190.0,9,14,14,True,False,2.5388124771877798e-05
6,learned,68,190.0,9,14,14,True,False,2.5388124771877798e-05
6,learned,69,190.0,9,14,14,True,False,2.5388124771877798e-05
6,learned,70,190.0,9,14,14,True,False,2.5388124771877798e-05
6,learned,71,190.0,9,14,14,True,False,2.5388124771877798e-05
6,learned,72,190.0,9,14,14,True,False,2.5388124771877798e-05
6,learned,73,190.0,9,14,14,True,False,2.5388124771877798e-05
6,learned,74,190.0,9,14,14,True,False,2.5388124771877798e-05
6,learned,75,190.0,9,14,14,True,False,2.5388124771877798e-05
6,learned,76,190.0,9,14,14,True,False,2.5388124771877798e-05
6,learned,77,190.0,9,14,14,True,False,2.5388124771877798e-05
6,learned,78,190.0,9,14,14,True,False,2.5388124771877798e-05
6,learned,79,190.0,9,14,14,True,False,2.5388124771877798e-05
6,learned,80,190.0,9,14,14,True,False,2.5388124771877798e-05
6,learned,81,190.0,9,14,14,True,False,2.5388124771877798e-05
6,learned,82,190.0,9,14,14,True,False,2.5388124771877798e-05
6,learned,83,190.0,9,14,14,True,False,2.5388124771877798e-05
6,learned,84,190.0,9,14,14,True,False,2.5388124771877798e-05
6,learned,85,190.0,9,14,14,True,False,2.5388124771877798e-05
6,learned,86,190.0,9,14,14,True,False,2.5388124771877798e-05
6,learned,87,190.0,9,14,14,True,False,2.5388124771877798e-05
6,learned,88,190.0,9,14,14,True,False,2.5388124771877798e-05
6,learned,89,190.0,9,14,14,True,False,2.5388124771877798e-05
6,learned,90,190.0,9,14,14,True,False,2.5388124771877798e-05
6,learned,91,190.0,9,14,14,True,False,2.5388124771877798e-05
6,learned,92,190.0,9,14,14,True,False,2.5388124771877798e-05
6,learned,93,190.0,9,14,14,True,False,2.5388124771877798e-05
6,learned,94,190.0,9,14,14,True,False,2.5388124771877798e-05
6,learned,95,190.0,9,14,14,True,False,2.5388124771877798e-05
6,learned,96,190.0,9,14,14,True,False,2.5388124771877798e-05
6,learned,97,190.0,9,14,14,True,False,2.5388124771877798e-05
6,learned,98,190.0,9,14,14,True,False,2.5388124771877798e-05
6,learned,99,190.0,9,14,14,True,False,2.5388124771877798e-05
6,learned,100,190.0,9,14,14,True,False,2.5388124771877798e-05
7,initial,0,160.0,12,14,14,True,False,8.387372260515722e-06
7,greedy,0,160.0,12,14,14,True,False,8.387372260515722e-06
7,greedy,1,170.0,11,14,14,True,False,7.340741891503485e-06
7,greedy,2,180.0,10,14,14,True,False,7.225079935774335e-06
7,greedy,3,190.0,9,14,14,True,True,8.533609083311937e-08
7,random,0,160.0,12,14,14,True,False,8.387372260515722e-06
7,random,1,160.0,12,14,14,True,False,8.387372260515722e-06
7,random,2,160.0,12,14,14,True,False,8.387372260515722e-06
7,random,3,160.0,12,14,14,True,False,8.387372260515722e-06
7,random,4,150.0,13,14,14,True,False,1.010015776893361e-05
7,random,5,140.0,14,14,14,True,False,1.0257568404855188e-05
7,random,6,150.0,13,14,14,True,False,1.0234140408348159e-05
7,random,7,150.0,13,14,14,True,False,1.0234140408348159e-05
7,random,8,150.0,13,14,14,True,False,1.0234140408348159e-05
7,random,9,150.0,13,14,14,True,False,1.0234140408348159e-05
7,random,10,150.0,13,14,14,True,False,1.0234140408348159e-05
7,random,11,150.0,13,14,14,True,False,1.0234140408348159e-05
7,random,12,150.0,13,14,14,True,False,1.0234140408348159e-05
7,random,13,150.0,13,14,14,True,False,1.0234140408348159e-05
7,random,14,150.0,13,14,14,True,False,1.0234140408348159e-05
7,random,15,150.0,13,14,14,True,False,1.0234140408348159e-05
7,random,16,140.0,12,13,14,False,False,0.0
7,random,17,130.0,13,13,14,False,False,0.0
7,random,18,130.0,13,13,14,False,False,0.0
7,random,19,130.0,13,13,14,False,False,0.0
7,random,20,120.0,14,13,14,False,False,0.0
7,random,21,130.0,13,13,14,False,False,0.0
7,random,22,140.0,12,13,14,False,False,0.0
7,random,23,140.0,12,13,14,False,False,0.0
7,random,24,140.0,12,13,14,False,False,0.0
7,random,25,140.0,12,13,14,False,False,0.0
7,random,26,140.0,12,13,14,False,False,0.0
7,random,27,140.0,12,13,14,False,False,0.0
7,random,28,140.0,12,13,14,False,False,0.0
7,random,29,140.0,12,13,14,False,False,0.0
7,random,30,140.0,12,13,14,False,False,0.0
7,random,31,150.0,11,13,14,False,False,0.0
7,random,32,140.0,12,13,14,False,False,0.0
7,random,33,140.0,12,13,14,False,False,0.0
7,random,34,140.0,12,13,14,False,False,0.0
7,random,35,140.0,12,13,14,False,False,0.0
7,random,36,140.0,12,13,14,False,False,0.0
7,random,37,150.0,11,13,14,False,False,0.0
7,random,38,140.0,10,12,14,False,False,0.0
7,random,39,140.0,10,12,14,False,False,0.0
7,random,40,130.0,11,12,14,False,False,0.0
7,random,41,140.0,10,12,14,False,False,0.0
7,random,42,140.0,10,12,14,False,False,0.0
7,random,43,150.0,11,13,14,False,False,0.0
7,random,44,160.0,12,14,14,True,False,5.699526451732228e-06
7,random,45,160.0,12,14,14,True,False,5.699526451732228e-06
7,random,46,160.0,12,14,14,True,False,5.699526451732228e-06
7,random,47,160.0,12,14,14,True,False,5.699526451732228e-06
7,random,48,160.0,12,14,14,True,False,5.699526451732228e-06
7,random,49,160.0,12,14,14,True,False,5.699526451732228e-06
7,random,50,170.0,11,14,14,True,False,2.8935755301287343e-07
7,random,51,170.0,11,14,14,True,False,2.8935755301287343e-07
7,random,52,160.0,10,13,14,False,False,0.0
7,random,53,160.0,10,13,14,False,False,0.0
7,random,54,150.0,11,13,14,False,False,0.0
7,random,55,150.0,11,13,14,False,False,0.0
7,random,56,160.0,12,14,14,True,False,3.966684422527021e-07
7,random,57,160.0,12,14,14,True,False,3.966684422527021e-07
7,random,58,160.0,12,14,14,True,False,3.966684422527021e-07
7,random,59,150.0,11,13,14,False,False,0.0
7,random,60,140.0,12,13,14,False,False,0.0
7,random,61,150.0,11,13,14,False,False,0.0
7,random,62,160.0,12,14,14,True,False,8.648609458028758e-07
7,random,63,150.0,13,14,14,True,False,7.178483300287374e-06
7,random,64,150.0,13,14,14,True,False,7.178483300287374e-06
7,random,65,150.0,13,14,14,True,False,7.178483300287374e-06
7,random,66,160.0,12,14,14,True,False,6.45162776677028e-06
7,random,67,150.0,13,14,14,True,False,6.4517252518628375e-06
7,random,68,140.0,14,14,14,True,False,7.885052791592209e-06
7,random,69,130.0,15,14,14,True,False,8.649549687682126e-06
7,random,70,130.0,15,14,14,True,False,8.649549687682126e-06
7,random,71,130.0,15,14,14,True,False,8.649549687682126e-06
7,random,72,140.0,14,14,14,True,False,6.790260606111814e-06
7,random,73,130.0,13,13,14,False,False,0.0
7,random,74,130.0,13,13,14,False,False,0.0
7,random,75,130.0,13,13,14,False,False,0.0
7,random,76,130.0,13,13,14,False,False,0.0
7,random,77,130.0,13,13,14,False,False,0.0
7,random,78,130.0,13,13,14,False,False,0.0
7,random,79,130.0,13,13,14,False,False,0.0
7,random,80,140.0,12,13,14,False,False,0.0
7,random,81,150.0,11,13,14,False,False,0.0
7,random,82,150.0,11,13,14,False,False,0.0
7,random,83,150.0,11,13,14,False,False,0.0
7,random,84,150.0,11,13,14,False,False,0.0
7,random,85,160.0,10,13,14,False,False,0.0
7,random,86,160.0,10,13,14,False,False,0.0
7,random,87,160.0,10,13,14,False,False,0.0
7,random,88,130.0,9,11,14,False,False,0.0
7,random,89,130.0,9,11,14,False,False,0.0
7,random,90,130.0,9,11,14,False,False,0.0
7,random,91,130.0,9,11,14,False,False,0.0
7,random,92,160.0,10,13,14,False,False,0.0
7,random,93,160.0,10,13,14,False,False,0.0
7,random,94,160.0,10,13,14,False,False,0.0
7,random,95,160.0,10,13,14,False,False,0.0
7,random,96,160.0,10,13,14,False,False,0.0
7,random,97,160.0,10,13,14,False,False,0.0
7,random,98,150.0,11,13,14,False,False,0.0
7,random,99,150.0,11,13,14,False,False,0.0
7,random,100,150.0,11,13,14,False,False,0.0
7,learned,0,160.0,12,14,14,True,False,8.387372260515722e-06
7,learned,1,170.0,11,14,14,True,False,2.4706675440124543e-06
7,learned,2,180.0,10,14,14,True,False,2.3098773471201595e-06
7,learned,3,190.0,9,14,14,True,True,2.0623471858891865e-06
7,learned,4,190.0,9,14,14,True,True,2.0623471858891865e-06
7,learned,5,190.0,9,14,14,True,True,2.0623471858891865e-06
7,learned,6,190.0,9,14,14,True,True,2.0623471858891865e-06
7,learned,7,190.0,9,14,14,True,True,2.0623471858891865e-06
7,learned,8,190.0,9,14,14,True,True,2.0623471858891865e-06
7,learned,9,190.0,9,14,14,True,True,2.0623471858891865e-06
7,learned,10,190.0,9,14,14,True,True,2.0623471858891865e-06
7,learned,11,190.0,9,14,14,True,True,2.0623471858891865e-06
7,learned,12,190.0,9,14,14,True,True,2.0623471858891865e-06
7,learned,13,190.0,9,14,14,True,True,2.0623471858891865e-06
7,learned,14,190.0,9,14,14,True,True,2.0623471858891865e-06
7,learned,15,190.0,9,14,14,True,True,2.0623471858891865e-06
7,learned,16,190.0,9,14,14,True,True,2.0623471858891865e-06
7,learned,17,190.0,9,14,14,True,True,2.0623471858891865e-06
7,learned,18,190.0,9,14,14,True,True,2.0623471858891865e-06
7,learned,19,190.0,9,14,14,True,True,2.0623471858891865e-06
7,learned,20,190.0,9,14,14,True,True,2.0623471858891865e-06
7,learned,21,190.0,9,14,14,True,True,2.0623471858891865e-06
7,learned,22,190.0,9,14,14,True,True,2.0623471858891865e-06
7,learned,23,190.0,9,14,14,True,True,2.0623471858891865e-06
7,learned,24,190.0,9,14,14,True,True,2.0623471858891865e-06
7,learned,25,190.0,9,14,14,True,True,2.0623471858891865e-06
7,learned,26,190.0,9,14,14,True,True,2.0623471858891865e-06
7,learned,27,190.0,9,14,14,True,True,2.0623471858891865e-06
7,learned,28,190.0,9,14,14,True,True,2.0623471858891865e-06
7,learned,29,190.0,9,14,14,True,True,2.0623471858891865e-06
7,learned,30,190.0,9,14,14,True,True,2.0623471858891865e-06
7,learned,31,190.0,9,14,14,True,True,2.0623471858891865e-06
7,learned,32,190.0,9,14,14,True,True,2.0623471858891865e-06
7,learned,33,190.0,9,14,14,True,True,2.0623471858891865e-06
7,learned,34,190.0,9,14,14,True,True,2.0623471858891865e-06
7,learned,35,190.0,9,14,14,True,True,2.0623471858891865e-06
7,learned,36,190.0,9,14,14,True,True,2.0623471858891865e-06
7,learned,37,190.0,9,14,14,True,True,2.0623471858891865e-06
7,learned,38,190.0,9,14,14,True,True,2.0623471858891865e-06
7,learned,39,190.0,9,14,14,True,True,2.0623471858891865e-06
7,learned,40,190.0,9,14,14,True,True,2.0623471858891865e-06
7,learned,41,190.0,9,14,14,True,True,2.0623471858891865e-06
7,learned,42,190.0,9,14,14,True,True,2.0623471858891865e-06
7,learned,43,190.0,9,14,14,True,True,2.0623471858891865e-06
7,learned,44,190.0,9,14,14,True,True,2.0623471858891865e-06
7,learned,45,190.0,9,14,14,True,True,2.0623471858891865e-06
7,learned,46,190.0,9,14,14,True,True,2.0623471858891865e-06
7,learned,47,190.0,9,14,14,True,True,2.0623471858891865e-06
7,learned,48,190.0,9,14,14,True,True,2.0623471858891865e-06
7,learned,49,190.0,9,14,14,True,True,2.0623471858891865e-06
7,learned,50,190.0,9,14,14,True,True,2.0623471858891865e-06
7,learned,51,190.0,9,14,14,True,True,2.0623471858891865e-06
7,learned,52,190.0,9,14,14,True,True,2.0623471858891865e-06
7,learned,53,190.0,9,14,14,True,True,2.0623471858891865e-06
7,learned,54,190.0,9,14,14,True,True,2.0623471858891865e-06
7,learned,55,190.0,9,14,14,True,True,2.0623471858891865e-06
7,learned,56,190.0,9,14,14,True,True,2.0623471858891865e-06
7,learned,57,190.0,9,14,14,True,True,2.0623471858891865e-06
7,learned,58,190.0,9,14,14,True,True,2.0623471858891865e-06
7,learned,59,190.0,9,14,14,True,True,2.0623471858891865e-06
7,learned,60,190.0,9,14,14,True,True,2.0623471858891865e-06
7,learned,61,190.0,9,14,14,True,True,2.0623471858891865e-06
7,learned,62,190.0,9,14,14,True,True,2.0623471858891865e-06
7,learned,63,190.0,9,14,14,True,True,2.0623471858891865e-06
7,learned,64,190.0,9,14,14,True,True,2.0623471858891865e-06
7,learned,65,190.0,9,14,14,True,True,2.0623471858891865e-06
7,learned,66,190.0,9,14,14,True,True,2.0623471858891865e-06
7,learned,67,190.0,9,14,14,True,True,2.0623471858891865e-06
7,learned,68,190.0,9,14,14,True,True,2.0623471858891865e-06
7,learned,69,190.0,9,14,14,True,True,2.0623471858891865e-06
7,learned,70,190.0,9,14,14,True,True,2.0623471858891865e-06
7,learned,71,190.0,9,14,14,True,True,2.0623471858891865e-06
7,learned,72,190.0,9,14,14,True,True,2.0623471858891865e-06
7,learned,73,190.0,9,14,14,True,True,2.0623471858891865e-06
7,learned,74,190.0,9,14,14,True,True,2.0623471858891865e-06
7,learned,75,190.0,9,14,14,True,True,2.0623471858891865e-06
7,learned,76,190.0,9,14,14,True,True,2.0623471858891865e-06
7,learned,77,190.0,9,14,14,True,True,2.0623471858891865e-06
7,learned,78,190.0,9,14,14,True,True,2.0623471858891865e-06
7,learned,79,190.0,9,14,14,True,True,2.0623471858891865e-06
7,learned,80,190.0,9,14,14,True,True,2.0623471858891865e-06
7,learned,81,190.0,9,14,14,True,True,2.0623471858891865e-06
7,learned,82,190.0,9,14,14,True,True,2.0623471858891865e-06
7,learned,83,190.0,9,14,14,True,True,2.0623471858891865e-06
7,learned,84,190.0,9,14,14,True,True,2.0623471858891865e-06
7,learned,85,190.0,9,14,14,True,True,2.0623471858891865e-06
7,learned,86,190.0,9,14,14,True,True,2.0623471858891865e-06
7,learned,87,190.0,9,14,14,True,True,2.0623471858891865e-06
7,learned,88,190.0,9,14,14,True,True,2.0623471858891865e-06
7,learned,89,190.0,9,14,14,True,True,2.0623471858891865e-06
7,learned,90,190.0,9,14,14,True,True,2.0623471858891865e-06
7,learned,91,190.0,9,14,14,True,True,2.0623471858891865e-06
7,learned,92,190.0,9,14,14,True,True,2.0623471858891865e-06
7,learned,93,190.0,9,14,14,True,True,2.0623471858891865e-06
7,learned,94,190.0,9,14,14,True,True,2.0623471858891865e-06
7,learned,95,190.0,9,14,14,True,True,2.0623471858891865e-06
7,learned,96,190.0,9,14,14,True,True,2.0623471858891865e-06
7,learned,97,190.0,9,14,14,True,True,2.0623471858891865e-06
7,learned,98,190.0,9,14,14,True,True,2.0623471858891865e-06
7,learned,99,190.0,9,14,14,True,True,2.0623471858891865e-06
7,learned,100,190.0,9,14,14,True,True,2.0623471858891865e-06
8,initial,0,140.0,8,11,14,False,False,0.0
8,greedy,0,140.0,8,11,14,False,False,0.0
8,greedy,1,170.0,9,13,14,False,False,0.0
8,greedy,2,180.0,10,14,14,True,False,2.127567122902519e-07
8,greedy,3,190.0,9,14,14,True,True,2.1185352295198845e-07
8,random,0,140.0,8,11,14,False,False,0.0
8,random,1,140.0,8,11,14,False,False,0.0
8,random,2,150.0,9,12,14,False,False,0.0
8,random,3,140.0,10,12,14,False,False,0.0
8,random,4,110.0,9,10,14,False,False,0.0
8,random,5,110.0,9,10,14,False,False,0.0
8,random,6,110.0,9,10,14,False,False,0.0
8,random,7,120.0,10,11,14,False,False,0.0
8,random,8,110.0,11,11,14,False,False,0.0
8,random,9,110.0,11,11,14,False,False,0.0
8,random,10,110.0,11,11,14,False,False,0.0
8,random,11,110.0,11,11,14,False,False,0.0
8,random,12,110.0,11,11,14,False,False,0.0
8,random,13,120.0,10,11,14,False,False,0.0
8,random,14,120.0,10,11,14,False,False,0.0
8,random,15,130.0,11,12,14,False,False,0.0
8,random,16,130.0,11,12,14,False,False,0.0
8,random,17,140.0,10,12,14,False,False,0.0
8,random,18,140.0,10,12,14,False,False,0.0
8,random,19,140.0,10,12,14,False,False,0.0
8,random,20,140.0,10,12,14,False,False,0.0
8,random,21,140.0,10,12,14,False,False,0.0
8,random,22,110.0,9,10,14,False,False,0.0
8,random,23,120.0,8,10,14,False,False,0.0
8,random,24,120.0,8,10,14,False,False,0.0
8,random,25,90.0,7,8,14,False,False,0.0
8,random,26,90.0,7,8,14,False,False,0.0
8,random,27,80.0,6,7,14,False,False,0.0
8,random,28,50.0,5,5,14,False,False,0.0
8,random,29,20.0,4,3,14,False,False,0.0
8,random,30,20.0,4,3,14,False,False,0.0
8,random,31,50.0,5,5,14,False,False,0.0
8,random,32,50.0,5,5,14,False,False,0.0
8,random,33,80.0,6,7,14,False,False,0.0
8,random,34,50.0,5,5,14,False,False,0.0
8,random,35,60.0,6,6,14,False,False,0.0
8,random,36,60.0,6,6,14,False,False,0.0
8,random,37,60.0,6,6,14,False,False,0.0
8,random,38,60.0,6,6,14,False,False,0.0
8,random,39,70.0,7,7,14,False,False,0.0
8,random,40,60.0,8,7,14,False,False,0.0
8,random,41,90.0,9,9,14,False,False,0.0
8,random,42,90.0,9,9,14,False,False,0.0
8,random,43,90.0,9,9,14,False,False,0.0
8,random,44,80.0,10,9,14,False,False,0.0
8,random,45,110.0,11,11,14,False,False,0.0
8,random,46,80.0,10,9,14,False,False,0.0
8,random,47,110.0,11,11,14,False,False,0.0
8,random,48,110.0,11,11,14,False,False,0.0
8,random,49,110.0,11,11,14,False,False,0.0
8,random,50,80.0,10,9,14,False,False,0.0
8,random,51,80.0,10,9,14,False,False,0.0
8,random,52,80.0,10,9,14,False,False,0.0
8,random,53,70.0,11,9,14,False,False,0.0
8,random,54,40.0,10,7,14,False,False,0.0
8,random,55,30.0,11,7,14,False,False,0.0
8,random,56,30.0,11,7,14,False,False,0.0
8,random,57,40.0,10,7,14,False,False,0.0
8,random,58,40.0,10,7,14,False,False,0.0
8,random,59,40.0,10,7,14,False,False,0.0
8,random,60,50.0,9,7,14,False,False,0.0
8,random,61,80.0,10,9,14,False,False,0.0
8,random,62,110.0,11,11,14,False,False,0.0
8,random,63,100.0,12,11,14,False,False,0.0
8,random,64,100.0,12,11,14,False,False,0.0
8,random,65,110.0,11,11,14,False,False,0.0
8,random,66,120.0,10,11,14,False,False,0.0
8,random,67,120.0,10,11,14,False,False,0.0
8,random,68,130.0,9,11,14,False,False,0.0
8,random,69,120.0,8,10,14,False,False,0.0
8,random,70,120.0,8,10,14,False,False,0.0
8,random,71,120.0,8,10,14,False,False,0.0
8,random,72,110.0,7,9,14,False,False,0.0
8,random,73,110.0,7,9,14,False,False,0.0
8,random,74,110.0,7,9,14,False,False,0.0
8,random,75,110.0,7,9,14,False,False,0.0
8,random,76,140.0,8,11,14,False,False,0.0
8,random,77,140.0,8,11,14,False,False,0.0
8,random,78,140.0,8,11,14,False,False,0.0
8,random,79,140.0,8,11,14,False,False,0.0
8,random,80,140.0,8,11,14,False,False,0.0
8,random,81,140.0,8,11,14,False,False,0.0
8,random,82,140.0,8,11,14,False,False,0.0
8,random,83,140.0,8,11,14,False,False,0.0
8,random,84,150.0,9,12,14,False,False,0.0
8,random,85,160.0,10,13,14,False,False,0.0
8,random,86,160.0,10,13,14,False,False,0.0
8,random,87,150.0,11,13,14,False,False,0.0
8,random,88,140.0,10,12,14,False,False,0.0
8,random,89,150.0,11,13,14,False,False,0.0
8,random,90,160.0,10,13,14,False,False,0.0
8,random,91,150.0,11,13,14,False,False,0.0
8,random,92,160.0,10,13,14,False,False,0.0
8,random,93,130.0,9,11,14,False,False,0.0
8,random,94,160.0,10,13,14,False,False,0.0
8,random,95,150.0,9,12,14,False,False,0.0
8,random,96,150.0,9,12,14,False,False,0.0
8,random,97,140.0,8,11,14,False,False,0.0
8,random,98,150.0,9,12,14,False,False,0.0
8,random,99,150.0,9,12,14,False,False,0.0
8,random,100,150.0,9,12,14,False,False,0.0
8,learned,0,140.0,8,11,14,False,False,0.0
8,learned,1,170.0,9,13,14,False,False,0.0
8,learned,2,180.0,8,13,14,False,False,0.0
8,learned,3,190.0,9,14,14,True,False,5.5782384876520694e-06
8,learned,4,190.0,9,14,14,True,False,5.5782384876520694e-06
8,learned,5,190.0,9,14,14,True,False,5.5782384876520694e-06
8,learned,6,190.0,9,14,14,True,False,5.5782384876520694e-06
8,learned,7,190.0,9,14,14,True,False,5.5782384876520694e-06
8,learned,8,190.0,9,14,14,True,False,5.5782384876520694e-06
8,learned,9,190.0,9,14,14,True,False,5.5782384876520694e-06
8,learned,10,190.0,9,14,14,True,False,5.5782384876520694e-06
8,learned,11,190.0,9,14,14,True,False,5.5782384876520694e-06
8,learned,12,190.0,9,14,14,True,False,5.5782384876520694e-06
8,learned,13,190.0,9,14,14,True,False,5.5782384876520694e-06
8,learned,14,190.0,9,14,14,True,False,5.5782384876520694e-06
8,learned,15,190.0,9,14,14,True,False,5.5782384876520694e-06
8,learned,16,190.0,9,14,14,True,False,5.5782384876520694e-06
8,learned,17,190.0,9,14,14,True,False,5.5782384876520694e-06
8,learned,18,190.0,9,14,14,True,False,5.5782384876520694e-06
8,learned,19,190.0,9,14,14,True,False,5.5782384876520694e-06
8,learned,20,190.0,9,14,14,True,False,5.5782384876520694e-06
8,learned,21,190.0,9,14,14,True,False,5.5782384876520694e-06
8,learned,22,190.0,9,14,14,True,False,5.5782384876520694e-06
8,learned,23,190.0,9,14,14,True,False,5.5782384876520694e-06
8,learned,24,190.0,9,14,14,True,False,5.5782384876520694e-06
8,learned,25,190.0,9,14,14,True,False,5.5782384876520694e-06
8,learned,26,190.0,9,14,14,True,False,5.5782384876520694e-06
8,learned,27,190.0,9,14,14,True,False,5.5782384876520694e-06
8,learned,28,190.0,9,14,14,True,False,5.5782384876520694e-06
8,learned,29,190.0,9,14,14,True,False,5.5782384876520694e-06
8,learned,30,190.0,9,14,14,True,False,5.5782384876520694e-06
8,learned,31,190.0,9,14,14,True,False,5.5782384876520694e-06
8,learned,32,190.0,9,14,14,True,False,5.5782384876520694e-06
8,learned,33,190.0,9,14,14,True,False,5.5782384876520694e-06
8,learned,34,190.0,9,14,14,True,False,5.5782384876520694e-06
8,learned,35,190.0,9,14,14,True,False,5.5782384876520694e-06
8,learned,36,190.0,9,14,14,True,False,5.5782384876520694e-06
8,learned,37,190.0,9,14,14,True,False,5.5782384876520694e-06
8,learned,38,190.0,9,14,14,True,False,5.5782384876520694e-06
8,learned,39,190.0,9,14,14,True,False,5.5782384876520694e-06
8,learned,40,190.0,9,14,14,True,False,5.5782384876520694e-06
8,learned,41,190.0,9,14,14,True,False,5.5782384876520694e-06
8,learned,42,190.0,9,14,14,True,False,5.5782384876520694e-06
8,learned,43,190.0,9,14,14,True,False,5.5782384876520694e-06
8,learned,44,190.0,9,14,14,True,False,5.5782384876520694e-06
8,learned,45,190.0,9,14,14,True,False,5.5782384876520694e-06
8,learned,46,190.0,9,14,14,True,False,5.5782384876520694e-06
8,learned,47,190.0,9,14,14,True,False,5.5782384876520694e-06
8,learned,48,190.0,9,14,14,True,False,5.5782384876520694e-06
8,learned,49,190.0,9,14,14,True,False,5.5782384876520694e-06
8,learned,50,190.0,9,14,14,True,False,5.5782384876520694e-06
8,learned,51,190.0,9,14,14,True,False,5.5782384876520694e-06
8,learned,52,190.0,9,14,14,True,False,5.5782384876520694e-06
8,learned,53,190.0,9,14,14,True,False,5.5782384876520694e-06
8,learned,54,190.0,9,14,14,True,False,5.5782384876520694e-06
8,learned,55,190.0,9,14,14,True,False,5.5782384876520694e-06
8,learned,56,190.0,9,14,14,True,False,5.5782384876520694e-06
8,learned,57,190.0,9,14,14,True,False,5.5782384876520694e-06
8,learned,58,190.0,9,14,14,True,False,5.5782384876520694e-06
8,learned,59,190.0,9,14,14,True,False,5.5782384876520694e-06
8,learned,60,190.0,9,14,14,True,False,5.5782384876520694e-06
8,learned,61,190.0,9,14,14,True,False,5.5782384876520694e-06
8,learned,62,190.0,9,14,14,True,False,5.5782384876520694e-06
8,learned,63,190.0,9,14,14,True,False,5.5782384876520694e-06
8,learned,64,190.0,9,14,14,True,False,5.5782384876520694e-06
8,learned,65,190.0,9,14,14,True,False,5.5782384876520694e-06
8,learned,66,190.0,9,14,14,True,False,5.5782384876520694e-06
8,learned,67,190.0,9,14,14,True,False,5.5782384876520694e-06
8,learned,68,190.0,9,14,14,True,False,5.5782384876520694e-06
8,learned,69,190.0,9,14,14,True,False,5.5782384876520694e-06
8,learned,70,190.0,9,14,14,True,False,5.5782384876520694e-06
8,learned,71,190.0,9,14,14,True,False,5.5782384876520694e-06
8,learned,72,190.0,9,14,14,True,False,5.5782384876520694e-06
8,learned,73,190.0,9,14,14,True,False,5.5782384876520694e-06
8,learned,74,190.0,9,14,14,True,False,5.5782384876520694e-06
8,learned,75,190.0,9,14,14,True,False,5.5782384876520694e-06
8,learned,76,190.0,9,14,14,True,False,5.5782384876520694e-06
8,learned,77,190.0,9,14,14,True,False,5.5782384876520694e-06
8,learned,78,190.0,9,14,14,True,False,5.5782384876520694e-06
8,learned,79,190.0,9,14,14,True,False,5.5782384876520694e-06
8,learned,80,190.0,9,14,14,True,False,5.5782384876520694e-06
8,learned,81,190.0,9,14,14,True,False,5.5782384876520694e-06
8,learned,82,190.0,9,14,14,True,False,5.5782384876520694e-06
8,learned,83,190.0,9,14,14,True,False,5.5782384876520694e-06
8,learned,84,190.0,9,14,14,True,False,5.5782384876520694e-06
8,learned,85,190.0,9,14,14,True,False,5.5782384876520694e-06
8,learned,86,190.0,9,14,14,True,False,5.5782384876520694e-06
8,learned,87,190.0,9,14,14,True,False,5.5782384876520694e-06
8,learned,88,190.0,9,14,14,True,False,5.5782384876520694e-06
8,learned,89,190.0,9,14,14,True,False,5.5782384876520694e-06
8,learned,90,190.0,9,14,14,True,False,5.5782384876520694e-06
8,learned,91,190.0,9,14,14,True,False,5.5782384876520694e-06
8,learned,92,190.0,9,14,14,True,False,5.5782384876520694e-06
8,learned,93,190.0,9,14,14,True,False,5.5782384876520694e-06
8,learned,94,190.0,9,14,14,True,False,5.5782384876520694e-06
8,learned,95,190.0,9,14,14,True,False,5.5782384876520694e-06
8,learned,96,190.0,9,14,14,True,False,5.5782384876520694e-06
8,learned,97,190.0,9,14,14,True,False,5.5782384876520694e-06
8,learned,98,190.0,9,14,14,True,False,5.5782384876520694e-06
8,learned,99,190.0,9,14,14,True,False,5.5782384876520694e-06
8,learned,100,190.0,9,14,14,True,False,5.5782384876520694e-06
9,initial,0,120.0,16,14,14,True,False,2.7271957579707125e-07
9,greedy,0,120.0,16,14,14,True,False,2.7271957579707125e-07
9,greedy,1,130.0,15,14,14,True,False,2.1772963010118599e-07
9,greedy,2,140.0,14,14,14,True,False,2.1524749039608198e-07
9,greedy,3,150.0,13,14,14,True,False,2.114279441206737e-07
9,greedy,4,160.0,12,14,14,True,False,4.997312455471938e-08
9,greedy,5,170.0,11,14,14,True,False,4.9715340625292164e-08
9,greedy,6,180.0,10,14,14,True,False,4.9515704118517905e-08
9,greedy,7,190.0,9,14,14,True,True,4.8891112929950485e-08
9,random,0,120.0,16,14,14,True,False,2.7271957579707125e-07
9,random,1,120.0,16,14,14,True,False,2.7271957579707125e-07
9,random,2,130.0,15,14,14,True,False,2.724773154651773e-07
9,random,3,140.0,14,14,14,True,False,2.660002810706149e-07
9,random,4,150.0,13,14,14,True,False,2.6542073052253717e-07
9,random,5,140.0,14,14,14,True,False,1.9627292908965353e-05
9,random,6,150.0,13,14,14,True,False,2.6542073052253717e-07
9,random,7,150.0,13,14,14,True,False,2.6542073052253717e-07
9,random,8,140.0,14,14,14,True,False,2.8305327899409276e-07
9,random,9,140.0,14,14,14,True,False,2.8305327899409276e-07
9,random,10,140.0,14,14,14,True,False,2.8305327899409276e-07
9,random,11,150.0,13,14,14,True,False,2.251789142991769e-07
9,random,12,150.0,13,14,14,True,False,2.251789142991769e-07
9,random,13,150.0,13,14,14,True,False,2.251789142991769e-07
9,random,14,160.0,12,14,14,True,False,8.174203172537018e-08
9,random,15,160.0,12,14,14,True,False,8.174203172537018e-08
9,random,16,160.0,12,14,14,True,False,8.174203172537018e-08
9,random,17,160.0,12,14,14,True,False,8.174203172537018e-08
9,random,18,160.0,12,14,14,True,False,8.174203172537018e-08
9,random,19,170.0,11,14,14,True,False,7.942188789151882e-08
9,random,20,160.0,10,13,14,False,False,0.0
9,random,21,160.0,10,13,14,False,False,0.0
9,random,22,130.0,9,11,14,False,False,0.0
9,random,23,130.0,9,11,14,False,False,0.0
9,random,24,130.0,9,11,14,False,False,0.0
9,random,25,140.0,8,11,14,False,False,0.0
9,random,26,130.0,9,11,14,False,False,0.0
9,random,27,160.0,10,13,14,False,False,0.0
9,random,28,160.0,10,13,14,False,False,0.0
9,random,29,160.0,10,13,14,False,False,0.0
9,random,30,160.0,10,13,14,False,False,0.0
9,random,31,160.0,10,13,14,False,False,0.0
9,random,32,160.0,10,13,14,False,False,0.0
9,random,33,150.0,9,12,14,False,False,0.0
9,random,34,150.0,9,12,14,False,False,0.0
9,random,35,180.0,10,14,14,True,False,1.7906408909558084e-07
9,random,36,170.0,11,14,14,True,False,2.531218738156176e-07
9,random,37,170.0,11,14,14,True,False,2.531218738156176e-07
9,random,38,180.0,10,14,14,True,False,1.7906408909558084e-07
9,random,39,170.0,11,14,14,True,False,1.854918615201223e-07
9,random,40,180.0,10,14,14,True,False,1.7906408909558084e-07
9,random,41,180.0,10,14,14,True,False,1.7906408909558084e-07
9,random,42,180.0,10,14,14,True,False,1.7906408909558084e-07
9,random,43,170.0,11,14,14,True,False,1.854918615201223e-07
9,random,44,160.0,12,14,14,True,False,1.03227161589653e-05
9,random,45,170.0,11,14,14,True,False,3.0305016429383366e-06
9,random,46,170.0,11,14,14,True,False,3.0305016429383366e-06
9,random,47,160.0,12,14,14,True,False,1.03227161589653e-05
9,random,48,160.0,12,14,14,True,False,1.03227161589653e-05
9,random,49,150.0,13,14,14,True,False,1.689491614803682e-05
9,random,50,150.0,13,14,14,True,False,1.689491614803682e-05
9,random,51,150.0,13,14,14,True,False,1.689491614803682e-05
9,random,52,160.0,12,14,14,True,False,1.0881867177245503e-05
9,random,53,160.0,12,14,14,True,False,1.0881867177245503e-05
9,random,54,170.0,11,14,14,True,False,1.0865082384480313e-05
9,random,55,170.0,11,14,14,True,False,1.0865082384480313e-05
9,random,56,170.0,11,14,14,True,False,1.0865082384480313e-05
9,random,57,170.0,11,14,14,True,False,1.0865082384480313e-05
9,random,58,160.0,12,14,14,True,False,1.0865753034039598e-05
9,random,59,160.0,12,14,14,True,False,1.0865753034039598e-05
9,random,60,150.0,13,14,14,True,False,1.7525920530375744e-05
9,random,61,150.0,13,14,14,True,False,1.7525920530375744e-05
9,random,62,140.0,14,14,14,True,False,2.748885774088881e-05
9,random,63,140.0,14,14,14,True,False,2.748885774088881e-05
9,random,64,150.0,13,14,14,True,False,1.8898651052253837e-05
9,random,65,160.0,12,14,14,True,False,2.1193360691887693e-07
9,random,66,170.0,11,14,14,True,False,2.1172301482878113e-07
9,random,67,180.0,10,14,14,True,False,2.0603000546143149e-07
9,random,68,180.0,10,14,14,True,False,2.0603000546143149e-07
9,random,69,180.0,10,14,14,True,False,2.0603000546143149e-07
9,random,70,190.0,9,14,14,True,True,5.194105022342227e-08
9,random,71,190.0,9,14,14,True,True,5.194105022342227e-08
9,random,72,190.0,9,14,14,True,True,5.194105022342227e-08
9,random,73,180.0,8,13,14,False,False,0.0
9,random,74,170.0,7,12,14,False,False,0.0
9,random,75,180.0,8,13,14,False,False,0.0
9,random,76,170.0,9,13,14,False,False,0.0
9,random,77,160.0,10,13,14,False,False,0.0
9,random,78,160.0,10,13,14,False,False,0.0
9,random,79,160.0,10,13,14,False,False,0.0
9,random,80,160.0,10,13,14,False,False,0.0
9,random,81,160.0,10,13,14,False,False,0.0
9,random,82,170.0,11,14,14,True,False,7.169264229430787e-08
9,random,83,170.0,11,14,14,True,False,7.169264229430787e-08
9,random,84,170.0,11,14,14,True,False,7.169264229430787e-08
9,random,85,170.0,11,14,14,True,False,7.169264229430787e-08
9,random,86,180.0,10,14,14,True,False,7.130348205694826e-08
9,random,87,180.0,10,14,14,True,False,7.130348205694826e-08
9,random,88,180.0,10,14,14,True,False,7.130348205694826e-08
9,random,89,180.0,10,14,14,True,False,7.130348205694826e-08
9,random,90,180.0,10,14,14,True,False,7.130348205694826e-08
9,random,91,170.0,9,13,14,False,False,0.0
9,random,92,170.0,9,13,14,False,False,0.0
9,random,93,170.0,9,13,14,False,False,0.0
9,random,94,170.0,9,13,14,False,False,0.0
9,random,95,170.0,9,13,14,False,False,0.0
9,random,96,170.0,9,13,14,False,False,0.0
9,random,97,160.0,10,13,14,False,False,0.0
9,random,98,160.0,10,13,14,False,False,0.0
9,random,99,160.0,10,13,14,False,False,0.0
9,random,100,150.0,9,12,14,False,False,0.0
9,learned,0,120.0,16,14,14,True,False,2.7271957579707125e-07
9,learned,1,130.0,15,14,14,True,False,2.673749413831319e-07
9,learned,2,140.0,14,14,14,True,False,2.666084043888288e-07
9,learned,3,150.0,13,14,14,True,False,2.1292986119498533e-07
9,learned,4,160.0,12,14,14,True,False,2.1196638192353586e-07
9,learned,5,170.0,11,14,14,True,False,2.0831173008110946e-07
9,learned,6,180.0,10,14,14,True,False,1.1843771089888206e-07
9,learned,7,190.0,9,14,14,True,True,1.1703075197995017e-07
9,learned,8,190.0,9,14,14,True,True,1.1703075197995017e-07
9,learned,9,190.0,9,14,14,True,True,1.1703075197995017e-07
9,learned,10,190.0,9,14,14,True,True,1.1703075197995017e-07
9,learned,11,190.0,9,14,14,True,True,1.1703075197995017e-07
9,learned,12,190.0,9,14,14,True,True,1.1703075197995017e-07
9,learned,13,190.0,9,14,14,True,True,1.1703075197995017e-07
9,learned,14,190.0,9,14,14,True,True,1.1703075197995017e-07
9,learned,15,190.0,9,14,14,True,True,1.1703075197995017e-07
9,learned,16,190.0,9,14,14,True,True,1.1703075197995017e-07
9,learned,17,190.0,9,14,14,True,True,1.1703075197995017e-07
9,learned,18,190.0,9,14,14,True,True,1.1703075197995017e-07
9,learned,19,190.0,9,14,14,True,True,1.1703075197995017e-07
9,learned,20,190.0,9,14,14,True,True,1.1703075197995017e-07
9,learned,21,190.0,9,14,14,True,True,1.1703075197995017e-07
9,learned,22,190.0,9,14,14,True,True,1.1703075197995017e-07
9,learned,23,190.0,9,14,14,True,True,1.1703075197995017e-07
9,learned,24,190.0,9,14,14,True,True,1.1703075197995017e-07
9,learned,25,190.0,9,14,14,True,True,1.1703075197995017e-07
9,learned,26,190.0,9,14,14,True,True,1.1703075197995017e-07
9,learned,27,190.0,9,14,14,True,True,1.1703075197995017e-07
9,learned,28,190.0,9,14,14,True,True,1.1703075197995017e-07
9,learned,29,190.0,9,14,14,True,True,1.1703075197995017e-07
9,learned,30,190.0,9,14,14,True,True,1.1703075197995017e-07
9,learned,31,190.0,9,14,14,True,True,1.1703075197995017e-07
9,learned,32,190.0,9,14,14,True,True,1.1703075197995017e-07
9,learned,33,190.0,9,14,14,True,True,1.1703075197995017e-07
9,learned,34,190.0,9,14,14,True,True,1.1703075197995017e-07
9,learned,35,190.0,9,14,14,True,True,1.1703075197995017e-07
9,learned,36,190.0,9,14,14,True,True,1.1703075197995017e-07
9,learned,37,190.0,9,14,14,True,True,1.1703075197995017e-07
9,learned,38,190.0,9,14,14,True,True,1.1703075197995017e-07
9,learned,39,190.0,9,14,14,True,True,1.1703075197995017e-07
9,learned,40,190.0,9,14,14,True,True,1.1703075197995017e-07
9,learned,41,190.0,9,14,14,True,True,1.1703075197995017e-07
9,learned,42,190.0,9,14,14,True,True,1.1703075197995017e-07
9,learned,43,190.0,9,14,14,True,True,1.1703075197995017e-07
9,learned,44,190.0,9,14,14,True,True,1.1703075197995017e-07
9,learned,45,190.0,9,14,14,True,True,1.1703075197995017e-07
9,learned,46,190.0,9,14,14,True,True,1.1703075197995017e-07
9,learned,47,190.0,9,14,14,True,True,1.1703075197995017e-07
9,learned,48,190.0,9,14,14,True,True,1.1703075197995017e-07
9,learned,49,190.0,9,14,14,True,True,1.1703075197995017e-07
9,learned,50,190.0,9,14,14,True,True,1.1703075197995017e-07
9,learned,51,190.0,9,14,14,True,True,1.1703075197995017e-07
9,learned,52,190.0,9,14,14,True,True,1.1703075197995017e-07
9,learned,53,190.0,9,14,14,True,True,1.1703075197995017e-07
9,learned,54,190.0,9,14,14,True,True,1.1703075197995017e-07
9,learned,55,190.0,9,14,14,True,True,1.1703075197995017e-07
9,learned,56,190.0,9,14,14,True,True,1.1703075197995017e-07
9,learned,57,190.0,9,14,14,True,True,1.1703075197995017e-07
9,learned,58,190.0,9,14,14,True,True,1.1703075197995017e-07
9,learned,59,190.0,9,14,14,True,True,1.1703075197995017e-07
9,learned,60,190.0,9,14,14,True,True,1.1703075197995017e-07
9,learned,61,190.0,9,14,14,True,True,1.1703075197995017e-07
9,learned,62,190.0,9,14,14,True,True,1.1703075197995017e-07
9,learned,63,190.0,9,14,14,True,True,1.1703075197995017e-07
9,learned,64,190.0,9,14,14,True,True,1.1703075197995017e-07
9,learned,65,190.0,9,14,14,True,True,1.1703075197995017e-07
9,learned,66,190.0,9,14,14,True,True,1.1703075197995017e-07
9,learned,67,190.0,9,14,14,True,True,1.1703075197995017e-07
9,learned,68,190.0,9,14,14,True,True,1.1703075197995017e-07
9,learned,69,190.0,9,14,14,True,True,1.1703075197995017e-07
9,learned,70,190.0,9,14,14,True,True,1.1703075197995017e-07
9,learned,71,190.0,9,14,14,True,True,1.1703075197995017e-07
9,learned,72,190.0,9,14,14,True,True,1.1703075197995017e-07
9,learned,73,190.0,9,14,14,True,True,1.1703075197995017e-07
9,learned,74,190.0,9,14,14,True,True,1.1703075197995017e-07
9,learned,75,190.0,9,14,14,True,True,1.1703075197995017e-07
9,learned,76,190.0,9,14,14,True,True,1.1703075197995017e-07
9,learned,77,190.0,9,14,14,True,True,1.1703075197995017e-07
9,learned,78,190.0,9,14,14,True,True,1.1703075197995017e-07
9,learned,79,190.0,9,14,14,True,True,1.1703075197995017e-07
9,learned,80,190.0,9,14,14,True,True,1.1703075197995017e-07
9,learned,81,190.0,9,14,14,True,True,1.1703075197995017e-07
9,learned,82,190.0,9,14,14,True,True,1.1703075197995017e-07
9,learned,83,190.0,9,14,14,True,True,1.1703075197995017e-07
9,learned,84,190.0,9,14,14,True,True,1.1703075197995017e-07
9,learned,85,190.0,9,14,14,True,True,1.1703075197995017e-07
9,learned,86,190.0,9,14,14,True,True,1.1703075197995017e-07
9,learned,87,190.0,9,14,14,True,True,1.1703075197995017e-07
9,learned,88,190.0,9,14,14,True,True,1.1703075197995017e-07
9,learned,89,190.0,9,14,14,True,True,1.1703075197995017e-07
9,learned,90,190.0,9,14,14,True,True,1.1703075197995017e-07
9,learned,91,190.0,9,14,14,True,True,1.1703075197995017e-07
9,learned,92,190.0,9,14,14,True,True,1.1703075197995017e-07
9,learned,93,190.0,9,14,14,True,True,1.1703075197995017e-07
9,learned,94,190.0,9,14,14,True,True,1.1703075197995017e-07
9,learned,95,190.0,9,14,14,True,True,1.1703075197995017e-07
9,learned,96,190.0,9,14,14,True,True,1.1703075197995017e-07
9,learned,97,190.0,9,14,14,True,True,1.1703075197995017e-07
9,learned,98,190.0,9,14,14,True,True,1.1703075197995017e-07
9,learned,99,190.0,9,14,14,True,True,1.1703075197995017e-07
9,learned,100,190.0,9,14,14,True,True,1.1703075197995017e-07
10,initial,0,110.0,11,11,14,False,False,0.0
10,greedy,0,110.0,11,11,14,False,False,0.0
10,greedy,1,140.0,12,13,14,False,False,0.0
10,greedy,2,150.0,11,13,14,False,False,0.0
10,greedy,3,160.0,10,13,14,False,False,0.0
10,greedy,4,170.0,9,13,14,False,False,0.0
10,greedy,5,180.0,10,14,14,True,False,5.5109500039076986e-06
10,greedy,6,190.0,9,14,14,True,True,3.087350149642977e-06
10,random,0,110.0,11,11,14,False,False,0.0
10,random,1,120.0,10,11,14,False,False,0.0
10,random,2,130.0,11,12,14,False,False,0.0
10,random,3,140.0,12,13,14,False,False,0.0
10,random,4,140.0,12,13,14,False,False,0.0
10,random,5,140.0,12,13,14,False,False,0.0
10,random,6,130.0,11,12,14,False,False,0.0
10,random,7,130.0,11,12,14,False,False,0.0
10,random,8,130.0,11,12,14,False,False,0.0
10,random,9,130.0,11,12,14,False,False,0.0
10,random,10,130.0,11,12,14,False,False,0.0
10,random,11,130.0,11,12,14,False,False,0.0
10,random,12,160.0,12,14,14,True,False,6.204920466546311e-06
10,random,13,150.0,13,14,14,True,False,6.227153778327447e-06
10,random,14,150.0,13,14,14,True,False,6.227153778327447e-06
10,random,15,150.0,13,14,14,True,False,6.227153778327447e-06
10,random,16,120.0,12,12,14,False,False,0.0
10,random,17,130.0,11,12,14,False,False,0.0
10,random,18,100.0,10,10,14,False,False,0.0
10,random,19,130.0,11,12,14,False,False,0.0
10,random,20,100.0,10,10,14,False,False,0.0
10,random,21,100.0,10,10,14,False,False,0.0
10,random,22,110.0,9,10,14,False,False,0.0
10,random,23,110.0,9,10,14,False,False,0.0
10,random,24,100.0,8,9,14,False,False,0.0
10,random,25,100.0,8,9,14,False,False,0.0
10,random,26,110.0,7,9,14,False,False,0.0
10,random,27,120.0,8,10,14,False,False,0.0
10,random,28,110.0,7,9,14,False,False,0.0
10,random,29,120.0,8,10,14,False,False,0.0
10,random,30,120.0,8,10,14,False,False,0.0
10,random,31,150.0,9,12,14,False,False,0.0
10,random,32,150.0,9,12,14,False,False,0.0
10,random,33,120.0,8,10,14,False,False,0.0
10,random,34,150.0,9,12,14,False,False,0.0
10,random,35,150.0,9,12,14,False,False,0.0
10,random,36,120.0,8,10,14,False,False,0.0
10,random,37,120.0,8,10,14,False,False,0.0
10,random,38,120.0,8,10,14,False,False,0.0
10,random,39,110.0,7,9,14,False,False,0.0
10,random,40,140.0,8,11,14,False,False,0.0
10,random,41,110.0,7,9,14,False,False,0.0
10,random,42,120.0,8,10,14,False,False,0.0
10,random,43,150.0,9,12,14,False,False,0.0
10,random,44,120.0,8,10,14,False,False,0.0
10,random,45,120.0,8,10,14,False,False,0.0
10,random,46,120.0,8,10,14,False,False,0.0
10,random,47,120.0,8,10,14,False,False,0.0
10,random,48,130.0,9,11,14,False,False,0.0
10,random,49,130.0,9,11,14,False,False,0.0
10,random,50,160.0,10,13,14,False,False,0.0
10,random,51,160.0,10,13,14,False,False,0.0
10,random,52,160.0,10,13,14,False,False,0.0
10,random,53,150.0,11,13,14,False,False,0.0
10,random,54,160.0,10,13,14,False,False,0.0
10,random,55,160.0,10,13,14,False,False,0.0
10,random,56,160.0,10,13,14,False,False,0.0
10,random,57,160.0,10,13,14,False,False,0.0
10,random,58,170.0,9,13,14,False,False,0.0
10,random,59,170.0,9,13,14,False,False,0.0
10,random,60,170.0,9,13,14,False,False,0.0
10,random,61,170.0,9,13,14,False,False,0.0
10,random,62,170.0,9,13,14,False,False,0.0
10,random,63,140.0,8,11,14,False,False,0.0
10,random,64,140.0,8,11,14,False,False,0.0
10,random,65,170.0,9,13,14,False,False,0.0
10,random,66,170.0,9,13,14,False,False,0.0
10,random,67,170.0,9,13,14,False,False,0.0
10,random,68,170.0,9,13,14,False,False,0.0
10,random,69,160.0,8,12,14,False,False,0.0
10,random,70,150.0,9,12,14,False,False,0.0
10,random,71,150.0,9,12,14,False,False,0.0
10,random,72,150.0,9,12,14,False,False,0.0
10,random,73,180.0,10,14,14,True,False,7.777298028722895e-09
10,random,74,170.0,11,14,14,True,False,4.814897277857168e-06
10,random,75,170.0,11,14,14,True,False,4.814897277857168e-06
10,random,76,180.0,10,14,14,True,False,1.3263068253073195e-07
10,random,77,170.0,11,14,14,True,False,4.814897277857168e-06
10,random,78,170.0,11,14,14,True,False,4.814897277857168e-06
10,random,79,170.0,11,14,14,True,False,4.814897277857168e-06
10,random,80,180.0,10,14,14,True,False,2.7166014070119104e-07
10,random,81,170.0,11,14,14,True,False,3.6799828537529085e-07
10,random,82,170.0,11,14,14,True,False,3.6799828537529085e-07
10,random,83,170.0,11,14,14,True,False,3.6799828537529085e-07
10,random,84,160.0,12,14,14,True,False,3.770740393638373e-07
10,random,85,160.0,12,14,14,True,False,3.770740393638373e-07
10,random,86,170.0,11,14,14,True,False,1.198128308417723e-07
10,random,87,160.0,12,14,14,True,False,1.198144954812672e-07
10,random,88,160.0,12,14,14,True,False,1.198144954812672e-07
10,random,89,150.0,13,14,14,True,False,9.970138102575326e-07
10,random,90,150.0,13,14,14,True,False,9.970138102575326e-07
10,random,91,150.0,13,14,14,True,False,9.970138102575326e-07
10,random,92,150.0,13,14,14,True,False,9.970138102575326e-07
10,random,93,140.0,14,14,14,True,False,5.860350552178591e-06
10,random,94,130.0,15,14,14,True,False,1.2540153917662724e-05
10,random,95,130.0,15,14,14,True,False,1.2540153917662724e-05
10,random,96,130.0,15,14,14,True,False,1.2540153917662724e-05
10,random,97,130.0,15,14,14,True,False,1.2540153917662724e-05
10,random,98,120.0,14,13,14,False,False,0.0
10,random,99,120.0,14,13,14,False,False,0.0
10,random,100,120.0,14,13,14,False,False,0.0
10,learned,0,110.0,11,11,14,False,False,0.0
10,learned,1,140.0,12,13,14,False,False,0.0
10,learned,2,150.0,13,14,14,True,False,2.4120957871249465e-06
10,learned,3,160.0,12,14,14,True,False,2.4119957579399094e-06
10,learned,4,170.0,11,14,14,True,False,2.1644880030028058e-06
10,learned,5,180.0,10,14,14,True,False,2.1232537966707906e-06
10,learned,6,190.0,9,14,14,True,True,1.7725425328330513e-06
10,learned,7,190.0,9,14,14,True,True,1.7725425328330513e-06
10,learned,8,190.0,9,14,14,True,True,1.7725425328330513e-06
10,learned,9,190.0,9,14,14,True,True,1.7725425328330513e-06
10,learned,10,190.0,9,14,14,True,True,1.7725425328330513e-06
10,learned,11,190.0,9,14,14,True,True,1.7725425328330513e-06
10,learned,12,190.0,9,14,14,True,True,1.7725425328330513e-06
10,learned,13,190.0,9,14,14,True,True,1.7725425328330513e-06
10,learned,14,190.0,9,14,14,True,True,1.7725425328330513e-06
10,learned,15,190.0,9,14,14,True,True,1.7725425328330513e-06
10,learned,16,190.0,9,14,14,True,True,1.7725425328330513e-06
10,learned,17,190.0,9,14,14,True,True,1.7725425328330513e-06
10,learned,18,190.0,9,14,14,True,True,1.7725425328330513e-06
10,learned,19,190.0,9,14,14,True,True,1.7725425328330513e-06
10,learned,20,190.0,9,14,14,True,True,1.7725425328330513e-06
10,learned,21,190.0,9,14,14,True,True,1.7725425328330513e-06
10,learned,22,190.0,9,14,14,True,True,1.7725425328330513e-06
10,learned,23,190.0,9,14,14,True,True,1.7725425328330513e-06
10,learned,24,190.0,9,14,14,True,True,1.7725425328330513e-06
10,learned,25,190.0,9,14,14,True,True,1.7725425328330513e-06
10,learned,26,190.0,9,14,14,True,True,1.7725425328330513e-06
10,learned,27,190.0,9,14,14,True,True,1.7725425328330513e-06
10,learned,28,190.0,9,14,14,True,True,1.7725425328330513e-06
10,learned,29,190.0,9,14,14,True,True,1.7725425328330513e-06
10,learned,30,190.0,9,14,14,True,True,1.7725425328330513e-06
10,learned,31,190.0,9,14,14,True,True,1.7725425328330513e-06
10,learned,32,190.0,9,14,14,True,True,1.7725425328330513e-06
10,learned,33,190.0,9,14,14,True,True,1.7725425328330513e-06
10,learned,34,190.0,9,14,14,True,True,1.7725425328330513e-06
10,learned,35,190.0,9,14,14,True,True,1.7725425328330513e-06
10,learned,36,190.0,9,14,14,True,True,1.7725425328330513e-06
10,learned,37,190.0,9,14,14,True,True,1.7725425328330513e-06
10,learned,38,190.0,9,14,14,True,True,1.7725425328330513e-06
10,learned,39,190.0,9,14,14,True,True,1.7725425328330513e-06
10,learned,40,190.0,9,14,14,True,True,1.7725425328330513e-06
10,learned,41,190.0,9,14,14,True,True,1.7725425328330513e-06
10,learned,42,190.0,9,14,14,True,True,1.7725425328330513e-06
10,learned,43,190.0,9,14,14,True,True,1.7725425328330513e-06
10,learned,44,190.0,9,14,14,True,True,1.7725425328330513e-06
10,learned,45,190.0,9,14,14,True,True,1.7725425328330513e-06
10,learned,46,190.0,9,14,14,True,True,1.7725425328330513e-06
10,learned,47,190.0,9,14,14,True,True,1.7725425328330513e-06
10,learned,48,190.0,9,14,14,True,True,1.7725425328330513e-06
10,learned,49,190.0,9,14,14,True,True,1.7725425328330513e-06
10,learned,50,190.0,9,14,14,True,True,1.7725425328330513e-06
10,learned,51,190.0,9,14,14,True,True,1.7725425328330513e-06
10,learned,52,190.0,9,14,14,True,True,1.7725425328330513e-06
10,learned,53,190.0,9,14,14,True,True,1.7725425328330513e-06
10,learned,54,190.0,9,14,14,True,True,1.7725425328330513e-06
10,learned,55,190.0,9,14,14,True,True,1.7725425328330513e-06
10,learned,56,190.0,9,14,14,True,True,1.7725425328330513e-06
10,learned,57,190.0,9,14,14,True,True,1.7725425328330513e-06
10,learned,58,190.0,9,14,14,True,True,1.7725425328330513e-06
10,learned,59,190.0,9,14,14,True,True,1.7725425328330513e-06
10,learned,60,190.0,9,14,14,True,True,1.7725425328330513e-06
10,learned,61,190.0,9,14,14,True,True,1.7725425328330513e-06
10,learned,62,190.0,9,14,14,True,True,1.7725425328330513e-06
10,learned,63,190.0,9,14,14,True,True,1.7725425328330513e-06
10,learned,64,190.0,9,14,14,True,True,1.7725425328330513e-06
10,learned,65,190.0,9,14,14,True,True,1.7725425328330513e-06
10,learned,66,190.0,9,14,14,True,True,1.7725425328330513e-06
10,learned,67,190.0,9,14,14,True,True,1.7725425328330513e-06
10,learned,68,190.0,9,14,14,True,True,1.7725425328330513e-06
10,learned,69,190.0,9,14,14,True,True,1.7725425328330513e-06
10,learned,70,190.0,9,14,14,True,True,1.7725425328330513e-06
10,learned,71,190.0,9,14,14,True,True,1.7725425328330513e-06
10,learned,72,190.0,9,14,14,True,True,1.7725425328330513e-06
10,learned,73,190.0,9,14,14,True,True,1.7725425328330513e-06
10,learned,74,190.0,9,14,14,True,True,1.7725425328330513e-06
10,learned,75,190.0,9,14,14,True,True,1.7725425328330513e-06
10,learned,76,190.0,9,14,14,True,True,1.7725425328330513e-06
10,learned,77,190.0,9,14,14,True,True,1.7725425328330513e-06
10,learned,78,190.0,9,14,14,True,True,1.7725425328330513e-06
10,learned,79,190.0,9,14,14,True,True,1.7725425328330513e-06
10,learned,80,190.0,9,14,14,True,True,1.7725425328330513e-06
10,learned,81,190.0,9,14,14,True,True,1.7725425328330513e-06
10,learned,82,190.0,9,14,14,True,True,1.7725425328330513e-06
10,learned,83,190.0,9,14,14,True,True,1.7725425328330513e-06
10,learned,84,190.0,9,14,14,True,True,1.7725425328330513e-06
10,learned,85,190.0,9,14,14,True,True,1.7725425328330513e-06
10,learned,86,190.0,9,14,14,True,True,1.7725425328330513e-06
10,learned,87,190.0,9,14,14,True,True,1.7725425328330513e-06
10,learned,88,190.0,9,14,14,True,True,1.7725425328330513e-06
10,learned,89,190.0,9,14,14,True,True,1.7725425328330513e-06
10,learned,90,190.0,9,14,14,True,True,1.7725425328330513e-06
10,learned,91,190.0,9,14,14,True,True,1.7725425328330513e-06
10,learned,92,190.0,9,14,14,True,True,1.7725425328330513e-06
10,learned,93,190.0,9,14,14,True,True,1.7725425328330513e-06
10,learned,94,190.0,9,14,14,True,True,1.7725425328330513e-06
10,learned,95,190.0,9,14,14,True,True,1.7725425328330513e-06
10,learned,96,190.0,9,14,14,True,True,1.7725425328330513e-06
10,learned,97,190.0,9,14,14,True,True,1.7725425328330513e-06
10,learned,98,190.0,9,14,14,True,True,1.7725425328330513e-06
10,learned,99,190.0,9,14,14,True,True,1.7725425328330513e-06
10,learned,100,190.0,9,14,14,True,True,1.7725425328330513e-06
11,initial,0,90.0,7,8,14,False,False,0.0
11,greedy,0,90.0,7,8,14,False,False,0.0
11,greedy,1,120.0,8,10,14,False,False,0.0
11,greedy,2,150.0,9,12,14,False,False,0.0
11,greedy,3,180.0,10,14,14,True,False,0.0
11,greedy,4,190.0,9,14,14,True,True,0.0
11,random,0,90.0,7,8,14,False,False,0.0
11,random,1,90.0,7,8,14,False,False,0.0
11,random,2,90.0,7,8,14,False,False,0.0
11,random,3,80.0,6,7,14,False,False,0.0
11,random,4,110.0,7,9,14,False,False,0.0
11,random,5,140.0,8,11,14,False,False,0.0
11,random,6,150.0,9,12,14,False,False,0.0
11,random,7,160.0,8,12,14,False,False,0.0
11,random,8,170.0,9,13,14,False,False,0.0
11,random,9,160.0,10,13,14,False,False,0.0
11,random,10,170.0,9,13,14,False,False,0.0
11,random,11,170.0,9,13,14,False,False,0.0
11,random,12,160.0,10,13,14,False,False,0.0
11,random,13,160.0,10,13,14,False,False,0.0
11,random,14,160.0,10,13,14,False,False,0.0
11,random,15,150.0,11,13,14,False,False,0.0
11,random,16,150.0,11,13,14,False,False,0.0
11,random,17,150.0,11,13,14,False,False,0.0
11,random,18,150.0,11,13,14,False,False,0.0
11,random,19,150.0,11,13,14,False,False,0.0
11,random,20,150.0,11,13,14,False,False,0.0
11,random,21,120.0,10,11,14,False,False,0.0
11,random,22,120.0,10,11,14,False,False,0.0
11,random,23,120.0,10,11,14,False,False,0.0
11,random,24,90.0,9,9,14,False,False,0.0
11,random,25,90.0,9,9,14,False,False,0.0
11,random,26,80.0,10,9,14,False,False,0.0
11,random,27,80.0,10,9,14,False,False,0.0
11,random,28,80.0,10,9,14,False,False,0.0
11,random,29,50.0,9,7,14,False,False,0.0
11,random,30,40.0,10,7,14,False,False,0.0
11,random,31,40.0,10,7,14,False,False,0.0
11,random,32,70.0,11,9,14,False,False,0.0
11,random,33,70.0,11,9,14,False,False,0.0
11,random,34,80.0,10,9,14,False,False,0.0
11,random,35,50.0,9,7,14,False,False,0.0
11,random,36,50.0,9,7,14,False,False,0.0
11,random,37,40.0,10,7,14,False,False,0.0
11,random,38,50.0,9,7,14,False,False,0.0
11,random,39,50.0,9,7,14,False,False,0.0
11,random,40,40.0,10,7,14,False,False,0.0
11,random,41,70.0,11,9,14,False,False,0.0
11,random,42,100.0,12,11,14,False,False,0.0
11,random,43,100.0,12,11,14,False,False,0.0
11,random,44,130.0,13,13,14,False,False,0.0
11,random,45,120.0,14,13,14,False,False,0.0
11,random,46,120.0,14,13,14,False,False,0.0
11,random,47,110.0,15,13,14,False,False,0.0
11,random,48,110.0,15,13,14,False,False,0.0
11,random,49,110.0,15,13,14,False,False,0.0
11,random,50,110.0,15,13,14,False,False,0.0
11,random,51,120.0,14,13,14,False,False,0.0
11,random,52,120.0,14,13,14,False,False,0.0
11,random,53,120.0,14,13,14,False,False,0.0
11,random,54,130.0,13,13,14,False,False,0.0
11,random,55,130.0,13,13,14,False,False,0.0
11,random,56,130.0,13,13,14,False,False,0.0
11,random,57,130.0,13,13,14,False,False,0.0
11,random,58,130.0,13,13,14,False,False,0.0
11,random,59,130.0,13,13,14,False,False,0.0
11,random,60,140.0,12,13,14,False,False,0.0
11,random,61,150.0,11,13,14,False,False,0.0
11,random,62,150.0,11,13,14,False,False,0.0
11,random,63,120.0,10,11,14,False,False,0.0
11,random,64,120.0,10,11,14,False,False,0.0
11,random,65,150.0,11,13,14,False,False,0.0
11,random,66,160.0,12,14,14,True,False,8.97714329665544e-08
11,random,67,150.0,13,14,14,True,False,2.09500044032819e-07
11,random,68,160.0,12,14,14,True,False,2.0561894623544294e-07
11,random,69,150.0,11,13,14,False,False,0.0
11,random,70,160.0,10,13,14,False,False,0.0
11,random,71,150.0,11,13,14,False,False,0.0
11,random,72,150.0,11,13,14,False,False,0.0
11,random,73,150.0,11,13,14,False,False,0.0
11,random,74,160.0,10,13,14,False,False,0.0
11,random,75,130.0,9,11,14,False,False,0.0
11,random,76,120.0,10,11,14,False,False,0.0
11,random,77,130.0,9,11,14,False,False,0.0
11,random,78,160.0,10,13,14,False,False,0.0
11,random,79,160.0,10,13,14,False,False,0.0
11,random,80,160.0,10,13,14,False,False,0.0
11,random,81,130.0,9,11,14,False,False,0.0
11,random,82,130.0,9,11,14,False,False,0.0
11,random,83,130.0,9,11,14,False,False,0.0
11,random,84,130.0,9,11,14,False,False,0.0
11,random,85,140.0,8,11,14,False,False,0.0
11,random,86,110.0,7,9,14,False,False,0.0
11,random,87,100.0,8,9,14,False,False,0.0
11,random,88,130.0,9,11,14,False,False,0.0
11,random,89,120.0,10,11,14,False,False,0.0
11,random,90,120.0,10,11,14,False,False,0.0
11,random,91,120.0,10,11,14,False,False,0.0
11,random,92,120.0,10,11,14,False,False,0.0
11,random,93,120.0,10,11,14,False,False,0.0
11,random,94,130.0,9,11,14,False,False,0.0
11,random,95,120.0,10,11,14,False,False,0.0
11,random,96,120.0,10,11,14,False,False,0.0
11,random,97,110.0,11,11,14,False,False,0.0
11,random,98,110.0,11,11,14,False,False,0.0
11,random,99,110.0,11,11,14,False,False,0.0
11,random,100,110.0,11,11,14,False,False,0.0
11,learned,0,90.0,7,8,14,False,False,0.0
11,learned,1,120.0,8,10,14,False,False,0.0
11,learned,2,150.0,9,12,14,False,False,0.0
11,learned,3,180.0,10,14,14,True,False,2.8894271903506567e-08
11,learned,4,190.0,9,14,14,True,True,2.4008524957239213e-08
11,learned,5,190.0,9,14,14,True,True,2.4008524957239213e-08
11,learned,6,190.0,9,14,14,True,True,2.4008524957239213e-08
11,learned,7,190.0,9,14,14,True,True,2.4008524957239213e-08
11,learned,8,190.0,9,14,14,True,True,2.4008524957239213e-08
11,learned,9,190.0,9,14,14,True,True,2.4008524957239213e-08
11,learned,10,190.0,9,14,14,True,True,2.4008524957239213e-08
11,learned,11,190.0,9,14,14,True,True,2.4008524957239213e-08
11,learned,12,190.0,9,14,14,True,True,2.4008524957239213e-08
11,learned,13,190.0,9,14,14,True,True,2.4008524957239213e-08
11,learned,14,190.0,9,14,14,True,True,2.4008524957239213e-08
11,learned,15,190.0,9,14,14,True,True,2.4008524957239213e-08
11,learned,16,190.0,9,14,14,True,True,2.4008524957239213e-08
11,learned,17,190.0,9,14,14,True,True,2.4008524957239213e-08
11,learned,18,190.0,9,14,14,True,True,2.4008524957239213e-08
11,learned,19,190.0,9,14,14,True,True,2.4008524957239213e-08
11,learned,20,190.0,9,14,14,True,True,2.4008524957239213e-08
11,learned,21,190.0,9,14,14,True,True,2.4008524957239213e-08
11,learned,22,190.0,9,14,14,True,True,2.4008524957239213e-08
11,learned,23,190.0,9,14,14,True,True,2.4008524957239213e-08
11,learned,24,190.0,9,14,14,True,True,2.4008524957239213e-08
11,learned,25,190.0,9,14,14,True,True,2.4008524957239213e-08
11,learned,26,190.0,9,14,14,True,True,2.4008524957239213e-08
11,learned,27,190.0,9,14,14,True,True,2.4008524957239213e-08
11,learned,28,190.0,9,14,14,True,True,2.4008524957239213e-08
11,learned,29,190.0,9,14,14,True,True,2.4008524957239213e-08
11,learned,30,190.0,9,14,14,True,True,2.4008524957239213e-08
11,learned,31,190.0,9,14,14,True,True,2.4008524957239213e-08
11,learned,32,190.0,9,14,14,True,True,2.4008524957239213e-08
11,learned,33,190.0,9,14,14,True,True,2.4008524957239213e-08
11,learned,34,190.0,9,14,14,True,True,2.4008524957239213e-08
11,learned,35,190.0,9,14,14,True,True,2.4008524957239213e-08
11,learned,36,190.0,9,14,14,True,True,2.4008524957239213e-08
11,learned,37,190.0,9,14,14,True,True,2.4008524957239213e-08
11,learned,38,190.0,9,14,14,True,True,2.4008524957239213e-08
11,learned,39,190.0,9,14,14,True,True,2.4008524957239213e-08
11,learned,40,190.0,9,14,14,True,True,2.4008524957239213e-08
11,learned,41,190.0,9,14,14,True,True,2.4008524957239213e-08
11,learned,42,190.0,9,14,14,True,True,2.4008524957239213e-08
11,learned,43,190.0,9,14,14,True,True,2.4008524957239213e-08
11,learned,44,190.0,9,14,14,True,True,2.4008524957239213e-08
11,learned,45,190.0,9,14,14,True,True,2.4008524957239213e-08
11,learned,46,190.0,9,14,14,True,True,2.4008524957239213e-08
11,learned,47,190.0,9,14,14,True,True,2.4008524957239213e-08
11,learned,48,190.0,9,14,14,True,True,2.4008524957239213e-08
11,learned,49,190.0,9,14,14,True,True,2.4008524957239213e-08
11,learned,50,190.0,9,14,14,True,True,2.4008524957239213e-08
11,learned,51,190.0,9,14,14,True,True,2.4008524957239213e-08
11,learned,52,190.0,9,14,14,True,True,2.4008524957239213e-08
11,learned,53,190.0,9,14,14,True,True,2.4008524957239213e-08
11,learned,54,190.0,9,14,14,True,True,2.4008524957239213e-08
11,learned,55,190.0,9,14,14,True,True,2.4008524957239213e-08
11,learned,56,190.0,9,14,14,True,True,2.4008524957239213e-08
11,learned,57,190.0,9,14,14,True,True,2.4008524957239213e-08
11,learned,58,190.0,9,14,14,True,True,2.4008524957239213e-08
11,learned,59,190.0,9,14,14,True,True,2.4008524957239213e-08
11,learned,60,190.0,9,14,14,True,True,2.4008524957239213e-08
11,learned,61,190.0,9,14,14,True,True,2.4008524957239213e-08
11,learned,62,190.0,9,14,14,True,True,2.4008524957239213e-08
11,learned,63,190.0,9,14,14,True,True,2.4008524957239213e-08
11,learned,64,190.0,9,14,14,True,True,2.4008524957239213e-08
11,learned,65,190.0,9,14,14,True,True,2.4008524957239213e-08
11,learned,66,190.0,9,14,14,True,True,2.4008524957239213e-08
11,learned,67,190.0,9,14,14,True,True,2.4008524957239213e-08
11,learned,68,190.0,9,14,14,True,True,2.4008524957239213e-08
11,learned,69,190.0,9,14,14,True,True,2.4008524957239213e-08
11,learned,70,190.0,9,14,14,True,True,2.4008524957239213e-08
11,learned,71,190.0,9,14,14,True,True,2.4008524957239213e-08
11,learned,72,190.0,9,14,14,True,True,2.4008524957239213e-08
11,learned,73,190.0,9,14,14,True,True,2.4008524957239213e-08
11,learned,74,190.0,9,14,14,True,True,2.4008524957239213e-08
11,learned,75,190.0,9,14,14,True,True,2.4008524957239213e-08
11,learned,76,190.0,9,14,14,True,True,2.4008524957239213e-08
11,learned,77,190.0,9,14,14,True,True,2.4008524957239213e-08
11,learned,78,190.0,9,14,14,True,True,2.4008524957239213e-08
11,learned,79,190.0,9,14,14,True,True,2.4008524957239213e-08
11,learned,80,190.0,9,14,14,True,True,2.4008524957239213e-08
11,learned,81,190.0,9,14,14,True,True,2.4008524957239213e-08
11,learned,82,190.0,9,14,14,True,True,2.4008524957239213e-08
11,learned,83,190.0,9,14,14,True,True,2.4008524957239213e-08
11,learned,84,190.0,9,14,14,True,True,2.4008524957239213e-08
11,learned,85,190.0,9,14,14,True,True,2.4008524957239213e-08
11,learned,86,190.0,9,14,14,True,True,2.4008524957239213e-08
11,learned,87,190.0,9,14,14,True,True,2.4008524957239213e-08
11,learned,88,190.0,9,14,14,True,True,2.4008524957239213e-08
11,learned,89,190.0,9,14,14,True,True,2.4008524957239213e-08
11,learned,90,190.0,9,14,14,True,True,2.4008524957239213e-08
11,learned,91,190.0,9,14,14,True,True,2.4008524957239213e-08
11,learned,92,190.0,9,14,14,True,True,2.4008524957239213e-08
11,learned,93,190.0,9,14,14,True,True,2.4008524957239213e-08
11,learned,94,190.0,9,14,14,True,True,2.4008524957239213e-08
11,learned,95,190.0,9,14,14,True,True,2.4008524957239213e-08
11,learned,96,190.0,9,14,14,True,True,2.4008524957239213e-08
11,learned,97,190.0,9,14,14,True,True,2.4008524957239213e-08
11,learned,98,190.0,9,14,14,True,True,2.4008524957239213e-08
11,learned,99,190.0,9,14,14,True,True,2.4008524957239213e-08
11,learned,100,190.0,9,14,14,True,True,2.4008524957239213e-08
12,initial,0,10.0,1,1,14,False,False,0.0
12,greedy,0,10.0,1,1,14,False,False,0.0
12,greedy,1,40.0,2,3,14,False,False,0.0
12,greedy,2,70.0,3,5,14,False,False,0.0
12,greedy,3,100.0,4,7,14,False,False,0.0
12,greedy,4,130.0,5,9,14,False,False,0.0
12,greedy,5,160.0,6,11,14,False,False,0.0
12,greedy,6,170.0,7,12,14,False,False,0.0
12,greedy,7,180.0,8,13,14,False,False,0.0
12,greedy,8,190.0,9,14,14,True,False,1.7922839362361574e-06
12,random,0,10.0,1,1,14,False,False,0.0
12,random,1,10.0,1,1,14,False,False,0.0
12,random,2,20.0,2,2,14,False,False,0.0
12,random,3,50.0,3,4,14,False,False,0.0
12,random,4,50.0,3,4,14,False,False,0.0
12,random,5,50.0,3,4,14,False,False,0.0
12,random,6,50.0,3,4,14,False,False,0.0
12,random,7,60.0,4,5,14,False,False,0.0
12,random,8,60.0,4,5,14,False,False,0.0
12,random,9,60.0,4,5,14,False,False,0.0
12,random,10,60.0,4,5,14,False,False,0.0
12,random,11,60.0,4,5,14,False,False,0.0
12,random,12,60.0,4,5,14,False,False,0.0
12,random,13,60.0,4,5,14,False,False,0.0
12,random,14,50.0,5,5,14,False,False,0.0
12,random,15,50.0,5,5,14,False,False,0.0
12,random,16,50.0,5,5,14,False,False,0.0
12,random,17,50.0,5,5,14,False,False,0.0
12,random,18,50.0,5,5,14,False,False,0.0
12,random,19,80.0,6,7,14,False,False,0.0
12,random,20,110.0,7,9,14,False,False,0.0
12,random,21,80.0,6,7,14,False,False,0.0
12,random,22,110.0,7,9,14,False,False,0.0
12,random,23,80.0,6,7,14,False,False,0.0
12,random,24,80.0,6,7,14,False,False,0.0
12,random,25,80.0,6,7,14,False,False,0.0
12,random,26,80.0,6,7,14,False,False,0.0
12,random,27,80.0,6,7,14,False,False,0.0
12,random,28,80.0,6,7,14,False,False,0.0
12,random,29,80.0,6,7,14,False,False,0.0
12,random,30,70.0,5,6,14,False,False,0.0
12,random,31,40.0,4,4,14,False,False,0.0
12,random,32,70.0,5,6,14,False,False,0.0
12,random,33,70.0,5,6,14,False,False,0.0
12,random,34,70.0,5,6,14,False,False,0.0
12,random,35,70.0,5,6,14,False,False,0.0
12,random,36,80.0,6,7,14,False,False,0.0
12,random,37,80.0,6,7,14,False,False,0.0
12,random,38,70.0,7,7,14,False,False,0.0
12,random,39,80.0,8,8,14,False,False,0.0
12,random,40,80.0,8,8,14,False,False,0.0
12,random,41,80.0,8,8,14,False,False,0.0
12,random,42,80.0,8,8,14,False,False,0.0
12,random,43,80.0,8,8,14,False,False,0.0
12,random,44,80.0,8,8,14,False,False,0.0
12,random,45,110.0,9,10,14,False,False,0.0
12,random,46,110.0,9,10,14,False,False,0.0
12,random,47,100.0,10,10,14,False,False,0.0
12,random,48,100.0,10,10,14,False,False,0.0
12,random,49,100.0,10,10,14,False,False,0.0
12,random,50,100.0,10,10,14,False,False,0.0
12,random,51,70.0,9,8,14,False,False,0.0
12,random,52,60.0,10,8,14,False,False,0.0
12,random,53,90.0,11,10,14,False,False,0.0
12,random,54,90.0,11,10,14,False,False,0.0
12,random,55,100.0,12,11,14,False,False,0.0
12,random,56,90.0,13,11,14,False,False,0.0
12,random,57,60.0,12,9,14,False,False,0.0
12,random,58,60.0,12,9,14,False,False,0.0
12,random,59,60.0,12,9,14,False,False,0.0
12,random,60,70.0,11,9,14,False,False,0.0
12,random,61,60.0,12,9,14,False,False,0.0
12,random,62,70.0,13,10,14,False,False,0.0
12,random,63,80.0,12,10,14,False,False,0.0
12,random,64,80.0,12,10,14,False,False,0.0
12,random,65,70.0,13,10,14,False,False,0.0
12,random,66,70.0,13,10,14,False,False,0.0
12,random,67,70.0,13,10,14,False,False,0.0
12,random,68,70.0,13,10,14,False,False,0.0
12,random,69,70.0,13,10,14,False,False,0.0
12,random,70,70.0,13,10,14,False,False,0.0
12,random,71,60.0,14,10,14,False,False,0.0
12,random,72,70.0,13,10,14,False,False,0.0
12,random,73,60.0,14,10,14,False,False,0.0
12,random,74,70.0,13,10,14,False,False,0.0
12,random,75,70.0,13,10,14,False,False,0.0
12,random,76,100.0,14,12,14,False,False,0.0
12,random,77,100.0,14,12,14,False,False,0.0
12,random,78,100.0,14,12,14,False,False,0.0
12,random,79,110.0,13,12,14,False,False,0.0
12,random,80,100.0,12,11,14,False,False,0.0
12,random,81,100.0,12,11,14,False,False,0.0
12,random,82,100.0,12,11,14,False,False,0.0
12,random,83,110.0,11,11,14,False,False,0.0
12,random,84,100.0,12,11,14,False,False,0.0
12,random,85,100.0,12,11,14,False,False,0.0
12,random,86,110.0,11,11,14,False,False,0.0
12,random,87,110.0,11,11,14,False,False,0.0
12,random,88,140.0,12,13,14,False,False,0.0
12,random,89,140.0,12,13,14,False,False,0.0
12,random,90,110.0,11,11,14,False,False,0.0
12,random,91,110.0,11,11,14,False,False,0.0
12,random,92,110.0,11,11,14,False,False,0.0
12,random,93,140.0,12,13,14,False,False,0.0
12,random,94,150.0,11,13,14,False,False,0.0
12,random,95,160.0,12,14,14,True,False,6.11578146573386e-07
12,random,96,160.0,12,14,14,True,False,6.11578146573386e-07
12,random,97,150.0,11,13,14,False,False,0.0
12,random,98,140.0,12,13,14,False,False,0.0
12,random,99,130.0,11,12,14,False,False,0.0
12,random,100,140.0,12,13,14,False,False,0.0
12,learned,0,10.0,1,1,14,False,False,0.0
12,learned,1,40.0,2,3,14,False,False,0.0
12,learned,2,70.0,3,5,14,False,False,0.0
12,learned,3,100.0,4,7,14,False,False,0.0
12,learned,4,110.0,5,8,14,False,False,0.0
12,learned,5,120.0,6,9,14,False,False,0.0
12,learned,6,130.0,7,10,14,False,False,0.0
12,learned,7,160.0,8,12,14,False,False,0.0
12,learned,8,190.0,9,14,14,True,False,1.2126373929977584e-05
12,learned,9,180.0,8,13,14,False,False,0.0
12,learned,10,190.0,9,14,14,True,False,2.2605716452125177e-05
12,learned,11,190.0,9,14,14,True,False,2.2605716452125177e-05
12,learned,12,190.0,9,14,14,True,False,2.2605716452125177e-05
12,learned,13,190.0,9,14,14,True,False,2.2605716452125177e-05
12,learned,14,190.0,9,14,14,True,False,2.2605716452125177e-05
12,learned,15,190.0,9,14,14,True,False,2.2605716452125177e-05
12,learned,16,190.0,9,14,14,True,False,2.2605716452125177e-05
12,learned,17,190.0,9,14,14,True,False,2.2605716452125177e-05
12,learned,18,190.0,9,14,14,True,False,2.2605716452125177e-05
12,learned,19,190.0,9,14,14,True,False,2.2605716452125177e-05
12,learned,20,190.0,9,14,14,True,False,2.2605716452125177e-05
12,learned,21,190.0,9,14,14,True,False,2.2605716452125177e-05
12,learned,22,190.0,9,14,14,True,False,2.2605716452125177e-05
12,learned,23,190.0,9,14,14,True,False,2.2605716452125177e-05
12,learned,24,190.0,9,14,14,True,False,2.2605716452125177e-05
12,learned,25,190.0,9,14,14,True,False,2.2605716452125177e-05
12,learned,26,190.0,9,14,14,True,False,2.2605716452125177e-05
12,learned,27,190.0,9,14,14,True,False,2.2605716452125177e-05
12,learned,28,190.0,9,14,14,True,False,2.2605716452125177e-05
12,learned,29,190.0,9,14,14,True,False,2.2605716452125177e-05
12,learned,30,190.0,9,14,14,True,False,2.2605716452125177e-05
12,learned,31,190.0,9,14,14,True,False,2.2605716452125177e-05
12,learned,32,190.0,9,14,14,True,False,2.2605716452125177e-05
12,learned,33,190.0,9,14,14,True,False,2.2605716452125177e-05
12,learned,34,190.0,9,14,14,True,False,2.2605716452125177e-05
12,learned,35,190.0,9,14,14,True,False,2.2605716452125177e-05
12,learned,36,190.0,9,14,14,True,False,2.2605716452125177e-05
12,learned,37,190.0,9,14,14,True,False,2.2605716452125177e-05
12,learned,38,190.0,9,14,14,True,False,2.2605716452125177e-05
12,learned,39,190.0,9,14,14,True,False,2.2605716452125177e-05
12,learned,40,190.0,9,14,14,True,False,2.2605716452125177e-05
12,learned,41,190.0,9,14,14,True,False,2.2605716452125177e-05
12,learned,42,190.0,9,14,14,True,False,2.2605716452125177e-05
12,learned,43,190.0,9,14,14,True,False,2.2605716452125177e-05
12,learned,44,190.0,9,14,14,True,False,2.2605716452125177e-05
12,learned,45,190.0,9,14,14,True,False,2.2605716452125177e-05
12,learned,46,190.0,9,14,14,True,False,2.2605716452125177e-05
12,learned,47,190.0,9,14,14,True,False,2.2605716452125177e-05
12,learned,48,190.0,9,14,14,True,False,2.2605716452125177e-05
12,learned,49,190.0,9,14,14,True,False,2.2605716452125177e-05
12,learned,50,190.0,9,14,14,True,False,2.2605716452125177e-05
12,learned,51,190.0,9,14,14,True,False,2.2605716452125177e-05
12,learned,52,190.0,9,14,14,True,False,2.2605716452125177e-05
12,learned,53,190.0,9,14,14,True,False,2.2605716452125177e-05
12,learned,54,190.0,9,14,14,True,False,2.2605716452125177e-05
12,learned,55,190.0,9,14,14,True,False,2.2605716452125177e-05
12,learned,56,190.0,9,14,14,True,False,2.2605716452125177e-05
12,learned,57,190.0,9,14,14,True,False,2.2605716452125177e-05
12,learned,58,190.0,9,14,14,True,False,2.2605716452125177e-05
12,learned,59,190.0,9,14,14,True,False,2.2605716452125177e-05
12,learned,60,190.0,9,14,14,True,False,2.2605716452125177e-05
12,learned,61,190.0,9,14,14,True,False,2.2605716452125177e-05
12,learned,62,190.0,9,14,14,True,False,2.2605716452125177e-05
12,learned,63,190.0,9,14,14,True,False,2.2605716452125177e-05
12,learned,64,190.0,9,14,14,True,False,2.2605716452125177e-05
12,learned,65,190.0,9,14,14,True,False,2.2605716452125177e-05
12,learned,66,190.0,9,14,14,True,False,2.2605716452125177e-05
12,learned,67,190.0,9,14,14,True,False,2.2605716452125177e-05
12,learned,68,190.0,9,14,14,True,False,2.2605716452125177e-05
12,learned,69,190.0,9,14,14,True,False,2.2605716452125177e-05
12,learned,70,190.0,9,14,14,True,False,2.2605716452125177e-05
12,learned,71,190.0,9,14,14,True,False,2.2605716452125177e-05
12,learned,72,190.0,9,14,14,True,False,2.2605716452125177e-05
12,learned,73,190.0,9,14,14,True,False,2.2605716452125177e-05
12,learned,74,190.0,9,14,14,True,False,2.2605716452125177e-05
12,learned,75,190.0,9,14,14,True,False,2.2605716452125177e-05
12,learned,76,190.0,9,14,14,True,False,2.2605716452125177e-05
12,learned,77,190.0,9,14,14,True,False,2.2605716452125177e-05
12,learned,78,190.0,9,14,14,True,False,2.2605716452125177e-05
12,learned,79,190.0,9,14,14,True,False,2.2605716452125177e-05
12,learned,80,190.0,9,14,14,True,False,2.2605716452125177e-05
12,learned,81,190.0,9,14,14,True,False,2.2605716452125177e-05
12,learned,82,190.0,9,14,14,True,False,2.2605716452125177e-05
12,learned,83,190.0,9,14,14,True,False,2.2605716452125177e-05
12,learned,84,190.0,9,14,14,True,False,2.2605716452125177e-05
12,learned,85,190.0,9,14,14,True,False,2.2605716452125177e-05
12,learned,86,190.0,9,14,14,True,False,2.2605716452125177e-05
12,learned,87,190.0,9,14,14,True,False,2.2605716452125177e-05
12,learned,88,190.0,9,14,14,True,False,2.2605716452125177e-05
12,learned,89,190.0,9,14,14,True,False,2.2605716452125177e-05
12,learned,90,190.0,9,14,14,True,False,2.2605716452125177e-05
12,learned,91,190.0,9,14,14,True,False,2.2605716452125177e-05
12,learned,92,190.0,9,14,14,True,False,2.2605716452125177e-05
12,learned,93,190.0,9,14,14,True,False,2.2605716452125177e-05
12,learned,94,190.0,9,14,14,True,False,2.2605716452125177e-05
12,learned,95,190.0,9,14,14,True,False,2.2605716452125177e-05
12,learned,96,190.0,9,14,14,True,False,2.2605716452125177e-05
12,learned,97,190.0,9,14,14,True,False,2.2605716452125177e-05
12,learned,98,190.0,9,14,14,True,False,2.2605716452125177e-05
12,learned,99,190.0,9,14,14,True,False,2.2605716452125177e-05
12,learned,100,190.0,9,14,14,True,False,2.2605716452125177e-05
13,initial,0,160.0,12,14,14,True,False,2.1164330361846592e-05
13,greedy,0,160.0,12,14,14,True,False,2.1164330361846592e-05
13,greedy,1,170.0,11,14,14,True,False,2.0733654516883057e-05
13,greedy,2,180.0,10,14,14,True,False,1.1781570598573929e-05
13,greedy,3,190.0,9,14,14,True,False,1.1582941873903025e-05
13,random,0,160.0,12,14,14,True,False,2.1164330361846592e-05
13,random,1,170.0,11,14,14,True,False,1.922826597880315e-05
13,random,2,170.0,11,14,14,True,False,1.922826597880315e-05
13,random,3,160.0,10,13,14,False,False,0.0
13,random,4,150.0,11,13,14,False,False,0.0
13,random,5,150.0,11,13,14,False,False,0.0
13,random,6,150.0,11,13,14,False,False,0.0
13,random,7,150.0,11,13,14,False,False,0.0
13,random,8,150.0,11,13,14,False,False,0.0
13,random,9,140.0,12,13,14,False,False,0.0
13,random,10,140.0,12,13,14,False,False,0.0
13,random,11,140.0,12,13,14,False,False,0.0
13,random,12,140.0,12,13,14,False,False,0.0
13,random,13,150.0,11,13,14,False,False,0.0
13,random,14,160.0,12,14,14,True,False,3.1173973805400054e-05
13,random,15,160.0,12,14,14,True,False,3.1173973805400054e-05
13,random,16,150.0,13,14,14,True,False,3.439277642918822e-05
13,random,17,140.0,14,14,14,True,False,6.319913557013737e-05
13,random,18,130.0,15,14,14,True,False,6.356915500159656e-05
13,random,19,120.0,14,13,14,False,False,0.0
13,random,20,130.0,15,14,14,True,False,9.021473682991582e-06
13,random,21,130.0,15,14,14,True,False,9.021473682991582e-06
13,random,22,130.0,15,14,14,True,False,9.021473682991582e-06
13,random,23,130.0,15,14,14,True,False,9.021473682991582e-06
13,random,24,130.0,15,14,14,True,False,9.021473682991582e-06
13,random,25,120.0,16,14,14,True,False,9.04410719373933e-06
13,random,26,130.0,15,14,14,True,False,9.02331934421236e-06
13,random,27,130.0,15,14,14,True,False,9.02331934421236e-06
13,random,28,120.0,16,14,14,True,False,2.4070709354162234e-05
13,random,29,130.0,15,14,14,True,False,2.3994985126727356e-05
13,random,30,120.0,16,14,14,True,False,2.403253651907737e-05
13,random,31,120.0,16,14,14,True,False,2.403253651907737e-05
13,random,32,120.0,16,14,14,True,False,2.403253651907737e-05
13,random,33,120.0,16,14,14,True,False,2.403253651907737e-05
13,random,34,120.0,16,14,14,True,False,2.403253651907737e-05
13,random,35,120.0,16,14,14,True,False,2.403253651907737e-05
13,random,36,120.0,16,14,14,True,False,2.403253651907737e-05
13,random,37,130.0,15,14,14,True,False,2.3890040886816902e-05
13,random,38,120.0,16,14,14,True,False,2.3923521466891004e-05
13,random,39,120.0,16,14,14,True,False,2.3923521466891004e-05
13,random,40,120.0,16,14,14,True,False,2.3923521466891004e-05
13,random,41,120.0,16,14,14,True,False,2.3923521466891004e-05
13,random,42,130.0,15,14,14,True,False,8.840526532683031e-06
13,random,43,120.0,16,14,14,True,False,8.97066198653286e-06
13,random,44,120.0,16,14,14,True,False,8.97066198653286e-06
13,random,45,130.0,15,14,14,True,False,8.760704086368822e-06
13,random,46,140.0,14,14,14,True,False,1.5989478025185713e-07
13,random,47,140.0,14,14,14,True,False,1.5989478025185713e-07
13,random,48,130.0,15,14,14,True,False,2.1210209795357647e-07
13,random,49,140.0,14,14,14,True,False,2.1208089676916648e-07
13,random,50,140.0,14,14,14,True,False,2.1208089676916648e-07
13,random,51,140.0,14,14,14,True,False,2.1208089676916648e-07
13,random,52,140.0,14,14,14,True,False,2.1208089676916648e-07
13,random,53,140.0,14,14,14,True,False,2.1208089676916648e-07
13,random,54,130.0,13,13,14,False,False,0.0
13,random,55,140.0,12,13,14,False,False,0.0
13,random,56,140.0,12,13,14,False,False,0.0
13,random,57,140.0,12,13,14,False,False,0.0
13,random,58,140.0,12,13,14,False,False,0.0
13,random,59,110.0,11,11,14,False,False,0.0
13,random,60,120.0,10,11,14,False,False,0.0
13,random,61,120.0,10,11,14,False,False,0.0
13,random,62,110.0,11,11,14,False,False,0.0
13,random,63,120.0,10,11,14,False,False,0.0
13,random,64,120.0,10,11,14,False,False,0.0
13,random,65,110.0,11,11,14,False,False,0.0
13,random,66,120.0,10,11,14,False,False,0.0
13,random,67,150.0,11,13,14,False,False,0.0
13,random,68,160.0,12,14,14,True,False,1.0156544822045914e-07
13,random,69,170.0,11,14,14,True,False,7.156865149838692e-08
13,random,70,160.0,12,14,14,True,False,7.234364223774621e-08
13,random,71,160.0,12,14,14,True,False,7.234364223774621e-08
13,random,72,150.0,13,14,14,True,False,2.16035627166887e-06
13,random,73,140.0,14,14,14,True,False,2.178201734450749e-06
13,random,74,150.0,13,14,14,True,False,2.169601772224839e-06
13,random,75,150.0,13,14,14,True,False,2.169601772224839e-06
13,random,76,160.0,12,14,14,True,False,9.863605157906473e-08
13,random,77,170.0,11,14,14,True,False,9.402617246480584e-08
13,random,78,160.0,10,13,14,False,False,0.0
13,random,79,160.0,10,13,14,False,False,0.0
13,random,80,170.0,9,13,14,False,False,0.0
13,random,81,140.0,8,11,14,False,False,0.0
13,random,82,140.0,8,11,14,False,False,0.0
13,random,83,140.0,8,11,14,False,False,0.0
13,random,84,130.0,9,11,14,False,False,0.0
13,random,85,120.0,10,11,14,False,False,0.0
13,random,86,120.0,10,11,14,False,False,0.0
13,random,87,120.0,10,11,14,False,False,0.0
13,random,88,120.0,10,11,14,False,False,0.0
13,random,89,120.0,10,11,14,False,False,0.0
13,random,90,110.0,9,10,14,False,False,0.0
13,random,91,110.0,9,10,14,False,False,0.0
13,random,92,140.0,10,12,14,False,False,0.0
13,random,93,140.0,10,12,14,False,False,0.0
13,random,94,140.0,10,12,14,False,False,0.0
13,random,95,170.0,11,14,14,True,False,1.3277245956909349e-08
13,random,96,170.0,11,14,14,True,False,1.3277245956909349e-08
13,random,97,170.0,11,14,14,True,False,1.3277245956909349e-08
13,random,98,170.0,11,14,14,True,False,1.3277245956909349e-08
13,random,99,160.0,12,14,14,True,False,4.226572869543174e-05
13,random,100,160.0,12,14,14,True,False,4.226572869543174e-05
13,learned,0,160.0,12,14,14,True,False,2.1164330361846592e-05
13,learned,1,170.0,11,14,14,True,False,2.0733654516883057e-05
13,learned,2,180.0,10,14,14,True,False,1.88737540523165e-05
13,learned,3,190.0,9,14,14,True,False,1.8213302709484022e-05
13,learned,4,180.0,8,13,14,False,False,0.0
13,learned,5,190.0,9,14,14,True,False,3.477274074897147e-05
13,learned,6,190.0,9,14,14,True,False,3.477274074897147e-05
13,learned,7,190.0,9,14,14,True,False,3.477274074897147e-05
13,learned,8,190.0,9,14,14,True,False,3.477274074897147e-05
13,learned,9,190.0,9,14,14,True,False,3.477274074897147e-05
13,learned,10,190.0,9,14,14,True,False,3.477274074897147e-05
13,learned,11,190.0,9,14,14,True,False,3.477274074897147e-05
13,learned,12,190.0,9,14,14,True,False,3.477274074897147e-05
13,learned,13,190.0,9,14,14,True,False,3.477274074897147e-05
13,learned,14,190.0,9,14,14,True,False,3.477274074897147e-05
13,learned,15,190.0,9,14,14,True,False,3.477274074897147e-05
13,learned,16,190.0,9,14,14,True,False,3.477274074897147e-05
13,learned,17,190.0,9,14,14,True,False,3.477274074897147e-05
13,learned,18,190.0,9,14,14,True,False,3.477274074897147e-05
13,learned,19,190.0,9,14,14,True,False,3.477274074897147e-05
13,learned,20,190.0,9,14,14,True,False,3.477274074897147e-05
13,learned,21,190.0,9,14,14,True,False,3.477274074897147e-05
13,learned,22,190.0,9,14,14,True,False,3.477274074897147e-05
13,learned,23,190.0,9,14,14,True,False,3.477274074897147e-05
13,learned,24,190.0,9,14,14,True,False,3.477274074897147e-05
13,learned,25,190.0,9,14,14,True,False,3.477274074897147e-05
13,learned,26,190.0,9,14,14,True,False,3.477274074897147e-05
13,learned,27,190.0,9,14,14,True,False,3.477274074897147e-05
13,learned,28,190.0,9,14,14,True,False,3.477274074897147e-05
13,learned,29,190.0,9,14,14,True,False,3.477274074897147e-05
13,learned,30,190.0,9,14,14,True,False,3.477274074897147e-05
13,learned,31,190.0,9,14,14,True,False,3.477274074897147e-05
13,learned,32,190.0,9,14,14,True,False,3.477274074897147e-05
13,learned,33,190.0,9,14,14,True,False,3.477274074897147e-05
13,learned,34,190.0,9,14,14,True,False,3.477274074897147e-05
13,learned,35,190.0,9,14,14,True,False,3.477274074897147e-05
13,learned,36,190.0,9,14,14,True,False,3.477274074897147e-05
13,learned,37,190.0,9,14,14,True,False,3.477274074897147e-05
13,learned,38,190.0,9,14,14,True,False,3.477274074897147e-05
13,learned,39,190.0,9,14,14,True,False,3.477274074897147e-05
13,learned,40,190.0,9,14,14,True,False,3.477274074897147e-05
13,learned,41,190.0,9,14,14,True,False,3.477274074897147e-05
13,learned,42,190.0,9,14,14,True,False,3.477274074897147e-05
13,learned,43,190.0,9,14,14,True,False,3.477274074897147e-05
13,learned,44,190.0,9,14,14,True,False,3.477274074897147e-05
13,learned,45,190.0,9,14,14,True,False,3.477274074897147e-05
13,learned,46,190.0,9,14,14,True,False,3.477274074897147e-05
13,learned,47,190.0,9,14,14,True,False,3.477274074897147e-05
13,learned,48,190.0,9,14,14,True,False,3.477274074897147e-05
13,learned,49,190.0,9,14,14,True,False,3.477274074897147e-05
13,learned,50,190.0,9,14,14,True,False,3.477274074897147e-05
13,learned,51,190.0,9,14,14,True,False,3.477274074897147e-05
13,learned,52,190.0,9,14,14,True,False,3.477274074897147e-05
13,learned,53,190.0,9,14,14,True,False,3.477274074897147e-05
13,learned,54,190.0,9,14,14,True,False,3.477274074897147e-05
13,learned,55,190.0,9,14,14,True,False,3.477274074897147e-05
13,learned,56,190.0,9,14,14,True,False,3.477274074897147e-05
13,learned,57,190.0,9,14,14,True,False,3.477274074897147e-05
13,learned,58,190.0,9,14,14,True,False,3.477274074897147e-05
13,learned,59,190.0,9,14,14,True,False,3.477274074897147e-05
13,learned,60,190.0,9,14,14,True,False,3.477274074897147e-05
13,learned,61,190.0,9,14,14,True,False,3.477274074897147e-05
13,learned,62,190.0,9,14,14,True,False,3.477274074897147e-05
13,learned,63,190.0,9,14,14,True,False,3.477274074897147e-05
13,learned,64,190.0,9,14,14,True,False,3.477274074897147e-05
13,learned,65,190.0,9,14,14,True,False,3.477274074897147e-05
13,learned,66,190.0,9,14,14,True,False,3.477274074897147e-05
13,learned,67,190.0,9,14,14,True,False,3.477274074897147e-05
13,learned,68,190.0,9,14,14,True,False,3.477274074897147e-05
13,learned,69,190.0,9,14,14,True,False,3.477274074897147e-05
13,learned,70,190.0,9,14,14,True,False,3.477274074897147e-05
13,learned,71,190.0,9,14,14,True,False,3.477274074897147e-05
13,learned,72,190.0,9,14,14,True,False,3.477274074897147e-05
13,learned,73,190.0,9,14,14,True,False,3.477274074897147e-05
13,learned,74,190.0,9,14,14,True,False,3.477274074897147e-05
13,learned,75,190.0,9,14,14,True,False,3.477274074897147e-05
13,learned,76,190.0,9,14,14,True,False,3.477274074897147e-05
13,learned,77,190.0,9,14,14,True,False,3.477274074897147e-05
13,learned,78,190.0,9,14,14,True,False,3.477274074897147e-05
13,learned,79,190.0,9,14,14,True,False,3.477274074897147e-05
13,learned,80,190.0,9,14,14,True,False,3.477274074897147e-05
13,learned,81,190.0,9,14,14,True,False,3.477274074897147e-05
13,learned,82,190.0,9,14,14,True,False,3.477274074897147e-05
13,learned,83,190.0,9,14,14,True,False,3.477274074897147e-05
13,learned,84,190.0,9,14,14,True,False,3.477274074897147e-05
13,learned,85,190.0,9,14,14,True,False,3.477274074897147e-05
13,learned,86,190.0,9,14,14,True,False,3.477274074897147e-05
13,learned,87,190.0,9,14,14,True,False,3.477274074897147e-05
13,learned,88,190.0,9,14,14,True,False,3.477274074897147e-05
13,learned,89,190.0,9,14,14,True,False,3.477274074897147e-05
13,learned,90,190.0,9,14,14,True,False,3.477274074897147e-05
13,learned,91,190.0,9,14,14,True,False,3.477274074897147e-05
13,learned,92,190.0,9,14,14,True,False,3.477274074897147e-05
13,learned,93,190.0,9,14,14,True,False,3.477274074897147e-05
13,learned,94,190.0,9,14,14,True,False,3.477274074897147e-05
13,learned,95,190.0,9,14,14,True,False,3.477274074897147e-05
13,learned,96,190.0,9,14,14,True,False,3.477274074897147e-05
13,learned,97,190.0,9,14,14,True,False,3.477274074897147e-05
13,learned,98,190.0,9,14,14,True,False,3.477274074897147e-05
13,learned,99,190.0,9,14,14,True,False,3.477274074897147e-05
13,learned,100,190.0,9,14,14,True,False,3.477274074897147e-05
14,initial,0,60.0,6,6,14,False,False,0.0
14,greedy,0,60.0,6,6,14,False,False,0.0
14,greedy,1,90.0,7,8,14,False,False,0.0
14,greedy,2,120.0,8,10,14,False,False,0.0
14,greedy,3,150.0,9,12,14,False,False,0.0
14,greedy,4,180.0,10,14,14,True,False,0.0
14,greedy,5,190.0,9,14,14,True,True,0.0
14,random,0,60.0,6,6,14,False,False,0.0
14,random,1,60.0,6,6,14,False,False,0.0
14,random,2,60.0,6,6,14,False,False,0.0
14,random,3,60.0,6,6,14,False,False,0.0
14,random,4,60.0,6,6,14,False,False,0.0
14,random,5,60.0,6,6,14,False,False,0.0
14,random,6,70.0,5,6,14,False,False,0.0
14,random,7,70.0,5,6,14,False,False,0.0
14,random,8,100.0,6,8,14,False,False,0.0
14,random,9,110.0,7,9,14,False,False,0.0
14,random,10,100.0,6,8,14,False,False,0.0
14,random,11,130.0,7,10,14,False,False,0.0
14,random,12,130.0,7,10,14,False,False,0.0
14,random,13,130.0,7,10,14,False,False,0.0
14,random,14,100.0,6,8,14,False,False,0.0
14,random,15,130.0,7,10,14,False,False,0.0
14,random,16,130.0,7,10,14,False,False,0.0
14,random,17,130.0,7,10,14,False,False,0.0
14,random,18,130.0,7,10,14,False,False,0.0
14,random,19,100.0,6,8,14,False,False,0.0
14,random,20,100.0,6,8,14,False,False,0.0
14,random,21,100.0,6,8,14,False,False,0.0
14,random,22,100.0,6,8,14,False,False,0.0
14,random,23,130.0,7,10,14,False,False,0.0
14,random,24,160.0,8,12,14,False,False,0.0
14,random,25,160.0,8,12,14,False,False,0.0
14,random,26,160.0,8,12,14,False,False,0.0
14,random,27,160.0,8,12,14,False,False,0.0
14,random,28,160.0,8,12,14,False,False,0.0
14,random,29,160.0,8,12,14,False,False,0.0
14,random,30,130.0,7,10,14,False,False,0.0
14,random,31,130.0,7,10,14,False,False,0.0
14,random,32,130.0,7,10,14,False,False,0.0
14,random,33,160.0,8,12,14,False,False,0.0
14,random,34,130.0,7,10,14,False,False,0.0
14,random,35,140.0,8,11,14,False,False,0.0
14,random,36,140.0,8,11,14,False,False,0.0
14,random,37,140.0,8,11,14,False,False,0.0
14,random,38,130.0,7,10,14,False,False,0.0
14,random,39,130.0,7,10,14,False,False,0.0
14,random,40,130.0,7,10,14,False,False,0.0
14,random,41,140.0,8,11,14,False,False,0.0
14,random,42,140.0,8,11,14,False,False,0.0
14,random,43,140.0,8,11,14,False,False,0.0
14,random,44,130.0,7,10,14,False,False,0.0
14,random,45,130.0,7,10,14,False,False,0.0
14,random,46,130.0,7,10,14,False,False,0.0
14,random,47,130.0,7,10,14,False,False,0.0
14,random,48,160.0,8,12,14,False,False,0.0
14,random,49,160.0,8,12,14,False,False,0.0
14,random,50,170.0,9,13,14,False,False,0.0
14,random,51,170.0,9,13,14,False,False,0.0
14,random,52,160.0,8,12,14,False,False,0.0
14,random,53,130.0,7,10,14,False,False,0.0
14,random,54,100.0,6,8,14,False,False,0.0
14,random,55,100.0,6,8,14,False,False,0.0
14,random,56,110.0,7,9,14,False,False,0.0
14,random,57,110.0,7,9,14,False,False,0.0
14,random,58,110.0,7,9,14,False,False,0.0
14,random,59,110.0,7,9,14,False,False,0.0
14,random,60,110.0,7,9,14,False,False,0.0
14,random,61,100.0,8,9,14,False,False,0.0
14,random,62,100.0,8,9,14,False,False,0.0
14,random,63,100.0,8,9,14,False,False,0.0
14,random,64,130.0,9,11,14,False,False,0.0
14,random,65,130.0,9,11,14,False,False,0.0
14,random,66,130.0,9,11,14,False,False,0.0
14,random,67,120.0,10,11,14,False,False,0.0
14,random,68,90.0,9,9,14,False,False,0.0
14,random,69,120.0,10,11,14,False,False,0.0
14,random,70,120.0,10,11,14,False,False,0.0
14,random,71,130.0,9,11,14,False,False,0.0
14,random,72,160.0,10,13,14,False,False,0.0
14,random,73,160.0,10,13,14,False,False,0.0
14,random,74,160.0,10,13,14,False,False,0.0
14,random,75,170.0,9,13,14,False,False,0.0
14,random,76,170.0,9,13,14,False,False,0.0
14,random,77,170.0,9,13,14,False,False,0.0
14,random,78,160.0,10,13,14,False,False,0.0
14,random,79,160.0,10,13,14,False,False,0.0
14,random,80,160.0,10,13,14,False,False,0.0
14,random,81,160.0,10,13,14,False,False,0.0
14,random,82,170.0,11,14,14,True,False,3.6858534225027458e-06
14,random,83,170.0,11,14,14,True,False,3.6858534225027458e-06
14,random,84,180.0,10,14,14,True,False,1.6598382843479649e-06
14,random,85,180.0,10,14,14,True,False,1.6598382843479649e-06
14,random,86,190.0,9,14,14,True,True,6.60739532117566e-07
14,random,87,190.0,9,14,14,True,True,6.60739532117566e-07
14,random,88,190.0,9,14,14,True,True,6.60739532117566e-07
14,random,89,190.0,9,14,14,True,True,6.60739532117566e-07
14,random,90,180.0,10,14,14,True,False,6.619193556182182e-07
14,random,91,180.0,10,14,14,True,False,6.619193556182182e-07
14,random,92,180.0,10,14,14,True,False,6.619193556182182e-07
14,random,93,170.0,9,13,14,False,False,0.0
14,random,94,170.0,9,13,14,False,False,0.0
14,random,95,170.0,9,13,14,False,False,0.0
14,random,96,170.0,9,13,14,False,False,0.0
14,random,97,180.0,10,14,14,True,False,5.707389813808044e-06
14,random,98,180.0,10,14,14,True,False,5.707389813808044e-06
14,random,99,170.0,9,13,14,False,False,0.0
14,random,100,160.0,10,13,14,False,False,0.0
14,learned,0,60.0,6,6,14,False,False,0.0
14,learned,1,90.0,7,8,14,False,False,0.0
14,learned,2,120.0,8,10,14,False,False,0.0
14,learned,3,150.0,9,12,14,False,False,0.0
14,learned,4,180.0,10,14,14,True,False,1.5334812295739813e-06
14,learned,5,190.0,9,14,14,True,True,1.5317318902965091e-06
14,learned,6,180.0,8,13,14,False,False,0.0
14,learned,7,190.0,9,14,14,True,False,1.7177918616068327e-07
14,learned,8,190.0,9,14,14,True,False,1.7177918616068327e-07
14,learned,9,190.0,9,14,14,True,False,1.7177918616068327e-07
14,learned,10,190.0,9,14,14,True,False,1.7177918616068327e-07
14,learned,11,190.0,9,14,14,True,False,1.7177918616068327e-07
14,learned,12,190.0,9,14,14,True,False,1.7177918616068327e-07
14,learned,13,190.0,9,14,14,True,False,1.7177918616068327e-07
14,learned,14,190.0,9,14,14,True,False,1.7177918616068327e-07
14,learned,15,190.0,9,14,14,True,False,1.7177918616068327e-07
14,learned,16,190.0,9,14,14,True,False,1.7177918616068327e-07
14,learned,17,190.0,9,14,14,True,False,1.7177918616068327e-07
14,learned,18,190.0,9,14,14,True,False,1.7177918616068327e-07
14,learned,19,190.0,9,14,14,True,False,1.7177918616068327e-07
14,learned,20,190.0,9,14,14,True,False,1.7177918616068327e-07
14,learned,21,190.0,9,14,14,True,False,1.7177918616068327e-07
14,learned,22,190.0,9,14,14,True,False,1.7177918616068327e-07
14,learned,23,190.0,9,14,14,True,False,1.7177918616068327e-07
14,learned,24,190.0,9,14,14,True,False,1.7177918616068327e-07
14,learned,25,190.0,9,14,14,True,False,1.7177918616068327e-07
14,learned,26,190.0,9,14,14,True,False,1.7177918616068327e-07
14,learned,27,190.0,9,14,14,True,False,1.7177918616068327e-07
14,learned,28,190.0,9,14,14,True,False,1.7177918616068327e-07
14,learned,29,190.0,9,14,14,True,False,1.7177918616068327e-07
14,learned,30,190.0,9,14,14,True,False,1.7177918616068327e-07
14,learned,31,190.0,9,14,14,True,False,1.7177918616068327e-07
14,learned,32,190.0,9,14,14,True,False,1.7177918616068327e-07
14,learned,33,190.0,9,14,14,True,False,1.7177918616068327e-07
14,learned,34,190.0,9,14,14,True,False,1.7177918616068327e-07
14,learned,35,190.0,9,14,14,True,False,1.7177918616068327e-07
14,learned,36,190.0,9,14,14,True,False,1.7177918616068327e-07
14,learned,37,190.0,9,14,14,True,False,1.7177918616068327e-07
14,learned,38,190.0,9,14,14,True,False,1.7177918616068327e-07
14,learned,39,190.0,9,14,14,True,False,1.7177918616068327e-07
14,learned,40,190.0,9,14,14,True,False,1.7177918616068327e-07
14,learned,41,190.0,9,14,14,True,False,1.7177918616068327e-07
14,learned,42,190.0,9,14,14,True,False,1.7177918616068327e-07
14,learned,43,190.0,9,14,14,True,False,1.7177918616068327e-07
14,learned,44,190.0,9,14,14,True,False,1.7177918616068327e-07
14,learned,45,190.0,9,14,14,True,False,1.7177918616068327e-07
14,learned,46,190.0,9,14,14,True,False,1.7177918616068327e-07
14,learned,47,190.0,9,14,14,True,False,1.7177918616068327e-07
14,learned,48,190.0,9,14,14,True,False,1.7177918616068327e-07
14,learned,49,190.0,9,14,14,True,False,1.7177918616068327e-07
14,learned,50,190.0,9,14,14,True,False,1.7177918616068327e-07
14,learned,51,190.0,9,14,14,True,False,1.7177918616068327e-07
14,learned,52,190.0,9,14,14,True,False,1.7177918616068327e-07
14,learned,53,190.0,9,14,14,True,False,1.7177918616068327e-07
14,learned,54,190.0,9,14,14,True,False,1.7177918616068327e-07
14,learned,55,190.0,9,14,14,True,False,1.7177918616068327e-07
14,learned,56,190.0,9,14,14,True,False,1.7177918616068327e-07
14,learned,57,190.0,9,14,14,True,False,1.7177918616068327e-07
14,learned,58,190.0,9,14,14,True,False,1.7177918616068327e-07
14,learned,59,190.0,9,14,14,True,False,1.7177918616068327e-07
14,learned,60,190.0,9,14,14,True,False,1.7177918616068327e-07
14,learned,61,190.0,9,14,14,True,False,1.7177918616068327e-07
14,learned,62,190.0,9,14,14,True,False,1.7177918616068327e-07
14,learned,63,190.0,9,14,14,True,False,1.7177918616068327e-07
14,learned,64,190.0,9,14,14,True,False,1.7177918616068327e-07
14,learned,65,190.0,9,14,14,True,False,1.7177918616068327e-07
14,learned,66,190.0,9,14,14,True,False,1.7177918616068327e-07
14,learned,67,190.0,9,14,14,True,False,1.7177918616068327e-07
14,learned,68,190.0,9,14,14,True,False,1.7177918616068327e-07
14,learned,69,190.0,9,14,14,True,False,1.7177918616068327e-07
14,learned,70,190.0,9,14,14,True,False,1.7177918616068327e-07
14,learned,71,190.0,9,14,14,True,False,1.7177918616068327e-07
14,learned,72,190.0,9,14,14,True,False,1.7177918616068327e-07
14,learned,73,190.0,9,14,14,True,False,1.7177918616068327e-07
14,learned,74,190.0,9,14,14,True,False,1.7177918616068327e-07
14,learned,75,190.0,9,14,14,True,False,1.7177918616068327e-07
14,learned,76,190.0,9,14,14,True,False,1.7177918616068327e-07
14,learned,77,190.0,9,14,14,True,False,1.7177918616068327e-07
14,learned,78,190.0,9,14,14,True,False,1.7177918616068327e-07
14,learned,79,190.0,9,14,14,True,False,1.7177918616068327e-07
14,learned,80,190.0,9,14,14,True,False,1.7177918616068327e-07
14,learned,81,190.0,9,14,14,True,False,1.7177918616068327e-07
14,learned,82,190.0,9,14,14,True,False,1.7177918616068327e-07
14,learned,83,190.0,9,14,14,True,False,1.7177918616068327e-07
14,learned,84,190.0,9,14,14,True,False,1.7177918616068327e-07
14,learned,85,190.0,9,14,14,True,False,1.7177918616068327e-07
14,learned,86,190.0,9,14,14,True,False,1.7177918616068327e-07
14,learned,87,190.0,9,14,14,True,False,1.7177918616068327e-07
14,learned,88,190.0,9,14,14,True,False,1.7177918616068327e-07
14,learned,89,190.0,9,14,14,True,False,1.7177918616068327e-07
14,learned,90,190.0,9,14,14,True,False,1.7177918616068327e-07
14,learned,91,190.0,9,14,14,True,False,1.7177918616068327e-07
14,learned,92,190.0,9,14,14,True,False,1.7177918616068327e-07
14,learned,93,190.0,9,14,14,True,False,1.7177918616068327e-07
14,learned,94,190.0,9,14,14,True,False,1.7177918616068327e-07
14,learned,95,190.0,9,14,14,True,False,1.7177918616068327e-07
14,learned,96,190.0,9,14,14,True,False,1.7177918616068327e-07
14,learned,97,190.0,9,14,14,True,False,1.7177918616068327e-07
14,learned,98,190.0,9,14,14,True,False,1.7177918616068327e-07
14,learned,99,190.0,9,14,14,True,False,1.7177918616068327e-07
14,learned,100,190.0,9,14,14,True,False,1.7177918616068327e-07
15,initial,0,60.0,4,5,14,False,False,0.0
15,greedy,0,60.0,4,5,14,False,False,0.0
15,greedy,1,90.0,5,7,14,False,False,0.0
15,greedy,2,120.0,6,9,14,False,False,0.0
15,greedy,3,150.0,7,11,14,False,False,0.0
15,greedy,4,160.0,8,12,14,False,False,0.0
15,greedy,5,170.0,9,13,14,False,False,0.0
15,greedy,6,180.0,8,13,14,False,False,0.0
15,greedy,7,190.0,9,14,14,True,False,1.517915677941186e-06
15,random,0,60.0,4,5,14,False,False,0.0
15,random,1,60.0,4,5,14,False,False,0.0
15,random,2,70.0,5,6,14,False,False,0.0
15,random,3,70.0,5,6,14,False,False,0.0
15,random,4,70.0,5,6,14,False,False,0.0
15,random,5,80.0,6,7,14,False,False,0.0
15,random,6,80.0,6,7,14,False,False,0.0
15,random,7,80.0,6,7,14,False,False,0.0
15,random,8,80.0,6,7,14,False,False,0.0
15,random,9,90.0,5,7,14,False,False,0.0
15,random,10,100.0,6,8,14,False,False,0.0
15,random,11,100.0,6,8,14,False,False,0.0
15,random,12,90.0,5,7,14,False,False,0.0
15,random,13,60.0,4,5,14,False,False,0.0
15,random,14,90.0,5,7,14,False,False,0.0
15,random,15,100.0,6,8,14,False,False,0.0
15,random,16,90.0,7,8,14,False,False,0.0
15,random,17,120.0,8,10,14,False,False,0.0
15,random,18,120.0,8,10,14,False,False,0.0
15,random,19,120.0,8,10,14,False,False,0.0
15,random,20,120.0,8,10,14,False,False,0.0
15,random,21,120.0,8,10,14,False,False,0.0
15,random,22,120.0,8,10,14,False,False,0.0
15,random,23,120.0,8,10,14,False,False,0.0
15,random,24,120.0,8,10,14,False,False,0.0
15,random,25,120.0,8,10,14,False,False,0.0
15,random,26,120.0,8,10,14,False,False,0.0
15,random,27,120.0,8,10,14,False,False,0.0
15,random,28,90.0,7,8,14,False,False,0.0
15,random,29,90.0,7,8,14,False,False,0.0
15,random,30,120.0,8,10,14,False,False,0.0
15,random,31,130.0,9,11,14,False,False,0.0
15,random,32,140.0,8,11,14,False,False,0.0
15,random,33,150.0,9,12,14,False,False,0.0
15,random,34,150.0,9,12,14,False,False,0.0
15,random,35,160.0,8,12,14,False,False,0.0
15,random,36,160.0,8,12,14,False,False,0.0
15,random,37,150.0,9,12,14,False,False,0.0
15,random,38,140.0,8,11,14,False,False,0.0
15,random,39,130.0,7,10,14,False,False,0.0
15,random,40,140.0,8,11,14,False,False,0.0
15,random,41,130.0,7,10,14,False,False,0.0
15,random,42,130.0,7,10,14,False,False,0.0
15,random,43,130.0,7,10,14,False,False,0.0
15,random,44,130.0,7,10,14,False,False,0.0
15,random,45,130.0,7,10,14,False,False,0.0
15,random,46,120.0,8,10,14,False,False,0.0
15,random,47,120.0,8,10,14,False,False,0.0
15,random,48,130.0,7,10,14,False,False,0.0
15,random,49,140.0,8,11,14,False,False,0.0
15,random,50,140.0,8,11,14,False,False,0.0
15,random,51,130.0,9,11,14,False,False,0.0
15,random,52,130.0,9,11,14,False,False,0.0
15,random,53,130.0,9,11,14,False,False,0.0
15,random,54,130.0,9,11,14,False,False,0.0
15,random,55,130.0,9,11,14,False,False,0.0
15,random,56,120.0,10,11,14,False,False,0.0
15,random,57,110.0,11,11,14,False,False,0.0
15,random,58,110.0,11,11,14,False,False,0.0
15,random,59,100.0,12,11,14,False,False,0.0
15,random,60,100.0,12,11,14,False,False,0.0
15,random,61,130.0,13,13,14,False,False,0.0
15,random,62,130.0,13,13,14,False,False,0.0
15,random,63,100.0,12,11,14,False,False,0.0
15,random,64,100.0,12,11,14,False,False,0.0
15,random,65,100.0,12,11,14,False,False,0.0
15,random,66,70.0,11,9,14,False,False,0.0
15,random,67,80.0,10,9,14,False,False,0.0
15,random,68,80.0,10,9,14,False,False,0.0
15,random,69,80.0,10,9,14,False,False,0.0
15,random,70,110.0,11,11,14,False,False,0.0
15,random,71,110.0,11,11,14,False,False,0.0
15,random,72,120.0,12,12,14,False,False,0.0
15,random,73,120.0,12,12,14,False,False,0.0
15,random,74,120.0,12,12,14,False,False,0.0
15,random,75,130.0,11,12,14,False,False,0.0
15,random,76,120.0,12,12,14,False,False,0.0
15,random,77,130.0,11,12,14,False,False,0.0
15,random,78,160.0,12,14,14,True,False,9.308407503945257e-09
15,random,79,160.0,12,14,14,True,False,9.308407503945257e-09
15,random,80,150.0,13,14,14,True,False,1.019833180165049e-08
15,random,81,150.0,13,14,14,True,False,1.019833180165049e-08
15,random,82,150.0,13,14,14,True,False,1.019833180165049e-08
15,random,83,150.0,13,14,14,True,False,1.019833180165049e-08
15,random,84,150.0,13,14,14,True,False,1.019833180165049e-08
15,random,85,140.0,14,14,14,True,False,1.0649229545821765e-08
15,random,86,140.0,14,14,14,True,False,1.0649229545821765e-08
15,random,87,150.0,13,14,14,True,False,1.0284717094806204e-08
15,random,88,160.0,12,14,14,True,False,1.0264765745770933e-08
15,random,89,170.0,11,14,14,True,False,9.83168272723185e-09
15,random,90,180.0,10,14,14,True,False,4.962219982314968e-10
15,random,91,170.0,11,14,14,True,False,5.955155472771873e-10
15,random,92,170.0,11,14,14,True,False,5.955155472771873e-10
15,random,93,170.0,11,14,14,True,False,5.955155472771873e-10
15,random,94,170.0,11,14,14,True,False,5.955155472771873e-10
15,random,95,170.0,11,14,14,True,False,5.955155472771873e-10
15,random,96,160.0,12,14,14,True,False,7.0661952163841275e-06
15,random,97,170.0,11,14,14,True,False,2.1524282488468135e-07
15,random,98,160.0,12,14,14,True,False,1.4088481215095025e-05
15,random,99,150.0,13,14,14,True,False,1.4088783224409053e-05
15,random,100,150.0,13,14,14,True,False,1.4088783224409053e-05
15,learned,0,60.0,4,5,14,False,False,0.0
15,learned,1,90.0,5,7,14,False,False,0.0
15,learned,2,120.0,6,9,14,False,False,0.0
15,learned,3,130.0,7,10,14,False,False,0.0
15,learned,4,160.0,8,12,14,False,False,0.0
15,learned,5,170.0,9,13,14,False,False,0.0
15,learned,6,180.0,10,14,14,True,False,1.4876774692674634e-06
15,learned,7,190.0,9,14,14,True,False,1.4202452434903138e-06
15,learned,8,180.0,8,13,14,False,False,0.0
15,learned,9,190.0,9,14,14,True,False,3.128983007514004e-06
15,learned,10,190.0,9,14,14,True,False,3.128983007514004e-06
15,learned,11,190.0,9,14,14,True,False,3.128983007514004e-06
15,learned,12,190.0,9,14,14,True,False,3.128983007514004e-06
15,learned,13,190.0,9,14,14,True,False,3.128983007514004e-06
15,learned,14,190.0,9,14,14,True,False,3.128983007514004e-06
15,learned,15,190.0,9,14,14,True,False,3.128983007514004e-06
15,learned,16,190.0,9,14,14,True,False,3.128983007514004e-06
15,learned,17,190.0,9,14,14,True,False,3.128983007514004e-06
15,learned,18,190.0,9,14,14,True,False,3.128983007514004e-06
15,learned,19,190.0,9,14,14,True,False,3.128983007514004e-06
15,learned,20,190.0,9,14,14,True,False,3.128983007514004e-06
15,learned,21,190.0,9,14,14,True,False,3.128983007514004e-06
15,learned,22,190.0,9,14,14,True,False,3.128983007514004e-06
15,learned,23,190.0,9,14,14,True,False,3.128983007514004e-06
15,learned,24,190.0,9,14,14,True,False,3.128983007514004e-06
15,learned,25,190.0,9,14,14,True,False,3.128983007514004e-06
15,learned,26,190.0,9,14,14,True,False,3.128983007514004e-06
15,learned,27,190.0,9,14,14,True,False,3.128983007514004e-06
15,learned,28,190.0,9,14,14,True,False,3.128983007514004e-06
15,learned,29,190.0,9,14,14,True,False,3.128983007514004e-06
15,learned,30,190.0,9,14,14,True,False,3.128983007514004e-06
15,learned,31,190.0,9,14,14,True,False,3.128983007514004e-06
15,learned,32,190.0,9,14,14,True,False,3.128983007514004e-06
15,learned,33,190.0,9,14,14,True,False,3.128983007514004e-06
15,learned,34,190.0,9,14,14,True,False,3.128983007514004e-06
15,learned,35,190.0,9,14,14,True,False,3.128983007514004e-06
15,learned,36,190.0,9,14,14,True,False,3.128983007514004e-06
15,learned,37,190.0,9,14,14,True,False,3.128983007514004e-06
15,learned,38,190.0,9,14,14,True,False,3.128983007514004e-06
15,learned,39,190.0,9,14,14,True,False,3.128983007514004e-06
15,learned,40,190.0,9,14,14,True,False,3.128983007514004e-06
15,learned,41,190.0,9,14,14,True,False,3.128983007514004e-06
15,learned,42,190.0,9,14,14,True,False,3.128983007514004e-06
15,learned,43,190.0,9,14,14,True,False,3.128983007514004e-06
15,learned,44,190.0,9,14,14,True,False,3.128983007514004e-06
15,learned,45,190.0,9,14,14,True,False,3.128983007514004e-06
15,learned,46,190.0,9,14,14,True,False,3.128983007514004e-06
15,learned,47,190.0,9,14,14,True,False,3.128983007514004e-06
15,learned,48,190.0,9,14,14,True,False,3.128983007514004e-06
15,learned,49,190.0,9,14,14,True,False,3.128983007514004e-06
15,learned,50,190.0,9,14,14,True,False,3.128983007514004e-06
15,learned,51,190.0,9,14,14,True,False,3.128983007514004e-06
15,learned,52,190.0,9,14,14,True,False,3.128983007514004e-06
15,learned,53,190.0,9,14,14,True,False,3.128983007514004e-06
15,learned,54,190.0,9,14,14,True,False,3.128983007514004e-06
15,learned,55,190.0,9,14,14,True,False,3.128983007514004e-06
15,learned,56,190.0,9,14,14,True,False,3.128983007514004e-06
15,learned,57,190.0,9,14,14,True,False,3.128983007514004e-06
15,learned,58,190.0,9,14,14,True,False,3.128983007514004e-06
15,learned,59,190.0,9,14,14,True,False,3.128983007514004e-06
15,learned,60,190.0,9,14,14,True,False,3.128983007514004e-06
15,learned,61,190.0,9,14,14,True,False,3.128983007514004e-06
15,learned,62,190.0,9,14,14,True,False,3.128983007514004e-06
15,learned,63,190.0,9,14,14,True,False,3.128983007514004e-06
15,learned,64,190.0,9,14,14,True,False,3.128983007514004e-06
15,learned,65,190.0,9,14,14,True,False,3.128983007514004e-06
15,learned,66,190.0,9,14,14,True,False,3.128983007514004e-06
15,learned,67,190.0,9,14,14,True,False,3.128983007514004e-06
15,learned,68,190.0,9,14,14,True,False,3.128983007514004e-06
15,learned,69,190.0,9,14,14,True,False,3.128983007514004e-06
15,learned,70,190.0,9,14,14,True,False,3.128983007514004e-06
15,learned,71,190.0,9,14,14,True,False,3.128983007514004e-06
15,learned,72,190.0,9,14,14,True,False,3.128983007514004e-06
15,learned,73,190.0,9,14,14,True,False,3.128983007514004e-06
15,learned,74,190.0,9,14,14,True,False,3.128983007514004e-06
15,learned,75,190.0,9,14,14,True,False,3.128983007514004e-06
15,learned,76,190.0,9,14,14,True,False,3.128983007514004e-06
15,learned,77,190.0,9,14,14,True,False,3.128983007514004e-06
15,learned,78,190.0,9,14,14,True,False,3.128983007514004e-06
15,learned,79,190.0,9,14,14,True,False,3.128983007514004e-06
15,learned,80,190.0,9,14,14,True,False,3.128983007514004e-06
15,learned,81,190.0,9,14,14,True,False,3.128983007514004e-06
15,learned,82,190.0,9,14,14,True,False,3.128983007514004e-06
15,learned,83,190.0,9,14,14,True,False,3.128983007514004e-06
15,learned,84,190.0,9,14,14,True,False,3.128983007514004e-06
15,learned,85,190.0,9,14,14,True,False,3.128983007514004e-06
15,learned,86,190.0,9,14,14,True,False,3.128983007514004e-06
15,learned,87,190.0,9,14,14,True,False,3.128983007514004e-06
15,learned,88,190.0,9,14,14,True,False,3.128983007514004e-06
15,learned,89,190.0,9,14,14,True,False,3.128983007514004e-06
15,learned,90,190.0,9,14,14,True,False,3.128983007514004e-06
15,learned,91,190.0,9,14,14,True,False,3.128983007514004e-06
15,learned,92,190.0,9,14,14,True,False,3.128983007514004e-06
15,learned,93,190.0,9,14,14,True,False,3.128983007514004e-06
15,learned,94,190.0,9,14,14,True,False,3.128983007514004e-06
15,learned,95,190.0,9,14,14,True,False,3.128983007514004e-06
15,learned,96,190.0,9,14,14,True,False,3.128983007514004e-06
15,learned,97,190.0,9,14,14,True,False,3.128983007514004e-06
15,learned,98,190.0,9,14,14,True,False,3.128983007514004e-06
15,learned,99,190.0,9,14,14,True,False,3.128983007514004e-06
15,learned,100,190.0,9,14,14,True,False,3.128983007514004e-06
16,initial,0,30.0,1,2,14,False,False,0.0
16,greedy,0,30.0,1,2,14,False,False,0.0
16,greedy,1,60.0,2,4,14,False,False,0.0
16,greedy,2,90.0,3,6,14,False,False,0.0
16,greedy,3,120.0,4,8,14,False,False,0.0
16,greedy,4,150.0,5,10,14,False,False,0.0
16,greedy,5,160.0,6,11,14,False,False,0.0
16,greedy,6,170.0,7,12,14,False,False,0.0
16,greedy,7,180.0,8,13,14,False,False,0.0
16,greedy,8,190.0,9,14,14,True,False,2.030836554005283e-05
16,random,0,30.0,1,2,14,False,False,0.0
16,random,1,30.0,1,2,14,False,False,0.0
16,random,2,30.0,1,2,14,False,False,0.0
16,random,3,30.0,1,2,14,False,False,0.0
16,random,4,30.0,1,2,14,False,False,0.0
16,random,5,40.0,2,3,14,False,False,0.0
16,random,6,70.0,3,5,14,False,False,0.0
16,random,7,70.0,3,5,14,False,False,0.0
16,random,8,60.0,2,4,14,False,False,0.0
16,random,9,60.0,2,4,14,False,False,0.0
16,random,10,60.0,2,4,14,False,False,0.0
16,random,11,60.0,2,4,14,False,False,0.0
16,random,12,60.0,2,4,14,False,False,0.0
16,random,13,60.0,2,4,14,False,False,0.0
16,random,14,90.0,3,6,14,False,False,0.0
16,random,15,100.0,4,7,14,False,False,0.0
16,random,16,110.0,5,8,14,False,False,0.0
16,random,17,110.0,5,8,14,False,False,0.0
16,random,18,80.0,4,6,14,False,False,0.0
16,random,19,110.0,5,8,14,False,False,0.0
16,random,20,110.0,5,8,14,False,False,0.0
16,random,21,120.0,6,9,14,False,False,0.0
16,random,22,120.0,6,9,14,False,False,0.0
16,random,23,120.0,6,9,14,False,False,0.0
16,random,24,150.0,7,11,14,False,False,0.0
16,random,25,140.0,6,10,14,False,False,0.0
16,random,26,140.0,6,10,14,False,False,0.0
16,random,27,150.0,7,11,14,False,False,0.0
16,random,28,150.0,7,11,14,False,False,0.0
16,random,29,150.0,7,11,14,False,False,0.0
16,random,30,150.0,7,11,14,False,False,0.0
16,random,31,150.0,7,11,14,False,False,0.0
16,random,32,160.0,8,12,14,False,False,0.0
16,random,33,150.0,7,11,14,False,False,0.0
16,random,34,180.0,8,13,14,False,False,0.0
16,random,35,190.0,9,14,14,True,True,4.309569615787569e-09
16,random,36,160.0,8,12,14,False,False,0.0
16,random,37,170.0,9,13,14,False,False,0.0
16,random,38,180.0,10,14,14,True,False,2.1936851974561503e-07
16,random,39,180.0,10,14,14,True,False,2.1936851974561503e-07
16,random,40,170.0,9,13,14,False,False,0.0
16,random,41,160.0,10,13,14,False,False,0.0
16,random,42,160.0,10,13,14,False,False,0.0
16,random,43,160.0,10,13,14,False,False,0.0
16,random,44,160.0,10,13,14,False,False,0.0
16,random,45,160.0,10,13,14,False,False,0.0
16,random,46,150.0,11,13,14,False,False,0.0
16,random,47,140.0,12,13,14,False,False,0.0
16,random,48,140.0,12,13,14,False,False,0.0
16,random,49,140.0,12,13,14,False,False,0.0
16,random,50,150.0,11,13,14,False,False,0.0
16,random,51,140.0,10,12,14,False,False,0.0
16,random,52,130.0,11,12,14,False,False,0.0
16,random,53,130.0,11,12,14,False,False,0.0
16,random,54,130.0,11,12,14,False,False,0.0
16,random,55,130.0,11,12,14,False,False,0.0
16,random,56,130.0,11,12,14,False,False,0.0
16,random,57,140.0,12,13,14,False,False,0.0
16,random,58,110.0,11,11,14,False,False,0.0
16,random,59,110.0,11,11,14,False,False,0.0
16,random,60,140.0,12,13,14,False,False,0.0
16,random,61,150.0,13,14,14,True,False,1.288847768045941e-07
16,random,62,150.0,13,14,14,True,False,1.288847768045941e-07
16,random,63,150.0,13,14,14,True,False,1.288847768045941e-07
16,random,64,140.0,12,13,14,False,False,0.0
16,random,65,130.0,13,13,14,False,False,0.0
16,random,66,130.0,13,13,14,False,False,0.0
16,random,67,130.0,13,13,14,False,False,0.0
16,random,68,130.0,13,13,14,False,False,0.0
16,random,69,120.0,14,13,14,False,False,0.0
16,random,70,120.0,14,13,14,False,False,0.0
16,random,71,110.0,15,13,14,False,False,0.0
16,random,72,120.0,14,13,14,False,False,0.0
16,random,73,110.0,15,13,14,False,False,0.0
16,random,74,110.0,15,13,14,False,False,0.0
16,random,75,120.0,16,14,14,True,False,1.3958993558677884e-05
16,random,76,120.0,16,14,14,True,False,1.3958993558677884e-05
16,random,77,120.0,16,14,14,True,False,1.3958993558677884e-05
16,random,78,120.0,16,14,14,True,False,1.3958993558677884e-05
16,random,79,130.0,15,14,14,True,False,2.90577564083367e-06
16,random,80,130.0,15,14,14,True,False,2.90577564083367e-06
16,random,81,120.0,14,13,14,False,False,0.0
16,random,82,130.0,15,14,14,True,False,2.210350886981698e-07
16,random,83,130.0,15,14,14,True,False,2.210350886981698e-07
16,random,84,140.0,14,14,14,True,False,1.7653449779198837e-07
16,random,85,140.0,14,14,14,True,False,1.7653449779198837e-07
16,random,86,130.0,15,14,14,True,False,2.210350886981312e-07
16,random,87,130.0,15,14,14,True,False,2.210350886981312e-07
16,random,88,130.0,15,14,14,True,False,2.210350886981312e-07
16,random,89,130.0,15,14,14,True,False,2.210350886981312e-07
16,random,90,130.0,15,14,14,True,False,2.210350886981312e-07
16,random,91,140.0,14,14,14,True,False,2.209708470632202e-07
16,random,92,150.0,13,14,14,True,False,2.20840434540267e-07
16,random,93,140.0,14,14,14,True,False,2.225059940341028e-07
16,random,94,130.0,13,13,14,False,False,0.0
16,random,95,130.0,13,13,14,False,False,0.0
16,random,96,140.0,12,13,14,False,False,0.0
16,random,97,130.0,13,13,14,False,False,0.0
16,random,98,140.0,12,13,14,False,False,0.0
16,random,99,140.0,12,13,14,False,False,0.0
16,random,100,130.0,11,12,14,False,False,0.0
16,learned,0,30.0,1,2,14,False,False,0.0
16,learned,1,60.0,2,4,14,False,False,0.0
16,learned,2,90.0,3,6,14,False,False,0.0
16,learned,3,100.0,4,7,14,False,False,0.0
16,learned,4,110.0,5,8,14,False,False,0.0
16,learned,5,120.0,6,9,14,False,False,0.0
16,learned,6,150.0,7,11,14,False,False,0.0
16,learned,7,180.0,8,13,14,False,False,0.0
16,learned,8,190.0,9,14,14,True,False,9.586657354800541e-06
16,learned,9,190.0,9,14,14,True,False,9.586657354800541e-06
16,learned,10,190.0,9,14,14,True,False,9.586657354800541e-06
16,learned,11,190.0,9,14,14,True,False,9.586657354800541e-06
16,learned,12,190.0,9,14,14,True,False,9.586657354800541e-06
16,learned,13,190.0,9,14,14,True,False,9.586657354800541e-06
16,learned,14,190.0,9,14,14,True,False,9.586657354800541e-06
16,learned,15,190.0,9,14,14,True,False,9.586657354800541e-06
16,learned,16,190.0,9,14,14,True,False,9.586657354800541e-06
16,learned,17,190.0,9,14,14,True,False,9.586657354800541e-06
16,learned,18,190.0,9,14,14,True,False,9.586657354800541e-06
16,learned,19,190.0,9,14,14,True,False,9.586657354800541e-06
16,learned,20,190.0,9,14,14,True,False,9.586657354800541e-06
16,learned,21,190.0,9,14,14,True,False,9.586657354800541e-06
16,learned,22,190.0,9,14,14,True,False,9.586657354800541e-06
16,learned,23,190.0,9,14,14,True,False,9.586657354800541e-06
16,learned,24,190.0,9,14,14,True,False,9.586657354800541e-06
16,learned,25,190.0,9,14,14,True,False,9.586657354800541e-06
16,learned,26,190.0,9,14,14,True,False,9.586657354800541e-06
16,learned,27,190.0,9,14,14,True,False,9.586657354800541e-06
16,learned,28,190.0,9,14,14,True,False,9.586657354800541e-06
16,learned,29,190.0,9,14,14,True,False,9.586657354800541e-06
16,learned,30,190.0,9,14,14,True,False,9.586657354800541e-06
16,learned,31,190.0,9,14,14,True,False,9.586657354800541e-06
16,learned,32,190.0,9,14,14,True,False,9.586657354800541e-06
16,learned,33,190.0,9,14,14,True,False,9.586657354800541e-06
16,learned,34,190.0,9,14,14,True,False,9.586657354800541e-06
16,learned,35,190.0,9,14,14,True,False,9.586657354800541e-06
16,learned,36,190.0,9,14,14,True,False,9.586657354800541e-06
16,learned,37,190.0,9,14,14,True,False,9.586657354800541e-06
16,learned,38,190.0,9,14,14,True,False,9.586657354800541e-06
16,learned,39,190.0,9,14,14,True,False,9.586657354800541e-06
16,learned,40,190.0,9,14,14,True,False,9.586657354800541e-06
16,learned,41,190.0,9,14,14,True,False,9.586657354800541e-06
16,learned,42,190.0,9,14,14,True,False,9.586657354800541e-06
16,learned,43,190.0,9,14,14,True,False,9.586657354800541e-06
16,learned,44,190.0,9,14,14,True,False,9.586657354800541e-06
16,learned,45,190.0,9,14,14,True,False,9.586657354800541e-06
16,learned,46,190.0,9,14,14,True,False,9.586657354800541e-06
16,learned,47,190.0,9,14,14,True,False,9.586657354800541e-06
16,learned,48,190.0,9,14,14,True,False,9.586657354800541e-06
16,learned,49,190.0,9,14,14,True,False,9.586657354800541e-06
16,learned,50,190.0,9,14,14,True,False,9.586657354800541e-06
16,learned,51,190.0,9,14,14,True,False,9.586657354800541e-06
16,learned,52,190.0,9,14,14,True,False,9.586657354800541e-06
16,learned,53,190.0,9,14,14,True,False,9.586657354800541e-06
16,learned,54,190.0,9,14,14,True,False,9.586657354800541e-06
16,learned,55,190.0,9,14,14,True,False,9.586657354800541e-06
16,learned,56,190.0,9,14,14,True,False,9.586657354800541e-06
16,learned,57,190.0,9,14,14,True,False,9.586657354800541e-06
16,learned,58,190.0,9,14,14,True,False,9.586657354800541e-06
16,learned,59,190.0,9,14,14,True,False,9.586657354800541e-06
16,learned,60,190.0,9,14,14,True,False,9.586657354800541e-06
16,learned,61,190.0,9,14,14,True,False,9.586657354800541e-06
16,learned,62,190.0,9,14,14,True,False,9.586657354800541e-06
16,learned,63,190.0,9,14,14,True,False,9.586657354800541e-06
16,learned,64,190.0,9,14,14,True,False,9.586657354800541e-06
16,learned,65,190.0,9,14,14,True,False,9.586657354800541e-06
16,learned,66,190.0,9,14,14,True,False,9.586657354800541e-06
16,learned,67,190.0,9,14,14,True,False,9.586657354800541e-06
16,learned,68,190.0,9,14,14,True,False,9.586657354800541e-06
16,learned,69,190.0,9,14,14,True,False,9.586657354800541e-06
16,learned,70,190.0,9,14,14,True,False,9.586657354800541e-06
16,learned,71,190.0,9,14,14,True,False,9.586657354800541e-06
16,learned,72,190.0,9,14,14,True,False,9.586657354800541e-06
16,learned,73,190.0,9,14,14,True,False,9.586657354800541e-06
16,learned,74,190.0,9,14,14,True,False,9.586657354800541e-06
16,learned,75,190.0,9,14,14,True,False,9.586657354800541e-06
16,learned,76,190.0,9,14,14,True,False,9.586657354800541e-06
16,learned,77,190.0,9,14,14,True,False,9.586657354800541e-06
16,learned,78,190.0,9,14,14,True,False,9.586657354800541e-06
16,learned,79,190.0,9,14,14,True,False,9.586657354800541e-06
16,learned,80,190.0,9,14,14,True,False,9.586657354800541e-06
16,learned,81,190.0,9,14,14,True,False,9.586657354800541e-06
16,learned,82,190.0,9,14,14,True,False,9.586657354800541e-06
16,learned,83,190.0,9,14,14,True,False,9.586657354800541e-06
16,learned,84,190.0,9,14,14,True,False,9.586657354800541e-06
16,learned,85,190.0,9,14,14,True,False,9.586657354800541e-06
16,learned,86,190.0,9,14,14,True,False,9.586657354800541e-06
16,learned,87,190.0,9,14,14,True,False,9.586657354800541e-06
16,learned,88,190.0,9,14,14,True,False,9.586657354800541e-06
16,learned,89,190.0,9,14,14,True,False,9.586657354800541e-06
16,learned,90,190.0,9,14,14,True,False,9.586657354800541e-06
16,learned,91,190.0,9,14,14,True,False,9.586657354800541e-06
16,learned,92,190.0,9,14,14,True,False,9.586657354800541e-06
16,learned,93,190.0,9,14,14,True,False,9.586657354800541e-06
16,learned,94,190.0,9,14,14,True,False,9.586657354800541e-06
16,learned,95,190.0,9,14,14,True,False,9.586657354800541e-06
16,learned,96,190.0,9,14,14,True,False,9.586657354800541e-06
16,learned,97,190.0,9,14,14,True,False,9.586657354800541e-06
16,learned,98,190.0,9,14,14,True,False,9.586657354800541e-06
16,learned,99,190.0,9,14,14,True,False,9.586657354800541e-06
16,learned,100,190.0,9,14,14,True,False,9.586657354800541e-06
17,initial,0,150.0,9,12,14,False,False,0.0
17,greedy,0,150.0,9,12,14,False,False,0.0
17,greedy,1,180.0,10,14,14,True,False,3.389727234058312e-10
17,greedy,2,190.0,9,14,14,True,True,3.1790593430279425e-10
17,random,0,150.0,9,12,14,False,False,0.0
17,random,1,150.0,9,12,14,False,False,0.0
17,random,2,160.0,10,13,14,False,False,0.0
17,random,3,160.0,10,13,14,False,False,0.0
17,random,4,160.0,10,13,14,False,False,0.0
17,random,5,150.0,11,13,14,False,False,0.0
17,random,6,160.0,10,13,14,False,False,0.0
17,random,7,160.0,10,13,14,False,False,0.0
17,random,8,160.0,10,13,14,False,False,0.0
17,random,9,150.0,11,13,14,False,False,0.0
17,random,10,150.0,11,13,14,False,False,0.0
17,random,11,150.0,11,13,14,False,False,0.0
17,random,12,150.0,11,13,14,False,False,0.0
17,random,13,150.0,11,13,14,False,False,0.0
17,random,14,160.0,10,13,14,False,False,0.0
17,random,15,160.0,10,13,14,False,False,0.0
17,random,16,150.0,11,13,14,False,False,0.0
17,random,17,160.0,10,13,14,False,False,0.0
17,random,18,160.0,10,13,14,False,False,0.0
17,random,19,160.0,10,13,14,False,False,0.0
17,random,20,160.0,10,13,14,False,False,0.0
17,random,21,170.0,11,14,14,True,False,7.193265885913874e-06
17,random,22,160.0,12,14,14,True,False,7.56135439435848e-06
17,random,23,160.0,12,14,14,True,False,7.56135439435848e-06
17,random,24,160.0,12,14,14,True,False,7.56135439435848e-06
17,random,25,170.0,11,14,14,True,False,7.4979799613817566e-06
17,random,26,180.0,10,14,14,True,False,7.045755833372506e-07
17,random,27,180.0,10,14,14,True,False,7.045755833372506e-07
17,random,28,170.0,11,14,14,True,False,8.971969202633064e-07
17,random,29,170.0,11,14,14,True,False,8.971969202633064e-07
17,random,30,170.0,11,14,14,True,False,8.971969202633064e-07
17,random,31,180.0,10,14,14,True,False,7.045755833372506e-07
17,random,32,180.0,10,14,14,True,False,7.045755833372506e-07
17,random,33,190.0,9,14,14,True,True,6.142895112940772e-07
17,random,34,190.0,9,14,14,True,True,6.142895112940772e-07
17,random,35,180.0,10,14,14,True,False,7.193230135697921e-06
17,random,36,190.0,9,14,14,True,True,5.337679387420689e-06
17,random,37,160.0,8,12,14,False,False,0.0
17,random,38,160.0,8,12,14,False,False,0.0
17,random,39,130.0,7,10,14,False,False,0.0
17,random,40,130.0,7,10,14,False,False,0.0
17,random,41,120.0,8,10,14,False,False,0.0
17,random,42,130.0,7,10,14,False,False,0.0
17,random,43,120.0,8,10,14,False,False,0.0
17,random,44,90.0,7,8,14,False,False,0.0
17,random,45,90.0,7,8,14,False,False,0.0
17,random,46,90.0,7,8,14,False,False,0.0
17,random,47,90.0,7,8,14,False,False,0.0
17,random,48,100.0,8,9,14,False,False,0.0
17,random,49,110.0,7,9,14,False,False,0.0
17,random,50,110.0,7,9,14,False,False,0.0
17,random,51,110.0,7,9,14,False,False,0.0
17,random,52,140.0,8,11,14,False,False,0.0
17,random,53,110.0,7,9,14,False,False,0.0
17,random,54,80.0,6,7,14,False,False,0.0
17,random,55,80.0,6,7,14,False,False,0.0
17,random,56,80.0,6,7,14,False,False,0.0
17,random,57,80.0,6,7,14,False,False,0.0
17,random,58,70.0,5,6,14,False,False,0.0
17,random,59,60.0,6,6,14,False,False,0.0
17,random,60,90.0,7,8,14,False,False,0.0
17,random,61,90.0,7,8,14,False,False,0.0
17,random,62,100.0,6,8,14,False,False,0.0
17,random,63,100.0,6,8,14,False,False,0.0
17,random,64,100.0,6,8,14,False,False,0.0
17,random,65,100.0,6,8,14,False,False,0.0
17,random,66,100.0,6,8,14,False,False,0.0
17,random,67,100.0,6,8,14,False,False,0.0
17,random,68,90.0,5,7,14,False,False,0.0
17,random,69,90.0,5,7,14,False,False,0.0
17,random,70,90.0,5,7,14,False,False,0.0
17,random,71,80.0,6,7,14,False,False,0.0
17,random,72,80.0,6,7,14,False,False,0.0
17,random,73,80.0,6,7,14,False,False,0.0
17,random,74,80.0,6,7,14,False,False,0.0
17,random,75,80.0,6,7,14,False,False,0.0
17,random,76,80.0,6,7,14,False,False,0.0
17,random,77,80.0,6,7,14,False,False,0.0
17,random,78,80.0,6,7,14,False,False,0.0
17,random,79,50.0,5,5,14,False,False,0.0
17,random,80,50.0,5,5,14,False,False,0.0
17,random,81,80.0,6,7,14,False,False,0.0
17,random,82,80.0,6,7,14,False,False,0.0
17,random,83,90.0,5,7,14,False,False,0.0
17,random,84,120.0,6,9,14,False,False,0.0
17,random,85,110.0,7,9,14,False,False,0.0
17,random,86,110.0,7,9,14,False,False,0.0
17,random,87,120.0,6,9,14,False,False,0.0
17,random,88,150.0,7,11,14,False,False,0.0
17,random,89,150.0,7,11,14,False,False,0.0
17,random,90,150.0,7,11,14,False,False,0.0
17,random,91,150.0,7,11,14,False,False,0.0
17,random,92,150.0,7,11,14,False,False,0.0
17,random,93,140.0,6,10,14,False,False,0.0
17,random,94,150.0,7,11,14,False,False,0.0
17,random,95,150.0,7,11,14,False,False,0.0
17,random,96,180.0,8,13,14,False,False,0.0
17,random,97,190.0,9,14,14,True,False,6.889295875315375e-07
17,random,98,160.0,8,12,14,False,False,0.0
17,random,99,160.0,8,12,14,False,False,0.0
17,random,100,150.0,7,11,14,False,False,0.0
17,learned,0,150.0,9,12,14,False,False,0.0
17,learned,1,180.0,10,14,14,True,False,7.585280859847447e-08
17,learned,2,190.0,9,14,14,True,True,6.795167581168728e-08
17,learned,3,190.0,9,14,14,True,True,6.795167581168728e-08
17,learned,4,190.0,9,14,14,True,True,6.795167581168728e-08
17,learned,5,190.0,9,14,14,True,True,6.795167581168728e-08
17,learned,6,190.0,9,14,14,True,True,6.795167581168728e-08
17,learned,7,190.0,9,14,14,True,True,6.795167581168728e-08
17,learned,8,190.0,9,14,14,True,True,6.795167581168728e-08
17,learned,9,190.0,9,14,14,True,True,6.795167581168728e-08
17,learned,10,190.0,9,14,14,True,True,6.795167581168728e-08
17,learned,11,190.0,9,14,14,True,True,6.795167581168728e-08
17,learned,12,190.0,9,14,14,True,True,6.795167581168728e-08
17,learned,13,190.0,9,14,14,True,True,6.795167581168728e-08
17,learned,14,190.0,9,14,14,True,True,6.795167581168728e-08
17,learned,15,190.0,9,14,14,True,True,6.795167581168728e-08
17,learned,16,190.0,9,14,14,True,True,6.795167581168728e-08
17,learned,17,190.0,9,14,14,True,True,6.795167581168728e-08
17,learned,18,190.0,9,14,14,True,True,6.795167581168728e-08
17,learned,19,190.0,9,14,14,True,True,6.795167581168728e-08
17,learned,20,190.0,9,14,14,True,True,6.795167581168728e-08
17,learned,21,190.0,9,14,14,True,True,6.795167581168728e-08
17,learned,22,190.0,9,14,14,True,True,6.795167581168728e-08
17,learned,23,190.0,9,14,14,True,True,6.795167581168728e-08
17,learned,24,190.0,9,14,14,True,True,6.795167581168728e-08
17,learned,25,190.0,9,14,14,True,True,6.795167581168728e-08
17,learned,26,190.0,9,14,14,True,True,6.795167581168728e-08
17,learned,27,190.0,9,14,14,True,True,6.795167581168728e-08
17,learned,28,190.0,9,14,14,True,True,6.795167581168728e-08
17,learned,29,190.0,9,14,14,True,True,6.795167581168728e-08
17,learned,30,190.0,9,14,14,True,True,6.795167581168728e-08
17,learned,31,190.0,9,14,14,True,True,6.795167581168728e-08
17,learned,32,190.0,9,14,14,True,True,6.795167581168728e-08
17,learned,33,190.0,9,14,14,True,True,6.795167581168728e-08
17,learned,34,190.0,9,14,14,True,True,6.795167581168728e-08
17,learned,35,190.0,9,14,14,True,True,6.795167581168728e-08
17,learned,36,190.0,9,14,14,True,True,6.795167581168728e-08
17,learned,37,190.0,9,14,14,True,True,6.795167581168728e-08
17,learned,38,190.0,9,14,14,True,True,6.795167581168728e-08
17,learned,39,190.0,9,14,14,True,True,6.795167581168728e-08
17,learned,40,190.0,9,14,14,True,True,6.795167581168728e-08
17,learned,41,190.0,9,14,14,True,True,6.795167581168728e-08
17,learned,42,190.0,9,14,14,True,True,6.795167581168728e-08
17,learned,43,190.0,9,14,14,True,True,6.795167581168728e-08
17,learned,44,190.0,9,14,14,True,True,6.795167581168728e-08
17,learned,45,190.0,9,14,14,True,True,6.795167581168728e-08
17,learned,46,190.0,9,14,14,True,True,6.795167581168728e-08
17,learned,47,190.0,9,14,14,True,True,6.795167581168728e-08
17,learned,48,190.0,9,14,14,True,True,6.795167581168728e-08
17,learned,49,190.0,9,14,14,True,True,6.795167581168728e-08
17,learned,50,190.0,9,14,14,True,True,6.795167581168728e-08
17,learned,51,190.0,9,14,14,True,True,6.795167581168728e-08
17,learned,52,190.0,9,14,14,True,True,6.795167581168728e-08
17,learned,53,190.0,9,14,14,True,True,6.795167581168728e-08
17,learned,54,190.0,9,14,14,True,True,6.795167581168728e-08
17,learned,55,190.0,9,14,14,True,True,6.795167581168728e-08
17,learned,56,190.0,9,14,14,True,True,6.795167581168728e-08
17,learned,57,190.0,9,14,14,True,True,6.795167581168728e-08
17,learned,58,190.0,9,14,14,True,True,6.795167581168728e-08
17,learned,59,190.0,9,14,14,True,True,6.795167581168728e-08
17,learned,60,190.0,9,14,14,True,True,6.795167581168728e-08
17,learned,61,190.0,9,14,14,True,True,6.795167581168728e-08
17,learned,62,190.0,9,14,14,True,True,6.795167581168728e-08
17,learned,63,190.0,9,14,14,True,True,6.795167581168728e-08
17,learned,64,190.0,9,14,14,True,True,6.795167581168728e-08
17,learned,65,190.0,9,14,14,True,True,6.795167581168728e-08
17,learned,66,190.0,9,14,14,True,True,6.795167581168728e-08
17,learned,67,190.0,9,14,14,True,True,6.795167581168728e-08
17,learned,68,190.0,9,14,14,True,True,6.795167581168728e-08
17,learned,69,190.0,9,14,14,True,True,6.795167581168728e-08
17,learned,70,190.0,9,14,14,True,True,6.795167581168728e-08
17,learned,71,190.0,9,14,14,True,True,6.795167581168728e-08
17,learned,72,190.0,9,14,14,True,True,6.795167581168728e-08
17,learned,73,190.0,9,14,14,True,True,6.795167581168728e-08
17,learned,74,190.0,9,14,14,True,True,6.795167581168728e-08
17,learned,75,190.0,9,14,14,True,True,6.795167581168728e-08
17,learned,76,190.0,9,14,14,True,True,6.795167581168728e-08
17,learned,77,190.0,9,14,14,True,True,6.795167581168728e-08
17,learned,78,190.0,9,14,14,True,True,6.795167581168728e-08
17,learned,79,190.0,9,14,14,True,True,6.795167581168728e-08
17,learned,80,190.0,9,14,14,True,True,6.795167581168728e-08
17,learned,81,190.0,9,14,14,True,True,6.795167581168728e-08
17,learned,82,190.0,9,14,14,True,True,6.795167581168728e-08
17,learned,83,190.0,9,14,14,True,True,6.795167581168728e-08
17,learned,84,190.0,9,14,14,True,True,6.795167581168728e-08
17,learned,85,190.0,9,14,14,True,True,6.795167581168728e-08
17,learned,86,190.0,9,14,14,True,True,6.795167581168728e-08
17,learned,87,190.0,9,14,14,True,True,6.795167581168728e-08
17,learned,88,190.0,9,14,14,True,True,6.795167581168728e-08
17,learned,89,190.0,9,14,14,True,True,6.795167581168728e-08
17,learned,90,190.0,9,14,14,True,True,6.795167581168728e-08
17,learned,91,190.0,9,14,14,True,True,6.795167581168728e-08
17,learned,92,190.0,9,14,14,True,True,6.795167581168728e-08
17,learned,93,190.0,9,14,14,True,True,6.795167581168728e-08
17,learned,94,190.0,9,14,14,True,True,6.795167581168728e-08
17,learned,95,190.0,9,14,14,True,True,6.795167581168728e-08
17,learned,96,190.0,9,14,14,True,True,6.795167581168728e-08
17,learned,97,190.0,9,14,14,True,True,6.795167581168728e-08
17,learned,98,190.0,9,14,14,True,True,6.795167581168728e-08
17,learned,99,190.0,9,14,14,True,True,6.795167581168728e-08
17,learned,100,190.0,9,14,14,True,True,6.795167581168728e-08
18,initial,0,50.0,7,6,14,False,False,0.0
18,greedy,0,50.0,7,6,14,False,False,0.0
18,greedy,1,80.0,8,8,14,False,False,0.0
18,greedy,2,110.0,9,10,14,False,False,0.0
18,greedy,3,140.0,10,12,14,False,False,0.0
18,greedy,4,170.0,11,14,14,True,False,4.157437184443368e-07
18,greedy,5,180.0,10,14,14,True,False,4.1557902314858723e-07
18,greedy,6,190.0,9,14,14,True,True,3.9674934611421023e-07
18,random,0,50.0,7,6,14,False,False,0.0
18,random,1,50.0,7,6,14,False,False,0.0
18,random,2,50.0,7,6,14,False,False,0.0
18,random,3,50.0,7,6,14,False,False,0.0
18,random,4,60.0,6,6,14,False,False,0.0
18,random,5,90.0,7,8,14,False,False,0.0
18,random,6,60.0,6,6,14,False,False,0.0
18,random,7,90.0,7,8,14,False,False,0.0
18,random,8,100.0,8,9,14,False,False,0.0
18,random,9,110.0,7,9,14,False,False,0.0
18,random,10,110.0,7,9,14,False,False,0.0
18,random,11,100.0,6,8,14,False,False,0.0
18,random,12,100.0,6,8,14,False,False,0.0
18,random,13,100.0,6,8,14,False,False,0.0
18,random,14,100.0,6,8,14,False,False,0.0
18,random,15,90.0,7,8,14,False,False,0.0
18,random,16,120.0,8,10,14,False,False,0.0
18,random,17,150.0,9,12,14,False,False,0.0
18,random,18,150.0,9,12,14,False,False,0.0
18,random,19,120.0,8,10,14,False,False,0.0
18,random,20,130.0,9,11,14,False,False,0.0
18,random,21,120.0,8,10,14,False,False,0.0
18,random,22,120.0,8,10,14,False,False,0.0
18,random,23,110.0,9,10,14,False,False,0.0
18,random,24,120.0,8,10,14,False,False,0.0
18,random,25,110.0,7,9,14,False,False,0.0
18,random,26,80.0,6,7,14,False,False,0.0
18,random,27,80.0,6,7,14,False,False,0.0
18,random,28,80.0,6,7,14,False,False,0.0
18,random,29,80.0,6,7,14,False,False,0.0
18,random,30,110.0,7,9,14,False,False,0.0
18,random,31,110.0,7,9,14,False,False,0.0
18,random,32,110.0,7,9,14,False,False,0.0
18,random,33,110.0,7,9,14,False,False,0.0
18,random,34,110.0,7,9,14,False,False,0.0
18,random,35,110.0,7,9,14,False,False,0.0
18,random,36,120.0,8,10,14,False,False,0.0
18,random,37,110.0,7,9,14,False,False,0.0
18,random,38,110.0,7,9,14,False,False,0.0
18,random,39,80.0,6,7,14,False,False,0.0
18,random,40,90.0,7,8,14,False,False,0.0
18,random,41,100.0,8,9,14,False,False,0.0
18,random,42,100.0,8,9,14,False,False,0.0
18,random,43,90.0,9,9,14,False,False,0.0
18,random,44,90.0,9,9,14,False,False,0.0
18,random,45,100.0,8,9,14,False,False,0.0
18,random,46,130.0,9,11,14,False,False,0.0
18,random,47,130.0,9,11,14,False,False,0.0
18,random,48,130.0,9,11,14,False,False,0.0
18,random,49,120.0,8,10,14,False,False,0.0
18,random,50,150.0,9,12,14,False,False,0.0
18,random,51,150.0,9,12,14,False,False,0.0
18,random,52,160.0,10,13,14,False,False,0.0
18,random,53,160.0,10,13,14,False,False,0.0
18,random,54,150.0,9,12,14,False,False,0.0
18,random,55,150.0,9,12,14,False,False,0.0
18,random,56,160.0,8,12,14,False,False,0.0
18,random,57,130.0,7,10,14,False,False,0.0
18,random,58,160.0,8,12,14,False,False,0.0
18,random,59,170.0,9,13,14,False,False,0.0
18,random,60,170.0,9,13,14,False,False,0.0
18,random,61,160.0,10,13,14,False,False,0.0
18,random,62,170.0,11,14,14,True,False,1.4548480996281957e-05
18,random,63,170.0,11,14,14,True,False,1.4548480996281957e-05
18,random,64,170.0,11,14,14,True,False,1.4548480996281957e-05
18,random,65,170.0,11,14,14,True,False,1.4548480996281957e-05
18,random,66,170.0,11,14,14,True,False,1.4548480996281957e-05
18,random,67,170.0,11,14,14,True,False,1.4548480996281957e-05
18,random,68,160.0,12,14,14,True,False,1.4561441648605806e-05
18,random,69,160.0,12,14,14,True,False,1.4561441648605806e-05
18,random,70,160.0,12,14,14,True,False,1.4561441648605806e-05
18,random,71,170.0,11,14,14,True,False,1.4364266525756025e-05
18,random,72,170.0,11,14,14,True,False,1.4364266525756025e-05
18,random,73,170.0,11,14,14,True,False,1.4364266525756025e-05
18,random,74,160.0,12,14,14,True,False,1.5266853137875313e-05
18,random,75,150.0,13,14,14,True,False,1.547733586399133e-05
18,random,76,140.0,14,14,14,True,False,1.581571565791714e-05
18,random,77,150.0,13,14,14,True,False,1.57536915201685e-05
18,random,78,160.0,12,14,14,True,False,4.428182121144225e-06
18,random,79,160.0,12,14,14,True,False,4.428182121144225e-06
18,random,80,160.0,12,14,14,True,False,4.428182121144225e-06
18,random,81,160.0,12,14,14,True,False,4.428182121144225e-06
18,random,82,160.0,12,14,14,True,False,4.428182121144225e-06
18,random,83,160.0,12,14,14,True,False,4.428182121144225e-06
18,random,84,170.0,11,14,14,True,False,5.039654232954615e-07
18,random,85,170.0,11,14,14,True,False,5.039654232954615e-07
18,random,86,170.0,11,14,14,True,False,5.039654232954615e-07
18,random,87,180.0,10,14,14,True,False,5.007147394260973e-07
18,random,88,170.0,11,14,14,True,False,5.029701445707566e-07
18,random,89,160.0,10,13,14,False,False,0.0
18,random,90,130.0,9,11,14,False,False,0.0
18,random,91,100.0,8,9,14,False,False,0.0
18,random,92,90.0,9,9,14,False,False,0.0
18,random,93,90.0,9,9,14,False,False,0.0
18,random,94,60.0,8,7,14,False,False,0.0
18,random,95,50.0,9,7,14,False,False,0.0
18,random,96,60.0,8,7,14,False,False,0.0
18,random,97,50.0,7,6,14,False,False,0.0
18,random,98,50.0,7,6,14,False,False,0.0
18,random,99,50.0,7,6,14,False,False,0.0
18,random,100,80.0,8,8,14,False,False,0.0
18,learned,0,50.0,7,6,14,False,False,0.0
18,learned,1,80.0,8,8,14,False,False,0.0
18,learned,2,110.0,9,10,14,False,False,0.0
18,learned,3,140.0,10,12,14,False,False,0.0
18,learned,4,170.0,11,14,14,True,False,4.330040589567089e-06
18,learned,5,180.0,10,14,14,True,False,4.326331323395825e-06
18,learned,6,190.0,9,14,14,True,True,4.2800734479787676e-06
18,learned,7,190.0,9,14,14,True,True,4.2800734479787676e-06
18,learned,8,190.0,9,14,14,True,True,4.2800734479787676e-06
18,learned,9,190.0,9,14,14,True,True,4.2800734479787676e-06
18,learned,10,190.0,9,14,14,True,True,4.2800734479787676e-06
18,learned,11,190.0,9,14,14,True,True,4.2800734479787676e-06
18,learned,12,190.0,9,14,14,True,True,4.2800734479787676e-06
18,learned,13,190.0,9,14,14,True,True,4.2800734479787676e-06
18,learned,14,190.0,9,14,14,True,True,4.2800734479787676e-06
18,learned,15,190.0,9,14,14,True,True,4.2800734479787676e-06
18,learned,16,190.0,9,14,14,True,True,4.2800734479787676e-06
18,learned,17,190.0,9,14,14,True,True,4.2800734479787676e-06
18,learned,18,190.0,9,14,14,True,True,4.2800734479787676e-06
18,learned,19,190.0,9,14,14,True,True,4.2800734479787676e-06
18,learned,20,190.0,9,14,14,True,True,4.2800734479787676e-06
18,learned,21,190.0,9,14,14,True,True,4.2800734479787676e-06
18,learned,22,190.0,9,14,14,True,True,4.2800734479787676e-06
18,learned,23,190.0,9,14,14,True,True,4.2800734479787676e-06
18,learned,24,190.0,9,14,14,True,True,4.2800734479787676e-06
18,learned,25,190.0,9,14,14,True,True,4.2800734479787676e-06
18,learned,26,190.0,9,14,14,True,True,4.2800734479787676e-06
18,learned,27,190.0,9,14,14,True,True,4.2800734479787676e-06
18,learned,28,190.0,9,14,14,True,True,4.2800734479787676e-06
18,learned,29,190.0,9,14,14,True,True,4.2800734479787676e-06
18,learned,30,190.0,9,14,14,True,True,4.2800734479787676e-06
18,learned,31,190.0,9,14,14,True,True,4.2800734479787676e-06
18,learned,32,190.0,9,14,14,True,True,4.2800734479787676e-06
18,learned,33,190.0,9,14,14,True,True,4.2800734479787676e-06
18,learned,34,190.0,9,14,14,True,True,4.2800734479787676e-06
18,learned,35,190.0,9,14,14,True,True,4.2800734479787676e-06
18,learned,36,190.0,9,14,14,True,True,4.2800734479787676e-06
18,learned,37,190.0,9,14,14,True,True,4.2800734479787676e-06
18,learned,38,190.0,9,14,14,True,True,4.2800734479787676e-06
18,learned,39,190.0,9,14,14,True,True,4.2800734479787676e-06
18,learned,40,190.0,9,14,14,True,True,4.2800734479787676e-06
18,learned,41,190.0,9,14,14,True,True,4.2800734479787676e-06
18,learned,42,190.0,9,14,14,True,True,4.2800734479787676e-06
18,learned,43,190.0,9,14,14,True,True,4.2800734479787676e-06
18,learned,44,190.0,9,14,14,True,True,4.2800734479787676e-06
18,learned,45,190.0,9,14,14,True,True,4.2800734479787676e-06
18,learned,46,190.0,9,14,14,True,True,4.2800734479787676e-06
18,learned,47,190.0,9,14,14,True,True,4.2800734479787676e-06
18,learned,48,190.0,9,14,14,True,True,4.2800734479787676e-06
18,learned,49,190.0,9,14,14,True,True,4.2800734479787676e-06
18,learned,50,190.0,9,14,14,True,True,4.2800734479787676e-06
18,learned,51,190.0,9,14,14,True,True,4.2800734479787676e-06
18,learned,52,190.0,9,14,14,True,True,4.2800734479787676e-06
18,learned,53,190.0,9,14,14,True,True,4.2800734479787676e-06
18,learned,54,190.0,9,14,14,True,True,4.2800734479787676e-06
18,learned,55,190.0,9,14,14,True,True,4.2800734479787676e-06
18,learned,56,190.0,9,14,14,True,True,4.2800734479787676e-06
18,learned,57,190.0,9,14,14,True,True,4.2800734479787676e-06
18,learned,58,190.0,9,14,14,True,True,4.2800734479787676e-06
18,learned,59,190.0,9,14,14,True,True,4.2800734479787676e-06
18,learned,60,190.0,9,14,14,True,True,4.2800734479787676e-06
18,learned,61,190.0,9,14,14,True,True,4.2800734479787676e-06
18,learned,62,190.0,9,14,14,True,True,4.2800734479787676e-06
18,learned,63,190.0,9,14,14,True,True,4.2800734479787676e-06
18,learned,64,190.0,9,14,14,True,True,4.2800734479787676e-06
18,learned,65,190.0,9,14,14,True,True,4.2800734479787676e-06
18,learned,66,190.0,9,14,14,True,True,4.2800734479787676e-06
18,learned,67,190.0,9,14,14,True,True,4.2800734479787676e-06
18,learned,68,190.0,9,14,14,True,True,4.2800734479787676e-06
18,learned,69,190.0,9,14,14,True,True,4.2800734479787676e-06
18,learned,70,190.0,9,14,14,True,True,4.2800734479787676e-06
18,learned,71,190.0,9,14,14,True,True,4.2800734479787676e-06
18,learned,72,190.0,9,14,14,True,True,4.2800734479787676e-06
18,learned,73,190.0,9,14,14,True,True,4.2800734479787676e-06
18,learned,74,190.0,9,14,14,True,True,4.2800734479787676e-06
18,learned,75,190.0,9,14,14,True,True,4.2800734479787676e-06
18,learned,76,190.0,9,14,14,True,True,4.2800734479787676e-06
18,learned,77,190.0,9,14,14,True,True,4.2800734479787676e-06
18,learned,78,190.0,9,14,14,True,True,4.2800734479787676e-06
18,learned,79,190.0,9,14,14,True,True,4.2800734479787676e-06
18,learned,80,190.0,9,14,14,True,True,4.2800734479787676e-06
18,learned,81,190.0,9,14,14,True,True,4.2800734479787676e-06
18,learned,82,190.0,9,14,14,True,True,4.2800734479787676e-06
18,learned,83,190.0,9,14,14,True,True,4.2800734479787676e-06
18,learned,84,190.0,9,14,14,True,True,4.2800734479787676e-06
18,learned,85,190.0,9,14,14,True,True,4.2800734479787676e-06
18,learned,86,190.0,9,14,14,True,True,4.2800734479787676e-06
18,learned,87,190.0,9,14,14,True,True,4.2800734479787676e-06
18,learned,88,190.0,9,14,14,True,True,4.2800734479787676e-06
18,learned,89,190.0,9,14,14,True,True,4.2800734479787676e-06
18,learned,90,190.0,9,14,14,True,True,4.2800734479787676e-06
18,learned,91,190.0,9,14,14,True,True,4.2800734479787676e-06
18,learned,92,190.0,9,14,14,True,True,4.2800734479787676e-06
18,learned,93,190.0,9,14,14,True,True,4.2800734479787676e-06
18,learned,94,190.0,9,14,14,True,True,4.2800734479787676e-06
18,learned,95,190.0,9,14,14,True,True,4.2800734479787676e-06
18,learned,96,190.0,9,14,14,True,True,4.2800734479787676e-06
18,learned,97,190.0,9,14,14,True,True,4.2800734479787676e-06
18,learned,98,190.0,9,14,14,True,True,4.2800734479787676e-06
18,learned,99,190.0,9,14,14,True,True,4.2800734479787676e-06
18,learned,100,190.0,9,14,14,True,True,4.2800734479787676e-06
19,initial,0,150.0,9,12,14,False,False,0.0
19,greedy,0,150.0,9,12,14,False,False,0.0
19,greedy,1,180.0,10,14,14,True,False,1.19923220568005e-06
19,greedy,2,190.0,9,14,14,True,False,1.1982429406606482e-06
19,random,0,150.0,9,12,14,False,False,0.0
19,random,1,150.0,9,12,14,False,False,0.0
19,random,2,150.0,9,12,14,False,False,0.0
19,random,3,160.0,8,12,14,False,False,0.0
19,random,4,160.0,8,12,14,False,False,0.0
19,random,5,130.0,7,10,14,False,False,0.0
19,random,6,130.0,7,10,14,False,False,0.0
19,random,7,140.0,8,11,14,False,False,0.0
19,random,8,140.0,8,11,14,False,False,0.0
19,random,9,130.0,7,10,14,False,False,0.0
19,random,10,120.0,6,9,14,False,False,0.0
19,random,11,130.0,7,10,14,False,False,0.0
19,random,12,130.0,7,10,14,False,False,0.0
19,random,13,130.0,7,10,14,False,False,0.0
19,random,14,130.0,7,10,14,False,False,0.0
19,random,15,120.0,6,9,14,False,False,0.0
19,random,16,110.0,7,9,14,False,False,0.0
19,random,17,120.0,8,10,14,False,False,0.0
19,random,18,120.0,8,10,14,False,False,0.0
19,random,19,130.0,9,11,14,False,False,0.0
19,random,20,140.0,8,11,14,False,False,0.0
19,random,21,130.0,9,11,14,False,False,0.0
19,random,22,140.0,8,11,14,False,False,0.0
19,random,23,140.0,8,11,14,False,False,0.0
19,random,24,140.0,8,11,14,False,False,0.0
19,random,25,140.0,8,11,14,False,False,0.0
19,random,26,130.0,7,10,14,False,False,0.0
19,random,27,130.0,7,10,14,False,False,0.0
19,random,28,100.0,6,8,14,False,False,0.0
19,random,29,90.0,7,8,14,False,False,0.0
19,random,30,90.0,7,8,14,False,False,0.0
19,random,31,120.0,8,10,14,False,False,0.0
19,random,32,120.0,8,10,14,False,False,0.0
19,random,33,120.0,8,10,14,False,False,0.0
19,random,34,150.0,9,12,14,False,False,0.0
19,random,35,140.0,10,12,14,False,False,0.0
19,random,36,140.0,10,12,14,False,False,0.0
19,random,37,150.0,9,12,14,False,False,0.0
19,random,38,120.0,8,10,14,False,False,0.0
19,random,39,130.0,9,11,14,False,False,0.0
19,random,40,130.0,9,11,14,False,False,0.0
19,random,41,120.0,8,10,14,False,False,0.0
19,random,42,120.0,8,10,14,False,False,0.0
19,random,43,120.0,8,10,14,False,False,0.0
19,random,44,130.0,9,11,14,False,False,0.0
19,random,45,140.0,8,11,14,False,False,0.0
19,random,46,130.0,7,10,14,False,False,0.0
19,random,47,120.0,6,9,14,False,False,0.0
19,random,48,90.0,5,7,14,False,False,0.0
19,random,49,120.0,6,9,14,False,False,0.0
19,random,50,110.0,5,8,14,False,False,0.0
19,random,51,100.0,4,7,14,False,False,0.0
19,random,52,110.0,5,8,14,False,False,0.0
19,random,53,120.0,6,9,14,False,False,0.0
19,random,54,120.0,6,9,14,False,False,0.0
19,random,55,110.0,7,9,14,False,False,0.0
19,random,56,110.0,7,9,14,False,False,0.0
19,random,57,140.0,8,11,14,False,False,0.0
19,random,58,140.0,8,11,14,False,False,0.0
19,random,59,150.0,9,12,14,False,False,0.0
19,random,60,150.0,9,12,14,False,False,0.0
19,random,61,150.0,9,12,14,False,False,0.0
19,random,62,150.0,9,12,14,False,False,0.0
19,random,63,140.0,10,12,14,False,False,0.0
19,random,64,140.0,10,12,14,False,False,0.0
19,random,65,170.0,11,14,14,True,False,3.5262052131739526e-06
19,random,66,140.0,10,12,14,False,False,0.0
19,random,67,130.0,9,11,14,False,False,0.0
19,random,68,140.0,10,12,14,False,False,0.0
19,random,69,140.0,10,12,14,False,False,0.0
19,random,70,130.0,11,12,14,False,False,0.0
19,random,71,130.0,11,12,14,False,False,0.0
19,random,72,130.0,11,12,14,False,False,0.0
19,random,73,140.0,10,12,14,False,False,0.0
19,random,74,140.0,10,12,14,False,False,0.0
19,random,75,150.0,9,12,14,False,False,0.0
19,random,76,150.0,9,12,14,False,False,0.0
19,random,77,140.0,10,12,14,False,False,0.0
19,random,78,140.0,10,12,14,False,False,0.0
19,random,79,140.0,10,12,14,False,False,0.0
19,random,80,140.0,10,12,14,False,False,0.0
19,random,81,150.0,9,12,14,False,False,0.0
19,random,82,150.0,9,12,14,False,False,0.0
19,random,83,140.0,10,12,14,False,False,0.0
19,random,84,140.0,10,12,14,False,False,0.0
19,random,85,140.0,10,12,14,False,False,0.0
19,random,86,140.0,10,12,14,False,False,0.0
19,random,87,150.0,9,12,14,False,False,0.0
19,random,88,140.0,10,12,14,False,False,0.0
19,random,89,130.0,11,12,14,False,False,0.0
19,random,90,140.0,10,12,14,False,False,0.0
19,random,91,140.0,10,12,14,False,False,0.0
19,random,92,140.0,10,12,14,False,False,0.0
19,random,93,140.0,10,12,14,False,False,0.0
19,random,94,130.0,11,12,14,False,False,0.0
19,random,95,130.0,11,12,14,False,False,0.0
19,random,96,160.0,12,14,14,True,False,3.0569231219639034e-06
19,random,97,160.0,12,14,14,True,False,3.0569231219639034e-06
19,random,98,150.0,13,14,14,True,False,3.1848825588893376e-05
19,random,99,140.0,14,14,14,True,False,3.40536565011377e-05
19,random,100,140.0,14,14,14,True,False,3.40536565011377e-05
19,learned,0,150.0,9,12,14,False,False,0.0
19,learned,1,180.0,10,14,14,True,False,1.1526195027608213e-06
19,learned,2,190.0,9,14,14,True,False,1.1519771619286744e-06
19,learned,3,190.0,9,14,14,True,False,1.1519771619286744e-06
19,learned,4,190.0,9,14,14,True,False,1.1519771619286744e-06
19,learned,5,190.0,9,14,14,True,False,1.1519771619286744e-06
19,learned,6,190.0,9,14,14,True,False,1.1519771619286744e-06
19,learned,7,190.0,9,14,14,True,False,1.1519771619286744e-06
19,learned,8,190.0,9,14,14,True,False,1.1519771619286744e-06
19,learned,9,190.0,9,14,14,True,False,1.1519771619286744e-06
19,learned,10,190.0,9,14,14,True,False,1.1519771619286744e-06
19,learned,11,190.0,9,14,14,True,False,1.1519771619286744e-06
19,learned,12,190.0,9,14,14,True,False,1.1519771619286744e-06
19,learned,13,190.0,9,14,14,True,False,1.1519771619286744e-06
19,learned,14,190.0,9,14,14,True,False,1.1519771619286744e-06
19,learned,15,190.0,9,14,14,True,False,1.1519771619286744e-06
19,learned,16,190.0,9,14,14,True,False,1.1519771619286744e-06
19,learned,17,190.0,9,14,14,True,False,1.1519771619286744e-06
19,learned,18,190.0,9,14,14,True,False,1.1519771619286744e-06
19,learned,19,190.0,9,14,14,True,False,1.1519771619286744e-06
19,learned,20,190.0,9,14,14,True,False,1.1519771619286744e-06
19,learned,21,190.0,9,14,14,True,False,1.1519771619286744e-06
19,learned,22,190.0,9,14,14,True,False,1.1519771619286744e-06
19,learned,23,190.0,9,14,14,True,False,1.1519771619286744e-06
19,learned,24,190.0,9,14,14,True,False,1.1519771619286744e-06
19,learned,25,190.0,9,14,14,True,False,1.1519771619286744e-06
19,learned,26,190.0,9,14,14,True,False,1.1519771619286744e-06
19,learned,27,190.0,9,14,14,True,False,1.1519771619286744e-06
19,learned,28,190.0,9,14,14,True,False,1.1519771619286744e-06
19,learned,29,190.0,9,14,14,True,False,1.1519771619286744e-06
19,learned,30,190.0,9,14,14,True,False,1.1519771619286744e-06
19,learned,31,190.0,9,14,14,True,False,1.1519771619286744e-06
19,learned,32,190.0,9,14,14,True,False,1.1519771619286744e-06
19,learned,33,190.0,9,14,14,True,False,1.1519771619286744e-06
19,learned,34,190.0,9,14,14,True,False,1.1519771619286744e-06
19,learned,35,190.0,9,14,14,True,False,1.1519771619286744e-06
19,learned,36,190.0,9,14,14,True,False,1.1519771619286744e-06
19,learned,37,190.0,9,14,14,True,False,1.1519771619286744e-06
19,learned,38,190.0,9,14,14,True,False,1.1519771619286744e-06
19,learned,39,190.0,9,14,14,True,False,1.1519771619286744e-06
19,learned,40,190.0,9,14,14,True,False,1.1519771619286744e-06
19,learned,41,190.0,9,14,14,True,False,1.1519771619286744e-06
19,learned,42,190.0,9,14,14,True,False,1.1519771619286744e-06
19,learned,43,190.0,9,14,14,True,False,1.1519771619286744e-06
19,learned,44,190.0,9,14,14,True,False,1.1519771619286744e-06
19,learned,45,190.0,9,14,14,True,False,1.1519771619286744e-06
19,learned,46,190.0,9,14,14,True,False,1.1519771619286744e-06
19,learned,47,190.0,9,14,14,True,False,1.1519771619286744e-06
19,learned,48,190.0,9,14,14,True,False,1.1519771619286744e-06
19,learned,49,190.0,9,14,14,True,False,1.1519771619286744e-06
19,learned,50,190.0,9,14,14,True,False,1.1519771619286744e-06
19,learned,51,190.0,9,14,14,True,False,1.1519771619286744e-06
19,learned,52,190.0,9,14,14,True,False,1.1519771619286744e-06
19,learned,53,190.0,9,14,14,True,False,1.1519771619286744e-06
19,learned,54,190.0,9,14,14,True,False,1.1519771619286744e-06
19,learned,55,190.0,9,14,14,True,False,1.1519771619286744e-06
19,learned,56,190.0,9,14,14,True,False,1.1519771619286744e-06
19,learned,57,190.0,9,14,14,True,False,1.1519771619286744e-06
19,learned,58,190.0,9,14,14,True,False,1.1519771619286744e-06
19,learned,59,190.0,9,14,14,True,False,1.1519771619286744e-06
19,learned,60,190.0,9,14,14,True,False,1.1519771619286744e-06
19,learned,61,190.0,9,14,14,True,False,1.1519771619286744e-06
19,learned,62,190.0,9,14,14,True,False,1.1519771619286744e-06
19,learned,63,190.0,9,14,14,True,False,1.1519771619286744e-06
19,learned,64,190.0,9,14,14,True,False,1.1519771619286744e-06
19,learned,65,190.0,9,14,14,True,False,1.1519771619286744e-06
19,learned,66,190.0,9,14,14,True,False,1.1519771619286744e-06
19,learned,67,190.0,9,14,14,True,False,1.1519771619286744e-06
19,learned,68,190.0,9,14,14,True,False,1.1519771619286744e-06
19,learned,69,190.0,9,14,14,True,False,1.1519771619286744e-06
19,learned,70,190.0,9,14,14,True,False,1.1519771619286744e-06
19,learned,71,190.0,9,14,14,True,False,1.1519771619286744e-06
19,learned,72,190.0,9,14,14,True,False,1.1519771619286744e-06
19,learned,73,190.0,9,14,14,True,False,1.1519771619286744e-06
19,learned,74,190.0,9,14,14,True,False,1.1519771619286744e-06
19,learned,75,190.0,9,14,14,True,False,1.1519771619286744e-06
19,learned,76,190.0,9,14,14,True,False,1.1519771619286744e-06
19,learned,77,190.0,9,14,14,True,False,1.1519771619286744e-06
19,learned,78,190.0,9,14,14,True,False,1.1519771619286744e-06
19,learned,79,190.0,9,14,14,True,False,1.1519771619286744e-06
19,learned,80,190.0,9,14,14,True,False,1.1519771619286744e-06
19,learned,81,190.0,9,14,14,True,False,1.1519771619286744e-06
19,learned,82,190.0,9,14,14,True,False,1.1519771619286744e-06
19,learned,83,190.0,9,14,14,True,False,1.1519771619286744e-06
19,learned,84,190.0,9,14,14,True,False,1.1519771619286744e-06
19,learned,85,190.0,9,14,14,True,False,1.1519771619286744e-06
19,learned,86,190.0,9,14,14,True,False,1.1519771619286744e-06
19,learned,87,190.0,9,14,14,True,False,1.1519771619286744e-06
19,learned,88,190.0,9,14,14,True,False,1.1519771619286744e-06
19,learned,89,190.0,9,14,14,True,False,1.1519771619286744e-06
19,learned,90,190.0,9,14,14,True,False,1.1519771619286744e-06
19,learned,91,190.0,9,14,14,True,False,1.1519771619286744e-06
19,learned,92,190.0,9,14,14,True,False,1.1519771619286744e-06
19,learned,93,190.0,9,14,14,True,False,1.1519771619286744e-06
19,learned,94,190.0,9,14,14,True,False,1.1519771619286744e-06
19,learned,95,190.0,9,14,14,True,False,1.1519771619286744e-06
19,learned,96,190.0,9,14,14,True,False,1.1519771619286744e-06
19,learned,97,190.0,9,14,14,True,False,1.1519771619286744e-06
19,learned,98,190.0,9,14,14,True,False,1.1519771619286744e-06
19,learned,99,190.0,9,14,14,True,False,1.1519771619286744e-06
19,learned,100,190.0,9,14,14,True,False,1.1519771619286744e-06
