episode,method,step,score,edges,rank,rank_K,is_IBR,is_MBR,min_eig
0,initial,0,30.0,37,20,20,True,False,0.00013766969898312497
0,greedy,0,30.0,37,20,20,True,False,0.00013766969898312497
0,greedy,1,40.0,36,20,20,True,False,0.00013279942531066962
0,greedy,2,50.0,35,20,20,True,False,0.00011333867908623395
0,greedy,3,60.0,34,20,20,True,False,0.00010028341980164352
0,greedy,4,70.0,33,20,20,True,False,8.594916694522305e-05
0,greedy,5,80.0,32,20,20,True,False,3.923008845500206e-05
0,greedy,6,90.0,31,20,20,True,False,3.8943216729295456e-05
0,greedy,7,100.0,30,20,20,True,False,3.7862072519714244e-05
0,greedy,8,110.0,29,20,20,True,False,3.7749313965775105e-05
0,greedy,9,120.0,28,20,20,True,False,3.763701868368861e-05
0,greedy,10,130.0,27,20,20,True,False,3.749385202276125e-05
0,greedy,11,140.0,26,20,20,True,False,1.3006421204606108e-05
0,greedy,12,150.0,25,20,20,True,False,1.2937240411632127e-05
0,greedy,13,160.0,24,20,20,True,False,1.0956704867236178e-05
0,greedy,14,170.0,23,20,20,True,False,1.066985680966054e-05
0,greedy,15,180.0,22,20,20,True,False,1.0668420669841255e-05
0,greedy,16,190.0,21,20,20,True,False,1.0514000129742855e-05
0,greedy,17,200.0,20,20,20,True,False,1.0445784477030345e-05
0,greedy,18,210.0,19,20,20,True,False,7.773994053903861e-06
0,greedy,19,220.0,18,20,20,True,False,7.457323855406287e-06
0,greedy,20,230.0,17,20,20,True,False,6.432660579418452e-06
0,greedy,21,240.0,16,20,20,True,False,6.238046718665635e-06
0,greedy,22,250.0,15,20,20,True,False,6.160523246843549e-06
0,greedy,23,260.0,14,20,20,True,False,5.830873422634567e-06
0,greedy,24,270.0,13,20,20,True,False,2.0458135945516636e-06
0,greedy,25,280.0,12,20,20,True,False,1.8936417037704348e-06
0,greedy,26,290.0,11,20,20,True,False,1.795158140714493e-06
0,greedy,27,300.0,10,20,20,True,True,3.654257543039137e-09
0,random,0,30.0,37,20,20,True,False,0.00013766969898312497
0,random,1,30.0,37,20,20,True,False,0.00013766969898312497
0,random,2,40.0,36,20,20,True,False,0.00013749901520851277
0,random,3,40.0,36,20,20,True,False,0.00013749901520851277
0,random,4,50.0,35,20,20,True,False,0.000136826226114631
0,random,5,50.0,35,20,20,True,False,0.000136826226114631
0,random,6,60.0,34,20,20,True,False,0.00013249071077210721
0,random,7,60.0,34,20,20,True,False,0.00013249071077210721
0,random,8,60.0,34,20,20,True,False,0.00013249071077210721
0,random,9,60.0,34,20,20,True,False,0.00013249071077210721
0,random,10,70.0,33,20,20,True,False,0.00012577398833266555
0,random,11,70.0,33,20,20,True,False,0.00012577398833266555
0,random,12,70.0,33,20,20,True,False,0.00012577398833266555
0,random,13,70.0,33,20,20,True,False,0.00012577398833266555
0,random,14,80.0,32,20,20,True,False,0.00012564151480882817
0,random,15,80.0,32,20,20,True,False,0.00012564151480882817
0,random,16,80.0,32,20,20,True,False,0.00012564151480882817
0,random,17,70.0,33,20,20,True,False,0.00012594561845441125
0,random,18,70.0,33,20,20,True,False,0.00012594561845441125
0,random,19,60.0,34,20,20,True,False,0.00012609346455513858
0,random,20,60.0,34,20,20,True,False,0.00012609346455513858
0,random,21,60.0,34,20,20,True,False,0.00012609346455513858
0,random,22,70.0,33,20,20,True,False,0.0001248936363734432
0,random,23,70.0,33,20,20,True,False,0.0001248936363734432
0,random,24,80.0,32,20,20,True,False,9.855481220232995e-05
0,random,25,80.0,32,20,20,True,False,9.855481220232995e-05
0,random,26,70.0,33,20,20,True,False,9.954410309020812e-05
0,random,27,70.0,33,20,20,True,False,9.954410309020812e-05
0,random,28,60.0,34,20,20,True,False,9.993100363718542e-05
0,random,29,60.0,34,20,20,True,False,9.993100363718542e-05
0,random,30,60.0,34,20,20,True,False,9.993100363718542e-05
0,random,31,60.0,34,20,20,True,False,9.993100363718542e-05
0,random,32,70.0,33,20,20,True,False,5.5918593612014174e-05
0,random,33,70.0,33,20,20,True,False,5.5918593612014174e-05
0,random,34,80.0,32,20,20,True,False,5.5567770885100585e-05
0,random,35,80.0,32,20,20,True,False,5.5567770885100585e-05
0,random,36,90.0,31,20,20,True,False,5.5554753664378956e-05
0,random,37,90.0,31,20,20,True,False,5.5554753664378956e-05
0,random,38,100.0,30,20,20,True,False,5.0933642051431005e-05
0,random,39,100.0,30,20,20,True,False,5.0933642051431005e-05
0,random,40,90.0,31,20,20,True,False,5.204409572341327e-05
0,random,41,90.0,31,20,20,True,False,5.204409572341327e-05
0,random,42,100.0,30,20,20,True,False,4.6209086060865585e-05
0,random,43,100.0,30,20,20,True,False,4.6209086060865585e-05
0,random,44,90.0,31,20,20,True,False,6.066697395917858e-05
0,random,45,90.0,31,20,20,True,False,6.066697395917858e-05
0,random,46,80.0,32,20,20,True,False,6.171071958483747e-05
0,random,47,80.0,32,20,20,True,False,6.171071958483747e-05
0,random,48,90.0,31,20,20,True,False,6.155566252015892e-05
0,random,49,90.0,31,20,20,True,False,6.155566252015892e-05
0,random,50,100.0,30,20,20,True,False,6.151688055042648e-05
0,random,51,100.0,30,20,20,True,False,6.151688055042648e-05
0,random,52,90.0,31,20,20,True,False,6.426219672496046e-05
0,random,53,90.0,31,20,20,True,False,6.426219672496046e-05
0,random,54,90.0,31,20,20,True,False,6.426219672496046e-05
0,random,55,90.0,31,20,20,True,False,6.426219672496046e-05
0,random,56,90.0,31,20,20,True,False,6.426219672496046e-05
0,random,57,90.0,31,20,20,True,False,6.426219672496046e-05
0,random,58,80.0,32,20,20,True,False,6.488206617998554e-05
0,random,59,80.0,32,20,20,True,False,6.488206617998554e-05
0,random,60,80.0,32,20,20,True,False,6.488206617998554e-05
0,random,61,90.0,31,20,20,True,False,5.4848234188763726e-05
0,random,62,90.0,31,20,20,True,False,5.4848234188763726e-05
0,random,63,90.0,31,20,20,True,False,5.4848234188763726e-05
0,random,64,90.0,31,20,20,True,False,5.4848234188763726e-05
0,random,65,100.0,30,20,20,True,False,4.5993088103895685e-05
0,random,66,100.0,30,20,20,True,False,4.5993088103895685e-05
0,random,67,90.0,31,20,20,True,False,4.6730696802859195e-05
0,random,68,90.0,31,20,20,True,False,4.6730696802859195e-05
0,random,69,80.0,32,20,20,True,False,4.7049937152661717e-05
0,random,70,80.0,32,20,20,True,False,4.7049937152661717e-05
0,random,71,90.0,31,20,20,True,False,4.699028747425687e-05
0,random,72,90.0,31,20,20,True,False,4.699028747425687e-05
0,random,73,100.0,30,20,20,True,False,4.691478028639684e-05
0,random,74,100.0,30,20,20,True,False,4.691478028639684e-05
0,random,75,110.0,29,20,20,True,False,4.687971917734198e-05
0,random,76,110.0,29,20,20,True,False,4.687971917734198e-05
0,random,77,110.0,29,20,20,True,False,4.687971917734198e-05
0,random,78,110.0,29,20,20,True,False,4.687971917734198e-05
0,random,79,110.0,29,20,20,True,False,4.687971917734198e-05
0,random,80,100.0,30,20,20,True,False,4.6939766345842144e-05
0,random,81,100.0,30,20,20,True,False,4.6939766345842144e-05
0,random,82,110.0,29,20,20,True,False,4.680888383460947e-05
0,random,83,110.0,29,20,20,True,False,4.680888383460947e-05
0,random,84,110.0,29,20,20,True,False,4.680888383460947e-05
0,random,85,110.0,29,20,20,True,False,4.680888383460947e-05
0,random,86,100.0,30,20,20,True,False,4.6939766345842144e-05
0,random,87,100.0,30,20,20,True,False,4.6939766345842144e-05
0,random,88,110.0,29,20,20,True,False,4.687971917734198e-05
0,random,89,110.0,29,20,20,True,False,4.687971917734198e-05
0,random,90,120.0,28,20,20,True,False,4.654227626094312e-05
0,random,91,120.0,28,20,20,True,False,4.654227626094312e-05
0,random,92,120.0,28,20,20,True,False,4.654227626094312e-05
0,random,93,120.0,28,20,20,True,False,4.654227626094312e-05
0,random,94,120.0,28,20,20,True,False,4.654227626094312e-05
0,random,95,120.0,28,20,20,True,False,4.654227626094312e-05
0,random,96,130.0,27,20,20,True,False,4.6430142001577985e-05
0,random,97,130.0,27,20,20,True,False,4.6430142001577985e-05
0,random,98,130.0,27,20,20,True,False,4.6430142001577985e-05
0,random,99,130.0,27,20,20,True,False,4.6430142001577985e-05
0,random,100,120.0,28,20,20,True,False,5.564187536193902e-05
0,learned,0,30.0,37,20,20,True,False,0.00013766969898312497
0,learned,1,30.0,37,20,20,True,False,0.00013766969898312497
0,learned,2,40.0,36,20,20,True,False,0.00013692485758270704
0,learned,3,40.0,36,20,20,True,False,0.00013692485758270704
0,learned,4,50.0,35,20,20,True,False,0.0001347012798760035
0,learned,5,50.0,35,20,20,True,False,0.0001347012798760035
0,learned,6,60.0,34,20,20,True,False,0.000126400257305074
0,learned,7,60.0,34,20,20,True,False,0.000126400257305074
0,learned,8,70.0,33,20,20,True,False,0.00012342246330836776
0,learned,9,70.0,33,20,20,True,False,0.00012342246330836776
0,learned,10,60.0,34,20,20,True,False,0.0001264002573050738
0,learned,11,60.0,34,20,20,True,False,0.0001264002573050738
0,learned,12,70.0,33,20,20,True,False,0.00012394918052849587
0,learned,13,70.0,33,20,20,True,False,0.00012394918052849587
0,learned,14,80.0,32,20,20,True,False,0.00012393935066768938
0,learned,15,80.0,32,20,20,True,False,0.00012393935066768938
0,learned,16,90.0,31,20,20,True,False,0.00010754423531780933
0,learned,17,90.0,31,20,20,True,False,0.00010754423531780933
0,learned,18,100.0,30,20,20,True,False,0.00010704596079168238
0,learned,19,100.0,30,20,20,True,False,0.00010704596079168238
0,learned,20,110.0,29,20,20,True,False,0.00010159935568721086
0,learned,21,110.0,29,20,20,True,False,0.00010159935568721086
0,learned,22,100.0,30,20,20,True,False,0.00010227361809576053
0,learned,23,100.0,30,20,20,True,False,0.00010227361809576053
0,learned,24,110.0,29,20,20,True,False,0.00010159935568721086
0,learned,25,110.0,29,20,20,True,False,0.00010159935568721086
0,learned,26,120.0,28,20,20,True,False,9.76166885146668e-05
0,learned,27,120.0,28,20,20,True,False,9.76166885146668e-05
0,learned,28,130.0,27,20,20,True,False,9.440660709110181e-05
0,learned,29,130.0,27,20,20,True,False,9.440660709110181e-05
0,learned,30,120.0,28,20,20,True,False,9.459555587529955e-05
0,learned,31,120.0,28,20,20,True,False,9.459555587529955e-05
0,learned,32,130.0,27,20,20,True,False,9.440660709110181e-05
0,learned,33,130.0,27,20,20,True,False,9.440660709110181e-05
0,learned,34,120.0,28,20,20,True,False,9.559662988372474e-05
0,learned,35,120.0,28,20,20,True,False,9.559662988372474e-05
0,learned,36,110.0,29,20,20,True,False,0.00010049404863547083
0,learned,37,110.0,29,20,20,True,False,0.00010049404863547083
0,learned,38,120.0,28,20,20,True,False,9.559662988372444e-05
0,learned,39,120.0,28,20,20,True,False,9.559662988372444e-05
0,learned,40,130.0,27,20,20,True,False,9.065340955364943e-05
0,learned,41,130.0,27,20,20,True,False,9.065340955364943e-05
0,learned,42,140.0,26,20,20,True,False,6.226081185400921e-05
0,learned,43,140.0,26,20,20,True,False,6.226081185400921e-05
0,learned,44,150.0,25,20,20,True,False,6.217356973482823e-05
0,learned,45,150.0,25,20,20,True,False,6.217356973482823e-05
0,learned,46,160.0,24,20,20,True,False,4.7701281802387465e-05
0,learned,47,160.0,24,20,20,True,False,4.7701281802387465e-05
0,learned,48,170.0,23,20,20,True,False,4.581831860060094e-05
0,learned,49,170.0,23,20,20,True,False,4.581831860060094e-05
0,learned,50,180.0,22,20,20,True,False,4.3794600806250936e-05
0,learned,51,180.0,22,20,20,True,False,4.3794600806250936e-05
0,learned,52,190.0,21,20,20,True,False,3.720017484376587e-05
0,learned,53,190.0,21,20,20,True,False,3.720017484376587e-05
0,learned,54,180.0,22,20,20,True,False,3.774398958232144e-05
0,learned,55,180.0,22,20,20,True,False,3.774398958232144e-05
0,learned,56,190.0,21,20,20,True,False,3.366506057070585e-05
0,learned,57,190.0,21,20,20,True,False,3.366506057070585e-05
0,learned,58,180.0,22,20,20,True,False,4.0365086973144334e-05
0,learned,59,180.0,22,20,20,True,False,4.0365086973144334e-05
0,learned,60,190.0,21,20,20,True,False,4.018757717234149e-05
0,learned,61,190.0,21,20,20,True,False,4.018757717234149e-05
0,learned,62,200.0,20,20,20,True,False,3.341206546681543e-05
0,learned,63,200.0,20,20,20,True,False,3.341206546681543e-05
0,learned,64,210.0,19,20,20,True,False,2.569102350585761e-05
0,learned,65,210.0,19,20,20,True,False,2.569102350585761e-05
0,learned,66,220.0,18,20,20,True,False,2.5504825217495813e-05
0,learned,67,220.0,18,20,20,True,False,2.5504825217495813e-05
0,learned,68,210.0,19,20,20,True,False,2.9213663238274237e-05
0,learned,69,210.0,19,20,20,True,False,2.9213663238274237e-05
0,learned,70,220.0,18,20,20,True,False,2.5504825217495813e-05
0,learned,71,220.0,18,20,20,True,False,2.5504825217495813e-05
0,learned,72,230.0,17,20,20,True,False,1.4620102883636532e-05
0,learned,73,230.0,17,20,20,True,False,1.4620102883636532e-05
0,learned,74,240.0,16,20,20,True,False,1.4583939436686507e-05
0,learned,75,240.0,16,20,20,True,False,1.4583939436686507e-05
0,learned,76,230.0,17,20,20,True,False,1.4754078604295607e-05
0,learned,77,230.0,17,20,20,True,False,1.4754078604295607e-05
0,learned,78,220.0,18,20,20,True,False,1.927838734446893e-05
0,learned,79,220.0,18,20,20,True,False,1.927838734446893e-05
0,learned,80,230.0,17,20,20,True,False,1.8520013994562035e-05
0,learned,81,230.0,17,20,20,True,False,1.8520013994562035e-05
0,learned,82,240.0,16,20,20,True,False,1.4583939436686507e-05
0,learned,83,240.0,16,20,20,True,False,1.4583939436686507e-05
0,learned,84,230.0,17,20,20,True,False,1.488313391029112e-05
0,learned,85,230.0,17,20,20,True,False,1.488313391029112e-05
0,learned,86,240.0,16,20,20,True,False,1.4583939436686516e-05
0,learned,87,240.0,16,20,20,True,False,1.4583939436686516e-05
0,learned,88,230.0,17,20,20,True,False,1.475407860429582e-05
0,learned,89,230.0,17,20,20,True,False,1.475407860429582e-05
0,learned,90,240.0,16,20,20,True,False,1.4583939436686516e-05
0,learned,91,240.0,16,20,20,True,False,1.4583939436686516e-05
0,learned,92,230.0,17,20,20,True,False,1.4754078604295629e-05
0,learned,93,230.0,17,20,20,True,False,1.4754078604295629e-05
0,learned,94,240.0,16,20,20,True,False,1.4583939436686516e-05
0,learned,95,240.0,16,20,20,True,False,1.4583939436686516e-05
0,learned,96,250.0,15,20,20,True,False,1.4240665756140428e-05
0,learned,97,250.0,15,20,20,True,False,1.4240665756140428e-05
0,learned,98,260.0,14,20,20,True,False,1.4081020605014893e-05
0,learned,99,260.0,14,20,20,True,False,1.4081020605014893e-05
0,learned,100,270.0,13,20,20,True,False,1.4028960330255927e-05
1,initial,0,240.0,16,20,20,True,False,1.8367748579515085e-05
1,greedy,0,240.0,16,20,20,True,False,1.8367748579515085e-05
1,greedy,1,250.0,15,20,20,True,False,1.4249145685765935e-05
1,greedy,2,260.0,14,20,20,True,False,3.7235675736318423e-06
1,greedy,3,270.0,13,20,20,True,False,8.034794691618345e-07
1,greedy,4,280.0,12,20,20,True,False,7.69374138415331e-08
1,greedy,5,290.0,11,20,20,True,False,7.691428373139083e-08
1,random,0,240.0,16,20,20,True,False,1.8367748579515085e-05
1,random,1,240.0,16,20,20,True,False,1.8367748579515085e-05
1,random,2,230.0,15,19,20,False,False,0.0
1,random,3,230.0,15,19,20,False,False,0.0
1,random,4,230.0,15,19,20,False,False,0.0
1,random,5,230.0,15,19,20,False,False,0.0
1,random,6,230.0,15,19,20,False,False,0.0
1,random,7,230.0,15,19,20,False,False,0.0
1,random,8,230.0,15,19,20,False,False,0.0
1,random,9,230.0,15,19,20,False,False,0.0
1,random,10,240.0,16,20,20,True,False,1.4682579889922747e-05
1,random,11,240.0,16,20,20,True,False,1.4682579889922747e-05
1,random,12,250.0,15,20,20,True,False,9.860847192148144e-06
1,random,13,250.0,15,20,20,True,False,9.860847192148144e-06
1,random,14,240.0,16,20,20,True,False,1.0511793605738435e-05
1,random,15,240.0,16,20,20,True,False,1.0511793605738435e-05
1,random,16,240.0,16,20,20,True,False,1.0511793605738435e-05
1,random,17,230.0,17,20,20,True,False,1.113428115703885e-05
1,random,18,230.0,17,20,20,True,False,1.113428115703885e-05
1,random,19,220.0,18,20,20,True,False,2.012704032503396e-05
1,random,20,220.0,18,20,20,True,False,2.012704032503396e-05
1,random,21,230.0,17,20,20,True,False,1.9762298790834442e-05
1,random,22,230.0,17,20,20,True,False,1.9762298790834442e-05
1,random,23,230.0,17,20,20,True,False,1.9762298790834442e-05
1,random,24,230.0,17,20,20,True,False,1.9762298790834442e-05
1,random,25,230.0,17,20,20,True,False,1.9762298790834442e-05
1,random,26,230.0,17,20,20,True,False,1.9762298790834442e-05
1,random,27,220.0,18,20,20,True,False,2.012704032503396e-05
1,random,28,220.0,18,20,20,True,False,2.012704032503396e-05
1,random,29,220.0,18,20,20,True,False,2.012704032503396e-05
1,random,30,220.0,18,20,20,True,False,2.012704032503396e-05
1,random,31,220.0,18,20,20,True,False,2.012704032503396e-05
1,random,32,220.0,18,20,20,True,False,2.012704032503396e-05
1,random,33,220.0,18,20,20,True,False,2.012704032503396e-05
1,random,34,220.0,18,20,20,True,False,2.012704032503396e-05
1,random,35,230.0,17,20,20,True,False,1.9524437612569793e-05
1,random,36,230.0,17,20,20,True,False,1.9524437612569793e-05
1,random,37,230.0,17,20,20,True,False,1.9524437612569793e-05
1,random,38,220.0,18,20,20,True,False,2.064762626213862e-05
1,random,39,220.0,18,20,20,True,False,2.064762626213862e-05
1,random,40,210.0,19,20,20,True,False,2.093734709482463e-05
1,random,41,210.0,19,20,20,True,False,2.093734709482463e-05
1,random,42,200.0,20,20,20,True,False,2.6067821015827196e-05
1,random,43,200.0,20,20,20,True,False,2.6067821015827196e-05
1,random,44,200.0,20,20,20,True,False,2.6067821015827196e-05
1,random,45,200.0,20,20,20,True,False,2.6067821015827196e-05
1,random,46,200.0,20,20,20,True,False,2.6067821015827196e-05
1,random,47,200.0,20,20,20,True,False,2.6067821015827196e-05
1,random,48,200.0,20,20,20,True,False,2.6067821015827196e-05
1,random,49,200.0,20,20,20,True,False,2.6067821015827196e-05
1,random,50,190.0,21,20,20,True,False,2.7550863512367993e-05
1,random,51,190.0,21,20,20,True,False,2.7550863512367993e-05
1,random,52,200.0,20,20,20,True,False,2.566872990494132e-05
1,random,53,200.0,20,20,20,True,False,2.566872990494132e-05
1,random,54,200.0,20,20,20,True,False,2.566872990494132e-05
1,random,55,190.0,21,20,20,True,False,2.6004356191940577e-05
1,random,56,190.0,21,20,20,True,False,2.6004356191940577e-05
1,random,57,190.0,21,20,20,True,False,2.6004356191940577e-05
1,random,58,190.0,21,20,20,True,False,2.6004356191940577e-05
1,random,59,190.0,21,20,20,True,False,2.6004356191940577e-05
1,random,60,180.0,22,20,20,True,False,2.6667302615829917e-05
1,random,61,180.0,22,20,20,True,False,2.6667302615829917e-05
1,random,62,190.0,21,20,20,True,False,1.8179304683093286e-05
1,random,63,190.0,21,20,20,True,False,1.8179304683093286e-05
1,random,64,180.0,22,20,20,True,False,2.0197803212702645e-05
1,random,65,180.0,22,20,20,True,False,2.0197803212702645e-05
1,random,66,190.0,21,20,20,True,False,1.8179304683093286e-05
1,random,67,190.0,21,20,20,True,False,1.8179304683093286e-05
1,random,68,180.0,22,20,20,True,False,2.533089895560021e-05
1,random,69,180.0,22,20,20,True,False,2.533089895560021e-05
1,random,70,170.0,23,20,20,True,False,2.5415051147757555e-05
1,random,71,170.0,23,20,20,True,False,2.5415051147757555e-05
1,random,72,180.0,22,20,20,True,False,2.3041689024368064e-05
1,random,73,180.0,22,20,20,True,False,2.3041689024368064e-05
1,random,74,180.0,22,20,20,True,False,2.3041689024368064e-05
1,random,75,180.0,22,20,20,True,False,2.3041689024368064e-05
1,random,76,180.0,22,20,20,True,False,2.3041689024368064e-05
1,random,77,180.0,22,20,20,True,False,2.3041689024368064e-05
1,random,78,180.0,22,20,20,True,False,2.3041689024368064e-05
1,random,79,180.0,22,20,20,True,False,2.3041689024368064e-05
1,random,80,170.0,23,20,20,True,False,2.8609400145281943e-05
1,random,81,170.0,23,20,20,True,False,2.8609400145281943e-05
1,random,82,170.0,23,20,20,True,False,2.8609400145281943e-05
1,random,83,170.0,23,20,20,True,False,2.8609400145281943e-05
1,random,84,170.0,23,20,20,True,False,2.8609400145281943e-05
1,random,85,170.0,23,20,20,True,False,2.8609400145281943e-05
1,random,86,160.0,24,20,20,True,False,2.9048948302954338e-05
1,random,87,160.0,24,20,20,True,False,2.9048948302954338e-05
1,random,88,170.0,23,20,20,True,False,2.4350500147480176e-05
1,random,89,170.0,23,20,20,True,False,2.4350500147480176e-05
1,random,90,170.0,23,20,20,True,False,2.4350500147480176e-05
1,random,91,170.0,23,20,20,True,False,2.4350500147480176e-05
1,random,92,170.0,23,20,20,True,False,2.4350500147480176e-05
1,random,93,170.0,23,20,20,True,False,2.4350500147480176e-05
1,random,94,160.0,24,20,20,True,False,3.461861289473006e-05
1,random,95,160.0,24,20,20,True,False,3.461861289473006e-05
1,random,96,160.0,24,20,20,True,False,3.461861289473006e-05
1,random,97,160.0,24,20,20,True,False,3.461861289473006e-05
1,random,98,160.0,24,20,20,True,False,3.461861289473006e-05
1,random,99,160.0,24,20,20,True,False,3.461861289473006e-05
1,random,100,150.0,25,20,20,True,False,3.630798451358842e-05
1,learned,0,240.0,16,20,20,True,False,1.8367748579515085e-05
1,learned,1,240.0,16,20,20,True,False,1.8367748579515085e-05
1,learned,2,230.0,17,20,20,True,False,1.8400407878246403e-05
1,learned,3,230.0,17,20,20,True,False,1.8400407878246403e-05
1,learned,4,240.0,16,20,20,True,False,1.8367748579515085e-05
1,learned,5,240.0,16,20,20,True,False,1.8367748579515085e-05
1,learned,6,230.0,17,20,20,True,False,1.8400407878246403e-05
1,learned,7,230.0,17,20,20,True,False,1.8400407878246403e-05
1,learned,8,240.0,16,20,20,True,False,1.8367748579515085e-05
1,learned,9,240.0,16,20,20,True,False,1.8367748579515085e-05
1,learned,10,230.0,17,20,20,True,False,2.1382200520951134e-05
1,learned,11,230.0,17,20,20,True,False,2.1382200520951134e-05
1,learned,12,240.0,16,20,20,True,False,1.8367748579515085e-05
1,learned,13,240.0,16,20,20,True,False,1.8367748579515085e-05
1,learned,14,250.0,15,20,20,True,False,9.013474914456971e-06
1,learned,15,250.0,15,20,20,True,False,9.013474914456971e-06
1,learned,16,260.0,14,20,20,True,False,8.859956954843195e-06
1,learned,17,260.0,14,20,20,True,False,8.859956954843195e-06
1,learned,18,250.0,15,20,20,True,False,1.3367424656183594e-05
1,learned,19,250.0,15,20,20,True,False,1.3367424656183594e-05
1,learned,20,260.0,14,20,20,True,False,8.859956954843195e-06
1,learned,21,260.0,14,20,20,True,False,8.859956954843195e-06
1,learned,22,250.0,15,20,20,True,False,8.909030851480008e-06
1,learned,23,250.0,15,20,20,True,False,8.909030851480008e-06
1,learned,24,260.0,14,20,20,True,False,8.859956954843351e-06
1,learned,25,260.0,14,20,20,True,False,8.859956954843351e-06
1,learned,26,270.0,13,20,20,True,False,8.004538350090042e-06
1,learned,27,270.0,13,20,20,True,False,8.004538350090042e-06
1,learned,28,280.0,12,20,20,True,False,1.354077949651256e-06
1,learned,29,280.0,12,20,20,True,False,1.354077949651256e-06
1,learned,30,270.0,13,20,20,True,False,7.722175698441605e-06
1,learned,31,270.0,13,20,20,True,False,7.722175698441605e-06
1,learned,32,260.0,14,20,20,True,False,8.119367601765455e-06
1,learned,33,260.0,14,20,20,True,False,8.119367601765455e-06
1,learned,34,270.0,13,20,20,True,False,7.722175698441605e-06
1,learned,35,270.0,13,20,20,True,False,7.722175698441605e-06
1,learned,36,260.0,14,20,20,True,False,8.119367601765455e-06
1,learned,37,260.0,14,20,20,True,False,8.119367601765455e-06
1,learned,38,250.0,15,20,20,True,False,1.1746246781432135e-05
1,learned,39,250.0,15,20,20,True,False,1.1746246781432135e-05
1,learned,40,260.0,14,20,20,True,False,9.968912149187273e-06
1,learned,41,260.0,14,20,20,True,False,9.968912149187273e-06
1,learned,42,270.0,13,20,20,True,False,7.722175698441605e-06
1,learned,43,270.0,13,20,20,True,False,7.722175698441605e-06
1,learned,44,260.0,14,20,20,True,False,7.888313005748234e-06
1,learned,45,260.0,14,20,20,True,False,7.888313005748234e-06
1,learned,46,270.0,13,20,20,True,False,7.722175698441629e-06
1,learned,47,270.0,13,20,20,True,False,7.722175698441629e-06
1,learned,48,280.0,12,20,20,True,False,1.3954323849415247e-06
1,learned,49,280.0,12,20,20,True,False,1.3954323849415247e-06
1,learned,50,270.0,13,20,20,True,False,3.223232276996538e-06
1,learned,51,270.0,13,20,20,True,False,3.223232276996538e-06
1,learned,52,280.0,12,20,20,True,False,1.3954323849415247e-06
1,learned,53,280.0,12,20,20,True,False,1.3954323849415247e-06
1,learned,54,290.0,11,20,20,True,False,6.429467432149689e-07
1,learned,55,290.0,11,20,20,True,False,6.429467432149689e-07
1,learned,56,280.0,12,20,20,True,False,8.570967378304792e-07
1,learned,57,280.0,12,20,20,True,False,8.570967378304792e-07
1,learned,58,290.0,11,20,20,True,False,6.429467432149689e-07
1,learned,59,290.0,11,20,20,True,False,6.429467432149689e-07
1,learned,60,300.0,10,20,20,True,True,1.1169766812436245e-07
1,learned,61,300.0,10,20,20,True,True,1.1169766812436245e-07
1,learned,62,270.0,9,18,20,False,False,0.0
1,learned,63,270.0,9,18,20,False,False,0.0
1,learned,64,300.0,10,20,20,True,True,1.1169766812436245e-07
1,learned,65,300.0,10,20,20,True,True,1.1169766812436245e-07
1,learned,66,270.0,9,18,20,False,False,0.0
1,learned,67,270.0,9,18,20,False,False,0.0
1,learned,68,300.0,10,20,20,True,True,1.1169766812436245e-07
1,learned,69,300.0,10,20,20,True,True,1.1169766812436245e-07
1,learned,70,270.0,9,18,20,False,False,0.0
1,learned,71,270.0,9,18,20,False,False,0.0
1,learned,72,300.0,10,20,20,True,True,8.071702318252151e-07
1,learned,73,300.0,10,20,20,True,True,8.071702318252151e-07
1,learned,74,290.0,11,20,20,True,False,1.1475941379503297e-06
1,learned,75,290.0,11,20,20,True,False,1.1475941379503297e-06
1,learned,76,300.0,10,20,20,True,True,8.071702318252151e-07
1,learned,77,300.0,10,20,20,True,True,8.071702318252151e-07
1,learned,78,300.0,10,20,20,True,True,8.071702318252151e-07
1,learned,79,300.0,10,20,20,True,True,8.071702318252151e-07
1,learned,80,290.0,11,20,20,True,False,1.9175002655399757e-06
1,learned,81,290.0,11,20,20,True,False,1.9175002655399757e-06
1,learned,82,300.0,10,20,20,True,True,8.071702318252151e-07
1,learned,83,300.0,10,20,20,True,True,8.071702318252151e-07
1,learned,84,270.0,9,18,20,False,False,0.0
1,learned,85,270.0,9,18,20,False,False,0.0
1,learned,86,270.0,9,18,20,False,False,0.0
1,learned,87,300.0,10,20,20,True,True,1.6931617612723268e-08
1,learned,88,300.0,10,20,20,True,True,1.6931617612723268e-08
1,learned,89,290.0,11,20,20,True,False,1.8342308430385579e-07
1,learned,90,290.0,11,20,20,True,False,1.8342308430385579e-07
1,learned,91,300.0,10,20,20,True,True,6.860299886638519e-08
1,learned,92,300.0,10,20,20,True,True,6.860299886638519e-08
1,learned,93,290.0,11,20,20,True,False,1.8342308430385579e-07
1,learned,94,290.0,11,20,20,True,False,1.8342308430385579e-07
1,learned,95,300.0,10,20,20,True,True,2.4992437157822967e-08
1,learned,96,300.0,10,20,20,True,True,2.4992437157822967e-08
1,learned,97,290.0,11,20,20,True,False,2.499304812568917e-08
1,learned,98,290.0,11,20,20,True,False,2.499304812568917e-08
1,learned,99,300.0,10,20,20,True,True,2.4992437157822967e-08
1,learned,100,300.0,10,20,20,True,True,2.4992437157822967e-08
2,initial,0,30.0,1,2,20,False,False,0.0
2,greedy,0,30.0,1,2,20,False,False,0.0
2,greedy,1,60.0,2,4,20,False,False,0.0
2,greedy,2,90.0,3,6,20,False,False,0.0
2,greedy,3,120.0,4,8,20,False,False,0.0
2,greedy,4,150.0,5,10,20,False,False,0.0
2,greedy,5,180.0,6,12,20,False,False,0.0
2,greedy,6,210.0,7,14,20,False,False,0.0
2,greedy,7,240.0,8,16,20,False,False,0.0
2,greedy,8,250.0,9,17,20,False,False,0.0
2,greedy,9,260.0,10,18,20,False,False,0.0
2,greedy,10,270.0,9,18,20,False,False,0.0
2,greedy,11,280.0,10,19,20,False,False,0.0
2,greedy,12,290.0,11,20,20,True,False,1.1389078017675725e-08
2,random,0,30.0,1,2,20,False,False,0.0
2,random,1,30.0,1,2,20,False,False,0.0
2,random,2,60.0,2,4,20,False,False,0.0
2,random,3,60.0,2,4,20,False,False,0.0
2,random,4,60.0,2,4,20,False,False,0.0
2,random,5,60.0,2,4,20,False,False,0.0
2,random,6,60.0,2,4,20,False,False,0.0
2,random,7,90.0,3,6,20,False,False,0.0
2,random,8,90.0,3,6,20,False,False,0.0
2,random,9,90.0,3,6,20,False,False,0.0
2,random,10,90.0,3,6,20,False,False,0.0
2,random,11,120.0,4,8,20,False,False,0.0
2,random,12,120.0,4,8,20,False,False,0.0
2,random,13,150.0,5,10,20,False,False,0.0
2,random,14,150.0,5,10,20,False,False,0.0
2,random,15,180.0,6,12,20,False,False,0.0
2,random,16,180.0,6,12,20,False,False,0.0
2,random,17,180.0,6,12,20,False,False,0.0
2,random,18,210.0,7,14,20,False,False,0.0
2,random,19,210.0,7,14,20,False,False,0.0
2,random,20,240.0,8,16,20,False,False,0.0
2,random,21,240.0,8,16,20,False,False,0.0
2,random,22,250.0,9,17,20,False,False,0.0
2,random,23,250.0,9,17,20,False,False,0.0
2,random,24,280.0,10,19,20,False,False,0.0
2,random,25,280.0,10,19,20,False,False,0.0
2,random,26,280.0,10,19,20,False,False,0.0
2,random,27,290.0,11,20,20,True,False,9.211731738442507e-07
2,random,28,290.0,11,20,20,True,False,9.211731738442507e-07
2,random,29,290.0,11,20,20,True,False,9.211731738442507e-07
2,random,30,290.0,11,20,20,True,False,9.211731738442507e-07
2,random,31,280.0,12,20,20,True,False,9.978866033841305e-07
2,random,32,280.0,12,20,20,True,False,9.978866033841305e-07
2,random,33,280.0,12,20,20,True,False,9.978866033841305e-07
2,random,34,280.0,12,20,20,True,False,9.978866033841305e-07
2,random,35,280.0,12,20,20,True,False,9.978866033841305e-07
2,random,36,270.0,13,20,20,True,False,9.983749780194181e-07
2,random,37,270.0,13,20,20,True,False,9.983749780194181e-07
2,random,38,260.0,14,20,20,True,False,1.1725976487486928e-06
2,random,39,260.0,14,20,20,True,False,1.1725976487486928e-06
2,random,40,250.0,15,20,20,True,False,3.6408141453387563e-06
2,random,41,250.0,15,20,20,True,False,3.6408141453387563e-06
2,random,42,240.0,16,20,20,True,False,1.138919580805783e-05
2,random,43,240.0,16,20,20,True,False,1.138919580805783e-05
2,random,44,250.0,15,20,20,True,False,3.268476763448345e-06
2,random,45,250.0,15,20,20,True,False,3.268476763448345e-06
2,random,46,250.0,15,20,20,True,False,3.268476763448345e-06
2,random,47,250.0,15,20,20,True,False,3.268476763448345e-06
2,random,48,260.0,14,20,20,True,False,3.220403621288191e-06
2,random,49,260.0,14,20,20,True,False,3.220403621288191e-06
2,random,50,270.0,13,20,20,True,False,1.9594896817579604e-06
2,random,51,270.0,13,20,20,True,False,1.9594896817579604e-06
2,random,52,270.0,13,20,20,True,False,1.9594896817579604e-06
2,random,53,270.0,13,20,20,True,False,1.9594896817579604e-06
2,random,54,260.0,14,20,20,True,False,1.9705789521871063e-06
2,random,55,260.0,14,20,20,True,False,1.9705789521871063e-06
2,random,56,250.0,15,20,20,True,False,3.5861070434860217e-06
2,random,57,250.0,15,20,20,True,False,3.5861070434860217e-06
2,random,58,250.0,15,20,20,True,False,3.5861070434860217e-06
2,random,59,250.0,15,20,20,True,False,3.5861070434860217e-06
2,random,60,240.0,16,20,20,True,False,3.6338592812420126e-06
2,random,61,240.0,16,20,20,True,False,3.6338592812420126e-06
2,random,62,230.0,17,20,20,True,False,9.890119297477602e-06
2,random,63,230.0,17,20,20,True,False,9.890119297477602e-06
2,random,64,220.0,18,20,20,True,False,9.918053701762974e-06
2,random,65,220.0,18,20,20,True,False,9.918053701762974e-06
2,random,66,210.0,19,20,20,True,False,1.0158186353752474e-05
2,random,67,210.0,19,20,20,True,False,1.0158186353752474e-05
2,random,68,200.0,20,20,20,True,False,1.0905534269775087e-05
2,random,69,200.0,20,20,20,True,False,1.0905534269775087e-05
2,random,70,190.0,21,20,20,True,False,1.0960162354912773e-05
2,random,71,190.0,21,20,20,True,False,1.0960162354912773e-05
2,random,72,180.0,22,20,20,True,False,1.7629274217065298e-05
2,random,73,180.0,22,20,20,True,False,1.7629274217065298e-05
2,random,74,190.0,21,20,20,True,False,1.7475665694049128e-05
2,random,75,190.0,21,20,20,True,False,1.7475665694049128e-05
2,random,76,200.0,20,20,20,True,False,9.80066861885467e-06
2,random,77,200.0,20,20,20,True,False,9.80066861885467e-06
2,random,78,200.0,20,20,20,True,False,9.80066861885467e-06
2,random,79,200.0,20,20,20,True,False,9.80066861885467e-06
2,random,80,210.0,19,20,20,True,False,4.101925206794687e-06
2,random,81,210.0,19,20,20,True,False,4.101925206794687e-06
2,random,82,200.0,20,20,20,True,False,4.171360109805274e-06
2,random,83,200.0,20,20,20,True,False,4.171360109805274e-06
2,random,84,190.0,21,20,20,True,False,8.275644370933959e-06
2,random,85,190.0,21,20,20,True,False,8.275644370933959e-06
2,random,86,180.0,22,20,20,True,False,8.901027179150505e-06
2,random,87,180.0,22,20,20,True,False,8.901027179150505e-06
2,random,88,180.0,22,20,20,True,False,8.901027179150505e-06
2,random,89,190.0,21,20,20,True,False,8.65951757217787e-06
2,random,90,190.0,21,20,20,True,False,8.65951757217787e-06
2,random,91,180.0,22,20,20,True,False,1.5332036753905344e-05
2,random,92,180.0,22,20,20,True,False,1.5332036753905344e-05
2,random,93,180.0,22,20,20,True,False,1.5332036753905344e-05
2,random,94,180.0,22,20,20,True,False,1.5332036753905344e-05
2,random,95,190.0,21,20,20,True,False,1.338102922344947e-05
2,random,96,190.0,21,20,20,True,False,1.338102922344947e-05
2,random,97,190.0,21,20,20,True,False,1.338102922344947e-05
2,random,98,190.0,21,20,20,True,False,1.338102922344947e-05
2,random,99,180.0,22,20,20,True,False,1.4079638476982102e-05
2,random,100,180.0,22,20,20,True,False,1.4079638476982102e-05
2,learned,0,30.0,1,2,20,False,False,0.0
2,learned,1,30.0,1,2,20,False,False,0.0
2,learned,2,60.0,2,4,20,False,False,0.0
2,learned,3,60.0,2,4,20,False,False,0.0
2,learned,4,90.0,3,6,20,False,False,0.0
2,learned,5,90.0,3,6,20,False,False,0.0
2,learned,6,80.0,4,6,20,False,False,0.0
2,learned,7,80.0,4,6,20,False,False,0.0
2,learned,8,110.0,5,8,20,False,False,0.0
2,learned,9,110.0,5,8,20,False,False,0.0
2,learned,10,140.0,6,10,20,False,False,0.0
2,learned,11,140.0,6,10,20,False,False,0.0
2,learned,12,170.0,7,12,20,False,False,0.0
2,learned,13,170.0,7,12,20,False,False,0.0
2,learned,14,200.0,8,14,20,False,False,0.0
2,learned,15,200.0,8,14,20,False,False,0.0
2,learned,16,170.0,7,12,20,False,False,0.0
2,learned,17,170.0,7,12,20,False,False,0.0
2,learned,18,140.0,6,10,20,False,False,0.0
2,learned,19,140.0,6,10,20,False,False,0.0
2,learned,20,170.0,7,12,20,False,False,0.0
2,learned,21,170.0,7,12,20,False,False,0.0
2,learned,22,180.0,8,13,20,False,False,0.0
2,learned,23,180.0,8,13,20,False,False,0.0
2,learned,24,210.0,9,15,20,False,False,0.0
2,learned,25,210.0,9,15,20,False,False,0.0
2,learned,26,180.0,8,13,20,False,False,0.0
2,learned,27,180.0,8,13,20,False,False,0.0
2,learned,28,170.0,7,12,20,False,False,0.0
2,learned,29,170.0,7,12,20,False,False,0.0
2,learned,30,200.0,8,14,20,False,False,0.0
2,learned,31,200.0,8,14,20,False,False,0.0
2,learned,32,210.0,7,14,20,False,False,0.0
2,learned,33,210.0,7,14,20,False,False,0.0
2,learned,34,240.0,8,16,20,False,False,0.0
2,learned,35,240.0,8,16,20,False,False,0.0
2,learned,36,210.0,7,14,20,False,False,0.0
2,learned,37,210.0,7,14,20,False,False,0.0
2,learned,38,240.0,8,16,20,False,False,0.0
2,learned,39,240.0,8,16,20,False,False,0.0
2,learned,40,270.0,9,18,20,False,False,0.0
2,learned,41,270.0,9,18,20,False,False,0.0
2,learned,42,260.0,10,18,20,False,False,0.0
2,learned,43,260.0,10,18,20,False,False,0.0
2,learned,44,260.0,10,18,20,False,False,0.0
2,learned,45,260.0,10,18,20,False,False,0.0
2,learned,46,250.0,9,17,20,False,False,0.0
2,learned,47,250.0,9,17,20,False,False,0.0
2,learned,48,260.0,10,18,20,False,False,0.0
2,learned,49,260.0,10,18,20,False,False,0.0
2,learned,50,290.0,11,20,20,True,False,3.090031813694855e-07
2,learned,51,290.0,11,20,20,True,False,3.090031813694855e-07
2,learned,52,280.0,12,20,20,True,False,2.152193048402091e-06
2,learned,53,280.0,12,20,20,True,False,2.152193048402091e-06
2,learned,54,270.0,13,20,20,True,False,5.3177643107404055e-06
2,learned,55,270.0,13,20,20,True,False,5.3177643107404055e-06
2,learned,56,280.0,12,20,20,True,False,2.9306124799706524e-08
2,learned,57,280.0,12,20,20,True,False,2.9306124799706524e-08
2,learned,58,270.0,11,19,20,False,False,0.0
2,learned,59,270.0,11,19,20,False,False,0.0
2,learned,60,270.0,11,19,20,False,False,0.0
2,learned,61,270.0,11,19,20,False,False,0.0
2,learned,62,280.0,12,20,20,True,False,2.3071806599231477e-08
2,learned,63,280.0,12,20,20,True,False,2.3071806599231477e-08
2,learned,64,290.0,11,20,20,True,False,2.750854156619266e-09
2,learned,65,290.0,11,20,20,True,False,2.750854156619266e-09
2,learned,66,260.0,10,18,20,False,False,0.0
2,learned,67,260.0,10,18,20,False,False,0.0
2,learned,68,250.0,11,18,20,False,False,0.0
2,learned,69,250.0,11,18,20,False,False,0.0
2,learned,70,260.0,10,18,20,False,False,0.0
2,learned,71,260.0,10,18,20,False,False,0.0
2,learned,72,260.0,10,18,20,False,False,0.0
2,learned,73,260.0,10,18,20,False,False,0.0
2,learned,74,290.0,11,20,20,True,False,6.029228781391368e-07
2,learned,75,290.0,11,20,20,True,False,6.029228781391368e-07
2,learned,76,280.0,10,19,20,False,False,0.0
2,learned,77,280.0,10,19,20,False,False,0.0
2,learned,78,290.0,11,20,20,True,False,3.326622776211537e-06
2,learned,79,290.0,11,20,20,True,False,3.326622776211537e-06
2,learned,80,280.0,10,19,20,False,False,0.0
2,learned,81,280.0,10,19,20,False,False,0.0
2,learned,82,290.0,11,20,20,True,False,3.326622776211537e-06
2,learned,83,290.0,11,20,20,True,False,3.326622776211537e-06
2,learned,84,280.0,12,20,20,True,False,3.608234190211495e-06
2,learned,85,280.0,12,20,20,True,False,3.608234190211495e-06
2,learned,86,270.0,13,20,20,True,False,4.794414621609132e-06
2,learned,87,270.0,13,20,20,True,False,4.794414621609132e-06
2,learned,88,280.0,12,20,20,True,False,3.501447174395876e-06
2,learned,89,280.0,12,20,20,True,False,3.501447174395876e-06
2,learned,90,270.0,13,20,20,True,False,3.608019602375851e-06
2,learned,91,270.0,13,20,20,True,False,3.608019602375851e-06
2,learned,92,280.0,12,20,20,True,False,3.501447174395876e-06
2,learned,93,280.0,12,20,20,True,False,3.501447174395876e-06
2,learned,94,280.0,12,20,20,True,False,3.501447174395876e-06
2,learned,95,280.0,12,20,20,True,False,3.501447174395876e-06
2,learned,96,290.0,11,20,20,True,False,3.326622776211537e-06
2,learned,97,290.0,11,20,20,True,False,3.326622776211537e-06
2,learned,98,280.0,12,20,20,True,False,4.433821281568297e-06
2,learned,99,280.0,12,20,20,True,False,4.433821281568297e-06
2,learned,100,270.0,13,20,20,True,False,4.638411741267793e-06
3,initial,0,60.0,2,4,20,False,False,0.0
3,greedy,0,60.0,2,4,20,False,False,0.0
3,greedy,1,90.0,3,6,20,False,False,0.0
3,greedy,2,120.0,4,8,20,False,False,0.0
3,greedy,3,150.0,5,10,20,False,False,0.0
3,greedy,4,180.0,6,12,20,False,False,0.0
3,greedy,5,210.0,7,14,20,False,False,0.0
3,greedy,6,240.0,8,16,20,False,False,0.0
3,greedy,7,250.0,9,17,20,False,False,0.0
3,greedy,8,260.0,10,18,20,False,False,0.0
3,greedy,9,270.0,9,18,20,False,False,0.0
3,greedy,10,280.0,10,19,20,False,False,0.0
3,greedy,11,290.0,11,20,20,True,False,4.761177265361705e-06
3,random,0,60.0,2,4,20,False,False,0.0
3,random,1,60.0,2,4,20,False,False,0.0
3,random,2,90.0,3,6,20,False,False,0.0
3,random,3,90.0,3,6,20,False,False,0.0
3,random,4,120.0,4,8,20,False,False,0.0
3,random,5,120.0,4,8,20,False,False,0.0
3,random,6,120.0,4,8,20,False,False,0.0
3,random,7,120.0,4,8,20,False,False,0.0
3,random,8,90.0,3,6,20,False,False,0.0
3,random,9,90.0,3,6,20,False,False,0.0
3,random,10,120.0,4,8,20,False,False,0.0
3,random,11,120.0,4,8,20,False,False,0.0
3,random,12,120.0,4,8,20,False,False,0.0
3,random,13,150.0,5,10,20,False,False,0.0
3,random,14,150.0,5,10,20,False,False,0.0
3,random,15,150.0,5,10,20,False,False,0.0
3,random,16,160.0,6,11,20,False,False,0.0
3,random,17,160.0,6,11,20,False,False,0.0
3,random,18,150.0,7,11,20,False,False,0.0
3,random,19,150.0,7,11,20,False,False,0.0
3,random,20,140.0,8,11,20,False,False,0.0
3,random,21,140.0,8,11,20,False,False,0.0
3,random,22,170.0,9,13,20,False,False,0.0
3,random,23,170.0,9,13,20,False,False,0.0
3,random,24,170.0,9,13,20,False,False,0.0
3,random,25,170.0,9,13,20,False,False,0.0
3,random,26,160.0,10,13,20,False,False,0.0
3,random,27,160.0,10,13,20,False,False,0.0
3,random,28,160.0,10,13,20,False,False,0.0
3,random,29,160.0,10,13,20,False,False,0.0
3,random,30,160.0,10,13,20,False,False,0.0
3,random,31,160.0,10,13,20,False,False,0.0
3,random,32,190.0,11,15,20,False,False,0.0
3,random,33,190.0,11,15,20,False,False,0.0
3,random,34,190.0,11,15,20,False,False,0.0
3,random,35,200.0,10,15,20,False,False,0.0
3,random,36,200.0,10,15,20,False,False,0.0
3,random,37,230.0,11,17,20,False,False,0.0
3,random,38,230.0,11,17,20,False,False,0.0
3,random,39,220.0,10,16,20,False,False,0.0
3,random,40,220.0,10,16,20,False,False,0.0
3,random,41,250.0,11,18,20,False,False,0.0
3,random,42,250.0,11,18,20,False,False,0.0
3,random,43,240.0,12,18,20,False,False,0.0
3,random,44,240.0,12,18,20,False,False,0.0
3,random,45,240.0,12,18,20,False,False,0.0
3,random,46,250.0,13,19,20,False,False,0.0
3,random,47,250.0,13,19,20,False,False,0.0
3,random,48,240.0,14,19,20,False,False,0.0
3,random,49,240.0,14,19,20,False,False,0.0
3,random,50,230.0,15,19,20,False,False,0.0
3,random,51,230.0,15,19,20,False,False,0.0
3,random,52,240.0,14,19,20,False,False,0.0
3,random,53,240.0,14,19,20,False,False,0.0
3,random,54,230.0,15,19,20,False,False,0.0
3,random,55,230.0,15,19,20,False,False,0.0
3,random,56,230.0,15,19,20,False,False,0.0
3,random,57,230.0,15,19,20,False,False,0.0
3,random,58,230.0,15,19,20,False,False,0.0
3,random,59,230.0,15,19,20,False,False,0.0
3,random,60,230.0,15,19,20,False,False,0.0
3,random,61,220.0,14,18,20,False,False,0.0
3,random,62,220.0,14,18,20,False,False,0.0
3,random,63,220.0,14,18,20,False,False,0.0
3,random,64,220.0,14,18,20,False,False,0.0
3,random,65,210.0,15,18,20,False,False,0.0
3,random,66,210.0,15,18,20,False,False,0.0
3,random,67,220.0,14,18,20,False,False,0.0
3,random,68,220.0,14,18,20,False,False,0.0
3,random,69,230.0,15,19,20,False,False,0.0
3,random,70,230.0,15,19,20,False,False,0.0
3,random,71,220.0,16,19,20,False,False,0.0
3,random,72,220.0,16,19,20,False,False,0.0
3,random,73,230.0,17,20,20,True,False,2.100326980961722e-06
3,random,74,230.0,17,20,20,True,False,2.100326980961722e-06
3,random,75,230.0,17,20,20,True,False,2.100326980961722e-06
3,random,76,230.0,17,20,20,True,False,2.100326980961722e-06
3,random,77,230.0,17,20,20,True,False,2.100326980961722e-06
3,random,78,230.0,17,20,20,True,False,2.100326980961722e-06
3,random,79,230.0,17,20,20,True,False,2.100326980961722e-06
3,random,80,220.0,18,20,20,True,False,2.4015744665419346e-06
3,random,81,220.0,18,20,20,True,False,2.4015744665419346e-06
3,random,82,210.0,19,20,20,True,False,2.6411802699306716e-06
3,random,83,210.0,19,20,20,True,False,2.6411802699306716e-06
3,random,84,200.0,20,20,20,True,False,2.6953762850206595e-06
3,random,85,200.0,20,20,20,True,False,2.6953762850206595e-06
3,random,86,190.0,21,20,20,True,False,2.786993314772284e-06
3,random,87,190.0,21,20,20,True,False,2.786993314772284e-06
3,random,88,180.0,22,20,20,True,False,2.841533477165143e-06
3,random,89,180.0,22,20,20,True,False,2.841533477165143e-06
3,random,90,180.0,22,20,20,True,False,2.841533477165143e-06
3,random,91,180.0,22,20,20,True,False,2.841533477165143e-06
3,random,92,170.0,23,20,20,True,False,2.949856766341383e-06
3,random,93,170.0,23,20,20,True,False,2.949856766341383e-06
3,random,94,160.0,24,20,20,True,False,2.9719630582929465e-06
3,random,95,160.0,24,20,20,True,False,2.9719630582929465e-06
3,random,96,150.0,25,20,20,True,False,3.0113288539248285e-06
3,random,97,150.0,25,20,20,True,False,3.0113288539248285e-06
3,random,98,150.0,25,20,20,True,False,3.0113288539248285e-06
3,random,99,150.0,25,20,20,True,False,3.0113288539248285e-06
3,random,100,160.0,24,20,20,True,False,3.0067063519800796e-06
3,learned,0,60.0,2,4,20,False,False,0.0
3,learned,1,60.0,2,4,20,False,False,0.0
3,learned,2,90.0,3,6,20,False,False,0.0
3,learned,3,90.0,3,6,20,False,False,0.0
3,learned,4,120.0,4,8,20,False,False,0.0
3,learned,5,120.0,4,8,20,False,False,0.0
3,learned,6,150.0,5,10,20,False,False,0.0
3,learned,7,150.0,5,10,20,False,False,0.0
3,learned,8,180.0,6,12,20,False,False,0.0
3,learned,9,180.0,6,12,20,False,False,0.0
3,learned,10,180.0,6,12,20,False,False,0.0
3,learned,11,210.0,7,14,20,False,False,0.0
3,learned,12,210.0,7,14,20,False,False,0.0
3,learned,13,240.0,8,16,20,False,False,0.0
3,learned,14,240.0,8,16,20,False,False,0.0
3,learned,15,270.0,9,18,20,False,False,0.0
3,learned,16,270.0,9,18,20,False,False,0.0
3,learned,17,270.0,9,18,20,False,False,0.0
3,learned,18,270.0,9,18,20,False,False,0.0
3,learned,19,240.0,8,16,20,False,False,0.0
3,learned,20,240.0,8,16,20,False,False,0.0
3,learned,21,250.0,9,17,20,False,False,0.0
3,learned,22,250.0,9,17,20,False,False,0.0
3,learned,23,240.0,8,16,20,False,False,0.0
3,learned,24,240.0,8,16,20,False,False,0.0
3,learned,25,270.0,9,18,20,False,False,0.0
3,learned,26,270.0,9,18,20,False,False,0.0
3,learned,27,300.0,10,20,20,True,True,1.075229689442998e-07
3,learned,28,300.0,10,20,20,True,True,1.075229689442998e-07
3,learned,29,290.0,11,20,20,True,False,3.306565504550294e-06
3,learned,30,290.0,11,20,20,True,False,3.306565504550294e-06
3,learned,31,300.0,10,20,20,True,True,1.075229689442998e-07
3,learned,32,300.0,10,20,20,True,True,1.075229689442998e-07
3,learned,33,290.0,11,20,20,True,False,3.306565504550294e-06
3,learned,34,290.0,11,20,20,True,False,3.306565504550294e-06
3,learned,35,300.0,10,20,20,True,True,1.075229689442998e-07
3,learned,36,300.0,10,20,20,True,True,1.075229689442998e-07
3,learned,37,290.0,11,20,20,True,False,3.306565504550294e-06
3,learned,38,290.0,11,20,20,True,False,3.306565504550294e-06
3,learned,39,300.0,10,20,20,True,True,1.075229689442998e-07
3,learned,40,300.0,10,20,20,True,True,1.075229689442998e-07
3,learned,41,300.0,10,20,20,True,True,1.075229689442998e-07
3,learned,42,300.0,10,20,20,True,True,1.075229689442998e-07
3,learned,43,300.0,10,20,20,True,True,1.075229689442998e-07
3,learned,44,300.0,10,20,20,True,True,1.075229689442998e-07
3,learned,45,290.0,11,20,20,True,False,3.2582661675964132e-06
3,learned,46,290.0,11,20,20,True,False,3.2582661675964132e-06
3,learned,47,300.0,10,20,20,True,True,1.075229689442998e-07
3,learned,48,300.0,10,20,20,True,True,1.075229689442998e-07
3,learned,49,290.0,11,20,20,True,False,2.664959701455801e-06
3,learned,50,290.0,11,20,20,True,False,2.664959701455801e-06
3,learned,51,280.0,12,20,20,True,False,4.487169058299407e-06
3,learned,52,280.0,12,20,20,True,False,4.487169058299407e-06
3,learned,53,280.0,12,20,20,True,False,4.487169058299407e-06
3,learned,54,280.0,12,20,20,True,False,4.487169058299407e-06
3,learned,55,270.0,13,20,20,True,False,4.680784988799097e-06
3,learned,56,270.0,13,20,20,True,False,4.680784988799097e-06
3,learned,57,280.0,12,20,20,True,False,4.487169058299407e-06
3,learned,58,280.0,12,20,20,True,False,4.487169058299407e-06
3,learned,59,270.0,13,20,20,True,False,4.870135629164275e-06
3,learned,60,270.0,13,20,20,True,False,4.870135629164275e-06
3,learned,61,270.0,13,20,20,True,False,4.870135629164275e-06
3,learned,62,270.0,13,20,20,True,False,4.870135629164275e-06
3,learned,63,280.0,12,20,20,True,False,4.683931361972297e-06
3,learned,64,280.0,12,20,20,True,False,4.683931361972297e-06
3,learned,65,290.0,11,20,20,True,False,4.714756030569585e-10
3,learned,66,290.0,11,20,20,True,False,4.714756030569585e-10
3,learned,67,280.0,12,20,20,True,False,9.278188751009536e-10
3,learned,68,280.0,12,20,20,True,False,9.278188751009536e-10
3,learned,69,270.0,11,19,20,False,False,0.0
3,learned,70,270.0,11,19,20,False,False,0.0
3,learned,71,280.0,12,20,20,True,False,6.524067384769207e-08
3,learned,72,280.0,12,20,20,True,False,6.524067384769207e-08
3,learned,73,280.0,12,20,20,True,False,6.524067384769207e-08
3,learned,74,280.0,12,20,20,True,False,6.524067384769207e-08
3,learned,75,270.0,11,19,20,False,False,0.0
3,learned,76,270.0,11,19,20,False,False,0.0
3,learned,77,280.0,12,20,20,True,False,7.751218747437447e-08
3,learned,78,280.0,12,20,20,True,False,7.751218747437447e-08
3,learned,79,280.0,12,20,20,True,False,7.751218747437447e-08
3,learned,80,280.0,12,20,20,True,False,7.751218747437447e-08
3,learned,81,270.0,11,19,20,False,False,0.0
3,learned,82,270.0,11,19,20,False,False,0.0
3,learned,83,280.0,12,20,20,True,False,7.751218747437447e-08
3,learned,84,280.0,12,20,20,True,False,7.751218747437447e-08
3,learned,85,290.0,11,20,20,True,False,4.6122774721768695e-08
3,learned,86,290.0,11,20,20,True,False,4.6122774721768695e-08
3,learned,87,280.0,10,19,20,False,False,0.0
3,learned,88,280.0,10,19,20,False,False,0.0
3,learned,89,290.0,11,20,20,True,False,3.716045625217414e-08
3,learned,90,290.0,11,20,20,True,False,3.716045625217414e-08
3,learned,91,280.0,12,20,20,True,False,5.339402070602716e-07
3,learned,92,280.0,12,20,20,True,False,5.339402070602716e-07
3,learned,93,290.0,11,20,20,True,False,4.6275831988564324e-07
3,learned,94,290.0,11,20,20,True,False,4.6275831988564324e-07
3,learned,95,300.0,10,20,20,True,True,7.507248223095692e-10
3,learned,96,300.0,10,20,20,True,True,7.507248223095692e-10
3,learned,97,270.0,9,18,20,False,False,0.0
3,learned,98,270.0,9,18,20,False,False,0.0
3,learned,99,300.0,10,20,20,True,True,7.507248223109937e-10
3,learned,100,300.0,10,20,20,True,True,7.507248223109937e-10
4,initial,0,30.0,1,2,20,False,False,0.0
4,greedy,0,30.0,1,2,20,False,False,0.0
4,greedy,1,60.0,2,4,20,False,False,0.0
4,greedy,2,90.0,3,6,20,False,False,0.0
4,greedy,3,120.0,4,8,20,False,False,0.0
4,greedy,4,150.0,5,10,20,False,False,0.0
4,greedy,5,180.0,6,12,20,False,False,0.0
4,greedy,6,210.0,7,14,20,False,False,0.0
4,greedy,7,240.0,8,16,20,False,False,0.0
4,greedy,8,250.0,9,17,20,False,False,0.0
4,greedy,9,260.0,10,18,20,False,False,0.0
4,greedy,10,270.0,9,18,20,False,False,0.0
4,greedy,11,280.0,10,19,20,False,False,0.0
4,greedy,12,290.0,11,20,20,True,False,3.1728040314013575e-07
4,random,0,30.0,1,2,20,False,False,0.0
4,random,1,30.0,1,2,20,False,False,0.0
4,random,2,30.0,1,2,20,False,False,0.0
4,random,3,60.0,2,4,20,False,False,0.0
4,random,4,60.0,2,4,20,False,False,0.0
4,random,5,90.0,3,6,20,False,False,0.0
4,random,6,90.0,3,6,20,False,False,0.0
4,random,7,120.0,4,8,20,False,False,0.0
4,random,8,120.0,4,8,20,False,False,0.0
4,random,9,150.0,5,10,20,False,False,0.0
4,random,10,150.0,5,10,20,False,False,0.0
4,random,11,150.0,5,10,20,False,False,0.0
4,random,12,150.0,5,10,20,False,False,0.0
4,random,13,180.0,6,12,20,False,False,0.0
4,random,14,180.0,6,12,20,False,False,0.0
4,random,15,180.0,6,12,20,False,False,0.0
4,random,16,180.0,6,12,20,False,False,0.0
4,random,17,180.0,6,12,20,False,False,0.0
4,random,18,180.0,6,12,20,False,False,0.0
4,random,19,180.0,6,12,20,False,False,0.0
4,random,20,210.0,7,14,20,False,False,0.0
4,random,21,210.0,7,14,20,False,False,0.0
4,random,22,220.0,8,15,20,False,False,0.0
4,random,23,220.0,8,15,20,False,False,0.0
4,random,24,230.0,9,16,20,False,False,0.0
4,random,25,230.0,9,16,20,False,False,0.0
4,random,26,230.0,9,16,20,False,False,0.0
4,random,27,260.0,10,18,20,False,False,0.0
4,random,28,260.0,10,18,20,False,False,0.0
4,random,29,270.0,9,18,20,False,False,0.0
4,random,30,270.0,9,18,20,False,False,0.0
4,random,31,280.0,10,19,20,False,False,0.0
4,random,32,280.0,10,19,20,False,False,0.0
4,random,33,280.0,10,19,20,False,False,0.0
4,random,34,280.0,10,19,20,False,False,0.0
4,random,35,270.0,11,19,20,False,False,0.0
4,random,36,270.0,11,19,20,False,False,0.0
4,random,37,280.0,12,20,20,True,False,3.7014306251714465e-06
4,random,38,280.0,12,20,20,True,False,3.7014306251714465e-06
4,random,39,280.0,12,20,20,True,False,3.7014306251714465e-06
4,random,40,270.0,13,20,20,True,False,5.02944718483072e-06
4,random,41,270.0,13,20,20,True,False,5.02944718483072e-06
4,random,42,270.0,13,20,20,True,False,5.02944718483072e-06
4,random,43,270.0,13,20,20,True,False,5.02944718483072e-06
4,random,44,260.0,12,19,20,False,False,0.0
4,random,45,260.0,12,19,20,False,False,0.0
4,random,46,270.0,13,20,20,True,False,7.534758326023662e-07
4,random,47,270.0,13,20,20,True,False,7.534758326023662e-07
4,random,48,260.0,14,20,20,True,False,7.609442492618232e-07
4,random,49,260.0,14,20,20,True,False,7.609442492618232e-07
4,random,50,250.0,15,20,20,True,False,9.85340505252759e-07
4,random,51,250.0,15,20,20,True,False,9.85340505252759e-07
4,random,52,260.0,14,20,20,True,False,9.199921386587135e-07
4,random,53,260.0,14,20,20,True,False,9.199921386587135e-07
4,random,54,260.0,14,20,20,True,False,9.199921386587135e-07
4,random,55,250.0,15,20,20,True,False,9.571582598255029e-07
4,random,56,250.0,15,20,20,True,False,9.571582598255029e-07
4,random,57,240.0,16,20,20,True,False,6.498584346976766e-06
4,random,58,240.0,16,20,20,True,False,6.498584346976766e-06
4,random,59,230.0,15,19,20,False,False,0.0
4,random,60,230.0,15,19,20,False,False,0.0
4,random,61,220.0,16,19,20,False,False,0.0
4,random,62,220.0,16,19,20,False,False,0.0
4,random,63,210.0,17,19,20,False,False,0.0
4,random,64,210.0,17,19,20,False,False,0.0
4,random,65,220.0,16,19,20,False,False,0.0
4,random,66,220.0,16,19,20,False,False,0.0
4,random,67,210.0,17,19,20,False,False,0.0
4,random,68,210.0,17,19,20,False,False,0.0
4,random,69,220.0,16,19,20,False,False,0.0
4,random,70,220.0,16,19,20,False,False,0.0
4,random,71,220.0,16,19,20,False,False,0.0
4,random,72,220.0,16,19,20,False,False,0.0
4,random,73,210.0,17,19,20,False,False,0.0
4,random,74,210.0,17,19,20,False,False,0.0
4,random,75,220.0,16,19,20,False,False,0.0
4,random,76,220.0,16,19,20,False,False,0.0
4,random,77,220.0,16,19,20,False,False,0.0
4,random,78,220.0,16,19,20,False,False,0.0
4,random,79,220.0,16,19,20,False,False,0.0
4,random,80,220.0,16,19,20,False,False,0.0
4,random,81,220.0,16,19,20,False,False,0.0
4,random,82,210.0,17,19,20,False,False,0.0
4,random,83,210.0,17,19,20,False,False,0.0
4,random,84,210.0,17,19,20,False,False,0.0
4,random,85,210.0,17,19,20,False,False,0.0
4,random,86,200.0,18,19,20,False,False,0.0
4,random,87,200.0,18,19,20,False,False,0.0
4,random,88,190.0,19,19,20,False,False,0.0
4,random,89,190.0,19,19,20,False,False,0.0
4,random,90,190.0,19,19,20,False,False,0.0
4,random,91,190.0,19,19,20,False,False,0.0
4,random,92,200.0,20,20,20,True,False,8.611118369387945e-06
4,random,93,200.0,20,20,20,True,False,8.611118369387945e-06
4,random,94,190.0,21,20,20,True,False,1.0441781922601432e-05
4,random,95,190.0,21,20,20,True,False,1.0441781922601432e-05
4,random,96,190.0,21,20,20,True,False,1.0441781922601432e-05
4,random,97,190.0,21,20,20,True,False,1.0441781922601432e-05
4,random,98,180.0,22,20,20,True,False,1.051175132494013e-05
4,random,99,180.0,22,20,20,True,False,1.051175132494013e-05
4,random,100,170.0,23,20,20,True,False,1.436036512329505e-05
4,learned,0,30.0,1,2,20,False,False,0.0
4,learned,1,30.0,1,2,20,False,False,0.0
4,learned,2,60.0,2,4,20,False,False,0.0
4,learned,3,60.0,2,4,20,False,False,0.0
4,learned,4,90.0,3,6,20,False,False,0.0
4,learned,5,90.0,3,6,20,False,False,0.0
4,learned,6,120.0,4,8,20,False,False,0.0
4,learned,7,120.0,4,8,20,False,False,0.0
4,learned,8,150.0,5,10,20,False,False,0.0
4,learned,9,150.0,5,10,20,False,False,0.0
4,learned,10,180.0,6,12,20,False,False,0.0
4,learned,11,180.0,6,12,20,False,False,0.0
4,learned,12,210.0,7,14,20,False,False,0.0
4,learned,13,210.0,7,14,20,False,False,0.0
4,learned,14,220.0,8,15,20,False,False,0.0
4,learned,15,220.0,8,15,20,False,False,0.0
4,learned,16,250.0,9,17,20,False,False,0.0
4,learned,17,250.0,9,17,20,False,False,0.0
4,learned,18,260.0,10,18,20,False,False,0.0
4,learned,19,260.0,10,18,20,False,False,0.0
4,learned,20,290.0,11,20,20,True,False,3.483453164555393e-08
4,learned,21,290.0,11,20,20,True,False,3.483453164555393e-08
4,learned,22,290.0,11,20,20,True,False,3.483453164555393e-08
4,learned,23,290.0,11,20,20,True,False,3.483453164555393e-08
4,learned,24,290.0,11,20,20,True,False,3.483453164555393e-08
4,learned,25,280.0,12,20,20,True,False,8.779013227452773e-07
4,learned,26,280.0,12,20,20,True,False,8.779013227452773e-07
4,learned,27,290.0,11,20,20,True,False,1.6415578855590985e-08
4,learned,28,290.0,11,20,20,True,False,1.6415578855590985e-08
4,learned,29,260.0,10,18,20,False,False,0.0
4,learned,30,260.0,10,18,20,False,False,0.0
4,learned,31,250.0,11,18,20,False,False,0.0
4,learned,32,250.0,11,18,20,False,False,0.0
4,learned,33,260.0,10,18,20,False,False,0.0
4,learned,34,260.0,10,18,20,False,False,0.0
4,learned,35,290.0,11,20,20,True,False,1.641557885568122e-08
4,learned,36,290.0,11,20,20,True,False,1.641557885568122e-08
4,learned,37,280.0,12,20,20,True,False,2.1968431886042885e-08
4,learned,38,280.0,12,20,20,True,False,2.1968431886042885e-08
4,learned,39,290.0,11,20,20,True,False,1.641557885568122e-08
4,learned,40,290.0,11,20,20,True,False,1.641557885568122e-08
4,learned,41,280.0,12,20,20,True,False,3.182334211568887e-08
4,learned,42,280.0,12,20,20,True,False,3.182334211568887e-08
4,learned,43,290.0,11,20,20,True,False,1.641557885568122e-08
4,learned,44,290.0,11,20,20,True,False,1.641557885568122e-08
4,learned,45,280.0,12,20,20,True,False,2.9952905665493765e-06
4,learned,46,280.0,12,20,20,True,False,2.9952905665493765e-06
4,learned,47,270.0,13,20,20,True,False,3.103828939026134e-06
4,learned,48,270.0,13,20,20,True,False,3.103828939026134e-06
4,learned,49,280.0,12,20,20,True,False,2.9952905665493765e-06
4,learned,50,280.0,12,20,20,True,False,2.9952905665493765e-06
4,learned,51,290.0,11,20,20,True,False,4.1909772510958133e-07
4,learned,52,290.0,11,20,20,True,False,4.1909772510958133e-07
4,learned,53,280.0,10,19,20,False,False,0.0
4,learned,54,280.0,10,19,20,False,False,0.0
4,learned,55,270.0,11,19,20,False,False,0.0
4,learned,56,270.0,11,19,20,False,False,0.0
4,learned,57,280.0,10,19,20,False,False,0.0
4,learned,58,280.0,10,19,20,False,False,0.0
4,learned,59,290.0,11,20,20,True,False,3.8427103520166836e-07
4,learned,60,290.0,11,20,20,True,False,3.8427103520166836e-07
4,learned,61,280.0,12,20,20,True,False,3.8518104041473886e-07
4,learned,62,280.0,12,20,20,True,False,3.8518104041473886e-07
4,learned,63,290.0,11,20,20,True,False,3.8427103520166836e-07
4,learned,64,290.0,11,20,20,True,False,3.8427103520166836e-07
4,learned,65,280.0,12,20,20,True,False,4.4529269226284413e-07
4,learned,66,280.0,12,20,20,True,False,4.4529269226284413e-07
4,learned,67,290.0,11,20,20,True,False,4.307000701765287e-07
4,learned,68,290.0,11,20,20,True,False,4.307000701765287e-07
4,learned,69,280.0,10,19,20,False,False,0.0
4,learned,70,280.0,10,19,20,False,False,0.0
4,learned,71,290.0,11,20,20,True,False,4.912520323606029e-09
4,learned,72,290.0,11,20,20,True,False,4.912520323606029e-09
4,learned,73,280.0,10,19,20,False,False,0.0
4,learned,74,280.0,10,19,20,False,False,0.0
4,learned,75,280.0,10,19,20,False,False,0.0
4,learned,76,280.0,10,19,20,False,False,0.0
4,learned,77,290.0,11,20,20,True,False,4.912520323484689e-09
4,learned,78,290.0,11,20,20,True,False,4.912520323484689e-09
4,learned,79,280.0,12,20,20,True,False,3.8696893941559e-07
4,learned,80,280.0,12,20,20,True,False,3.8696893941559e-07
4,learned,81,270.0,13,20,20,True,False,3.873441482453662e-07
4,learned,82,270.0,13,20,20,True,False,3.873441482453662e-07
4,learned,83,280.0,12,20,20,True,False,3.8696893941561524e-07
4,learned,84,280.0,12,20,20,True,False,3.8696893941561524e-07
4,learned,85,290.0,11,20,20,True,False,4.912520323484689e-09
4,learned,86,290.0,11,20,20,True,False,4.912520323484689e-09
4,learned,87,280.0,12,20,20,True,False,3.8696893941559e-07
4,learned,88,280.0,12,20,20,True,False,3.8696893941559e-07
4,learned,89,270.0,13,20,20,True,False,3.873441482453662e-07
4,learned,90,270.0,13,20,20,True,False,3.873441482453662e-07
4,learned,91,280.0,12,20,20,True,False,3.8696893941559e-07
4,learned,92,280.0,12,20,20,True,False,3.8696893941559e-07
4,learned,93,270.0,13,20,20,True,False,3.873441482453662e-07
4,learned,94,270.0,13,20,20,True,False,3.873441482453662e-07
4,learned,95,280.0,12,20,20,True,False,3.8696893941559e-07
4,learned,96,280.0,12,20,20,True,False,3.8696893941559e-07
4,learned,97,270.0,13,20,20,True,False,3.9967950217131414e-07
4,learned,98,270.0,13,20,20,True,False,3.9967950217131414e-07
4,learned,99,260.0,14,20,20,True,False,4.0052391390873643e-07
4,learned,100,260.0,14,20,20,True,False,4.0052391390873643e-07
5,initial,0,30.0,1,2,20,False,False,0.0
5,greedy,0,30.0,1,2,20,False,False,0.0
5,greedy,1,60.0,2,4,20,False,False,0.0
5,greedy,2,90.0,3,6,20,False,False,0.0
5,greedy,3,120.0,4,8,20,False,False,0.0
5,greedy,4,150.0,5,10,20,False,False,0.0
5,greedy,5,180.0,6,12,20,False,False,0.0
5,greedy,6,210.0,7,14,20,False,False,0.0
5,greedy,7,240.0,8,16,20,False,False,0.0
5,greedy,8,250.0,9,17,20,False,False,0.0
5,greedy,9,260.0,10,18,20,False,False,0.0
5,greedy,10,270.0,9,18,20,False,False,0.0
5,greedy,11,280.0,10,19,20,False,False,0.0
5,greedy,12,290.0,11,20,20,True,False,3.86765213570133e-06
5,random,0,30.0,1,2,20,False,False,0.0
5,random,1,30.0,1,2,20,False,False,0.0
5,random,2,60.0,2,4,20,False,False,0.0
5,random,3,60.0,2,4,20,False,False,0.0
5,random,4,50.0,3,4,20,False,False,0.0
5,random,5,50.0,3,4,20,False,False,0.0
5,random,6,50.0,3,4,20,False,False,0.0
5,random,7,50.0,3,4,20,False,False,0.0
5,random,8,80.0,4,6,20,False,False,0.0
5,random,9,80.0,4,6,20,False,False,0.0
5,random,10,110.0,5,8,20,False,False,0.0
5,random,11,110.0,5,8,20,False,False,0.0
5,random,12,80.0,4,6,20,False,False,0.0
5,random,13,80.0,4,6,20,False,False,0.0
5,random,14,110.0,5,8,20,False,False,0.0
5,random,15,110.0,5,8,20,False,False,0.0
5,random,16,110.0,5,8,20,False,False,0.0
5,random,17,80.0,4,6,20,False,False,0.0
5,random,18,80.0,4,6,20,False,False,0.0
5,random,19,110.0,5,8,20,False,False,0.0
5,random,20,110.0,5,8,20,False,False,0.0
5,random,21,110.0,5,8,20,False,False,0.0
5,random,22,110.0,5,8,20,False,False,0.0
5,random,23,140.0,6,10,20,False,False,0.0
5,random,24,140.0,6,10,20,False,False,0.0
5,random,25,170.0,7,12,20,False,False,0.0
5,random,26,170.0,7,12,20,False,False,0.0
5,random,27,140.0,6,10,20,False,False,0.0
5,random,28,140.0,6,10,20,False,False,0.0
5,random,29,170.0,7,12,20,False,False,0.0
5,random,30,170.0,7,12,20,False,False,0.0
5,random,31,180.0,8,13,20,False,False,0.0
5,random,32,180.0,8,13,20,False,False,0.0
5,random,33,180.0,8,13,20,False,False,0.0
5,random,34,180.0,8,13,20,False,False,0.0
5,random,35,190.0,9,14,20,False,False,0.0
5,random,36,190.0,9,14,20,False,False,0.0
5,random,37,190.0,9,14,20,False,False,0.0
5,random,38,190.0,9,14,20,False,False,0.0
5,random,39,220.0,10,16,20,False,False,0.0
5,random,40,220.0,10,16,20,False,False,0.0
5,random,41,250.0,11,18,20,False,False,0.0
5,random,42,250.0,11,18,20,False,False,0.0
5,random,43,240.0,10,17,20,False,False,0.0
5,random,44,240.0,10,17,20,False,False,0.0
5,random,45,250.0,11,18,20,False,False,0.0
5,random,46,250.0,11,18,20,False,False,0.0
5,random,47,240.0,12,18,20,False,False,0.0
5,random,48,240.0,12,18,20,False,False,0.0
5,random,49,250.0,13,19,20,False,False,0.0
5,random,50,250.0,13,19,20,False,False,0.0
5,random,51,260.0,14,20,20,True,False,1.5451786669940384e-06
5,random,52,260.0,14,20,20,True,False,1.5451786669940384e-06
5,random,53,260.0,14,20,20,True,False,1.5451786669940384e-06
5,random,54,250.0,15,20,20,True,False,1.5487947390527373e-06
5,random,55,250.0,15,20,20,True,False,1.5487947390527373e-06
5,random,56,240.0,14,19,20,False,False,0.0
5,random,57,240.0,14,19,20,False,False,0.0
5,random,58,240.0,14,19,20,False,False,0.0
5,random,59,240.0,14,19,20,False,False,0.0
5,random,60,240.0,14,19,20,False,False,0.0
5,random,61,240.0,14,19,20,False,False,0.0
5,random,62,230.0,15,19,20,False,False,0.0
5,random,63,230.0,15,19,20,False,False,0.0
5,random,64,220.0,16,19,20,False,False,0.0
5,random,65,220.0,16,19,20,False,False,0.0
5,random,66,220.0,16,19,20,False,False,0.0
5,random,67,220.0,16,19,20,False,False,0.0
5,random,68,210.0,15,18,20,False,False,0.0
5,random,69,210.0,15,18,20,False,False,0.0
5,random,70,220.0,16,19,20,False,False,0.0
5,random,71,220.0,16,19,20,False,False,0.0
5,random,72,210.0,17,19,20,False,False,0.0
5,random,73,210.0,17,19,20,False,False,0.0
5,random,74,210.0,17,19,20,False,False,0.0
5,random,75,210.0,17,19,20,False,False,0.0
5,random,76,210.0,17,19,20,False,False,0.0
5,random,77,200.0,18,19,20,False,False,0.0
5,random,78,200.0,18,19,20,False,False,0.0
5,random,79,190.0,19,19,20,False,False,0.0
5,random,80,190.0,19,19,20,False,False,0.0
5,random,81,200.0,20,20,20,True,False,4.154951659934268e-06
5,random,82,200.0,20,20,20,True,False,4.154951659934268e-06
5,random,83,200.0,20,20,20,True,False,4.154951659934268e-06
5,random,84,200.0,20,20,20,True,False,4.154951659934268e-06
5,random,85,190.0,21,20,20,True,False,8.441676307040335e-06
5,random,86,190.0,21,20,20,True,False,8.441676307040335e-06
5,random,87,180.0,22,20,20,True,False,1.0066478788975526e-05
5,random,88,180.0,22,20,20,True,False,1.0066478788975526e-05
5,random,89,170.0,23,20,20,True,False,1.0171142222898185e-05
5,random,90,170.0,23,20,20,True,False,1.0171142222898185e-05
5,random,91,160.0,24,20,20,True,False,1.0179599604090827e-05
5,random,92,160.0,24,20,20,True,False,1.0179599604090827e-05
5,random,93,160.0,24,20,20,True,False,1.0179599604090827e-05
5,random,94,160.0,24,20,20,True,False,1.0179599604090827e-05
5,random,95,150.0,25,20,20,True,False,1.1168835093465835e-05
5,random,96,150.0,25,20,20,True,False,1.1168835093465835e-05
5,random,97,150.0,25,20,20,True,False,1.1168835093465835e-05
5,random,98,140.0,26,20,20,True,False,1.1333220846597664e-05
5,random,99,140.0,26,20,20,True,False,1.1333220846597664e-05
5,random,100,150.0,25,20,20,True,False,1.1119371131735226e-05
5,learned,0,30.0,1,2,20,False,False,0.0
5,learned,1,30.0,1,2,20,False,False,0.0
5,learned,2,60.0,2,4,20,False,False,0.0
5,learned,3,60.0,2,4,20,False,False,0.0
5,learned,4,90.0,3,6,20,False,False,0.0
5,learned,5,90.0,3,6,20,False,False,0.0
5,learned,6,120.0,4,8,20,False,False,0.0
5,learned,7,120.0,4,8,20,False,False,0.0
5,learned,8,150.0,5,10,20,False,False,0.0
5,learned,9,150.0,5,10,20,False,False,0.0
5,learned,10,180.0,6,12,20,False,False,0.0
5,learned,11,180.0,6,12,20,False,False,0.0
5,learned,12,190.0,7,13,20,False,False,0.0
5,learned,13,190.0,7,13,20,False,False,0.0
5,learned,14,220.0,8,15,20,False,False,0.0
5,learned,15,220.0,8,15,20,False,False,0.0
5,learned,16,210.0,9,15,20,False,False,0.0
5,learned,17,210.0,9,15,20,False,False,0.0
5,learned,18,220.0,8,15,20,False,False,0.0
5,learned,19,220.0,8,15,20,False,False,0.0
5,learned,20,210.0,9,15,20,False,False,0.0
5,learned,21,210.0,9,15,20,False,False,0.0
5,learned,22,220.0,8,15,20,False,False,0.0
5,learned,23,220.0,8,15,20,False,False,0.0
5,learned,24,210.0,7,14,20,False,False,0.0
5,learned,25,210.0,7,14,20,False,False,0.0
5,learned,26,180.0,6,12,20,False,False,0.0
5,learned,27,180.0,6,12,20,False,False,0.0
5,learned,28,210.0,7,14,20,False,False,0.0
5,learned,29,210.0,7,14,20,False,False,0.0
5,learned,30,200.0,8,14,20,False,False,0.0
5,learned,31,200.0,8,14,20,False,False,0.0
5,learned,32,210.0,7,14,20,False,False,0.0
5,learned,33,210.0,7,14,20,False,False,0.0
5,learned,34,200.0,8,14,20,False,False,0.0
5,learned,35,200.0,8,14,20,False,False,0.0
5,learned,36,210.0,7,14,20,False,False,0.0
5,learned,37,210.0,7,14,20,False,False,0.0
5,learned,38,240.0,8,16,20,False,False,0.0
5,learned,39,240.0,8,16,20,False,False,0.0
5,learned,40,230.0,9,16,20,False,False,0.0
5,learned,41,230.0,9,16,20,False,False,0.0
5,learned,42,240.0,8,16,20,False,False,0.0
5,learned,43,240.0,8,16,20,False,False,0.0
5,learned,44,270.0,9,18,20,False,False,0.0
5,learned,45,270.0,9,18,20,False,False,0.0
5,learned,46,280.0,10,19,20,False,False,0.0
5,learned,47,280.0,10,19,20,False,False,0.0
5,learned,48,270.0,11,19,20,False,False,0.0
5,learned,49,270.0,11,19,20,False,False,0.0
5,learned,50,280.0,10,19,20,False,False,0.0
5,learned,51,280.0,10,19,20,False,False,0.0
5,learned,52,290.0,11,20,20,True,False,0.0
5,learned,53,290.0,11,20,20,True,False,0.0
5,learned,54,280.0,12,20,20,True,False,1.8777494345490532e-10
5,learned,55,280.0,12,20,20,True,False,1.8777494345490532e-10
5,learned,56,290.0,11,20,20,True,False,0.0
5,learned,57,290.0,11,20,20,True,False,0.0
5,learned,58,280.0,12,20,20,True,False,7.2353200614455705e-06
5,learned,59,280.0,12,20,20,True,False,7.2353200614455705e-06
5,learned,60,270.0,13,20,20,True,False,7.352762397635684e-06
5,learned,61,270.0,13,20,20,True,False,7.352762397635684e-06
5,learned,62,280.0,12,20,20,True,False,9.598830320944645e-07
5,learned,63,280.0,12,20,20,True,False,9.598830320944645e-07
5,learned,64,270.0,11,19,20,False,False,0.0
5,learned,65,270.0,11,19,20,False,False,0.0
5,learned,66,280.0,12,20,20,True,False,2.4445404913018115e-06
5,learned,67,280.0,12,20,20,True,False,2.4445404913018115e-06
5,learned,68,270.0,11,19,20,False,False,0.0
5,learned,69,270.0,11,19,20,False,False,0.0
5,learned,70,260.0,12,19,20,False,False,0.0
5,learned,71,260.0,12,19,20,False,False,0.0
5,learned,72,270.0,11,19,20,False,False,0.0
5,learned,73,270.0,11,19,20,False,False,0.0
5,learned,74,280.0,12,20,20,True,False,2.444540491301869e-06
5,learned,75,280.0,12,20,20,True,False,2.444540491301869e-06
5,learned,76,270.0,13,20,20,True,False,7.352762397635824e-06
5,learned,77,270.0,13,20,20,True,False,7.352762397635824e-06
5,learned,78,280.0,12,20,20,True,False,9.598830320943556e-07
5,learned,79,280.0,12,20,20,True,False,9.598830320943556e-07
5,learned,80,270.0,13,20,20,True,False,7.183692660581435e-06
5,learned,81,270.0,13,20,20,True,False,7.183692660581435e-06
5,learned,82,280.0,12,20,20,True,False,9.598830320943556e-07
5,learned,83,280.0,12,20,20,True,False,9.598830320943556e-07
5,learned,84,270.0,11,19,20,False,False,0.0
5,learned,85,270.0,11,19,20,False,False,0.0
5,learned,86,280.0,12,20,20,True,False,9.598830320943556e-07
5,learned,87,280.0,12,20,20,True,False,9.598830320943556e-07
5,learned,88,270.0,11,19,20,False,False,0.0
5,learned,89,270.0,11,19,20,False,False,0.0
5,learned,90,280.0,12,20,20,True,False,2.444540491301869e-06
5,learned,91,280.0,12,20,20,True,False,2.444540491301869e-06
5,learned,92,270.0,13,20,20,True,False,7.352762397635824e-06
5,learned,93,270.0,13,20,20,True,False,7.352762397635824e-06
5,learned,94,280.0,12,20,20,True,False,2.444540491301869e-06
5,learned,95,280.0,12,20,20,True,False,2.444540491301869e-06
5,learned,96,270.0,13,20,20,True,False,7.352762397635824e-06
5,learned,97,270.0,13,20,20,True,False,7.352762397635824e-06
5,learned,98,280.0,12,20,20,True,False,2.444540491301869e-06
5,learned,99,280.0,12,20,20,True,False,2.444540491301869e-06
5,learned,100,270.0,13,20,20,True,False,7.352762397635824e-06
6,initial,0,240.0,14,19,20,False,False,0.0
6,greedy,0,240.0,14,19,20,False,False,0.0
6,greedy,1,250.0,15,20,20,True,False,4.748565378194781e-06
6,greedy,2,260.0,14,20,20,True,False,2.62465878405918e-06
6,greedy,3,270.0,13,20,20,True,False,2.1321005810426055e-06
6,greedy,4,280.0,12,20,20,True,False,2.0731968302426136e-06
6,greedy,5,290.0,11,20,20,True,False,1.6414181249214043e-06
6,greedy,6,300.0,10,20,20,True,True,1.6121231891782506e-06
6,random,0,240.0,14,19,20,False,False,0.0
6,random,1,240.0,14,19,20,False,False,0.0
6,random,2,240.0,14,19,20,False,False,0.0
6,random,3,240.0,14,19,20,False,False,0.0
6,random,4,240.0,14,19,20,False,False,0.0
6,random,5,240.0,14,19,20,False,False,0.0
6,random,6,230.0,15,19,20,False,False,0.0
6,random,7,230.0,15,19,20,False,False,0.0
6,random,8,200.0,14,17,20,False,False,0.0
6,random,9,200.0,14,17,20,False,False,0.0
6,random,10,200.0,14,17,20,False,False,0.0
6,random,11,200.0,14,17,20,False,False,0.0
6,random,12,230.0,15,19,20,False,False,0.0
6,random,13,230.0,15,19,20,False,False,0.0
6,random,14,220.0,16,19,20,False,False,0.0
6,random,15,220.0,16,19,20,False,False,0.0
6,random,16,210.0,17,19,20,False,False,0.0
6,random,17,210.0,17,19,20,False,False,0.0
6,random,18,210.0,17,19,20,False,False,0.0
6,random,19,210.0,17,19,20,False,False,0.0
6,random,20,220.0,16,19,20,False,False,0.0
6,random,21,220.0,16,19,20,False,False,0.0
6,random,22,210.0,17,19,20,False,False,0.0
6,random,23,210.0,17,19,20,False,False,0.0
6,random,24,200.0,18,19,20,False,False,0.0
6,random,25,200.0,18,19,20,False,False,0.0
6,random,26,200.0,18,19,20,False,False,0.0
6,random,27,200.0,18,19,20,False,False,0.0
6,random,28,190.0,19,19,20,False,False,0.0
6,random,29,190.0,19,19,20,False,False,0.0
6,random,30,190.0,19,19,20,False,False,0.0
6,random,31,190.0,19,19,20,False,False,0.0
6,random,32,200.0,20,20,20,True,False,1.6993509128594764e-05
6,random,33,200.0,20,20,20,True,False,1.6993509128594764e-05
6,random,34,190.0,21,20,20,True,False,1.7439141031386195e-05
6,random,35,190.0,21,20,20,True,False,1.7439141031386195e-05
6,random,36,180.0,22,20,20,True,False,1.7456239537270736e-05
6,random,37,180.0,22,20,20,True,False,1.7456239537270736e-05
6,random,38,180.0,22,20,20,True,False,1.7456239537270736e-05
6,random,39,180.0,22,20,20,True,False,1.7456239537270736e-05
6,random,40,180.0,22,20,20,True,False,1.7456239537270736e-05
6,random,41,190.0,21,20,20,True,False,1.7402050972295446e-05
6,random,42,190.0,21,20,20,True,False,1.7402050972295446e-05
6,random,43,180.0,22,20,20,True,False,1.7664929409728458e-05
6,random,44,180.0,22,20,20,True,False,1.7664929409728458e-05
6,random,45,190.0,21,20,20,True,False,1.7664612261536066e-05
6,random,46,190.0,21,20,20,True,False,1.7664612261536066e-05
6,random,47,190.0,21,20,20,True,False,1.7664612261536066e-05
6,random,48,190.0,21,20,20,True,False,1.7664612261536066e-05
6,random,49,180.0,22,20,20,True,False,1.774545772899625e-05
6,random,50,180.0,22,20,20,True,False,1.774545772899625e-05
6,random,51,190.0,21,20,20,True,False,1.727163077322176e-05
6,random,52,190.0,21,20,20,True,False,1.727163077322176e-05
6,random,53,180.0,22,20,20,True,False,1.738103298414692e-05
6,random,54,180.0,22,20,20,True,False,1.738103298414692e-05
6,random,55,180.0,22,20,20,True,False,1.738103298414692e-05
6,random,56,180.0,22,20,20,True,False,1.738103298414692e-05
6,random,57,170.0,23,20,20,True,False,1.7441981908828132e-05
6,random,58,170.0,23,20,20,True,False,1.7441981908828132e-05
6,random,59,160.0,24,20,20,True,False,2.562666761581745e-05
6,random,60,160.0,24,20,20,True,False,2.562666761581745e-05
6,random,61,170.0,23,20,20,True,False,2.559294484723436e-05
6,random,62,170.0,23,20,20,True,False,2.559294484723436e-05
6,random,63,170.0,23,20,20,True,False,2.559294484723436e-05
6,random,64,160.0,24,20,20,True,False,4.0839044631228746e-05
6,random,65,160.0,24,20,20,True,False,4.0839044631228746e-05
6,random,66,150.0,25,20,20,True,False,4.1093204534192833e-05
6,random,67,150.0,25,20,20,True,False,4.1093204534192833e-05
6,random,68,140.0,26,20,20,True,False,4.121066038039423e-05
6,random,69,140.0,26,20,20,True,False,4.121066038039423e-05
6,random,70,130.0,27,20,20,True,False,4.1358654368886964e-05
6,random,71,130.0,27,20,20,True,False,4.1358654368886964e-05
6,random,72,120.0,28,20,20,True,False,4.137091759621533e-05
6,random,73,120.0,28,20,20,True,False,4.137091759621533e-05
6,random,74,130.0,27,20,20,True,False,4.134981743292185e-05
6,random,75,130.0,27,20,20,True,False,4.134981743292185e-05
6,random,76,120.0,28,20,20,True,False,4.145529437144671e-05
6,random,77,120.0,28,20,20,True,False,4.145529437144671e-05
6,random,78,130.0,27,20,20,True,False,4.1216321191822406e-05
6,random,79,130.0,27,20,20,True,False,4.1216321191822406e-05
6,random,80,140.0,26,20,20,True,False,4.120097944220507e-05
6,random,81,140.0,26,20,20,True,False,4.120097944220507e-05
6,random,82,130.0,27,20,20,True,False,6.50269530587602e-05
6,random,83,130.0,27,20,20,True,False,6.50269530587602e-05
6,random,84,120.0,28,20,20,True,False,6.746349334886758e-05
6,random,85,120.0,28,20,20,True,False,6.746349334886758e-05
6,random,86,110.0,29,20,20,True,False,7.327107574253641e-05
6,random,87,110.0,29,20,20,True,False,7.327107574253641e-05
6,random,88,110.0,29,20,20,True,False,7.327107574253641e-05
6,random,89,100.0,30,20,20,True,False,7.346080691994998e-05
6,random,90,100.0,30,20,20,True,False,7.346080691994998e-05
6,random,91,110.0,29,20,20,True,False,6.990658940351007e-05
6,random,92,110.0,29,20,20,True,False,6.990658940351007e-05
6,random,93,120.0,28,20,20,True,False,6.985662200611047e-05
6,random,94,120.0,28,20,20,True,False,6.985662200611047e-05
6,random,95,110.0,29,20,20,True,False,7.188089658692074e-05
6,random,96,110.0,29,20,20,True,False,7.188089658692074e-05
6,random,97,110.0,29,20,20,True,False,7.188089658692074e-05
6,random,98,110.0,29,20,20,True,False,7.188089658692074e-05
6,random,99,120.0,28,20,20,True,False,6.600227876603972e-05
6,random,100,120.0,28,20,20,True,False,6.600227876603972e-05
6,learned,0,240.0,14,19,20,False,False,0.0
6,learned,1,240.0,14,19,20,False,False,0.0
6,learned,2,250.0,13,19,20,False,False,0.0
6,learned,3,250.0,13,19,20,False,False,0.0
6,learned,4,260.0,12,19,20,False,False,0.0
6,learned,5,260.0,12,19,20,False,False,0.0
6,learned,6,270.0,11,19,20,False,False,0.0
6,learned,7,270.0,11,19,20,False,False,0.0
6,learned,8,280.0,10,19,20,False,False,0.0
6,learned,9,280.0,10,19,20,False,False,0.0
6,learned,10,270.0,11,19,20,False,False,0.0
6,learned,11,270.0,11,19,20,False,False,0.0
6,learned,12,280.0,10,19,20,False,False,0.0
6,learned,13,280.0,10,19,20,False,False,0.0
6,learned,14,270.0,9,18,20,False,False,0.0
6,learned,15,270.0,9,18,20,False,False,0.0
6,learned,16,280.0,10,19,20,False,False,0.0
6,learned,17,280.0,10,19,20,False,False,0.0
6,learned,18,280.0,10,19,20,False,False,0.0
6,learned,19,270.0,11,19,20,False,False,0.0
6,learned,20,270.0,11,19,20,False,False,0.0
6,learned,21,280.0,10,19,20,False,False,0.0
6,learned,22,280.0,10,19,20,False,False,0.0
6,learned,23,270.0,11,19,20,False,False,0.0
6,learned,24,270.0,11,19,20,False,False,0.0
6,learned,25,280.0,12,20,20,True,False,1.2888248378726483e-06
6,learned,26,280.0,12,20,20,True,False,1.2888248378726483e-06
6,learned,27,290.0,11,20,20,True,False,1.1384058898877473e-06
6,learned,28,290.0,11,20,20,True,False,1.1384058898877473e-06
6,learned,29,280.0,12,20,20,True,False,1.1694056796779962e-06
6,learned,30,280.0,12,20,20,True,False,1.1694056796779962e-06
6,learned,31,280.0,12,20,20,True,False,1.1694056796779962e-06
6,learned,32,270.0,13,20,20,True,False,1.1972579003979728e-06
6,learned,33,270.0,13,20,20,True,False,1.1972579003979728e-06
6,learned,34,280.0,12,20,20,True,False,1.1694056796779962e-06
6,learned,35,280.0,12,20,20,True,False,1.1694056796779962e-06
6,learned,36,270.0,13,20,20,True,False,1.176334027709299e-06
6,learned,37,270.0,13,20,20,True,False,1.176334027709299e-06
6,learned,38,280.0,12,20,20,True,False,1.16940567967797e-06
6,learned,39,280.0,12,20,20,True,False,1.16940567967797e-06
6,learned,40,290.0,11,20,20,True,False,1.1384058898877473e-06
6,learned,41,290.0,11,20,20,True,False,1.1384058898877473e-06
6,learned,42,300.0,10,20,20,True,True,9.475401063114104e-07
6,learned,43,300.0,10,20,20,True,True,9.475401063114104e-07
6,learned,44,290.0,11,20,20,True,False,1.1384058898877473e-06
6,learned,45,290.0,11,20,20,True,False,1.1384058898877473e-06
6,learned,46,290.0,11,20,20,True,False,1.1384058898877473e-06
6,learned,47,290.0,11,20,20,True,False,1.1384058898877473e-06
6,learned,48,280.0,12,20,20,True,False,1.1426670455346289e-06
6,learned,49,280.0,12,20,20,True,False,1.1426670455346289e-06
6,learned,50,290.0,11,20,20,True,False,1.1384058898877473e-06
6,learned,51,290.0,11,20,20,True,False,1.1384058898877473e-06
6,learned,52,280.0,12,20,20,True,False,1.1589952228034652e-06
6,learned,53,280.0,12,20,20,True,False,1.1589952228034652e-06
6,learned,54,290.0,11,20,20,True,False,1.1387418736720016e-06
6,learned,55,290.0,11,20,20,True,False,1.1387418736720016e-06
6,learned,56,280.0,12,20,20,True,False,1.7456225635258307e-06
6,learned,57,280.0,12,20,20,True,False,1.7456225635258307e-06
6,learned,58,290.0,11,20,20,True,False,1.1387418736720016e-06
6,learned,59,290.0,11,20,20,True,False,1.1387418736720016e-06
6,learned,60,280.0,12,20,20,True,False,1.2237079772772874e-05
6,learned,61,280.0,12,20,20,True,False,1.2237079772772874e-05
6,learned,62,290.0,11,20,20,True,False,1.1387418736720016e-06
6,learned,63,290.0,11,20,20,True,False,1.1387418736720016e-06
6,learned,64,300.0,10,20,20,True,True,7.808575369095114e-07
6,learned,65,300.0,10,20,20,True,True,7.808575369095114e-07
6,learned,66,290.0,11,20,20,True,False,3.1195102195971987e-06
6,learned,67,290.0,11,20,20,True,False,3.1195102195971987e-06
6,learned,68,290.0,11,20,20,True,False,3.1195102195971987e-06
6,learned,69,290.0,11,20,20,True,False,3.1195102195971987e-06
6,learned,70,300.0,10,20,20,True,True,7.808575369095114e-07
6,learned,71,300.0,10,20,20,True,True,7.808575369095114e-07
6,learned,72,290.0,11,20,20,True,False,3.119510219597175e-06
6,learned,73,290.0,11,20,20,True,False,3.119510219597175e-06
6,learned,74,300.0,10,20,20,True,True,5.464527507765213e-07
6,learned,75,300.0,10,20,20,True,True,5.464527507765213e-07
6,learned,76,290.0,11,20,20,True,False,6.702053537186112e-07
6,learned,77,290.0,11,20,20,True,False,6.702053537186112e-07
6,learned,78,290.0,11,20,20,True,False,6.702053537186112e-07
6,learned,79,290.0,11,20,20,True,False,6.702053537186112e-07
6,learned,80,300.0,10,20,20,True,True,2.0037228754938046e-07
6,learned,81,300.0,10,20,20,True,True,2.0037228754938046e-07
6,learned,82,290.0,11,20,20,True,False,6.702053537186112e-07
6,learned,83,290.0,11,20,20,True,False,6.702053537186112e-07
6,learned,84,300.0,10,20,20,True,True,1.9607124034514238e-08
6,learned,85,300.0,10,20,20,True,True,1.9607124034514238e-08
6,learned,86,290.0,11,20,20,True,False,2.071691980025249e-08
6,learned,87,290.0,11,20,20,True,False,2.071691980025249e-08
6,learned,88,300.0,10,20,20,True,True,1.9607124034567327e-08
6,learned,89,300.0,10,20,20,True,True,1.9607124034567327e-08
6,learned,90,270.0,9,18,20,False,False,0.0
6,learned,91,270.0,9,18,20,False,False,0.0
6,learned,92,300.0,10,20,20,True,True,1.9607124034567327e-08
6,learned,93,300.0,10,20,20,True,True,1.9607124034567327e-08
6,learned,94,270.0,9,18,20,False,False,0.0
6,learned,95,270.0,9,18,20,False,False,0.0
6,learned,96,300.0,10,20,20,True,True,4.917227667353117e-07
6,learned,97,300.0,10,20,20,True,True,4.917227667353117e-07
6,learned,98,290.0,11,20,20,True,False,9.622135097571874e-07
6,learned,99,290.0,11,20,20,True,False,9.622135097571874e-07
6,learned,100,280.0,12,20,20,True,False,9.753458065872907e-07
7,initial,0,240.0,16,20,20,True,False,2.1999142386144373e-05
7,greedy,0,240.0,16,20,20,True,False,2.1999142386144373e-05
7,greedy,1,250.0,15,20,20,True,False,1.631916520123517e-05
7,greedy,2,260.0,14,20,20,True,False,1.0233462402835175e-05
7,greedy,3,270.0,13,20,20,True,False,1.0210617327469707e-05
7,greedy,4,280.0,12,20,20,True,False,2.913829284435828e-07
7,greedy,5,290.0,11,20,20,True,False,2.3541065097298253e-07
7,greedy,6,300.0,10,20,20,True,True,5.609697497046977e-08
7,random,0,240.0,16,20,20,True,False,2.1999142386144373e-05
7,random,1,240.0,16,20,20,True,False,2.1999142386144373e-05
7,random,2,240.0,16,20,20,True,False,2.1999142386144373e-05
7,random,3,240.0,16,20,20,True,False,2.1999142386144373e-05
7,random,4,250.0,15,20,20,True,False,1.631916520123517e-05
7,random,5,250.0,15,20,20,True,False,1.631916520123517e-05
7,random,6,260.0,14,20,20,True,False,4.048920659601031e-07
7,random,7,260.0,14,20,20,True,False,4.048920659601031e-07
7,random,8,260.0,14,20,20,True,False,4.048920659601031e-07
7,random,9,260.0,14,20,20,True,False,4.048920659601031e-07
7,random,10,260.0,14,20,20,True,False,4.048920659601031e-07
7,random,11,260.0,14,20,20,True,False,4.048920659601031e-07
7,random,12,260.0,14,20,20,True,False,4.048920659601031e-07
7,random,13,250.0,15,20,20,True,False,3.0884367105180673e-06
7,random,14,250.0,15,20,20,True,False,3.0884367105180673e-06
7,random,15,240.0,16,20,20,True,False,3.2108922687724093e-06
7,random,16,240.0,16,20,20,True,False,3.2108922687724093e-06
7,random,17,240.0,16,20,20,True,False,3.2108922687724093e-06
7,random,18,230.0,17,20,20,True,False,2.045474876989138e-05
7,random,19,230.0,17,20,20,True,False,2.045474876989138e-05
7,random,20,230.0,17,20,20,True,False,2.045474876989138e-05
7,random,21,230.0,17,20,20,True,False,2.045474876989138e-05
7,random,22,230.0,17,20,20,True,False,2.045474876989138e-05
7,random,23,230.0,17,20,20,True,False,2.045474876989138e-05
7,random,24,220.0,18,20,20,True,False,2.0798702514611618e-05
7,random,25,220.0,18,20,20,True,False,2.0798702514611618e-05
7,random,26,210.0,19,20,20,True,False,2.1362183141084796e-05
7,random,27,210.0,19,20,20,True,False,2.1362183141084796e-05
7,random,28,210.0,19,20,20,True,False,2.1362183141084796e-05
7,random,29,210.0,19,20,20,True,False,2.1362183141084796e-05
7,random,30,210.0,19,20,20,True,False,2.1362183141084796e-05
7,random,31,220.0,18,20,20,True,False,1.2942388814440196e-05
7,random,32,220.0,18,20,20,True,False,1.2942388814440196e-05
7,random,33,210.0,19,20,20,True,False,1.5702676447597474e-05
7,random,34,210.0,19,20,20,True,False,1.5702676447597474e-05
7,random,35,200.0,20,20,20,True,False,1.6214794107082105e-05
7,random,36,200.0,20,20,20,True,False,1.6214794107082105e-05
7,random,37,190.0,21,20,20,True,False,1.6631186696932237e-05
7,random,38,190.0,21,20,20,True,False,1.6631186696932237e-05
7,random,39,190.0,21,20,20,True,False,1.6631186696932237e-05
7,random,40,190.0,21,20,20,True,False,1.6631186696932237e-05
7,random,41,180.0,22,20,20,True,False,2.133228816023062e-05
7,random,42,180.0,22,20,20,True,False,2.133228816023062e-05
7,random,43,180.0,22,20,20,True,False,2.133228816023062e-05
7,random,44,180.0,22,20,20,True,False,2.133228816023062e-05
7,random,45,170.0,23,20,20,True,False,2.2191576479204174e-05
7,random,46,170.0,23,20,20,True,False,2.2191576479204174e-05
7,random,47,180.0,22,20,20,True,False,2.2183697784212553e-05
7,random,48,180.0,22,20,20,True,False,2.2183697784212553e-05
7,random,49,190.0,21,20,20,True,False,2.0955983303967162e-05
7,random,50,190.0,21,20,20,True,False,2.0955983303967162e-05
7,random,51,180.0,22,20,20,True,False,2.09870942693381e-05
7,random,52,180.0,22,20,20,True,False,2.09870942693381e-05
7,random,53,190.0,21,20,20,True,False,1.7645025842592678e-05
7,random,54,190.0,21,20,20,True,False,1.7645025842592678e-05
7,random,55,180.0,22,20,20,True,False,2.4631878221011896e-05
7,random,56,180.0,22,20,20,True,False,2.4631878221011896e-05
7,random,57,170.0,23,20,20,True,False,2.493239859463979e-05
7,random,58,170.0,23,20,20,True,False,2.493239859463979e-05
7,random,59,180.0,22,20,20,True,False,2.4464694448105918e-05
7,random,60,180.0,22,20,20,True,False,2.4464694448105918e-05
7,random,61,190.0,21,20,20,True,False,2.3537543165337478e-05
7,random,62,190.0,21,20,20,True,False,2.3537543165337478e-05
7,random,63,200.0,20,20,20,True,False,1.650686421538289e-05
7,random,64,200.0,20,20,20,True,False,1.650686421538289e-05
7,random,65,190.0,21,20,20,True,False,1.7174119549571924e-05
7,random,66,190.0,21,20,20,True,False,1.7174119549571924e-05
7,random,67,190.0,21,20,20,True,False,1.7174119549571924e-05
7,random,68,190.0,21,20,20,True,False,1.7174119549571924e-05
7,random,69,190.0,21,20,20,True,False,1.7174119549571924e-05
7,random,70,180.0,22,20,20,True,False,1.7950590560587065e-05
7,random,71,180.0,22,20,20,True,False,1.7950590560587065e-05
7,random,72,190.0,21,20,20,True,False,6.520960820732016e-06
7,random,73,190.0,21,20,20,True,False,6.520960820732016e-06
7,random,74,180.0,22,20,20,True,False,6.576980007654988e-06
7,random,75,180.0,22,20,20,True,False,6.576980007654988e-06
7,random,76,170.0,23,20,20,True,False,6.682609330125205e-06
7,random,77,170.0,23,20,20,True,False,6.682609330125205e-06
7,random,78,180.0,22,20,20,True,False,5.463917800700632e-06
7,random,79,180.0,22,20,20,True,False,5.463917800700632e-06
7,random,80,170.0,23,20,20,True,False,6.43161425268399e-06
7,random,81,170.0,23,20,20,True,False,6.43161425268399e-06
7,random,82,160.0,24,20,20,True,False,6.441512565599009e-06
7,random,83,160.0,24,20,20,True,False,6.441512565599009e-06
7,random,84,160.0,24,20,20,True,False,6.441512565599009e-06
7,random,85,160.0,24,20,20,True,False,6.441512565599009e-06
7,random,86,150.0,25,20,20,True,False,6.977351549755174e-06
7,random,87,150.0,25,20,20,True,False,6.977351549755174e-06
7,random,88,150.0,25,20,20,True,False,6.977351549755174e-06
7,random,89,150.0,25,20,20,True,False,6.977351549755174e-06
7,random,90,160.0,24,20,20,True,False,6.970107162298724e-06
7,random,91,160.0,24,20,20,True,False,6.970107162298724e-06
7,random,92,170.0,23,20,20,True,False,3.0223760748616785e-06
7,random,93,170.0,23,20,20,True,False,3.0223760748616785e-06
7,random,94,160.0,24,20,20,True,False,3.111726438287318e-06
7,random,95,160.0,24,20,20,True,False,3.111726438287318e-06
7,random,96,160.0,24,20,20,True,False,3.111726438287318e-06
7,random,97,150.0,25,20,20,True,False,1.988708707252695e-05
7,random,98,150.0,25,20,20,True,False,1.988708707252695e-05
7,random,99,150.0,25,20,20,True,False,1.988708707252695e-05
7,random,100,150.0,25,20,20,True,False,1.988708707252695e-05
7,learned,0,240.0,16,20,20,True,False,2.1999142386144373e-05
7,learned,1,240.0,16,20,20,True,False,2.1999142386144373e-05
7,learned,2,250.0,15,20,20,True,False,1.6906563881625126e-05
7,learned,3,250.0,15,20,20,True,False,1.6906563881625126e-05
7,learned,4,240.0,16,20,20,True,False,2.1999142386144373e-05
7,learned,5,240.0,16,20,20,True,False,2.1999142386144373e-05
7,learned,6,250.0,15,20,20,True,False,1.6906563881625126e-05
7,learned,7,250.0,15,20,20,True,False,1.6906563881625126e-05
7,learned,8,240.0,16,20,20,True,False,1.7639656184204146e-05
7,learned,9,240.0,16,20,20,True,False,1.7639656184204146e-05
7,learned,10,250.0,15,20,20,True,False,1.7467058767290802e-05
7,learned,11,250.0,15,20,20,True,False,1.7467058767290802e-05
7,learned,12,240.0,16,20,20,True,False,1.8352670162783584e-05
7,learned,13,240.0,16,20,20,True,False,1.8352670162783584e-05
7,learned,14,250.0,15,20,20,True,False,1.7241460137593968e-05
7,learned,15,250.0,15,20,20,True,False,1.7241460137593968e-05
7,learned,16,260.0,14,20,20,True,False,1.558117284327375e-05
7,learned,17,260.0,14,20,20,True,False,1.558117284327375e-05
7,learned,18,270.0,13,20,20,True,False,1.2570504856703313e-05
7,learned,19,270.0,13,20,20,True,False,1.2570504856703313e-05
7,learned,20,280.0,12,20,20,True,False,9.399243075683924e-06
7,learned,21,280.0,12,20,20,True,False,9.399243075683924e-06
7,learned,22,270.0,13,20,20,True,False,9.547218436719196e-06
7,learned,23,270.0,13,20,20,True,False,9.547218436719196e-06
7,learned,24,280.0,12,20,20,True,False,9.399243075683924e-06
7,learned,25,280.0,12,20,20,True,False,9.399243075683924e-06
7,learned,26,270.0,13,20,20,True,False,9.547218436719196e-06
7,learned,27,270.0,13,20,20,True,False,9.547218436719196e-06
7,learned,28,260.0,12,19,20,False,False,0.0
7,learned,29,260.0,12,19,20,False,False,0.0
7,learned,30,270.0,11,19,20,False,False,0.0
7,learned,31,270.0,11,19,20,False,False,0.0
7,learned,32,280.0,12,20,20,True,False,1.1730052737032603e-06
7,learned,33,280.0,12,20,20,True,False,1.1730052737032603e-06
7,learned,34,290.0,11,20,20,True,False,9.894765341625721e-07
7,learned,35,290.0,11,20,20,True,False,9.894765341625721e-07
7,learned,36,290.0,11,20,20,True,False,9.894765341625721e-07
7,learned,37,290.0,11,20,20,True,False,9.894765341625721e-07
7,learned,38,280.0,12,20,20,True,False,1.3249107812221427e-06
7,learned,39,280.0,12,20,20,True,False,1.3249107812221427e-06
7,learned,40,270.0,13,20,20,True,False,1.3422375528886596e-06
7,learned,41,270.0,13,20,20,True,False,1.3422375528886596e-06
7,learned,42,280.0,12,20,20,True,False,1.3249107812221427e-06
7,learned,43,280.0,12,20,20,True,False,1.3249107812221427e-06
7,learned,44,290.0,11,20,20,True,False,9.894765341625721e-07
7,learned,45,290.0,11,20,20,True,False,9.894765341625721e-07
7,learned,46,290.0,11,20,20,True,False,9.894765341625721e-07
7,learned,47,280.0,12,20,20,True,False,1.3249107812221427e-06
7,learned,48,280.0,12,20,20,True,False,1.3249107812221427e-06
7,learned,49,290.0,11,20,20,True,False,9.894765341625721e-07
7,learned,50,290.0,11,20,20,True,False,9.894765341625721e-07
7,learned,51,280.0,12,20,20,True,False,2.0257932070640443e-06
7,learned,52,280.0,12,20,20,True,False,2.0257932070640443e-06
7,learned,53,290.0,11,20,20,True,False,1.1794832519977119e-06
7,learned,54,290.0,11,20,20,True,False,1.1794832519977119e-06
7,learned,55,280.0,12,20,20,True,False,5.516278734731957e-06
7,learned,56,280.0,12,20,20,True,False,5.516278734731957e-06
7,learned,57,290.0,11,20,20,True,False,1.1794832519977119e-06
7,learned,58,290.0,11,20,20,True,False,1.1794832519977119e-06
7,learned,59,290.0,11,20,20,True,False,1.1794832519977119e-06
7,learned,60,290.0,11,20,20,True,False,1.1794832519977119e-06
7,learned,61,260.0,10,18,20,False,False,0.0
7,learned,62,260.0,10,18,20,False,False,0.0
7,learned,63,290.0,11,20,20,True,False,1.1794832519977119e-06
7,learned,64,290.0,11,20,20,True,False,1.1794832519977119e-06
7,learned,65,280.0,12,20,20,True,False,9.25105400219151e-06
7,learned,66,280.0,12,20,20,True,False,9.25105400219151e-06
7,learned,67,290.0,11,20,20,True,False,1.1794832519977119e-06
7,learned,68,290.0,11,20,20,True,False,1.1794832519977119e-06
7,learned,69,280.0,12,20,20,True,False,8.535892527523287e-06
7,learned,70,280.0,12,20,20,True,False,8.535892527523287e-06
7,learned,71,290.0,11,20,20,True,False,2.986804896617588e-06
7,learned,72,290.0,11,20,20,True,False,2.986804896617588e-06
7,learned,73,280.0,12,20,20,True,False,3.0761109523233624e-06
7,learned,74,280.0,12,20,20,True,False,3.0761109523233624e-06
7,learned,75,290.0,11,20,20,True,False,2.986804896617588e-06
7,learned,76,290.0,11,20,20,True,False,2.986804896617588e-06
7,learned,77,300.0,10,20,20,True,True,3.61046348127251e-08
7,learned,78,300.0,10,20,20,True,True,3.61046348127251e-08
7,learned,79,290.0,11,20,20,True,False,3.75781857756587e-08
7,learned,80,290.0,11,20,20,True,False,3.75781857756587e-08
7,learned,81,280.0,12,20,20,True,False,3.8728333499286825e-08
7,learned,82,280.0,12,20,20,True,False,3.8728333499286825e-08
7,learned,83,270.0,13,20,20,True,False,5.924773010386835e-07
7,learned,84,270.0,13,20,20,True,False,5.924773010386835e-07
7,learned,85,260.0,14,20,20,True,False,1.5049967629409205e-06
7,learned,86,260.0,14,20,20,True,False,1.5049967629409205e-06
7,learned,87,250.0,15,20,20,True,False,1.5307494501977625e-06
7,learned,88,250.0,15,20,20,True,False,1.5307494501977625e-06
7,learned,89,260.0,14,20,20,True,False,1.5049967629409205e-06
7,learned,90,260.0,14,20,20,True,False,1.5049967629409205e-06
7,learned,91,270.0,13,20,20,True,False,5.924773010386835e-07
7,learned,92,270.0,13,20,20,True,False,5.924773010386835e-07
7,learned,93,260.0,14,20,20,True,False,6.783771853444093e-07
7,learned,94,260.0,14,20,20,True,False,6.783771853444093e-07
7,learned,95,270.0,13,20,20,True,False,5.924773010386835e-07
7,learned,96,270.0,13,20,20,True,False,5.924773010386835e-07
7,learned,97,260.0,14,20,20,True,False,1.5049967629409205e-06
7,learned,98,260.0,14,20,20,True,False,1.5049967629409205e-06
7,learned,99,250.0,15,20,20,True,False,1.5486015178253713e-06
7,learned,100,250.0,15,20,20,True,False,1.5486015178253713e-06
8,initial,0,200.0,20,20,20,True,False,6.6390487886975924e-06
8,greedy,0,200.0,20,20,20,True,False,6.6390487886975924e-06
8,greedy,1,210.0,19,20,20,True,False,3.683455064792558e-06
8,greedy,2,220.0,18,20,20,True,False,2.9487597209271517e-06
8,greedy,3,230.0,17,20,20,True,False,4.696858337157138e-07
8,greedy,4,240.0,16,20,20,True,False,4.3027938962186567e-07
8,greedy,5,250.0,15,20,20,True,False,4.276356933589994e-07
8,greedy,6,260.0,14,20,20,True,False,4.2677872604625266e-07
8,greedy,7,270.0,13,20,20,True,False,2.7274717943129143e-07
8,greedy,8,280.0,12,20,20,True,False,2.4375580977096436e-07
8,greedy,9,290.0,11,20,20,True,False,1.333973777791553e-07
8,greedy,10,300.0,10,20,20,True,True,4.4912845655924686e-08
8,random,0,200.0,20,20,20,True,False,6.6390487886975924e-06
8,random,1,200.0,20,20,20,True,False,6.6390487886975924e-06
8,random,2,200.0,20,20,20,True,False,6.6390487886975924e-06
8,random,3,210.0,19,20,20,True,False,6.415112189836456e-06
8,random,4,210.0,19,20,20,True,False,6.415112189836456e-06
8,random,5,210.0,19,20,20,True,False,6.415112189836456e-06
8,random,6,210.0,19,20,20,True,False,6.415112189836456e-06
8,random,7,220.0,18,20,20,True,False,3.679480277932906e-06
8,random,8,220.0,18,20,20,True,False,3.679480277932906e-06
8,random,9,220.0,18,20,20,True,False,3.679480277932906e-06
8,random,10,220.0,18,20,20,True,False,3.679480277932906e-06
8,random,11,210.0,19,20,20,True,False,5.249478944778049e-06
8,random,12,210.0,19,20,20,True,False,5.249478944778049e-06
8,random,13,210.0,19,20,20,True,False,5.249478944778049e-06
8,random,14,200.0,20,20,20,True,False,5.307843279223188e-06
8,random,15,200.0,20,20,20,True,False,5.307843279223188e-06
8,random,16,190.0,21,20,20,True,False,5.348964460510241e-06
8,random,17,190.0,21,20,20,True,False,5.348964460510241e-06
8,random,18,180.0,22,20,20,True,False,6.579252991420856e-06
8,random,19,180.0,22,20,20,True,False,6.579252991420856e-06
8,random,20,180.0,22,20,20,True,False,6.579252991420856e-06
8,random,21,170.0,23,20,20,True,False,6.603831442391587e-06
8,random,22,170.0,23,20,20,True,False,6.603831442391587e-06
8,random,23,170.0,23,20,20,True,False,6.603831442391587e-06
8,random,24,180.0,22,20,20,True,False,6.579252991420856e-06
8,random,25,180.0,22,20,20,True,False,6.579252991420856e-06
8,random,26,180.0,22,20,20,True,False,6.579252991420856e-06
8,random,27,180.0,22,20,20,True,False,6.579252991420856e-06
8,random,28,190.0,21,20,20,True,False,6.545103095848503e-06
8,random,29,190.0,21,20,20,True,False,6.545103095848503e-06
8,random,30,190.0,21,20,20,True,False,6.545103095848503e-06
8,random,31,190.0,21,20,20,True,False,6.545103095848503e-06
8,random,32,180.0,22,20,20,True,False,7.237531746365125e-06
8,random,33,180.0,22,20,20,True,False,7.237531746365125e-06
8,random,34,190.0,21,20,20,True,False,7.1209320057629935e-06
8,random,35,190.0,21,20,20,True,False,7.1209320057629935e-06
8,random,36,180.0,22,20,20,True,False,7.155190256293113e-06
8,random,37,180.0,22,20,20,True,False,7.155190256293113e-06
8,random,38,170.0,23,20,20,True,False,7.158456954572909e-06
8,random,39,170.0,23,20,20,True,False,7.158456954572909e-06
8,random,40,160.0,24,20,20,True,False,7.191393517400786e-06
8,random,41,160.0,24,20,20,True,False,7.191393517400786e-06
8,random,42,170.0,23,20,20,True,False,5.422228196522032e-07
8,random,43,170.0,23,20,20,True,False,5.422228196522032e-07
8,random,44,170.0,23,20,20,True,False,5.422228196522032e-07
8,random,45,170.0,23,20,20,True,False,5.422228196522032e-07
8,random,46,170.0,23,20,20,True,False,5.422228196522032e-07
8,random,47,160.0,24,20,20,True,False,5.55259366823971e-07
8,random,48,160.0,24,20,20,True,False,5.55259366823971e-07
8,random,49,160.0,24,20,20,True,False,5.55259366823971e-07
8,random,50,160.0,24,20,20,True,False,5.55259366823971e-07
8,random,51,150.0,25,20,20,True,False,7.302684946541457e-07
8,random,52,150.0,25,20,20,True,False,7.302684946541457e-07
8,random,53,140.0,26,20,20,True,False,7.225566674674139e-06
8,random,54,140.0,26,20,20,True,False,7.225566674674139e-06
8,random,55,130.0,27,20,20,True,False,7.2966344737269725e-06
8,random,56,130.0,27,20,20,True,False,7.2966344737269725e-06
8,random,57,120.0,28,20,20,True,False,7.3073803392988905e-06
8,random,58,120.0,28,20,20,True,False,7.3073803392988905e-06
8,random,59,110.0,29,20,20,True,False,2.1308746286017135e-05
8,random,60,110.0,29,20,20,True,False,2.1308746286017135e-05
8,random,61,120.0,28,20,20,True,False,2.067255235949165e-05
8,random,62,120.0,28,20,20,True,False,2.067255235949165e-05
8,random,63,120.0,28,20,20,True,False,2.067255235949165e-05
8,random,64,120.0,28,20,20,True,False,2.067255235949165e-05
8,random,65,110.0,29,20,20,True,False,2.11745320327595e-05
8,random,66,110.0,29,20,20,True,False,2.11745320327595e-05
8,random,67,120.0,28,20,20,True,False,2.0016200219061633e-05
8,random,68,120.0,28,20,20,True,False,2.0016200219061633e-05
8,random,69,110.0,29,20,20,True,False,2.004992900894956e-05
8,random,70,110.0,29,20,20,True,False,2.004992900894956e-05
8,random,71,120.0,28,20,20,True,False,2.003615871981099e-05
8,random,72,120.0,28,20,20,True,False,2.003615871981099e-05
8,random,73,110.0,29,20,20,True,False,2.00605762323403e-05
8,random,74,110.0,29,20,20,True,False,2.00605762323403e-05
8,random,75,120.0,28,20,20,True,False,2.003615871981099e-05
8,random,76,120.0,28,20,20,True,False,2.003615871981099e-05
8,random,77,130.0,27,20,20,True,False,1.3845541831403933e-05
8,random,78,130.0,27,20,20,True,False,1.3845541831403933e-05
8,random,79,120.0,28,20,20,True,False,2.003615871981099e-05
8,random,80,120.0,28,20,20,True,False,2.003615871981099e-05
8,random,81,110.0,29,20,20,True,False,2.004992900894956e-05
8,random,82,110.0,29,20,20,True,False,2.004992900894956e-05
8,random,83,120.0,28,20,20,True,False,1.8739834558325653e-05
8,random,84,120.0,28,20,20,True,False,1.8739834558325653e-05
8,random,85,130.0,27,20,20,True,False,1.8085312336615678e-05
8,random,86,130.0,27,20,20,True,False,1.8085312336615678e-05
8,random,87,130.0,27,20,20,True,False,1.8085312336615678e-05
8,random,88,120.0,28,20,20,True,False,1.9264514692000375e-05
8,random,89,120.0,28,20,20,True,False,1.9264514692000375e-05
8,random,90,130.0,27,20,20,True,False,1.4054702811457665e-05
8,random,91,130.0,27,20,20,True,False,1.4054702811457665e-05
8,random,92,120.0,28,20,20,True,False,1.7429051182571756e-05
8,random,93,120.0,28,20,20,True,False,1.7429051182571756e-05
8,random,94,110.0,29,20,20,True,False,1.7582205145242538e-05
8,random,95,110.0,29,20,20,True,False,1.7582205145242538e-05
8,random,96,120.0,28,20,20,True,False,1.7429051182571756e-05
8,random,97,120.0,28,20,20,True,False,1.7429051182571756e-05
8,random,98,110.0,29,20,20,True,False,1.766779121871946e-05
8,random,99,110.0,29,20,20,True,False,1.766779121871946e-05
8,random,100,100.0,30,20,20,True,False,5.301075350773238e-05
8,learned,0,200.0,20,20,20,True,False,6.6390487886975924e-06
8,learned,1,200.0,20,20,20,True,False,6.6390487886975924e-06
8,learned,2,190.0,21,20,20,True,False,7.10168717044776e-06
8,learned,3,190.0,21,20,20,True,False,7.10168717044776e-06
8,learned,4,180.0,22,20,20,True,False,7.161079104361657e-06
8,learned,5,180.0,22,20,20,True,False,7.161079104361657e-06
8,learned,6,190.0,21,20,20,True,False,7.10168717044776e-06
8,learned,7,190.0,21,20,20,True,False,7.10168717044776e-06
8,learned,8,200.0,20,20,20,True,False,6.6390487886975924e-06
8,learned,9,200.0,20,20,20,True,False,6.6390487886975924e-06
8,learned,10,210.0,19,20,20,True,False,6.22023202710094e-06
8,learned,11,210.0,19,20,20,True,False,6.22023202710094e-06
8,learned,12,220.0,18,20,20,True,False,5.215234504476601e-06
8,learned,13,220.0,18,20,20,True,False,5.215234504476601e-06
8,learned,14,230.0,17,20,20,True,False,5.127755239329769e-06
8,learned,15,230.0,17,20,20,True,False,5.127755239329769e-06
8,learned,16,220.0,18,20,20,True,False,5.724617809790597e-06
8,learned,17,220.0,18,20,20,True,False,5.724617809790597e-06
8,learned,18,230.0,17,20,20,True,False,5.127755239329769e-06
8,learned,19,230.0,17,20,20,True,False,5.127755239329769e-06
8,learned,20,220.0,18,20,20,True,False,5.724617809790597e-06
8,learned,21,220.0,18,20,20,True,False,5.724617809790597e-06
8,learned,22,230.0,17,20,20,True,False,5.127755239329769e-06
8,learned,23,230.0,17,20,20,True,False,5.127755239329769e-06
8,learned,24,220.0,18,20,20,True,False,5.724617809790597e-06
8,learned,25,220.0,18,20,20,True,False,5.724617809790597e-06
8,learned,26,230.0,17,20,20,True,False,5.127755239329769e-06
8,learned,27,230.0,17,20,20,True,False,5.127755239329769e-06
8,learned,28,220.0,18,20,20,True,False,5.724617809790597e-06
8,learned,29,220.0,18,20,20,True,False,5.724617809790597e-06
8,learned,30,230.0,17,20,20,True,False,5.127755239329769e-06
8,learned,31,230.0,17,20,20,True,False,5.127755239329769e-06
8,learned,32,220.0,18,20,20,True,False,5.90606213145155e-06
8,learned,33,220.0,18,20,20,True,False,5.90606213145155e-06
8,learned,34,230.0,17,20,20,True,False,5.127755239329769e-06
8,learned,35,230.0,17,20,20,True,False,5.127755239329769e-06
8,learned,36,220.0,18,20,20,True,False,5.724617809790597e-06
8,learned,37,220.0,18,20,20,True,False,5.724617809790597e-06
8,learned,38,210.0,19,20,20,True,False,6.207588029215382e-06
8,learned,39,210.0,19,20,20,True,False,6.207588029215382e-06
8,learned,40,220.0,18,20,20,True,False,5.724617809790597e-06
8,learned,41,220.0,18,20,20,True,False,5.724617809790597e-06
8,learned,42,230.0,17,20,20,True,False,5.127755239329769e-06
8,learned,43,230.0,17,20,20,True,False,5.127755239329769e-06
8,learned,44,220.0,18,20,20,True,False,5.724617809790597e-06
8,learned,45,220.0,18,20,20,True,False,5.724617809790597e-06
8,learned,46,230.0,17,20,20,True,False,5.127755239329769e-06
8,learned,47,230.0,17,20,20,True,False,5.127755239329769e-06
8,learned,48,220.0,18,20,20,True,False,5.724617809790597e-06
8,learned,49,220.0,18,20,20,True,False,5.724617809790597e-06
8,learned,50,230.0,17,20,20,True,False,5.127755239329769e-06
8,learned,51,230.0,17,20,20,True,False,5.127755239329769e-06
8,learned,52,220.0,18,20,20,True,False,5.9060621314516075e-06
8,learned,53,220.0,18,20,20,True,False,5.9060621314516075e-06
8,learned,54,210.0,19,20,20,True,False,5.987882918495223e-06
8,learned,55,210.0,19,20,20,True,False,5.987882918495223e-06
8,learned,56,220.0,18,20,20,True,False,5.9060621314516075e-06
8,learned,57,220.0,18,20,20,True,False,5.9060621314516075e-06
8,learned,58,210.0,19,20,20,True,False,6.207588029215341e-06
8,learned,59,210.0,19,20,20,True,False,6.207588029215341e-06
8,learned,60,220.0,18,20,20,True,False,5.9060621314516075e-06
8,learned,61,220.0,18,20,20,True,False,5.9060621314516075e-06
8,learned,62,230.0,17,20,20,True,False,5.127755239329769e-06
8,learned,63,230.0,17,20,20,True,False,5.127755239329769e-06
8,learned,64,220.0,18,20,20,True,False,5.724617809790597e-06
8,learned,65,220.0,18,20,20,True,False,5.724617809790597e-06
8,learned,66,210.0,19,20,20,True,False,1.5119151830591521e-05
8,learned,67,210.0,19,20,20,True,False,1.5119151830591521e-05
8,learned,68,220.0,18,20,20,True,False,1.305514326839883e-05
8,learned,69,220.0,18,20,20,True,False,1.305514326839883e-05
8,learned,70,230.0,17,20,20,True,False,5.127755239329769e-06
8,learned,71,230.0,17,20,20,True,False,5.127755239329769e-06
8,learned,72,220.0,18,20,20,True,False,5.724617809790597e-06
8,learned,73,220.0,18,20,20,True,False,5.724617809790597e-06
8,learned,74,210.0,19,20,20,True,False,6.207588029215382e-06
8,learned,75,210.0,19,20,20,True,False,6.207588029215382e-06
8,learned,76,220.0,18,20,20,True,False,5.90606213145155e-06
8,learned,77,220.0,18,20,20,True,False,5.90606213145155e-06
8,learned,78,230.0,17,20,20,True,False,5.127755239329769e-06
8,learned,79,230.0,17,20,20,True,False,5.127755239329769e-06
8,learned,80,240.0,16,20,20,True,False,2.274257777791911e-06
8,learned,81,240.0,16,20,20,True,False,2.274257777791911e-06
8,learned,82,230.0,17,20,20,True,False,2.68826071737355e-06
8,learned,83,230.0,17,20,20,True,False,2.68826071737355e-06
8,learned,84,240.0,16,20,20,True,False,2.274257777791911e-06
8,learned,85,240.0,16,20,20,True,False,2.274257777791911e-06
8,learned,86,230.0,17,20,20,True,False,3.816992520528797e-06
8,learned,87,230.0,17,20,20,True,False,3.816992520528797e-06
8,learned,88,240.0,16,20,20,True,False,2.274257777791911e-06
8,learned,89,240.0,16,20,20,True,False,2.274257777791911e-06
8,learned,90,230.0,17,20,20,True,False,2.68826071737355e-06
8,learned,91,230.0,17,20,20,True,False,2.68826071737355e-06
8,learned,92,240.0,16,20,20,True,False,2.274257777791911e-06
8,learned,93,240.0,16,20,20,True,False,2.274257777791911e-06
8,learned,94,250.0,15,20,20,True,False,2.216363285710978e-06
8,learned,95,250.0,15,20,20,True,False,2.216363285710978e-06
8,learned,96,240.0,16,20,20,True,False,2.6224391109346626e-06
8,learned,97,240.0,16,20,20,True,False,2.6224391109346626e-06
8,learned,98,250.0,15,20,20,True,False,2.6180058798393127e-06
8,learned,99,250.0,15,20,20,True,False,2.6180058798393127e-06
8,learned,100,260.0,14,20,20,True,False,2.1960326495286167e-06
9,initial,0,180.0,6,12,20,False,False,0.0
9,greedy,0,180.0,6,12,20,False,False,0.0
9,greedy,1,210.0,7,14,20,False,False,0.0
9,greedy,2,240.0,8,16,20,False,False,0.0
9,greedy,3,270.0,9,18,20,False,False,0.0
9,greedy,4,280.0,10,19,20,False,False,0.0
9,greedy,5,290.0,11,20,20,True,False,1.985473227094236e-06
9,greedy,6,300.0,10,20,20,True,True,1.6636067145075756e-06
9,random,0,180.0,6,12,20,False,False,0.0
9,random,1,180.0,6,12,20,False,False,0.0
9,random,2,190.0,7,13,20,False,False,0.0
9,random,3,190.0,7,13,20,False,False,0.0
9,random,4,190.0,7,13,20,False,False,0.0
9,random,5,190.0,7,13,20,False,False,0.0
9,random,6,200.0,8,14,20,False,False,0.0
9,random,7,200.0,8,14,20,False,False,0.0
9,random,8,230.0,9,16,20,False,False,0.0
9,random,9,230.0,9,16,20,False,False,0.0
9,random,10,240.0,10,17,20,False,False,0.0
9,random,11,240.0,10,17,20,False,False,0.0
9,random,12,240.0,10,17,20,False,False,0.0
9,random,13,240.0,10,17,20,False,False,0.0
9,random,14,240.0,10,17,20,False,False,0.0
9,random,15,240.0,10,17,20,False,False,0.0
9,random,16,270.0,11,19,20,False,False,0.0
9,random,17,270.0,11,19,20,False,False,0.0
9,random,18,260.0,12,19,20,False,False,0.0
9,random,19,260.0,12,19,20,False,False,0.0
9,random,20,270.0,13,20,20,True,False,2.7995947952697276e-06
9,random,21,270.0,13,20,20,True,False,2.7995947952697276e-06
9,random,22,270.0,13,20,20,True,False,2.7995947952697276e-06
9,random,23,270.0,13,20,20,True,False,2.7995947952697276e-06
9,random,24,270.0,13,20,20,True,False,2.7995947952697276e-06
9,random,25,270.0,13,20,20,True,False,2.7995947952697276e-06
9,random,26,260.0,14,20,20,True,False,2.8267644882551146e-06
9,random,27,260.0,14,20,20,True,False,2.8267644882551146e-06
9,random,28,250.0,15,20,20,True,False,2.837570696561968e-06
9,random,29,250.0,15,20,20,True,False,2.837570696561968e-06
9,random,30,240.0,16,20,20,True,False,2.886347406324202e-06
9,random,31,240.0,16,20,20,True,False,2.886347406324202e-06
9,random,32,250.0,15,20,20,True,False,2.875281337901797e-06
9,random,33,250.0,15,20,20,True,False,2.875281337901797e-06
9,random,34,260.0,14,20,20,True,False,1.5455032277574065e-06
9,random,35,260.0,14,20,20,True,False,1.5455032277574065e-06
9,random,36,250.0,15,20,20,True,False,2.2855758455373265e-06
9,random,37,250.0,15,20,20,True,False,2.2855758455373265e-06
9,random,38,250.0,15,20,20,True,False,2.2855758455373265e-06
9,random,39,240.0,16,20,20,True,False,4.724436741703944e-06
9,random,40,240.0,16,20,20,True,False,4.724436741703944e-06
9,random,41,230.0,17,20,20,True,False,4.957932855113541e-06
9,random,42,230.0,17,20,20,True,False,4.957932855113541e-06
9,random,43,220.0,18,20,20,True,False,5.122760096834843e-06
9,random,44,220.0,18,20,20,True,False,5.122760096834843e-06
9,random,45,210.0,19,20,20,True,False,5.200951959134031e-06
9,random,46,210.0,19,20,20,True,False,5.200951959134031e-06
9,random,47,200.0,20,20,20,True,False,2.040376376550563e-05
9,random,48,200.0,20,20,20,True,False,2.040376376550563e-05
9,random,49,190.0,21,20,20,True,False,2.0811389782868208e-05
9,random,50,190.0,21,20,20,True,False,2.0811389782868208e-05
9,random,51,180.0,22,20,20,True,False,2.094839492548109e-05
9,random,52,180.0,22,20,20,True,False,2.094839492548109e-05
9,random,53,180.0,22,20,20,True,False,2.094839492548109e-05
9,random,54,180.0,22,20,20,True,False,2.094839492548109e-05
9,random,55,180.0,22,20,20,True,False,2.094839492548109e-05
9,random,56,180.0,22,20,20,True,False,2.094839492548109e-05
9,random,57,170.0,23,20,20,True,False,2.1299485847364097e-05
9,random,58,170.0,23,20,20,True,False,2.1299485847364097e-05
9,random,59,180.0,22,20,20,True,False,9.586031723012105e-06
9,random,60,180.0,22,20,20,True,False,9.586031723012105e-06
9,random,61,170.0,21,19,20,False,False,0.0
9,random,62,170.0,21,19,20,False,False,0.0
9,random,63,170.0,21,19,20,False,False,0.0
9,random,64,170.0,21,19,20,False,False,0.0
9,random,65,170.0,21,19,20,False,False,0.0
9,random,66,170.0,21,19,20,False,False,0.0
9,random,67,160.0,22,19,20,False,False,0.0
9,random,68,160.0,22,19,20,False,False,0.0
9,random,69,170.0,21,19,20,False,False,0.0
9,random,70,170.0,21,19,20,False,False,0.0
9,random,71,180.0,20,19,20,False,False,0.0
9,random,72,180.0,20,19,20,False,False,0.0
9,random,73,170.0,21,19,20,False,False,0.0
9,random,74,170.0,21,19,20,False,False,0.0
9,random,75,160.0,22,19,20,False,False,0.0
9,random,76,160.0,22,19,20,False,False,0.0
9,random,77,150.0,23,19,20,False,False,0.0
9,random,78,150.0,23,19,20,False,False,0.0
9,random,79,160.0,24,20,20,True,False,1.5636599472443945e-05
9,random,80,160.0,24,20,20,True,False,1.5636599472443945e-05
9,random,81,150.0,25,20,20,True,False,1.7234544598431582e-05
9,random,82,150.0,25,20,20,True,False,1.7234544598431582e-05
9,random,83,160.0,24,20,20,True,False,1.648705461861959e-05
9,random,84,160.0,24,20,20,True,False,1.648705461861959e-05
9,random,85,150.0,25,20,20,True,False,1.8710607096649667e-05
9,random,86,150.0,25,20,20,True,False,1.8710607096649667e-05
9,random,87,150.0,25,20,20,True,False,1.8710607096649667e-05
9,random,88,150.0,25,20,20,True,False,1.8710607096649667e-05
9,random,89,150.0,25,20,20,True,False,1.8710607096649667e-05
9,random,90,150.0,25,20,20,True,False,1.8710607096649667e-05
9,random,91,140.0,26,20,20,True,False,3.060549070273259e-05
9,random,92,140.0,26,20,20,True,False,3.060549070273259e-05
9,random,93,140.0,26,20,20,True,False,3.060549070273259e-05
9,random,94,140.0,26,20,20,True,False,3.060549070273259e-05
9,random,95,140.0,26,20,20,True,False,3.060549070273259e-05
9,random,96,140.0,26,20,20,True,False,3.060549070273259e-05
9,random,97,140.0,26,20,20,True,False,3.060549070273259e-05
9,random,98,150.0,25,20,20,True,False,3.05720831577495e-05
9,random,99,150.0,25,20,20,True,False,3.05720831577495e-05
9,random,100,140.0,26,20,20,True,False,3.4710732050236515e-05
9,learned,0,180.0,6,12,20,False,False,0.0
9,learned,1,180.0,6,12,20,False,False,0.0
9,learned,2,210.0,7,14,20,False,False,0.0
9,learned,3,210.0,7,14,20,False,False,0.0
9,learned,4,240.0,8,16,20,False,False,0.0
9,learned,5,240.0,8,16,20,False,False,0.0
9,learned,6,250.0,9,17,20,False,False,0.0
9,learned,7,250.0,9,17,20,False,False,0.0
9,learned,8,240.0,8,16,20,False,False,0.0
9,learned,9,240.0,8,16,20,False,False,0.0
9,learned,10,250.0,9,17,20,False,False,0.0
9,learned,11,250.0,9,17,20,False,False,0.0
9,learned,12,280.0,10,19,20,False,False,0.0
9,learned,13,280.0,10,19,20,False,False,0.0
9,learned,14,290.0,11,20,20,True,False,2.2959416849511976e-06
9,learned,15,290.0,11,20,20,True,False,2.2959416849511976e-06
9,learned,16,280.0,10,19,20,False,False,0.0
9,learned,17,280.0,10,19,20,False,False,0.0
9,learned,18,290.0,11,20,20,True,False,2.2959416849511976e-06
9,learned,19,290.0,11,20,20,True,False,2.2959416849511976e-06
9,learned,20,280.0,10,19,20,False,False,0.0
9,learned,21,280.0,10,19,20,False,False,0.0
9,learned,22,280.0,10,19,20,False,False,0.0
9,learned,23,270.0,9,18,20,False,False,0.0
9,learned,24,270.0,9,18,20,False,False,0.0
9,learned,25,280.0,10,19,20,False,False,0.0
9,learned,26,280.0,10,19,20,False,False,0.0
9,learned,27,270.0,11,19,20,False,False,0.0
9,learned,28,270.0,11,19,20,False,False,0.0
9,learned,29,280.0,10,19,20,False,False,0.0
9,learned,30,280.0,10,19,20,False,False,0.0
9,learned,31,290.0,11,20,20,True,False,1.2736547780887363e-06
9,learned,32,290.0,11,20,20,True,False,1.2736547780887363e-06
9,learned,33,280.0,12,20,20,True,False,1.972775115859292e-06
9,learned,34,280.0,12,20,20,True,False,1.972775115859292e-06
9,learned,35,270.0,13,20,20,True,False,2.1274722464047694e-06
9,learned,36,270.0,13,20,20,True,False,2.1274722464047694e-06
9,learned,37,280.0,12,20,20,True,False,1.6237114148153636e-06
9,learned,38,280.0,12,20,20,True,False,1.6237114148153636e-06
9,learned,39,290.0,11,20,20,True,False,1.2736547780887363e-06
9,learned,40,290.0,11,20,20,True,False,1.2736547780887363e-06
9,learned,41,300.0,10,20,20,True,True,2.6872019150992633e-09
9,learned,42,300.0,10,20,20,True,True,2.6872019150992633e-09
9,learned,43,290.0,11,20,20,True,False,2.6876459607109056e-09
9,learned,44,290.0,11,20,20,True,False,2.6876459607109056e-09
9,learned,45,300.0,10,20,20,True,True,2.6872019150992633e-09
9,learned,46,300.0,10,20,20,True,True,2.6872019150992633e-09
9,learned,47,290.0,11,20,20,True,False,9.491707854646075e-07
9,learned,48,290.0,11,20,20,True,False,9.491707854646075e-07
9,learned,49,280.0,10,19,20,False,False,0.0
9,learned,50,280.0,10,19,20,False,False,0.0
9,learned,51,270.0,11,19,20,False,False,0.0
9,learned,52,270.0,11,19,20,False,False,0.0
9,learned,53,260.0,12,19,20,False,False,0.0
9,learned,54,260.0,12,19,20,False,False,0.0
9,learned,55,270.0,13,20,20,True,False,4.0606477016635453e-07
9,learned,56,270.0,13,20,20,True,False,4.0606477016635453e-07
9,learned,57,280.0,12,20,20,True,False,3.956071674617626e-07
9,learned,58,280.0,12,20,20,True,False,3.956071674617626e-07
9,learned,59,290.0,11,20,20,True,False,7.621536026786984e-08
9,learned,60,290.0,11,20,20,True,False,7.621536026786984e-08
9,learned,61,280.0,10,19,20,False,False,0.0
9,learned,62,280.0,10,19,20,False,False,0.0
9,learned,63,270.0,11,19,20,False,False,0.0
9,learned,64,270.0,11,19,20,False,False,0.0
9,learned,65,260.0,12,19,20,False,False,0.0
9,learned,66,260.0,12,19,20,False,False,0.0
9,learned,67,270.0,11,19,20,False,False,0.0
9,learned,68,270.0,11,19,20,False,False,0.0
9,learned,69,280.0,12,20,20,True,False,1.2200950017656866e-06
9,learned,70,280.0,12,20,20,True,False,1.2200950017656866e-06
9,learned,71,270.0,13,20,20,True,False,2.1055412103060857e-06
9,learned,72,270.0,13,20,20,True,False,2.1055412103060857e-06
9,learned,73,280.0,12,20,20,True,False,1.2200950017656866e-06
9,learned,74,280.0,12,20,20,True,False,1.2200950017656866e-06
9,learned,75,280.0,12,20,20,True,False,1.2200950017656866e-06
9,learned,76,270.0,13,20,20,True,False,1.23676992376542e-06
9,learned,77,270.0,13,20,20,True,False,1.23676992376542e-06
9,learned,78,280.0,12,20,20,True,False,1.2200950017656866e-06
9,learned,79,280.0,12,20,20,True,False,1.2200950017656866e-06
9,learned,80,270.0,11,19,20,False,False,0.0
9,learned,81,270.0,11,19,20,False,False,0.0
9,learned,82,260.0,12,19,20,False,False,0.0
9,learned,83,260.0,12,19,20,False,False,0.0
9,learned,84,270.0,11,19,20,False,False,0.0
9,learned,85,270.0,11,19,20,False,False,0.0
9,learned,86,280.0,12,20,20,True,False,1.2200950017656866e-06
9,learned,87,280.0,12,20,20,True,False,1.2200950017656866e-06
9,learned,88,280.0,12,20,20,True,False,1.2200950017656866e-06
9,learned,89,270.0,13,20,20,True,False,1.2205391805529724e-06
9,learned,90,270.0,13,20,20,True,False,1.2205391805529724e-06
9,learned,91,280.0,12,20,20,True,False,1.220095001765679e-06
9,learned,92,280.0,12,20,20,True,False,1.220095001765679e-06
9,learned,93,270.0,13,20,20,True,False,1.2367699237654268e-06
9,learned,94,270.0,13,20,20,True,False,1.2367699237654268e-06
9,learned,95,280.0,12,20,20,True,False,1.220095001765679e-06
9,learned,96,280.0,12,20,20,True,False,1.220095001765679e-06
9,learned,97,270.0,13,20,20,True,False,2.4040472893972645e-06
9,learned,98,270.0,13,20,20,True,False,2.4040472893972645e-06
9,learned,99,280.0,12,20,20,True,False,1.1673969577623389e-06
9,learned,100,280.0,12,20,20,True,False,1.1673969577623389e-06
10,initial,0,180.0,22,20,20,True,False,5.307786908520348e-06
10,greedy,0,180.0,22,20,20,True,False,5.307786908520348e-06
10,greedy,1,190.0,21,20,20,True,False,1.4852674657402651e-06
10,greedy,2,200.0,20,20,20,True,False,1.3827186078899699e-06
10,greedy,3,210.0,19,20,20,True,False,3.05534371659945e-07
10,greedy,4,220.0,18,20,20,True,False,2.7876062506478503e-07
10,greedy,5,230.0,17,20,20,True,False,2.77727600308207e-07
10,greedy,6,240.0,16,20,20,True,False,2.763657361924523e-07
10,greedy,7,250.0,15,20,20,True,False,2.58982717181863e-07
10,greedy,8,260.0,14,20,20,True,False,2.5888497396690557e-07
10,greedy,9,270.0,13,20,20,True,False,2.116507706992167e-07
10,greedy,10,280.0,12,20,20,True,False,4.6697148753976404e-08
10,greedy,11,290.0,11,20,20,True,False,4.496145281533153e-08
10,random,0,180.0,22,20,20,True,False,5.307786908520348e-06
10,random,1,180.0,22,20,20,True,False,5.307786908520348e-06
10,random,2,170.0,23,20,20,True,False,5.585584856084362e-06
10,random,3,170.0,23,20,20,True,False,5.585584856084362e-06
10,random,4,180.0,22,20,20,True,False,3.3141186544894947e-06
10,random,5,180.0,22,20,20,True,False,3.3141186544894947e-06
10,random,6,180.0,22,20,20,True,False,3.3141186544894947e-06
10,random,7,180.0,22,20,20,True,False,3.3141186544894947e-06
10,random,8,190.0,21,20,20,True,False,3.136272583350682e-06
10,random,9,190.0,21,20,20,True,False,3.136272583350682e-06
10,random,10,200.0,20,20,20,True,False,2.20187389474552e-06
10,random,11,200.0,20,20,20,True,False,2.20187389474552e-06
10,random,12,210.0,19,20,20,True,False,1.7924493440001974e-06
10,random,13,210.0,19,20,20,True,False,1.7924493440001974e-06
10,random,14,200.0,20,20,20,True,False,5.14370076878482e-06
10,random,15,200.0,20,20,20,True,False,5.14370076878482e-06
10,random,16,200.0,20,20,20,True,False,5.14370076878482e-06
10,random,17,200.0,20,20,20,True,False,5.14370076878482e-06
10,random,18,200.0,20,20,20,True,False,5.14370076878482e-06
10,random,19,200.0,20,20,20,True,False,5.14370076878482e-06
10,random,20,200.0,20,20,20,True,False,5.14370076878482e-06
10,random,21,200.0,20,20,20,True,False,5.14370076878482e-06
10,random,22,210.0,19,20,20,True,False,4.550843502997409e-06
10,random,23,210.0,19,20,20,True,False,4.550843502997409e-06
10,random,24,200.0,20,20,20,True,False,5.203454413279832e-06
10,random,25,200.0,20,20,20,True,False,5.203454413279832e-06
10,random,26,200.0,20,20,20,True,False,5.203454413279832e-06
10,random,27,200.0,20,20,20,True,False,5.203454413279832e-06
10,random,28,190.0,21,20,20,True,False,6.2555946839181525e-06
10,random,29,190.0,21,20,20,True,False,6.2555946839181525e-06
10,random,30,180.0,22,20,20,True,False,7.667995094440516e-06
10,random,31,180.0,22,20,20,True,False,7.667995094440516e-06
10,random,32,180.0,22,20,20,True,False,7.667995094440516e-06
10,random,33,180.0,22,20,20,True,False,7.667995094440516e-06
10,random,34,190.0,21,20,20,True,False,7.477425097576729e-06
10,random,35,190.0,21,20,20,True,False,7.477425097576729e-06
10,random,36,200.0,20,20,20,True,False,7.363373466283846e-06
10,random,37,200.0,20,20,20,True,False,7.363373466283846e-06
10,random,38,210.0,19,20,20,True,False,5.500282146853973e-06
10,random,39,210.0,19,20,20,True,False,5.500282146853973e-06
10,random,40,200.0,20,20,20,True,False,6.3715622105263565e-06
10,random,41,200.0,20,20,20,True,False,6.3715622105263565e-06
10,random,42,200.0,20,20,20,True,False,6.3715622105263565e-06
10,random,43,210.0,19,20,20,True,False,5.774026848517121e-06
10,random,44,210.0,19,20,20,True,False,5.774026848517121e-06
10,random,45,220.0,18,20,20,True,False,5.027983795667845e-06
10,random,46,220.0,18,20,20,True,False,5.027983795667845e-06
10,random,47,210.0,19,20,20,True,False,5.049057690282036e-06
10,random,48,210.0,19,20,20,True,False,5.049057690282036e-06
10,random,49,200.0,20,20,20,True,False,5.990374295612259e-06
10,random,50,200.0,20,20,20,True,False,5.990374295612259e-06
10,random,51,190.0,21,20,20,True,False,5.995328412398368e-06
10,random,52,190.0,21,20,20,True,False,5.995328412398368e-06
10,random,53,200.0,20,20,20,True,False,5.809921035553146e-06
10,random,54,200.0,20,20,20,True,False,5.809921035553146e-06
10,random,55,190.0,21,20,20,True,False,6.3986535918983565e-06
10,random,56,190.0,21,20,20,True,False,6.3986535918983565e-06
10,random,57,180.0,22,20,20,True,False,2.36477235409055e-05
10,random,58,180.0,22,20,20,True,False,2.36477235409055e-05
10,random,59,190.0,21,20,20,True,False,2.3442574795821505e-05
10,random,60,190.0,21,20,20,True,False,2.3442574795821505e-05
10,random,61,200.0,20,20,20,True,False,1.9918120269817073e-05
10,random,62,200.0,20,20,20,True,False,1.9918120269817073e-05
10,random,63,200.0,20,20,20,True,False,1.9918120269817073e-05
10,random,64,200.0,20,20,20,True,False,1.9918120269817073e-05
10,random,65,190.0,21,20,20,True,False,2.2542069234582567e-05
10,random,66,190.0,21,20,20,True,False,2.2542069234582567e-05
10,random,67,180.0,22,20,20,True,False,3.56482988133729e-05
10,random,68,180.0,22,20,20,True,False,3.56482988133729e-05
10,random,69,190.0,21,20,20,True,False,3.465984009898788e-05
10,random,70,190.0,21,20,20,True,False,3.465984009898788e-05
10,random,71,200.0,20,20,20,True,False,3.3143081320203525e-05
10,random,72,200.0,20,20,20,True,False,3.3143081320203525e-05
10,random,73,190.0,21,20,20,True,False,3.327715297793278e-05
10,random,74,190.0,21,20,20,True,False,3.327715297793278e-05
10,random,75,180.0,22,20,20,True,False,4.9089210210478057e-05
10,random,76,180.0,22,20,20,True,False,4.9089210210478057e-05
10,random,77,170.0,23,20,20,True,False,4.9508757599671265e-05
10,random,78,170.0,23,20,20,True,False,4.9508757599671265e-05
10,random,79,180.0,22,20,20,True,False,4.946274489214519e-05
10,random,80,180.0,22,20,20,True,False,4.946274489214519e-05
10,random,81,190.0,21,20,20,True,False,4.9335996138730626e-05
10,random,82,190.0,21,20,20,True,False,4.9335996138730626e-05
10,random,83,180.0,22,20,20,True,False,5.284162694714252e-05
10,random,84,180.0,22,20,20,True,False,5.284162694714252e-05
10,random,85,190.0,21,20,20,True,False,5.2562551858760074e-05
10,random,86,190.0,21,20,20,True,False,5.2562551858760074e-05
10,random,87,180.0,22,20,20,True,False,5.6501115123698545e-05
10,random,88,180.0,22,20,20,True,False,5.6501115123698545e-05
10,random,89,170.0,23,20,20,True,False,5.891695794142251e-05
10,random,90,170.0,23,20,20,True,False,5.891695794142251e-05
10,random,91,170.0,23,20,20,True,False,5.891695794142251e-05
10,random,92,170.0,23,20,20,True,False,5.891695794142251e-05
10,random,93,170.0,23,20,20,True,False,5.891695794142251e-05
10,random,94,170.0,23,20,20,True,False,5.891695794142251e-05
10,random,95,180.0,22,20,20,True,False,4.49168465188759e-05
10,random,96,180.0,22,20,20,True,False,4.49168465188759e-05
10,random,97,180.0,22,20,20,True,False,4.49168465188759e-05
10,random,98,180.0,22,20,20,True,False,4.49168465188759e-05
10,random,99,180.0,22,20,20,True,False,4.49168465188759e-05
10,random,100,180.0,22,20,20,True,False,4.49168465188759e-05
10,learned,0,180.0,22,20,20,True,False,5.307786908520348e-06
10,learned,1,180.0,22,20,20,True,False,5.307786908520348e-06
10,learned,2,170.0,23,20,20,True,False,5.3667812832962345e-06
10,learned,3,170.0,23,20,20,True,False,5.3667812832962345e-06
10,learned,4,180.0,22,20,20,True,False,5.307786908520299e-06
10,learned,5,180.0,22,20,20,True,False,5.307786908520299e-06
10,learned,6,170.0,23,20,20,True,False,1.0103523399073485e-05
10,learned,7,170.0,23,20,20,True,False,1.0103523399073485e-05
10,learned,8,180.0,22,20,20,True,False,5.307786908520299e-06
10,learned,9,180.0,22,20,20,True,False,5.307786908520299e-06
10,learned,10,170.0,23,20,20,True,False,5.334847960833496e-06
10,learned,11,170.0,23,20,20,True,False,5.334847960833496e-06
10,learned,12,180.0,22,20,20,True,False,5.307786908520299e-06
10,learned,13,180.0,22,20,20,True,False,5.307786908520299e-06
10,learned,14,170.0,23,20,20,True,False,5.334847960833496e-06
10,learned,15,170.0,23,20,20,True,False,5.334847960833496e-06
10,learned,16,180.0,22,20,20,True,False,5.212829789373633e-06
10,learned,17,180.0,22,20,20,True,False,5.212829789373633e-06
10,learned,18,190.0,21,20,20,True,False,5.181729393302918e-06
10,learned,19,190.0,21,20,20,True,False,5.181729393302918e-06
10,learned,20,180.0,22,20,20,True,False,5.307786908520354e-06
10,learned,21,180.0,22,20,20,True,False,5.307786908520354e-06
10,learned,22,190.0,21,20,20,True,False,5.181729393302918e-06
10,learned,23,190.0,21,20,20,True,False,5.181729393302918e-06
10,learned,24,180.0,22,20,20,True,False,5.307786908520354e-06
10,learned,25,180.0,22,20,20,True,False,5.307786908520354e-06
10,learned,26,190.0,21,20,20,True,False,5.181729393302918e-06
10,learned,27,190.0,21,20,20,True,False,5.181729393302918e-06
10,learned,28,200.0,20,20,20,True,False,5.133616839766849e-06
10,learned,29,200.0,20,20,20,True,False,5.133616839766849e-06
10,learned,30,190.0,21,20,20,True,False,7.952510234539442e-06
10,learned,31,190.0,21,20,20,True,False,7.952510234539442e-06
10,learned,32,200.0,20,20,20,True,False,7.923553001068898e-06
10,learned,33,200.0,20,20,20,True,False,7.923553001068898e-06
10,learned,34,210.0,19,20,20,True,False,7.580112328865656e-06
10,learned,35,210.0,19,20,20,True,False,7.580112328865656e-06
10,learned,36,220.0,18,20,20,True,False,6.5596097171972946e-06
10,learned,37,220.0,18,20,20,True,False,6.5596097171972946e-06
10,learned,38,210.0,19,20,20,True,False,7.775990198301937e-06
10,learned,39,210.0,19,20,20,True,False,7.775990198301937e-06
10,learned,40,220.0,18,20,20,True,False,6.5596097171972946e-06
10,learned,41,220.0,18,20,20,True,False,6.5596097171972946e-06
10,learned,42,210.0,19,20,20,True,False,6.662512170268034e-06
10,learned,43,210.0,19,20,20,True,False,6.662512170268034e-06
10,learned,44,220.0,18,20,20,True,False,6.5596097171972946e-06
10,learned,45,220.0,18,20,20,True,False,6.5596097171972946e-06
10,learned,46,210.0,19,20,20,True,False,7.775990198301937e-06
10,learned,47,210.0,19,20,20,True,False,7.775990198301937e-06
10,learned,48,200.0,20,20,20,True,False,8.383351539806057e-06
10,learned,49,200.0,20,20,20,True,False,8.383351539806057e-06
10,learned,50,190.0,21,20,20,True,False,1.433481248973285e-05
10,learned,51,190.0,21,20,20,True,False,1.433481248973285e-05
10,learned,52,200.0,20,20,20,True,False,1.4288486565613622e-05
10,learned,53,200.0,20,20,20,True,False,1.4288486565613622e-05
10,learned,54,210.0,19,20,20,True,False,1.3945797702154678e-05
10,learned,55,210.0,19,20,20,True,False,1.3945797702154678e-05
10,learned,56,220.0,18,20,20,True,False,6.5596097171972946e-06
10,learned,57,220.0,18,20,20,True,False,6.5596097171972946e-06
10,learned,58,230.0,17,20,20,True,False,5.117220259949191e-06
10,learned,59,230.0,17,20,20,True,False,5.117220259949191e-06
10,learned,60,220.0,18,20,20,True,False,5.721827085687494e-06
10,learned,61,220.0,18,20,20,True,False,5.721827085687494e-06
10,learned,62,230.0,17,20,20,True,False,5.117220259949191e-06
10,learned,63,230.0,17,20,20,True,False,5.117220259949191e-06
10,learned,64,220.0,18,20,20,True,False,5.721827085687542e-06
10,learned,65,220.0,18,20,20,True,False,5.721827085687542e-06
10,learned,66,230.0,17,20,20,True,False,5.117220259949191e-06
10,learned,67,230.0,17,20,20,True,False,5.117220259949191e-06
10,learned,68,220.0,18,20,20,True,False,5.721827085687494e-06
10,learned,69,220.0,18,20,20,True,False,5.721827085687494e-06
10,learned,70,230.0,17,20,20,True,False,5.117220259949191e-06
10,learned,71,230.0,17,20,20,True,False,5.117220259949191e-06
10,learned,72,240.0,16,20,20,True,False,4.790764567420774e-06
10,learned,73,240.0,16,20,20,True,False,4.790764567420774e-06
10,learned,74,230.0,17,20,20,True,False,6.2213959594388e-06
10,learned,75,230.0,17,20,20,True,False,6.2213959594388e-06
10,learned,76,220.0,18,20,20,True,False,1.2149501298146521e-05
10,learned,77,220.0,18,20,20,True,False,1.2149501298146521e-05
10,learned,78,230.0,17,20,20,True,False,6.2213959594388e-06
10,learned,79,230.0,17,20,20,True,False,6.2213959594388e-06
10,learned,80,240.0,16,20,20,True,False,6.095570946115928e-06
10,learned,81,240.0,16,20,20,True,False,6.095570946115928e-06
10,learned,82,230.0,17,20,20,True,False,6.924546230910706e-06
10,learned,83,230.0,17,20,20,True,False,6.924546230910706e-06
10,learned,84,240.0,16,20,20,True,False,6.5709290436515315e-06
10,learned,85,240.0,16,20,20,True,False,6.5709290436515315e-06
10,learned,86,250.0,15,20,20,True,False,6.567148345551603e-06
10,learned,87,250.0,15,20,20,True,False,6.567148345551603e-06
10,learned,88,260.0,14,20,20,True,False,4.797542193219645e-06
10,learned,89,260.0,14,20,20,True,False,4.797542193219645e-06
10,learned,90,270.0,13,20,20,True,False,2.979946150277307e-06
10,learned,91,270.0,13,20,20,True,False,2.979946150277307e-06
10,learned,92,260.0,14,20,20,True,False,9.892780701887687e-06
10,learned,93,260.0,14,20,20,True,False,9.892780701887687e-06
10,learned,94,270.0,13,20,20,True,False,5.978564250011927e-06
10,learned,95,270.0,13,20,20,True,False,5.978564250011927e-06
10,learned,96,280.0,12,20,20,True,False,5.495290017509049e-06
10,learned,97,280.0,12,20,20,True,False,5.495290017509049e-06
10,learned,98,290.0,11,20,20,True,False,1.4640250803536335e-06
10,learned,99,290.0,11,20,20,True,False,1.4640250803536335e-06
10,learned,100,280.0,10,19,20,False,False,0.0
11,initial,0,20.0,2,2,20,False,False,0.0
11,greedy,0,20.0,2,2,20,False,False,0.0
11,greedy,1,50.0,3,4,20,False,False,0.0
11,greedy,2,80.0,4,6,20,False,False,0.0
11,greedy,3,110.0,5,8,20,False,False,0.0
11,greedy,4,140.0,6,10,20,False,False,0.0
11,greedy,5,170.0,7,12,20,False,False,0.0
11,greedy,6,200.0,8,14,20,False,False,0.0
11,greedy,7,210.0,7,14,20,False,False,0.0
11,greedy,8,220.0,8,15,20,False,False,0.0
11,greedy,9,230.0,9,16,20,False,False,0.0
11,greedy,10,240.0,8,16,20,False,False,0.0
11,greedy,11,250.0,9,17,20,False,False,0.0
11,greedy,12,260.0,10,18,20,False,False,0.0
11,greedy,13,270.0,11,19,20,False,False,0.0
11,greedy,14,280.0,12,20,20,True,False,1.2293452857515385e-06
11,random,0,20.0,2,2,20,False,False,0.0
11,random,1,20.0,2,2,20,False,False,0.0
11,random,2,20.0,2,2,20,False,False,0.0
11,random,3,20.0,2,2,20,False,False,0.0
11,random,4,20.0,2,2,20,False,False,0.0
11,random,5,50.0,3,4,20,False,False,0.0
11,random,6,50.0,3,4,20,False,False,0.0
11,random,7,80.0,4,6,20,False,False,0.0
11,random,8,80.0,4,6,20,False,False,0.0
11,random,9,110.0,5,8,20,False,False,0.0
11,random,10,110.0,5,8,20,False,False,0.0
11,random,11,140.0,6,10,20,False,False,0.0
11,random,12,140.0,6,10,20,False,False,0.0
11,random,13,140.0,6,10,20,False,False,0.0
11,random,14,140.0,6,10,20,False,False,0.0
11,random,15,170.0,7,12,20,False,False,0.0
11,random,16,170.0,7,12,20,False,False,0.0
11,random,17,200.0,8,14,20,False,False,0.0
11,random,18,200.0,8,14,20,False,False,0.0
11,random,19,210.0,9,15,20,False,False,0.0
11,random,20,210.0,9,15,20,False,False,0.0
11,random,21,200.0,10,15,20,False,False,0.0
11,random,22,200.0,10,15,20,False,False,0.0
11,random,23,200.0,10,15,20,False,False,0.0
11,random,24,200.0,10,15,20,False,False,0.0
11,random,25,200.0,10,15,20,False,False,0.0
11,random,26,210.0,11,16,20,False,False,0.0
11,random,27,210.0,11,16,20,False,False,0.0
11,random,28,210.0,11,16,20,False,False,0.0
11,random,29,210.0,11,16,20,False,False,0.0
11,random,30,210.0,11,16,20,False,False,0.0
11,random,31,210.0,11,16,20,False,False,0.0
11,random,32,210.0,11,16,20,False,False,0.0
11,random,33,200.0,12,16,20,False,False,0.0
11,random,34,200.0,12,16,20,False,False,0.0
11,random,35,190.0,13,16,20,False,False,0.0
11,random,36,190.0,13,16,20,False,False,0.0
11,random,37,190.0,13,16,20,False,False,0.0
11,random,38,190.0,13,16,20,False,False,0.0
11,random,39,200.0,14,17,20,False,False,0.0
11,random,40,200.0,14,17,20,False,False,0.0
11,random,41,230.0,15,19,20,False,False,0.0
11,random,42,230.0,15,19,20,False,False,0.0
11,random,43,240.0,16,20,20,True,False,5.240860155226662e-06
11,random,44,240.0,16,20,20,True,False,5.240860155226662e-06
11,random,45,230.0,17,20,20,True,False,5.405130845610521e-06
11,random,46,230.0,17,20,20,True,False,5.405130845610521e-06
11,random,47,220.0,18,20,20,True,False,5.8756995038322445e-06
11,random,48,220.0,18,20,20,True,False,5.8756995038322445e-06
11,random,49,220.0,18,20,20,True,False,5.8756995038322445e-06
11,random,50,220.0,18,20,20,True,False,5.8756995038322445e-06
11,random,51,210.0,19,20,20,True,False,5.911864096525761e-06
11,random,52,210.0,19,20,20,True,False,5.911864096525761e-06
11,random,53,200.0,20,20,20,True,False,5.93192276256028e-06
11,random,54,200.0,20,20,20,True,False,5.93192276256028e-06
11,random,55,200.0,20,20,20,True,False,5.93192276256028e-06
11,random,56,200.0,20,20,20,True,False,5.93192276256028e-06
11,random,57,200.0,20,20,20,True,False,5.93192276256028e-06
11,random,58,200.0,20,20,20,True,False,5.93192276256028e-06
11,random,59,200.0,20,20,20,True,False,5.93192276256028e-06
11,random,60,200.0,20,20,20,True,False,5.93192276256028e-06
11,random,61,200.0,20,20,20,True,False,5.93192276256028e-06
11,random,62,200.0,20,20,20,True,False,5.93192276256028e-06
11,random,63,190.0,21,20,20,True,False,6.494078889821277e-06
11,random,64,190.0,21,20,20,True,False,6.494078889821277e-06
11,random,65,180.0,22,20,20,True,False,7.027726123498744e-06
11,random,66,180.0,22,20,20,True,False,7.027726123498744e-06
11,random,67,170.0,23,20,20,True,False,7.038879225556007e-06
11,random,68,170.0,23,20,20,True,False,7.038879225556007e-06
11,random,69,170.0,23,20,20,True,False,7.038879225556007e-06
11,random,70,170.0,23,20,20,True,False,7.038879225556007e-06
11,random,71,160.0,24,20,20,True,False,8.98633088390604e-06
11,random,72,160.0,24,20,20,True,False,8.98633088390604e-06
11,random,73,150.0,25,20,20,True,False,9.302784674441129e-06
11,random,74,150.0,25,20,20,True,False,9.302784674441129e-06
11,random,75,160.0,24,20,20,True,False,8.986330883906109e-06
11,random,76,160.0,24,20,20,True,False,8.986330883906109e-06
11,random,77,150.0,25,20,20,True,False,2.0851267497251835e-05
11,random,78,150.0,25,20,20,True,False,2.0851267497251835e-05
11,random,79,140.0,26,20,20,True,False,2.948288364222622e-05
11,random,80,140.0,26,20,20,True,False,2.948288364222622e-05
11,random,81,150.0,25,20,20,True,False,2.897655168395354e-05
11,random,82,150.0,25,20,20,True,False,2.897655168395354e-05
11,random,83,150.0,25,20,20,True,False,2.897655168395354e-05
11,random,84,140.0,26,20,20,True,False,3.399191256986538e-05
11,random,85,140.0,26,20,20,True,False,3.399191256986538e-05
11,random,86,140.0,26,20,20,True,False,3.399191256986538e-05
11,random,87,140.0,26,20,20,True,False,3.399191256986538e-05
11,random,88,150.0,25,20,20,True,False,1.835199891213811e-05
11,random,89,150.0,25,20,20,True,False,1.835199891213811e-05
11,random,90,140.0,26,20,20,True,False,1.8468139125147018e-05
11,random,91,140.0,26,20,20,True,False,1.8468139125147018e-05
11,random,92,140.0,26,20,20,True,False,1.8468139125147018e-05
11,random,93,140.0,26,20,20,True,False,1.8468139125147018e-05
11,random,94,140.0,26,20,20,True,False,1.8468139125147018e-05
11,random,95,150.0,25,20,20,True,False,1.8351998912138255e-05
11,random,96,150.0,25,20,20,True,False,1.8351998912138255e-05
11,random,97,160.0,24,20,20,True,False,1.2663679430333586e-05
11,random,98,160.0,24,20,20,True,False,1.2663679430333586e-05
11,random,99,160.0,24,20,20,True,False,1.2663679430333586e-05
11,random,100,150.0,25,20,20,True,False,1.2794110242949416e-05
11,learned,0,20.0,2,2,20,False,False,0.0
11,learned,1,20.0,2,2,20,False,False,0.0
11,learned,2,50.0,3,4,20,False,False,0.0
11,learned,3,50.0,3,4,20,False,False,0.0
11,learned,4,80.0,4,6,20,False,False,0.0
11,learned,5,80.0,4,6,20,False,False,0.0
11,learned,6,110.0,5,8,20,False,False,0.0
11,learned,7,110.0,5,8,20,False,False,0.0
11,learned,8,140.0,6,10,20,False,False,0.0
11,learned,9,140.0,6,10,20,False,False,0.0
11,learned,10,170.0,7,12,20,False,False,0.0
11,learned,11,170.0,7,12,20,False,False,0.0
11,learned,12,180.0,8,13,20,False,False,0.0
11,learned,13,180.0,8,13,20,False,False,0.0
11,learned,14,190.0,7,13,20,False,False,0.0
11,learned,15,190.0,7,13,20,False,False,0.0
11,learned,16,220.0,8,15,20,False,False,0.0
11,learned,17,220.0,8,15,20,False,False,0.0
11,learned,18,250.0,9,17,20,False,False,0.0
11,learned,19,250.0,9,17,20,False,False,0.0
11,learned,20,220.0,8,15,20,False,False,0.0
11,learned,21,220.0,8,15,20,False,False,0.0
11,learned,22,250.0,9,17,20,False,False,0.0
11,learned,23,250.0,9,17,20,False,False,0.0
11,learned,24,280.0,10,19,20,False,False,0.0
11,learned,25,280.0,10,19,20,False,False,0.0
11,learned,26,290.0,11,20,20,True,False,3.0393718128673706e-07
11,learned,27,290.0,11,20,20,True,False,3.0393718128673706e-07
11,learned,28,280.0,12,20,20,True,False,3.1524945739019934e-07
11,learned,29,280.0,12,20,20,True,False,3.1524945739019934e-07
11,learned,30,290.0,11,20,20,True,False,3.0393718128673706e-07
11,learned,31,290.0,11,20,20,True,False,3.0393718128673706e-07
11,learned,32,280.0,12,20,20,True,False,3.067867878086441e-07
11,learned,33,280.0,12,20,20,True,False,3.067867878086441e-07
11,learned,34,270.0,13,20,20,True,False,3.1805296628304737e-07
11,learned,35,270.0,13,20,20,True,False,3.1805296628304737e-07
11,learned,36,280.0,12,20,20,True,False,3.067867878086441e-07
11,learned,37,280.0,12,20,20,True,False,3.067867878086441e-07
11,learned,38,270.0,13,20,20,True,False,3.1805296628304737e-07
11,learned,39,270.0,13,20,20,True,False,3.1805296628304737e-07
11,learned,40,280.0,12,20,20,True,False,3.067867878086441e-07
11,learned,41,280.0,12,20,20,True,False,3.067867878086441e-07
11,learned,42,270.0,13,20,20,True,False,3.2612261527089185e-07
11,learned,43,270.0,13,20,20,True,False,3.2612261527089185e-07
11,learned,44,280.0,12,20,20,True,False,3.067867878086441e-07
11,learned,45,280.0,12,20,20,True,False,3.067867878086441e-07
11,learned,46,290.0,11,20,20,True,False,2.415548440508113e-09
11,learned,47,290.0,11,20,20,True,False,2.415548440508113e-09
11,learned,48,280.0,12,20,20,True,False,2.802581919547823e-09
11,learned,49,280.0,12,20,20,True,False,2.802581919547823e-09
11,learned,50,290.0,11,20,20,True,False,2.415548440528505e-09
11,learned,51,290.0,11,20,20,True,False,2.415548440528505e-09
11,learned,52,280.0,12,20,20,True,False,3.5315493580609322e-09
11,learned,53,280.0,12,20,20,True,False,3.5315493580609322e-09
11,learned,54,290.0,11,20,20,True,False,3.507343578231695e-09
11,learned,55,290.0,11,20,20,True,False,3.507343578231695e-09
11,learned,56,280.0,12,20,20,True,False,6.0790712666883934e-09
11,learned,57,280.0,12,20,20,True,False,6.0790712666883934e-09
11,learned,58,270.0,13,20,20,True,False,6.101231076069929e-09
11,learned,59,270.0,13,20,20,True,False,6.101231076069929e-09
11,learned,60,280.0,12,20,20,True,False,6.079071266659675e-09
11,learned,61,280.0,12,20,20,True,False,6.079071266659675e-09
11,learned,62,270.0,13,20,20,True,False,3.495763750619882e-07
11,learned,63,270.0,13,20,20,True,False,3.495763750619882e-07
11,learned,64,280.0,12,20,20,True,False,3.2765463618017506e-07
11,learned,65,280.0,12,20,20,True,False,3.2765463618017506e-07
11,learned,66,290.0,11,20,20,True,False,4.9284869355587954e-08
11,learned,67,290.0,11,20,20,True,False,4.9284869355587954e-08
11,learned,68,280.0,10,19,20,False,False,0.0
11,learned,69,280.0,10,19,20,False,False,0.0
11,learned,70,270.0,11,19,20,False,False,0.0
11,learned,71,270.0,11,19,20,False,False,0.0
11,learned,72,280.0,10,19,20,False,False,0.0
11,learned,73,280.0,10,19,20,False,False,0.0
11,learned,74,290.0,11,20,20,True,False,4.9284869355587954e-08
11,learned,75,290.0,11,20,20,True,False,4.9284869355587954e-08
11,learned,76,280.0,12,20,20,True,False,6.32659495938088e-08
11,learned,77,280.0,12,20,20,True,False,6.32659495938088e-08
11,learned,78,290.0,11,20,20,True,False,4.9284869355587954e-08
11,learned,79,290.0,11,20,20,True,False,4.9284869355587954e-08
11,learned,80,260.0,10,18,20,False,False,0.0
11,learned,81,260.0,10,18,20,False,False,0.0
11,learned,82,270.0,11,19,20,False,False,0.0
11,learned,83,270.0,11,19,20,False,False,0.0
11,learned,84,240.0,10,17,20,False,False,0.0
11,learned,85,240.0,10,17,20,False,False,0.0
11,learned,86,270.0,11,19,20,False,False,0.0
11,learned,87,270.0,11,19,20,False,False,0.0
11,learned,88,280.0,10,19,20,False,False,0.0
11,learned,89,280.0,10,19,20,False,False,0.0
11,learned,90,290.0,11,20,20,True,False,9.238343109445598e-07
11,learned,91,290.0,11,20,20,True,False,9.238343109445598e-07
11,learned,92,280.0,12,20,20,True,False,1.0289449043722105e-06
11,learned,93,280.0,12,20,20,True,False,1.0289449043722105e-06
11,learned,94,290.0,11,20,20,True,False,9.238343109445598e-07
11,learned,95,290.0,11,20,20,True,False,9.238343109445598e-07
11,learned,96,280.0,12,20,20,True,False,2.0993980185904993e-06
11,learned,97,280.0,12,20,20,True,False,2.0993980185904993e-06
11,learned,98,270.0,13,20,20,True,False,3.649661294825613e-06
11,learned,99,270.0,13,20,20,True,False,3.649661294825613e-06
11,learned,100,280.0,12,20,20,True,False,4.77076940036249e-07
12,initial,0,140.0,26,20,20,True,False,8.229542216789745e-05
12,greedy,0,140.0,26,20,20,True,False,8.229542216789745e-05
12,greedy,1,150.0,25,20,20,True,False,4.788159407880889e-05
12,greedy,2,160.0,24,20,20,True,False,4.778570094427223e-05
12,greedy,3,170.0,23,20,20,True,False,4.775672749224297e-05
12,greedy,4,180.0,22,20,20,True,False,4.703773111440468e-05
12,greedy,5,190.0,21,20,20,True,False,4.698431856379411e-05
12,greedy,6,200.0,20,20,20,True,False,4.090480386446082e-05
12,greedy,7,210.0,19,20,20,True,False,3.905629602723133e-05
12,greedy,8,220.0,18,20,20,True,False,2.6296225923226162e-05
12,greedy,9,230.0,17,20,20,True,False,2.3932502379875578e-05
12,greedy,10,240.0,16,20,20,True,False,3.875919233634279e-06
12,greedy,11,250.0,15,20,20,True,False,3.9502391443912344e-07
12,greedy,12,260.0,14,20,20,True,False,3.945894944928226e-07
12,greedy,13,270.0,13,20,20,True,False,3.9458406923035275e-07
12,greedy,14,280.0,12,20,20,True,False,3.92788984908807e-07
12,greedy,15,290.0,11,20,20,True,False,3.9274709646275185e-07
12,greedy,16,300.0,10,20,20,True,True,3.9148994520078263e-07
12,random,0,140.0,26,20,20,True,False,8.229542216789745e-05
12,random,1,140.0,26,20,20,True,False,8.229542216789745e-05
12,random,2,130.0,27,20,20,True,False,8.272051700912768e-05
12,random,3,130.0,27,20,20,True,False,8.272051700912768e-05
12,random,4,140.0,26,20,20,True,False,7.575128034089351e-05
12,random,5,140.0,26,20,20,True,False,7.575128034089351e-05
12,random,6,140.0,26,20,20,True,False,7.575128034089351e-05
12,random,7,130.0,27,20,20,True,False,7.602157407561274e-05
12,random,8,130.0,27,20,20,True,False,7.602157407561274e-05
12,random,9,120.0,28,20,20,True,False,7.661794133277917e-05
12,random,10,120.0,28,20,20,True,False,7.661794133277917e-05
12,random,11,130.0,27,20,20,True,False,7.634319507062203e-05
12,random,12,130.0,27,20,20,True,False,7.634319507062203e-05
12,random,13,120.0,28,20,20,True,False,7.65252592894838e-05
12,random,14,120.0,28,20,20,True,False,7.65252592894838e-05
12,random,15,120.0,28,20,20,True,False,7.65252592894838e-05
12,random,16,120.0,28,20,20,True,False,7.65252592894838e-05
12,random,17,130.0,27,20,20,True,False,7.589599502234942e-05
12,random,18,130.0,27,20,20,True,False,7.589599502234942e-05
12,random,19,140.0,26,20,20,True,False,5.227796060486866e-05
12,random,20,140.0,26,20,20,True,False,5.227796060486866e-05
12,random,21,140.0,26,20,20,True,False,5.227796060486866e-05
12,random,22,140.0,26,20,20,True,False,5.227796060486866e-05
12,random,23,150.0,25,20,20,True,False,5.1562092082897634e-05
12,random,24,150.0,25,20,20,True,False,5.1562092082897634e-05
12,random,25,150.0,25,20,20,True,False,5.1562092082897634e-05
12,random,26,150.0,25,20,20,True,False,5.1562092082897634e-05
12,random,27,150.0,25,20,20,True,False,5.1562092082897634e-05
12,random,28,150.0,25,20,20,True,False,5.1562092082897634e-05
12,random,29,140.0,26,20,20,True,False,5.227796060486866e-05
12,random,30,140.0,26,20,20,True,False,5.227796060486866e-05
12,random,31,150.0,25,20,20,True,False,5.2276981833847066e-05
12,random,32,150.0,25,20,20,True,False,5.2276981833847066e-05
12,random,33,150.0,25,20,20,True,False,5.2276981833847066e-05
12,random,34,150.0,25,20,20,True,False,5.2276981833847066e-05
12,random,35,160.0,24,20,20,True,False,5.132817808725256e-05
12,random,36,160.0,24,20,20,True,False,5.132817808725256e-05
12,random,37,150.0,25,20,20,True,False,5.738803775041061e-05
12,random,38,150.0,25,20,20,True,False,5.738803775041061e-05
12,random,39,160.0,24,20,20,True,False,4.205702490808838e-05
12,random,40,160.0,24,20,20,True,False,4.205702490808838e-05
12,random,41,170.0,23,20,20,True,False,3.613806977400508e-05
12,random,42,170.0,23,20,20,True,False,3.613806977400508e-05
12,random,43,160.0,24,20,20,True,False,3.6662989640452366e-05
12,random,44,160.0,24,20,20,True,False,3.6662989640452366e-05
12,random,45,150.0,25,20,20,True,False,6.882747942436499e-05
12,random,46,150.0,25,20,20,True,False,6.882747942436499e-05
12,random,47,160.0,24,20,20,True,False,6.560571413383775e-05
12,random,48,160.0,24,20,20,True,False,6.560571413383775e-05
12,random,49,170.0,23,20,20,True,False,6.500315085708479e-05
12,random,50,170.0,23,20,20,True,False,6.500315085708479e-05
12,random,51,170.0,23,20,20,True,False,6.500315085708479e-05
12,random,52,170.0,23,20,20,True,False,6.500315085708479e-05
12,random,53,170.0,23,20,20,True,False,6.500315085708479e-05
12,random,54,170.0,23,20,20,True,False,6.500315085708479e-05
12,random,55,160.0,24,20,20,True,False,7.481320211170369e-05
12,random,56,160.0,24,20,20,True,False,7.481320211170369e-05
12,random,57,160.0,24,20,20,True,False,7.481320211170369e-05
12,random,58,160.0,24,20,20,True,False,7.481320211170369e-05
12,random,59,160.0,24,20,20,True,False,7.481320211170369e-05
12,random,60,160.0,24,20,20,True,False,7.481320211170369e-05
12,random,61,170.0,23,20,20,True,False,7.283589007137956e-05
12,random,62,170.0,23,20,20,True,False,7.283589007137956e-05
12,random,63,160.0,24,20,20,True,False,7.684741975379195e-05
12,random,64,160.0,24,20,20,True,False,7.684741975379195e-05
12,random,65,160.0,24,20,20,True,False,7.684741975379195e-05
12,random,66,150.0,25,20,20,True,False,7.68541314066529e-05
12,random,67,150.0,25,20,20,True,False,7.68541314066529e-05
12,random,68,140.0,26,20,20,True,False,7.70167264264941e-05
12,random,69,140.0,26,20,20,True,False,7.70167264264941e-05
12,random,70,130.0,27,20,20,True,False,7.999854671881456e-05
12,random,71,130.0,27,20,20,True,False,7.999854671881456e-05
12,random,72,140.0,26,20,20,True,False,7.98346046299341e-05
12,random,73,140.0,26,20,20,True,False,7.98346046299341e-05
12,random,74,130.0,27,20,20,True,False,0.00010178194303583235
12,random,75,130.0,27,20,20,True,False,0.00010178194303583235
12,random,76,130.0,27,20,20,True,False,0.00010178194303583235
12,random,77,120.0,28,20,20,True,False,0.00010372762567978212
12,random,78,120.0,28,20,20,True,False,0.00010372762567978212
12,random,79,130.0,27,20,20,True,False,0.00010178194303583386
12,random,80,130.0,27,20,20,True,False,0.00010178194303583386
12,random,81,130.0,27,20,20,True,False,0.00010178194303583386
12,random,82,130.0,27,20,20,True,False,0.00010178194303583386
12,random,83,120.0,28,20,20,True,False,0.00011413511511677274
12,random,84,120.0,28,20,20,True,False,0.00011413511511677274
12,random,85,130.0,27,20,20,True,False,0.00010341880639847945
12,random,86,130.0,27,20,20,True,False,0.00010341880639847945
12,random,87,130.0,27,20,20,True,False,0.00010341880639847945
12,random,88,130.0,27,20,20,True,False,0.00010341880639847945
12,random,89,140.0,26,20,20,True,False,9.409944368305158e-05
12,random,90,140.0,26,20,20,True,False,9.409944368305158e-05
12,random,91,140.0,26,20,20,True,False,9.409944368305158e-05
12,random,92,140.0,26,20,20,True,False,9.409944368305158e-05
12,random,93,130.0,27,20,20,True,False,9.496282711837928e-05
12,random,94,130.0,27,20,20,True,False,9.496282711837928e-05
12,random,95,120.0,28,20,20,True,False,9.506141963047465e-05
12,random,96,120.0,28,20,20,True,False,9.506141963047465e-05
12,random,97,120.0,28,20,20,True,False,9.506141963047465e-05
12,random,98,120.0,28,20,20,True,False,9.506141963047465e-05
12,random,99,130.0,27,20,20,True,False,8.629007826052141e-05
12,random,100,130.0,27,20,20,True,False,8.629007826052141e-05
12,learned,0,140.0,26,20,20,True,False,8.229542216789745e-05
12,learned,1,140.0,26,20,20,True,False,8.229542216789745e-05
12,learned,2,150.0,25,20,20,True,False,8.205034310446441e-05
12,learned,3,150.0,25,20,20,True,False,8.205034310446441e-05
12,learned,4,140.0,26,20,20,True,False,8.229542216789745e-05
12,learned,5,140.0,26,20,20,True,False,8.229542216789745e-05
12,learned,6,150.0,25,20,20,True,False,8.205034310446363e-05
12,learned,7,150.0,25,20,20,True,False,8.205034310446363e-05
12,learned,8,160.0,24,20,20,True,False,8.166767423495906e-05
12,learned,9,160.0,24,20,20,True,False,8.166767423495906e-05
12,learned,10,150.0,25,20,20,True,False,9.469583949199553e-05
12,learned,11,150.0,25,20,20,True,False,9.469583949199553e-05
12,learned,12,160.0,24,20,20,True,False,8.166767423495906e-05
12,learned,13,160.0,24,20,20,True,False,8.166767423495906e-05
12,learned,14,150.0,25,20,20,True,False,9.469583949199553e-05
12,learned,15,150.0,25,20,20,True,False,9.469583949199553e-05
12,learned,16,160.0,24,20,20,True,False,8.166767423495906e-05
12,learned,17,160.0,24,20,20,True,False,8.166767423495906e-05
12,learned,18,150.0,25,20,20,True,False,9.469583949199553e-05
12,learned,19,150.0,25,20,20,True,False,9.469583949199553e-05
12,learned,20,160.0,24,20,20,True,False,8.166767423495906e-05
12,learned,21,160.0,24,20,20,True,False,8.166767423495906e-05
12,learned,22,170.0,23,20,20,True,False,4.7300295092187845e-05
12,learned,23,170.0,23,20,20,True,False,4.7300295092187845e-05
12,learned,24,180.0,22,20,20,True,False,4.42039426110218e-05
12,learned,25,180.0,22,20,20,True,False,4.42039426110218e-05
12,learned,26,190.0,21,20,20,True,False,4.390269453710982e-05
12,learned,27,190.0,21,20,20,True,False,4.390269453710982e-05
12,learned,28,180.0,22,20,20,True,False,4.429207954019968e-05
12,learned,29,180.0,22,20,20,True,False,4.429207954019968e-05
12,learned,30,190.0,21,20,20,True,False,4.390269453710982e-05
12,learned,31,190.0,21,20,20,True,False,4.390269453710982e-05
12,learned,32,180.0,22,20,20,True,False,4.804726018774646e-05
12,learned,33,180.0,22,20,20,True,False,4.804726018774646e-05
12,learned,34,190.0,21,20,20,True,False,4.390269453710982e-05
12,learned,35,190.0,21,20,20,True,False,4.390269453710982e-05
12,learned,36,180.0,22,20,20,True,False,4.869078145278785e-05
12,learned,37,180.0,22,20,20,True,False,4.869078145278785e-05
12,learned,38,190.0,21,20,20,True,False,4.390269453710982e-05
12,learned,39,190.0,21,20,20,True,False,4.390269453710982e-05
12,learned,40,180.0,22,20,20,True,False,4.804726018774646e-05
12,learned,41,180.0,22,20,20,True,False,4.804726018774646e-05
12,learned,42,190.0,21,20,20,True,False,4.390269453710982e-05
12,learned,43,190.0,21,20,20,True,False,4.390269453710982e-05
12,learned,44,180.0,22,20,20,True,False,4.429207954019968e-05
12,learned,45,180.0,22,20,20,True,False,4.429207954019968e-05
12,learned,46,190.0,21,20,20,True,False,4.390269453710982e-05
12,learned,47,190.0,21,20,20,True,False,4.390269453710982e-05
12,learned,48,180.0,22,20,20,True,False,4.804726018774646e-05
12,learned,49,180.0,22,20,20,True,False,4.804726018774646e-05
12,learned,50,190.0,21,20,20,True,False,4.390269453710982e-05
12,learned,51,190.0,21,20,20,True,False,4.390269453710982e-05
12,learned,52,180.0,22,20,20,True,False,4.869078145278785e-05
12,learned,53,180.0,22,20,20,True,False,4.869078145278785e-05
12,learned,54,190.0,21,20,20,True,False,4.390269453710982e-05
12,learned,55,190.0,21,20,20,True,False,4.390269453710982e-05
12,learned,56,200.0,20,20,20,True,False,4.027471174240198e-05
12,learned,57,200.0,20,20,20,True,False,4.027471174240198e-05
12,learned,58,210.0,19,20,20,True,False,3.9191501409240535e-05
12,learned,59,210.0,19,20,20,True,False,3.9191501409240535e-05
12,learned,60,200.0,20,20,20,True,False,4.556321007885921e-05
12,learned,61,200.0,20,20,20,True,False,4.556321007885921e-05
12,learned,62,210.0,19,20,20,True,False,3.9191501409240535e-05
12,learned,63,210.0,19,20,20,True,False,3.9191501409240535e-05
12,learned,64,220.0,18,20,20,True,False,3.8914870498402216e-05
12,learned,65,220.0,18,20,20,True,False,3.8914870498402216e-05
12,learned,66,230.0,17,20,20,True,False,3.5973091102623495e-05
12,learned,67,230.0,17,20,20,True,False,3.5973091102623495e-05
12,learned,68,220.0,18,20,20,True,False,3.7155948871588824e-05
12,learned,69,220.0,18,20,20,True,False,3.7155948871588824e-05
12,learned,70,210.0,19,20,20,True,False,3.731529480833409e-05
12,learned,71,210.0,19,20,20,True,False,3.731529480833409e-05
12,learned,72,220.0,18,20,20,True,False,3.610180066445636e-05
12,learned,73,220.0,18,20,20,True,False,3.610180066445636e-05
12,learned,74,230.0,17,20,20,True,False,3.5973091102623495e-05
12,learned,75,230.0,17,20,20,True,False,3.5973091102623495e-05
12,learned,76,220.0,18,20,20,True,False,4.073724052307623e-05
12,learned,77,220.0,18,20,20,True,False,4.073724052307623e-05
12,learned,78,210.0,19,20,20,True,False,4.668032139173115e-05
12,learned,79,210.0,19,20,20,True,False,4.668032139173115e-05
12,learned,80,220.0,18,20,20,True,False,4.073724052307623e-05
12,learned,81,220.0,18,20,20,True,False,4.073724052307623e-05
12,learned,82,210.0,19,20,20,True,False,4.668032139173115e-05
12,learned,83,210.0,19,20,20,True,False,4.668032139173115e-05
12,learned,84,220.0,18,20,20,True,False,4.073724052307623e-05
12,learned,85,220.0,18,20,20,True,False,4.073724052307623e-05
12,learned,86,230.0,17,20,20,True,False,1.6081309825129217e-05
12,learned,87,230.0,17,20,20,True,False,1.6081309825129217e-05
12,learned,88,220.0,18,20,20,True,False,1.6590420259883285e-05
12,learned,89,220.0,18,20,20,True,False,1.6590420259883285e-05
12,learned,90,230.0,17,20,20,True,False,1.6081309825129217e-05
12,learned,91,230.0,17,20,20,True,False,1.6081309825129217e-05
12,learned,92,240.0,16,20,20,True,False,1.4137459045006163e-05
12,learned,93,240.0,16,20,20,True,False,1.4137459045006163e-05
12,learned,94,250.0,15,20,20,True,False,1.3644665343221883e-05
12,learned,95,250.0,15,20,20,True,False,1.3644665343221883e-05
12,learned,96,260.0,14,20,20,True,False,1.0662478284586756e-05
12,learned,97,260.0,14,20,20,True,False,1.0662478284586756e-05
12,learned,98,250.0,15,20,20,True,False,1.0782340168647038e-05
12,learned,99,250.0,15,20,20,True,False,1.0782340168647038e-05
12,learned,100,260.0,14,20,20,True,False,1.0662478284586756e-05
13,initial,0,60.0,2,4,20,False,False,0.0
13,greedy,0,60.0,2,4,20,False,False,0.0
13,greedy,1,90.0,3,6,20,False,False,0.0
13,greedy,2,120.0,4,8,20,False,False,0.0
13,greedy,3,150.0,5,10,20,False,False,0.0
13,greedy,4,180.0,6,12,20,False,False,0.0
13,greedy,5,210.0,7,14,20,False,False,0.0
13,greedy,6,240.0,8,16,20,False,False,0.0
13,greedy,7,250.0,9,17,20,False,False,0.0
13,greedy,8,260.0,10,18,20,False,False,0.0
13,greedy,9,270.0,9,18,20,False,False,0.0
13,greedy,10,280.0,10,19,20,False,False,0.0
13,greedy,11,290.0,11,20,20,True,False,5.902964010987965e-06
13,random,0,60.0,2,4,20,False,False,0.0
13,random,1,60.0,2,4,20,False,False,0.0
13,random,2,60.0,2,4,20,False,False,0.0
13,random,3,30.0,1,2,20,False,False,0.0
13,random,4,30.0,1,2,20,False,False,0.0
13,random,5,60.0,2,4,20,False,False,0.0
13,random,6,60.0,2,4,20,False,False,0.0
13,random,7,50.0,3,4,20,False,False,0.0
13,random,8,50.0,3,4,20,False,False,0.0
13,random,9,80.0,4,6,20,False,False,0.0
13,random,10,80.0,4,6,20,False,False,0.0
13,random,11,80.0,4,6,20,False,False,0.0
13,random,12,80.0,4,6,20,False,False,0.0
13,random,13,80.0,4,6,20,False,False,0.0
13,random,14,80.0,4,6,20,False,False,0.0
13,random,15,110.0,5,8,20,False,False,0.0
13,random,16,110.0,5,8,20,False,False,0.0
13,random,17,110.0,5,8,20,False,False,0.0
13,random,18,110.0,5,8,20,False,False,0.0
13,random,19,140.0,6,10,20,False,False,0.0
13,random,20,140.0,6,10,20,False,False,0.0
13,random,21,140.0,6,10,20,False,False,0.0
13,random,22,140.0,6,10,20,False,False,0.0
13,random,23,140.0,6,10,20,False,False,0.0
13,random,24,140.0,6,10,20,False,False,0.0
13,random,25,110.0,5,8,20,False,False,0.0
13,random,26,110.0,5,8,20,False,False,0.0
13,random,27,140.0,6,10,20,False,False,0.0
13,random,28,140.0,6,10,20,False,False,0.0
13,random,29,140.0,6,10,20,False,False,0.0
13,random,30,140.0,6,10,20,False,False,0.0
13,random,31,170.0,7,12,20,False,False,0.0
13,random,32,170.0,7,12,20,False,False,0.0
13,random,33,170.0,7,12,20,False,False,0.0
13,random,34,170.0,7,12,20,False,False,0.0
13,random,35,200.0,8,14,20,False,False,0.0
13,random,36,200.0,8,14,20,False,False,0.0
13,random,37,230.0,9,16,20,False,False,0.0
13,random,38,230.0,9,16,20,False,False,0.0
13,random,39,230.0,9,16,20,False,False,0.0
13,random,40,230.0,9,16,20,False,False,0.0
13,random,41,230.0,9,16,20,False,False,0.0
13,random,42,230.0,9,16,20,False,False,0.0
13,random,43,230.0,9,16,20,False,False,0.0
13,random,44,200.0,8,14,20,False,False,0.0
13,random,45,200.0,8,14,20,False,False,0.0
13,random,46,200.0,8,14,20,False,False,0.0
13,random,47,200.0,8,14,20,False,False,0.0
13,random,48,200.0,8,14,20,False,False,0.0
13,random,49,230.0,9,16,20,False,False,0.0
13,random,50,230.0,9,16,20,False,False,0.0
13,random,51,220.0,10,16,20,False,False,0.0
13,random,52,220.0,10,16,20,False,False,0.0
13,random,53,230.0,11,17,20,False,False,0.0
13,random,54,230.0,11,17,20,False,False,0.0
13,random,55,240.0,12,18,20,False,False,0.0
13,random,56,240.0,12,18,20,False,False,0.0
13,random,57,210.0,11,16,20,False,False,0.0
13,random,58,210.0,11,16,20,False,False,0.0
13,random,59,220.0,12,17,20,False,False,0.0
13,random,60,220.0,12,17,20,False,False,0.0
13,random,61,220.0,12,17,20,False,False,0.0
13,random,62,220.0,12,17,20,False,False,0.0
13,random,63,210.0,13,17,20,False,False,0.0
13,random,64,210.0,13,17,20,False,False,0.0
13,random,65,200.0,14,17,20,False,False,0.0
13,random,66,200.0,14,17,20,False,False,0.0
13,random,67,190.0,15,17,20,False,False,0.0
13,random,68,190.0,15,17,20,False,False,0.0
13,random,69,190.0,15,17,20,False,False,0.0
13,random,70,190.0,15,17,20,False,False,0.0
13,random,71,220.0,16,19,20,False,False,0.0
13,random,72,220.0,16,19,20,False,False,0.0
13,random,73,220.0,16,19,20,False,False,0.0
13,random,74,220.0,16,19,20,False,False,0.0
13,random,75,210.0,17,19,20,False,False,0.0
13,random,76,210.0,17,19,20,False,False,0.0
13,random,77,210.0,17,19,20,False,False,0.0
13,random,78,210.0,17,19,20,False,False,0.0
13,random,79,210.0,17,19,20,False,False,0.0
13,random,80,220.0,18,20,20,True,False,9.056719008720348e-06
13,random,81,220.0,18,20,20,True,False,9.056719008720348e-06
13,random,82,220.0,18,20,20,True,False,9.056719008720348e-06
13,random,83,210.0,19,20,20,True,False,9.184202217947237e-06
13,random,84,210.0,19,20,20,True,False,9.184202217947237e-06
13,random,85,210.0,19,20,20,True,False,9.184202217947237e-06
13,random,86,210.0,19,20,20,True,False,9.184202217947237e-06
13,random,87,210.0,19,20,20,True,False,9.184202217947237e-06
13,random,88,210.0,19,20,20,True,False,9.184202217947237e-06
13,random,89,210.0,19,20,20,True,False,9.184202217947237e-06
13,random,90,210.0,19,20,20,True,False,9.184202217947237e-06
13,random,91,200.0,20,20,20,True,False,2.4405047750737488e-05
13,random,92,200.0,20,20,20,True,False,2.4405047750737488e-05
13,random,93,200.0,20,20,20,True,False,2.4405047750737488e-05
13,random,94,200.0,20,20,20,True,False,2.4405047750737488e-05
13,random,95,210.0,19,20,20,True,False,1.8995172220778766e-05
13,random,96,210.0,19,20,20,True,False,1.8995172220778766e-05
13,random,97,200.0,20,20,20,True,False,2.0201427727677938e-05
13,random,98,200.0,20,20,20,True,False,2.0201427727677938e-05
13,random,99,200.0,20,20,20,True,False,2.0201427727677938e-05
13,random,100,200.0,20,20,20,True,False,2.0201427727677938e-05
13,learned,0,60.0,2,4,20,False,False,0.0
13,learned,1,60.0,2,4,20,False,False,0.0
13,learned,2,90.0,3,6,20,False,False,0.0
13,learned,3,90.0,3,6,20,False,False,0.0
13,learned,4,120.0,4,8,20,False,False,0.0
13,learned,5,120.0,4,8,20,False,False,0.0
13,learned,6,150.0,5,10,20,False,False,0.0
13,learned,7,150.0,5,10,20,False,False,0.0
13,learned,8,180.0,6,12,20,False,False,0.0
13,learned,9,180.0,6,12,20,False,False,0.0
13,learned,10,210.0,7,14,20,False,False,0.0
13,learned,11,210.0,7,14,20,False,False,0.0
13,learned,12,240.0,8,16,20,False,False,0.0
13,learned,13,240.0,8,16,20,False,False,0.0
13,learned,14,210.0,7,14,20,False,False,0.0
13,learned,15,210.0,7,14,20,False,False,0.0
13,learned,16,240.0,8,16,20,False,False,0.0
13,learned,17,240.0,8,16,20,False,False,0.0
13,learned,18,270.0,9,18,20,False,False,0.0
13,learned,19,270.0,9,18,20,False,False,0.0
13,learned,20,270.0,9,18,20,False,False,0.0
13,learned,21,270.0,9,18,20,False,False,0.0
13,learned,22,240.0,8,16,20,False,False,0.0
13,learned,23,240.0,8,16,20,False,False,0.0
13,learned,24,230.0,9,16,20,False,False,0.0
13,learned,25,230.0,9,16,20,False,False,0.0
13,learned,26,240.0,8,16,20,False,False,0.0
13,learned,27,240.0,8,16,20,False,False,0.0
13,learned,28,270.0,9,18,20,False,False,0.0
13,learned,29,270.0,9,18,20,False,False,0.0
13,learned,30,260.0,10,18,20,False,False,0.0
13,learned,31,260.0,10,18,20,False,False,0.0
13,learned,32,270.0,9,18,20,False,False,0.0
13,learned,33,270.0,9,18,20,False,False,0.0
13,learned,34,260.0,10,18,20,False,False,0.0
13,learned,35,260.0,10,18,20,False,False,0.0
13,learned,36,270.0,9,18,20,False,False,0.0
13,learned,37,270.0,9,18,20,False,False,0.0
13,learned,38,270.0,9,18,20,False,False,0.0
13,learned,39,280.0,10,19,20,False,False,0.0
13,learned,40,280.0,10,19,20,False,False,0.0
13,learned,41,270.0,11,19,20,False,False,0.0
13,learned,42,270.0,11,19,20,False,False,0.0
13,learned,43,280.0,10,19,20,False,False,0.0
13,learned,44,280.0,10,19,20,False,False,0.0
13,learned,45,270.0,11,19,20,False,False,0.0
13,learned,46,270.0,11,19,20,False,False,0.0
13,learned,47,280.0,10,19,20,False,False,0.0
13,learned,48,280.0,10,19,20,False,False,0.0
13,learned,49,270.0,9,18,20,False,False,0.0
13,learned,50,270.0,9,18,20,False,False,0.0
13,learned,51,280.0,10,19,20,False,False,0.0
13,learned,52,280.0,10,19,20,False,False,0.0
13,learned,53,270.0,9,18,20,False,False,0.0
13,learned,54,270.0,9,18,20,False,False,0.0
13,learned,55,280.0,10,19,20,False,False,0.0
13,learned,56,280.0,10,19,20,False,False,0.0
13,learned,57,280.0,10,19,20,False,False,0.0
13,learned,58,290.0,11,20,20,True,False,6.05179350703084e-07
13,learned,59,290.0,11,20,20,True,False,6.05179350703084e-07
13,learned,60,280.0,12,20,20,True,False,8.244318827252081e-07
13,learned,61,280.0,12,20,20,True,False,8.244318827252081e-07
13,learned,62,290.0,11,20,20,True,False,6.05179350703084e-07
13,learned,63,290.0,11,20,20,True,False,6.05179350703084e-07
13,learned,64,280.0,12,20,20,True,False,8.244318827252081e-07
13,learned,65,280.0,12,20,20,True,False,8.244318827252081e-07
13,learned,66,290.0,11,20,20,True,False,6.05179350703084e-07
13,learned,67,290.0,11,20,20,True,False,6.05179350703084e-07
13,learned,68,260.0,10,18,20,False,False,0.0
13,learned,69,260.0,10,18,20,False,False,0.0
13,learned,70,250.0,11,18,20,False,False,0.0
13,learned,71,250.0,11,18,20,False,False,0.0
13,learned,72,260.0,10,18,20,False,False,0.0
13,learned,73,260.0,10,18,20,False,False,0.0
13,learned,74,290.0,11,20,20,True,False,1.539039387313946e-07
13,learned,75,290.0,11,20,20,True,False,1.539039387313946e-07
13,learned,76,300.0,10,20,20,True,True,6.377316693253395e-08
13,learned,77,300.0,10,20,20,True,True,6.377316693253395e-08
13,learned,78,270.0,9,18,20,False,False,0.0
13,learned,79,270.0,9,18,20,False,False,0.0
13,learned,80,300.0,10,20,20,True,True,6.377316693259773e-08
13,learned,81,300.0,10,20,20,True,True,6.377316693259773e-08
13,learned,82,290.0,11,20,20,True,False,6.399149440216825e-08
13,learned,83,290.0,11,20,20,True,False,6.399149440216825e-08
13,learned,84,300.0,10,20,20,True,True,6.377316693259773e-08
13,learned,85,300.0,10,20,20,True,True,6.377316693259773e-08
13,learned,86,290.0,11,20,20,True,False,1.5162965315442255e-07
13,learned,87,290.0,11,20,20,True,False,1.5162965315442255e-07
13,learned,88,280.0,10,19,20,False,False,0.0
13,learned,89,280.0,10,19,20,False,False,0.0
13,learned,90,290.0,11,20,20,True,False,2.3280638705257457e-07
13,learned,91,290.0,11,20,20,True,False,2.3280638705257457e-07
13,learned,92,280.0,10,19,20,False,False,0.0
13,learned,93,280.0,10,19,20,False,False,0.0
13,learned,94,280.0,10,19,20,False,False,0.0
13,learned,95,290.0,11,20,20,True,False,1.6228659827962045e-07
13,learned,96,290.0,11,20,20,True,False,1.6228659827962045e-07
13,learned,97,290.0,11,20,20,True,False,1.6228659827962045e-07
13,learned,98,290.0,11,20,20,True,False,1.6228659827962045e-07
13,learned,99,280.0,10,19,20,False,False,0.0
13,learned,100,280.0,10,19,20,False,False,0.0
14,initial,0,250.0,15,20,20,True,False,2.180515503813117e-06
14,greedy,0,250.0,15,20,20,True,False,2.180515503813117e-06
14,greedy,1,260.0,14,20,20,True,False,2.047949336442424e-06
14,greedy,2,270.0,13,20,20,True,False,2.0371649333139683e-06
14,greedy,3,280.0,12,20,20,True,False,2.0277041514785363e-06
14,greedy,4,290.0,11,20,20,True,False,1.7873613112146038e-06
14,greedy,5,300.0,10,20,20,True,True,1.1761188493059149e-07
14,random,0,250.0,15,20,20,True,False,2.180515503813117e-06
14,random,1,250.0,15,20,20,True,False,2.180515503813117e-06
14,random,2,250.0,15,20,20,True,False,2.180515503813117e-06
14,random,3,250.0,15,20,20,True,False,2.180515503813117e-06
14,random,4,240.0,16,20,20,True,False,2.8190973324549044e-06
14,random,5,240.0,16,20,20,True,False,2.8190973324549044e-06
14,random,6,230.0,17,20,20,True,False,2.9055384803873153e-06
14,random,7,230.0,17,20,20,True,False,2.9055384803873153e-06
14,random,8,230.0,17,20,20,True,False,2.9055384803873153e-06
14,random,9,240.0,16,20,20,True,False,2.677061271673378e-06
14,random,10,240.0,16,20,20,True,False,2.677061271673378e-06
14,random,11,230.0,17,20,20,True,False,1.4866820540471457e-05
14,random,12,230.0,17,20,20,True,False,1.4866820540471457e-05
14,random,13,220.0,18,20,20,True,False,1.5877538797344442e-05
14,random,14,220.0,18,20,20,True,False,1.5877538797344442e-05
14,random,15,220.0,18,20,20,True,False,1.5877538797344442e-05
14,random,16,210.0,19,20,20,True,False,1.6809345200229104e-05
14,random,17,210.0,19,20,20,True,False,1.6809345200229104e-05
14,random,18,200.0,20,20,20,True,False,1.830946185560094e-05
14,random,19,200.0,20,20,20,True,False,1.830946185560094e-05
14,random,20,210.0,19,20,20,True,False,1.3532494616204482e-05
14,random,21,210.0,19,20,20,True,False,1.3532494616204482e-05
14,random,22,200.0,20,20,20,True,False,1.4133336792895085e-05
14,random,23,200.0,20,20,20,True,False,1.4133336792895085e-05
14,random,24,190.0,19,19,20,False,False,0.0
14,random,25,190.0,19,19,20,False,False,0.0
14,random,26,190.0,19,19,20,False,False,0.0
14,random,27,190.0,19,19,20,False,False,0.0
14,random,28,180.0,20,19,20,False,False,0.0
14,random,29,180.0,20,19,20,False,False,0.0
14,random,30,180.0,20,19,20,False,False,0.0
14,random,31,180.0,20,19,20,False,False,0.0
14,random,32,180.0,20,19,20,False,False,0.0
14,random,33,190.0,19,19,20,False,False,0.0
14,random,34,190.0,19,19,20,False,False,0.0
14,random,35,190.0,19,19,20,False,False,0.0
14,random,36,190.0,19,19,20,False,False,0.0
14,random,37,190.0,19,19,20,False,False,0.0
14,random,38,200.0,18,19,20,False,False,0.0
14,random,39,200.0,18,19,20,False,False,0.0
14,random,40,190.0,19,19,20,False,False,0.0
14,random,41,190.0,19,19,20,False,False,0.0
14,random,42,200.0,18,19,20,False,False,0.0
14,random,43,200.0,18,19,20,False,False,0.0
14,random,44,200.0,18,19,20,False,False,0.0
14,random,45,200.0,18,19,20,False,False,0.0
14,random,46,200.0,18,19,20,False,False,0.0
14,random,47,210.0,17,19,20,False,False,0.0
14,random,48,210.0,17,19,20,False,False,0.0
14,random,49,200.0,18,19,20,False,False,0.0
14,random,50,200.0,18,19,20,False,False,0.0
14,random,51,190.0,19,19,20,False,False,0.0
14,random,52,190.0,19,19,20,False,False,0.0
14,random,53,180.0,20,19,20,False,False,0.0
14,random,54,180.0,20,19,20,False,False,0.0
14,random,55,180.0,20,19,20,False,False,0.0
14,random,56,180.0,20,19,20,False,False,0.0
14,random,57,190.0,19,19,20,False,False,0.0
14,random,58,190.0,19,19,20,False,False,0.0
14,random,59,180.0,20,19,20,False,False,0.0
14,random,60,180.0,20,19,20,False,False,0.0
14,random,61,190.0,21,20,20,True,False,3.4255595873211702e-06
14,random,62,190.0,21,20,20,True,False,3.4255595873211702e-06
14,random,63,180.0,22,20,20,True,False,3.542298155518802e-06
14,random,64,180.0,22,20,20,True,False,3.542298155518802e-06
14,random,65,170.0,23,20,20,True,False,3.5439587085241927e-06
14,random,66,170.0,23,20,20,True,False,3.5439587085241927e-06
14,random,67,160.0,24,20,20,True,False,6.104574978875411e-05
14,random,68,160.0,24,20,20,True,False,6.104574978875411e-05
14,random,69,150.0,25,20,20,True,False,6.370291491985119e-05
14,random,70,150.0,25,20,20,True,False,6.370291491985119e-05
14,random,71,150.0,25,20,20,True,False,6.370291491985119e-05
14,random,72,140.0,26,20,20,True,False,6.403817331581312e-05
14,random,73,140.0,26,20,20,True,False,6.403817331581312e-05
14,random,74,140.0,26,20,20,True,False,6.403817331581312e-05
14,random,75,140.0,26,20,20,True,False,6.403817331581312e-05
14,random,76,130.0,27,20,20,True,False,6.443699707455875e-05
14,random,77,130.0,27,20,20,True,False,6.443699707455875e-05
14,random,78,140.0,26,20,20,True,False,6.421742396696441e-05
14,random,79,140.0,26,20,20,True,False,6.421742396696441e-05
14,random,80,150.0,25,20,20,True,False,6.403087791809442e-05
14,random,81,150.0,25,20,20,True,False,6.403087791809442e-05
14,random,82,160.0,24,20,20,True,False,6.367458883752433e-05
14,random,83,160.0,24,20,20,True,False,6.367458883752433e-05
14,random,84,150.0,25,20,20,True,False,6.454445350153629e-05
14,random,85,150.0,25,20,20,True,False,6.454445350153629e-05
14,random,86,160.0,24,20,20,True,False,6.225706997018879e-05
14,random,87,160.0,24,20,20,True,False,6.225706997018879e-05
14,random,88,170.0,23,20,20,True,False,5.833922538218419e-05
14,random,89,170.0,23,20,20,True,False,5.833922538218419e-05
14,random,90,160.0,24,20,20,True,False,6.238775500133193e-05
14,random,91,160.0,24,20,20,True,False,6.238775500133193e-05
14,random,92,160.0,24,20,20,True,False,6.238775500133193e-05
14,random,93,160.0,24,20,20,True,False,6.238775500133193e-05
14,random,94,150.0,25,20,20,True,False,6.473701279041738e-05
14,random,95,150.0,25,20,20,True,False,6.473701279041738e-05
14,random,96,140.0,26,20,20,True,False,6.543279173499738e-05
14,random,97,140.0,26,20,20,True,False,6.543279173499738e-05
14,random,98,130.0,27,20,20,True,False,6.884044541706641e-05
14,random,99,130.0,27,20,20,True,False,6.884044541706641e-05
14,random,100,120.0,28,20,20,True,False,7.748390888740572e-05
14,learned,0,250.0,15,20,20,True,False,2.180515503813117e-06
14,learned,1,250.0,15,20,20,True,False,2.180515503813117e-06
14,learned,2,260.0,14,20,20,True,False,1.9008584671494567e-06
14,learned,3,260.0,14,20,20,True,False,1.9008584671494567e-06
14,learned,4,270.0,13,20,20,True,False,1.8951443112431118e-06
14,learned,5,270.0,13,20,20,True,False,1.8951443112431118e-06
14,learned,6,260.0,14,20,20,True,False,1.9008584671494567e-06
14,learned,7,260.0,14,20,20,True,False,1.9008584671494567e-06
14,learned,8,270.0,13,20,20,True,False,1.8951443112431118e-06
14,learned,9,270.0,13,20,20,True,False,1.8951443112431118e-06
14,learned,10,260.0,14,20,20,True,False,1.9008584671495313e-06
14,learned,11,260.0,14,20,20,True,False,1.9008584671495313e-06
14,learned,12,270.0,13,20,20,True,False,1.8951443112431118e-06
14,learned,13,270.0,13,20,20,True,False,1.8951443112431118e-06
14,learned,14,260.0,14,20,20,True,False,1.9008584671495313e-06
14,learned,15,260.0,14,20,20,True,False,1.9008584671495313e-06
14,learned,16,270.0,13,20,20,True,False,1.8951443112431118e-06
14,learned,17,270.0,13,20,20,True,False,1.8951443112431118e-06
14,learned,18,260.0,12,19,20,False,False,0.0
14,learned,19,260.0,12,19,20,False,False,0.0
14,learned,20,270.0,13,20,20,True,False,2.490764065737046e-06
14,learned,21,270.0,13,20,20,True,False,2.490764065737046e-06
14,learned,22,260.0,12,19,20,False,False,0.0
14,learned,23,260.0,12,19,20,False,False,0.0
14,learned,24,270.0,13,20,20,True,False,2.490764065737046e-06
14,learned,25,270.0,13,20,20,True,False,2.490764065737046e-06
14,learned,26,260.0,12,19,20,False,False,0.0
14,learned,27,260.0,12,19,20,False,False,0.0
14,learned,28,270.0,13,20,20,True,False,1.8954729762698547e-06
14,learned,29,270.0,13,20,20,True,False,1.8954729762698547e-06
14,learned,30,280.0,12,20,20,True,False,1.7955442286461563e-06
14,learned,31,280.0,12,20,20,True,False,1.7955442286461563e-06
14,learned,32,290.0,11,20,20,True,False,1.7880864661610016e-06
14,learned,33,290.0,11,20,20,True,False,1.7880864661610016e-06
14,learned,34,280.0,12,20,20,True,False,1.7889445171612185e-06
14,learned,35,280.0,12,20,20,True,False,1.7889445171612185e-06
14,learned,36,290.0,11,20,20,True,False,1.7880864661610016e-06
14,learned,37,290.0,11,20,20,True,False,1.7880864661610016e-06
14,learned,38,260.0,10,18,20,False,False,0.0
14,learned,39,260.0,10,18,20,False,False,0.0
14,learned,40,250.0,11,18,20,False,False,0.0
14,learned,41,250.0,11,18,20,False,False,0.0
14,learned,42,260.0,10,18,20,False,False,0.0
14,learned,43,260.0,10,18,20,False,False,0.0
14,learned,44,250.0,9,17,20,False,False,0.0
14,learned,45,250.0,9,17,20,False,False,0.0
14,learned,46,280.0,10,19,20,False,False,0.0
14,learned,47,280.0,10,19,20,False,False,0.0
14,learned,48,290.0,11,20,20,True,False,1.4812592655308447e-06
14,learned,49,290.0,11,20,20,True,False,1.4812592655308447e-06
14,learned,50,280.0,10,19,20,False,False,0.0
14,learned,51,280.0,10,19,20,False,False,0.0
14,learned,52,290.0,11,20,20,True,False,1.6995599440868581e-06
14,learned,53,290.0,11,20,20,True,False,1.6995599440868581e-06
14,learned,54,280.0,12,20,20,True,False,1.7140943128746635e-06
14,learned,55,280.0,12,20,20,True,False,1.7140943128746635e-06
14,learned,56,270.0,11,19,20,False,False,0.0
14,learned,57,270.0,11,19,20,False,False,0.0
14,learned,58,280.0,10,19,20,False,False,0.0
14,learned,59,280.0,10,19,20,False,False,0.0
14,learned,60,290.0,11,20,20,True,False,2.4377991608166496e-06
14,learned,61,290.0,11,20,20,True,False,2.4377991608166496e-06
14,learned,62,290.0,11,20,20,True,False,2.4377991608166496e-06
14,learned,63,280.0,12,20,20,True,False,3.093341391388624e-06
14,learned,64,280.0,12,20,20,True,False,3.093341391388624e-06
14,learned,65,270.0,13,20,20,True,False,4.522180017024046e-06
14,learned,66,270.0,13,20,20,True,False,4.522180017024046e-06
14,learned,67,280.0,12,20,20,True,False,3.093341391388624e-06
14,learned,68,280.0,12,20,20,True,False,3.093341391388624e-06
14,learned,69,290.0,11,20,20,True,False,2.4377991608166496e-06
14,learned,70,290.0,11,20,20,True,False,2.4377991608166496e-06
14,learned,71,290.0,11,20,20,True,False,2.4377991608166496e-06
14,learned,72,290.0,11,20,20,True,False,2.4377991608166496e-06
14,learned,73,280.0,10,19,20,False,False,0.0
14,learned,74,280.0,10,19,20,False,False,0.0
14,learned,75,290.0,11,20,20,True,False,4.229162940322981e-07
14,learned,76,290.0,11,20,20,True,False,4.229162940322981e-07
14,learned,77,260.0,10,18,20,False,False,0.0
14,learned,78,260.0,10,18,20,False,False,0.0
14,learned,79,290.0,11,20,20,True,False,4.229162940323061e-07
14,learned,80,290.0,11,20,20,True,False,4.229162940323061e-07
14,learned,81,280.0,12,20,20,True,False,4.280729236638641e-07
14,learned,82,280.0,12,20,20,True,False,4.280729236638641e-07
14,learned,83,290.0,11,20,20,True,False,4.229162940323061e-07
14,learned,84,290.0,11,20,20,True,False,4.229162940323061e-07
14,learned,85,280.0,12,20,20,True,False,1.2396283576849822e-06
14,learned,86,280.0,12,20,20,True,False,1.2396283576849822e-06
14,learned,87,290.0,11,20,20,True,False,1.2274857753363513e-06
14,learned,88,290.0,11,20,20,True,False,1.2274857753363513e-06
14,learned,89,280.0,12,20,20,True,False,6.478831313570291e-06
14,learned,90,280.0,12,20,20,True,False,6.478831313570291e-06
14,learned,91,270.0,13,20,20,True,False,7.403317009113771e-06
14,learned,92,270.0,13,20,20,True,False,7.403317009113771e-06
14,learned,93,260.0,14,20,20,True,False,1.484144831554397e-05
14,learned,94,260.0,14,20,20,True,False,1.484144831554397e-05
14,learned,95,270.0,13,20,20,True,False,1.140445072170964e-05
14,learned,96,270.0,13,20,20,True,False,1.140445072170964e-05
14,learned,97,260.0,14,20,20,True,False,1.2019232065758436e-05
14,learned,98,260.0,14,20,20,True,False,1.2019232065758436e-05
14,learned,99,270.0,13,20,20,True,False,1.140445072170964e-05
14,learned,100,270.0,13,20,20,True,False,1.140445072170964e-05
15,initial,0,30.0,1,2,20,False,False,0.0
15,greedy,0,30.0,1,2,20,False,False,0.0
15,greedy,1,60.0,2,4,20,False,False,0.0
15,greedy,2,90.0,3,6,20,False,False,0.0
15,greedy,3,120.0,4,8,20,False,False,0.0
15,greedy,4,150.0,5,10,20,False,False,0.0
15,greedy,5,180.0,6,12,20,False,False,0.0
15,greedy,6,210.0,7,14,20,False,False,0.0
15,greedy,7,240.0,8,16,20,False,False,0.0
15,greedy,8,250.0,9,17,20,False,False,0.0
15,greedy,9,260.0,10,18,20,False,False,0.0
15,greedy,10,270.0,9,18,20,False,False,0.0
15,greedy,11,280.0,10,19,20,False,False,0.0
15,greedy,12,290.0,11,20,20,True,False,2.6875088458887628e-06
15,random,0,30.0,1,2,20,False,False,0.0
15,random,1,30.0,1,2,20,False,False,0.0
15,random,2,60.0,2,4,20,False,False,0.0
15,random,3,60.0,2,4,20,False,False,0.0
15,random,4,50.0,3,4,20,False,False,0.0
15,random,5,50.0,3,4,20,False,False,0.0
15,random,6,60.0,2,4,20,False,False,0.0
15,random,7,60.0,2,4,20,False,False,0.0
15,random,8,60.0,2,4,20,False,False,0.0
15,random,9,60.0,2,4,20,False,False,0.0
15,random,10,60.0,2,4,20,False,False,0.0
15,random,11,90.0,3,6,20,False,False,0.0
15,random,12,90.0,3,6,20,False,False,0.0
15,random,13,120.0,4,8,20,False,False,0.0
15,random,14,120.0,4,8,20,False,False,0.0
15,random,15,110.0,5,8,20,False,False,0.0
15,random,16,110.0,5,8,20,False,False,0.0
15,random,17,140.0,6,10,20,False,False,0.0
15,random,18,140.0,6,10,20,False,False,0.0
15,random,19,170.0,7,12,20,False,False,0.0
15,random,20,170.0,7,12,20,False,False,0.0
15,random,21,170.0,7,12,20,False,False,0.0
15,random,22,170.0,7,12,20,False,False,0.0
15,random,23,170.0,7,12,20,False,False,0.0
15,random,24,170.0,7,12,20,False,False,0.0
15,random,25,170.0,7,12,20,False,False,0.0
15,random,26,170.0,7,12,20,False,False,0.0
15,random,27,170.0,7,12,20,False,False,0.0
15,random,28,170.0,7,12,20,False,False,0.0
15,random,29,170.0,7,12,20,False,False,0.0
15,random,30,200.0,8,14,20,False,False,0.0
15,random,31,200.0,8,14,20,False,False,0.0
15,random,32,210.0,9,15,20,False,False,0.0
15,random,33,210.0,9,15,20,False,False,0.0
15,random,34,210.0,9,15,20,False,False,0.0
15,random,35,210.0,9,15,20,False,False,0.0
15,random,36,210.0,9,15,20,False,False,0.0
15,random,37,210.0,9,15,20,False,False,0.0
15,random,38,200.0,10,15,20,False,False,0.0
15,random,39,200.0,10,15,20,False,False,0.0
15,random,40,170.0,9,13,20,False,False,0.0
15,random,41,170.0,9,13,20,False,False,0.0
15,random,42,180.0,8,13,20,False,False,0.0
15,random,43,180.0,8,13,20,False,False,0.0
15,random,44,190.0,9,14,20,False,False,0.0
15,random,45,190.0,9,14,20,False,False,0.0
15,random,46,220.0,10,16,20,False,False,0.0
15,random,47,220.0,10,16,20,False,False,0.0
15,random,48,220.0,10,16,20,False,False,0.0
15,random,49,220.0,10,16,20,False,False,0.0
15,random,50,210.0,11,16,20,False,False,0.0
15,random,51,210.0,11,16,20,False,False,0.0
15,random,52,210.0,11,16,20,False,False,0.0
15,random,53,210.0,11,16,20,False,False,0.0
15,random,54,210.0,11,16,20,False,False,0.0
15,random,55,210.0,11,16,20,False,False,0.0
15,random,56,210.0,11,16,20,False,False,0.0
15,random,57,240.0,12,18,20,False,False,0.0
15,random,58,240.0,12,18,20,False,False,0.0
15,random,59,230.0,13,18,20,False,False,0.0
15,random,60,230.0,13,18,20,False,False,0.0
15,random,61,240.0,12,18,20,False,False,0.0
15,random,62,240.0,12,18,20,False,False,0.0
15,random,63,250.0,13,19,20,False,False,0.0
15,random,64,250.0,13,19,20,False,False,0.0
15,random,65,260.0,14,20,20,True,False,6.041275075139281e-06
15,random,66,260.0,14,20,20,True,False,6.041275075139281e-06
15,random,67,260.0,14,20,20,True,False,6.041275075139281e-06
15,random,68,250.0,15,20,20,True,False,6.093403668344103e-06
15,random,69,250.0,15,20,20,True,False,6.093403668344103e-06
15,random,70,260.0,14,20,20,True,False,4.514365904257234e-06
15,random,71,260.0,14,20,20,True,False,4.514365904257234e-06
15,random,72,260.0,14,20,20,True,False,4.514365904257234e-06
15,random,73,250.0,15,20,20,True,False,5.1080140275575436e-06
15,random,74,250.0,15,20,20,True,False,5.1080140275575436e-06
15,random,75,250.0,15,20,20,True,False,5.1080140275575436e-06
15,random,76,240.0,16,20,20,True,False,5.6502091573166326e-06
15,random,77,240.0,16,20,20,True,False,5.6502091573166326e-06
15,random,78,230.0,17,20,20,True,False,7.352174092850379e-06
15,random,79,230.0,17,20,20,True,False,7.352174092850379e-06
15,random,80,220.0,18,20,20,True,False,1.092259715419212e-05
15,random,81,220.0,18,20,20,True,False,1.092259715419212e-05
15,random,82,220.0,18,20,20,True,False,1.092259715419212e-05
15,random,83,220.0,18,20,20,True,False,1.092259715419212e-05
15,random,84,210.0,19,20,20,True,False,1.1600370202203315e-05
15,random,85,210.0,19,20,20,True,False,1.1600370202203315e-05
15,random,86,200.0,20,20,20,True,False,1.1752117698268575e-05
15,random,87,200.0,20,20,20,True,False,1.1752117698268575e-05
15,random,88,200.0,20,20,20,True,False,1.1752117698268575e-05
15,random,89,200.0,20,20,20,True,False,1.1752117698268575e-05
15,random,90,190.0,21,20,20,True,False,4.2512370554812314e-05
15,random,91,190.0,21,20,20,True,False,4.2512370554812314e-05
15,random,92,200.0,20,20,20,True,False,4.170433091128868e-05
15,random,93,200.0,20,20,20,True,False,4.170433091128868e-05
15,random,94,210.0,19,20,20,True,False,3.082468974271443e-05
15,random,95,210.0,19,20,20,True,False,3.082468974271443e-05
15,random,96,200.0,20,20,20,True,False,3.1179216377626375e-05
15,random,97,200.0,20,20,20,True,False,3.1179216377626375e-05
15,random,98,210.0,19,20,20,True,False,3.1094979010486846e-05
15,random,99,210.0,19,20,20,True,False,3.1094979010486846e-05
15,random,100,210.0,19,20,20,True,False,3.1094979010486846e-05
15,learned,0,30.0,1,2,20,False,False,0.0
15,learned,1,30.0,1,2,20,False,False,0.0
15,learned,2,60.0,2,4,20,False,False,0.0
15,learned,3,60.0,2,4,20,False,False,0.0
15,learned,4,90.0,3,6,20,False,False,0.0
15,learned,5,90.0,3,6,20,False,False,0.0
15,learned,6,120.0,4,8,20,False,False,0.0
15,learned,7,120.0,4,8,20,False,False,0.0
15,learned,8,150.0,5,10,20,False,False,0.0
15,learned,9,150.0,5,10,20,False,False,0.0
15,learned,10,180.0,6,12,20,False,False,0.0
15,learned,11,180.0,6,12,20,False,False,0.0
15,learned,12,210.0,7,14,20,False,False,0.0
15,learned,13,210.0,7,14,20,False,False,0.0
15,learned,14,220.0,8,15,20,False,False,0.0
15,learned,15,220.0,8,15,20,False,False,0.0
15,learned,16,230.0,9,16,20,False,False,0.0
15,learned,17,230.0,9,16,20,False,False,0.0
15,learned,18,200.0,8,14,20,False,False,0.0
15,learned,19,200.0,8,14,20,False,False,0.0
15,learned,20,230.0,9,16,20,False,False,0.0
15,learned,21,230.0,9,16,20,False,False,0.0
15,learned,22,260.0,10,18,20,False,False,0.0
15,learned,23,260.0,10,18,20,False,False,0.0
15,learned,24,290.0,11,20,20,True,False,8.629889317490443e-07
15,learned,25,290.0,11,20,20,True,False,8.629889317490443e-07
15,learned,26,280.0,12,20,20,True,False,2.4113315574908028e-06
15,learned,27,280.0,12,20,20,True,False,2.4113315574908028e-06
15,learned,28,270.0,11,19,20,False,False,0.0
15,learned,29,270.0,11,19,20,False,False,0.0
15,learned,30,280.0,12,20,20,True,False,3.968006553713062e-06
15,learned,31,280.0,12,20,20,True,False,3.968006553713062e-06
15,learned,32,270.0,11,19,20,False,False,0.0
15,learned,33,270.0,11,19,20,False,False,0.0
15,learned,34,260.0,10,18,20,False,False,0.0
15,learned,35,260.0,10,18,20,False,False,0.0
15,learned,36,260.0,10,18,20,False,False,0.0
15,learned,37,260.0,10,18,20,False,False,0.0
15,learned,38,250.0,11,18,20,False,False,0.0
15,learned,39,250.0,11,18,20,False,False,0.0
15,learned,40,240.0,12,18,20,False,False,0.0
15,learned,41,240.0,12,18,20,False,False,0.0
15,learned,42,250.0,11,18,20,False,False,0.0
15,learned,43,250.0,11,18,20,False,False,0.0
15,learned,44,260.0,10,18,20,False,False,0.0
15,learned,45,260.0,10,18,20,False,False,0.0
15,learned,46,260.0,10,18,20,False,False,0.0
15,learned,47,260.0,10,18,20,False,False,0.0
15,learned,48,260.0,10,18,20,False,False,0.0
15,learned,49,250.0,11,18,20,False,False,0.0
15,learned,50,250.0,11,18,20,False,False,0.0
15,learned,51,260.0,10,18,20,False,False,0.0
15,learned,52,260.0,10,18,20,False,False,0.0
15,learned,53,270.0,11,19,20,False,False,0.0
15,learned,54,270.0,11,19,20,False,False,0.0
15,learned,55,270.0,11,19,20,False,False,0.0
15,learned,56,260.0,10,18,20,False,False,0.0
15,learned,57,260.0,10,18,20,False,False,0.0
15,learned,58,250.0,9,17,20,False,False,0.0
15,learned,59,250.0,9,17,20,False,False,0.0
15,learned,60,280.0,10,19,20,False,False,0.0
15,learned,61,280.0,10,19,20,False,False,0.0
15,learned,62,270.0,11,19,20,False,False,0.0
15,learned,63,270.0,11,19,20,False,False,0.0
15,learned,64,280.0,10,19,20,False,False,0.0
15,learned,65,280.0,10,19,20,False,False,0.0
15,learned,66,250.0,9,17,20,False,False,0.0
15,learned,67,250.0,9,17,20,False,False,0.0
15,learned,68,240.0,10,17,20,False,False,0.0
15,learned,69,240.0,10,17,20,False,False,0.0
15,learned,70,230.0,11,17,20,False,False,0.0
15,learned,71,230.0,11,17,20,False,False,0.0
15,learned,72,240.0,10,17,20,False,False,0.0
15,learned,73,240.0,10,17,20,False,False,0.0
15,learned,74,250.0,9,17,20,False,False,0.0
15,learned,75,250.0,9,17,20,False,False,0.0
15,learned,76,250.0,9,17,20,False,False,0.0
15,learned,77,250.0,9,17,20,False,False,0.0
15,learned,78,280.0,10,19,20,False,False,0.0
15,learned,79,280.0,10,19,20,False,False,0.0
15,learned,80,250.0,9,17,20,False,False,0.0
15,learned,81,250.0,9,17,20,False,False,0.0
15,learned,82,280.0,10,19,20,False,False,0.0
15,learned,83,280.0,10,19,20,False,False,0.0
15,learned,84,250.0,9,17,20,False,False,0.0
15,learned,85,250.0,9,17,20,False,False,0.0
15,learned,86,280.0,10,19,20,False,False,0.0
15,learned,87,280.0,10,19,20,False,False,0.0
15,learned,88,270.0,11,19,20,False,False,0.0
15,learned,89,270.0,11,19,20,False,False,0.0
15,learned,90,280.0,12,20,20,True,False,1.5460784066628597e-06
15,learned,91,280.0,12,20,20,True,False,1.5460784066628597e-06
15,learned,92,290.0,11,20,20,True,False,1.2714853400648963e-06
15,learned,93,290.0,11,20,20,True,False,1.2714853400648963e-06
15,learned,94,290.0,11,20,20,True,False,1.2714853400648963e-06
15,learned,95,290.0,11,20,20,True,False,1.2714853400648963e-06
15,learned,96,280.0,12,20,20,True,False,1.5460784066628597e-06
15,learned,97,280.0,12,20,20,True,False,1.5460784066628597e-06
15,learned,98,280.0,12,20,20,True,False,1.5460784066628597e-06
15,learned,99,290.0,11,20,20,True,False,1.2714853400648963e-06
15,learned,100,290.0,11,20,20,True,False,1.2714853400648963e-06
16,initial,0,140.0,6,10,20,False,False,0.0
16,greedy,0,140.0,6,10,20,False,False,0.0
16,greedy,1,170.0,7,12,20,False,False,0.0
16,greedy,2,200.0,8,14,20,False,False,0.0
16,greedy,3,230.0,9,16,20,False,False,0.0
16,greedy,4,240.0,8,16,20,False,False,0.0
16,greedy,5,250.0,9,17,20,False,False,0.0
16,greedy,6,260.0,10,18,20,False,False,0.0
16,greedy,7,270.0,9,18,20,False,False,0.0
16,greedy,8,280.0,10,19,20,False,False,0.0
16,greedy,9,290.0,11,20,20,True,False,3.898687625743539e-07
16,random,0,140.0,6,10,20,False,False,0.0
16,random,1,140.0,6,10,20,False,False,0.0
16,random,2,140.0,6,10,20,False,False,0.0
16,random,3,150.0,7,11,20,False,False,0.0
16,random,4,150.0,7,11,20,False,False,0.0
16,random,5,180.0,8,13,20,False,False,0.0
16,random,6,180.0,8,13,20,False,False,0.0
16,random,7,190.0,9,14,20,False,False,0.0
16,random,8,190.0,9,14,20,False,False,0.0
16,random,9,220.0,10,16,20,False,False,0.0
16,random,10,220.0,10,16,20,False,False,0.0
16,random,11,230.0,11,17,20,False,False,0.0
16,random,12,230.0,11,17,20,False,False,0.0
16,random,13,240.0,10,17,20,False,False,0.0
16,random,14,240.0,10,17,20,False,False,0.0
16,random,15,270.0,11,19,20,False,False,0.0
16,random,16,270.0,11,19,20,False,False,0.0
16,random,17,270.0,11,19,20,False,False,0.0
16,random,18,270.0,11,19,20,False,False,0.0
16,random,19,280.0,12,20,20,True,False,6.852652412566836e-07
16,random,20,280.0,12,20,20,True,False,6.852652412566836e-07
16,random,21,270.0,13,20,20,True,False,6.884200926639758e-07
16,random,22,270.0,13,20,20,True,False,6.884200926639758e-07
16,random,23,260.0,14,20,20,True,False,6.974004478482889e-07
16,random,24,260.0,14,20,20,True,False,6.974004478482889e-07
16,random,25,250.0,15,20,20,True,False,7.821807290861453e-07
16,random,26,250.0,15,20,20,True,False,7.821807290861453e-07
16,random,27,250.0,15,20,20,True,False,7.821807290861453e-07
16,random,28,250.0,15,20,20,True,False,7.821807290861453e-07
16,random,29,250.0,15,20,20,True,False,7.821807290861453e-07
16,random,30,240.0,16,20,20,True,False,7.858760084152559e-07
16,random,31,240.0,16,20,20,True,False,7.858760084152559e-07
16,random,32,240.0,16,20,20,True,False,7.858760084152559e-07
16,random,33,250.0,15,20,20,True,False,7.821807290862742e-07
16,random,34,250.0,15,20,20,True,False,7.821807290862742e-07
16,random,35,240.0,16,20,20,True,False,7.865733419945429e-07
16,random,36,240.0,16,20,20,True,False,7.865733419945429e-07
16,random,37,230.0,17,20,20,True,False,1.0282186855420177e-06
16,random,38,230.0,17,20,20,True,False,1.0282186855420177e-06
16,random,39,220.0,16,19,20,False,False,0.0
16,random,40,220.0,16,19,20,False,False,0.0
16,random,41,230.0,15,19,20,False,False,0.0
16,random,42,230.0,15,19,20,False,False,0.0
16,random,43,240.0,14,19,20,False,False,0.0
16,random,44,240.0,14,19,20,False,False,0.0
16,random,45,230.0,15,19,20,False,False,0.0
16,random,46,230.0,15,19,20,False,False,0.0
16,random,47,240.0,16,20,20,True,False,9.243484372001179e-07
16,random,48,240.0,16,20,20,True,False,9.243484372001179e-07
16,random,49,240.0,16,20,20,True,False,9.243484372001179e-07
16,random,50,240.0,16,20,20,True,False,9.243484372001179e-07
16,random,51,230.0,17,20,20,True,False,8.912047081020028e-06
16,random,52,230.0,17,20,20,True,False,8.912047081020028e-06
16,random,53,220.0,18,20,20,True,False,1.2519754938738385e-05
16,random,54,220.0,18,20,20,True,False,1.2519754938738385e-05
16,random,55,210.0,19,20,20,True,False,1.3895501492524877e-05
16,random,56,210.0,19,20,20,True,False,1.3895501492524877e-05
16,random,57,210.0,19,20,20,True,False,1.3895501492524877e-05
16,random,58,210.0,19,20,20,True,False,1.3895501492524877e-05
16,random,59,210.0,19,20,20,True,False,1.3895501492524877e-05
16,random,60,200.0,20,20,20,True,False,3.5392048992722025e-05
16,random,61,200.0,20,20,20,True,False,3.5392048992722025e-05
16,random,62,190.0,21,20,20,True,False,3.543629669110246e-05
16,random,63,190.0,21,20,20,True,False,3.543629669110246e-05
16,random,64,190.0,21,20,20,True,False,3.543629669110246e-05
16,random,65,190.0,21,20,20,True,False,3.543629669110246e-05
16,random,66,190.0,21,20,20,True,False,3.543629669110246e-05
16,random,67,190.0,21,20,20,True,False,3.543629669110246e-05
16,random,68,200.0,20,20,20,True,False,2.5312320849610478e-05
16,random,69,200.0,20,20,20,True,False,2.5312320849610478e-05
16,random,70,190.0,21,20,20,True,False,3.543629669110246e-05
16,random,71,190.0,21,20,20,True,False,3.543629669110246e-05
16,random,72,180.0,22,20,20,True,False,5.138508675804503e-05
16,random,73,180.0,22,20,20,True,False,5.138508675804503e-05
16,random,74,190.0,21,20,20,True,False,4.5938503927994303e-05
16,random,75,190.0,21,20,20,True,False,4.5938503927994303e-05
16,random,76,180.0,22,20,20,True,False,4.594696844282983e-05
16,random,77,180.0,22,20,20,True,False,4.594696844282983e-05
16,random,78,190.0,21,20,20,True,False,1.659484213365499e-05
16,random,79,190.0,21,20,20,True,False,1.659484213365499e-05
16,random,80,190.0,21,20,20,True,False,1.659484213365499e-05
16,random,81,180.0,22,20,20,True,False,2.4146846636664854e-05
16,random,82,180.0,22,20,20,True,False,2.4146846636664854e-05
16,random,83,170.0,23,20,20,True,False,4.016684673484461e-05
16,random,84,170.0,23,20,20,True,False,4.016684673484461e-05
16,random,85,160.0,24,20,20,True,False,4.052714113937495e-05
16,random,86,160.0,24,20,20,True,False,4.052714113937495e-05
16,random,87,150.0,25,20,20,True,False,5.066751322287913e-05
16,random,88,150.0,25,20,20,True,False,5.066751322287913e-05
16,random,89,160.0,24,20,20,True,False,5.033756373492176e-05
16,random,90,160.0,24,20,20,True,False,5.033756373492176e-05
16,random,91,150.0,25,20,20,True,False,0.00010811513968628557
16,random,92,150.0,25,20,20,True,False,0.00010811513968628557
16,random,93,160.0,24,20,20,True,False,0.00010196310164517031
16,random,94,160.0,24,20,20,True,False,0.00010196310164517031
16,random,95,160.0,24,20,20,True,False,0.00010196310164517031
16,random,96,150.0,25,20,20,True,False,0.00010376825468658406
16,random,97,150.0,25,20,20,True,False,0.00010376825468658406
16,random,98,140.0,26,20,20,True,False,0.00010508389196292138
16,random,99,140.0,26,20,20,True,False,0.00010508389196292138
16,random,100,130.0,27,20,20,True,False,0.00011071703286451396
16,learned,0,140.0,6,10,20,False,False,0.0
16,learned,1,140.0,6,10,20,False,False,0.0
16,learned,2,150.0,5,10,20,False,False,0.0
16,learned,3,150.0,5,10,20,False,False,0.0
16,learned,4,180.0,6,12,20,False,False,0.0
16,learned,5,180.0,6,12,20,False,False,0.0
16,learned,6,150.0,5,10,20,False,False,0.0
16,learned,7,150.0,5,10,20,False,False,0.0
16,learned,8,180.0,6,12,20,False,False,0.0
16,learned,9,180.0,6,12,20,False,False,0.0
16,learned,10,210.0,7,14,20,False,False,0.0
16,learned,11,210.0,7,14,20,False,False,0.0
16,learned,12,240.0,8,16,20,False,False,0.0
16,learned,13,240.0,8,16,20,False,False,0.0
16,learned,14,240.0,8,16,20,False,False,0.0
16,learned,15,270.0,9,18,20,False,False,0.0
16,learned,16,270.0,9,18,20,False,False,0.0
16,learned,17,270.0,9,18,20,False,False,0.0
16,learned,18,270.0,9,18,20,False,False,0.0
16,learned,19,260.0,10,18,20,False,False,0.0
16,learned,20,260.0,10,18,20,False,False,0.0
16,learned,21,270.0,9,18,20,False,False,0.0
16,learned,22,270.0,9,18,20,False,False,0.0
16,learned,23,300.0,10,20,20,True,True,5.775052971478731e-07
16,learned,24,300.0,10,20,20,True,True,5.775052971478731e-07
16,learned,25,290.0,11,20,20,True,False,6.922415760714576e-07
16,learned,26,290.0,11,20,20,True,False,6.922415760714576e-07
16,learned,27,300.0,10,20,20,True,True,5.775052971478731e-07
16,learned,28,300.0,10,20,20,True,True,5.775052971478731e-07
16,learned,29,300.0,10,20,20,True,True,5.775052971478731e-07
16,learned,30,300.0,10,20,20,True,True,5.775052971478731e-07
16,learned,31,290.0,11,20,20,True,False,6.189751880113829e-07
16,learned,32,290.0,11,20,20,True,False,6.189751880113829e-07
16,learned,33,300.0,10,20,20,True,True,5.775052971478731e-07
16,learned,34,300.0,10,20,20,True,True,5.775052971478731e-07
16,learned,35,270.0,9,18,20,False,False,0.0
16,learned,36,270.0,9,18,20,False,False,0.0
16,learned,37,300.0,10,20,20,True,True,4.700246254819638e-07
16,learned,38,300.0,10,20,20,True,True,4.700246254819638e-07
16,learned,39,270.0,9,18,20,False,False,0.0
16,learned,40,270.0,9,18,20,False,False,0.0
16,learned,41,240.0,8,16,20,False,False,0.0
16,learned,42,240.0,8,16,20,False,False,0.0
16,learned,43,270.0,9,18,20,False,False,0.0
16,learned,44,270.0,9,18,20,False,False,0.0
16,learned,45,260.0,10,18,20,False,False,0.0
16,learned,46,260.0,10,18,20,False,False,0.0
16,learned,47,230.0,9,16,20,False,False,0.0
16,learned,48,230.0,9,16,20,False,False,0.0
16,learned,49,240.0,8,16,20,False,False,0.0
16,learned,50,240.0,8,16,20,False,False,0.0
16,learned,51,230.0,9,16,20,False,False,0.0
16,learned,52,230.0,9,16,20,False,False,0.0
16,learned,53,260.0,10,18,20,False,False,0.0
16,learned,54,260.0,10,18,20,False,False,0.0
16,learned,55,270.0,9,18,20,False,False,0.0
16,learned,56,270.0,9,18,20,False,False,0.0
16,learned,57,240.0,8,16,20,False,False,0.0
16,learned,58,240.0,8,16,20,False,False,0.0
16,learned,59,270.0,9,18,20,False,False,0.0
16,learned,60,270.0,9,18,20,False,False,0.0
16,learned,61,300.0,10,20,20,True,True,2.728961012655558e-08
16,learned,62,300.0,10,20,20,True,True,2.728961012655558e-08
16,learned,63,270.0,9,18,20,False,False,0.0
16,learned,64,270.0,9,18,20,False,False,0.0
16,learned,65,280.0,10,19,20,False,False,0.0
16,learned,66,280.0,10,19,20,False,False,0.0
16,learned,67,270.0,11,19,20,False,False,0.0
16,learned,68,270.0,11,19,20,False,False,0.0
16,learned,69,280.0,10,19,20,False,False,0.0
16,learned,70,280.0,10,19,20,False,False,0.0
16,learned,71,250.0,9,17,20,False,False,0.0
16,learned,72,250.0,9,17,20,False,False,0.0
16,learned,73,280.0,10,19,20,False,False,0.0
16,learned,74,280.0,10,19,20,False,False,0.0
16,learned,75,270.0,11,19,20,False,False,0.0
16,learned,76,270.0,11,19,20,False,False,0.0
16,learned,77,280.0,10,19,20,False,False,0.0
16,learned,78,280.0,10,19,20,False,False,0.0
16,learned,79,290.0,11,20,20,True,False,7.973849935622719e-07
16,learned,80,290.0,11,20,20,True,False,7.973849935622719e-07
16,learned,81,280.0,12,20,20,True,False,7.984357182285179e-07
16,learned,82,280.0,12,20,20,True,False,7.984357182285179e-07
16,learned,83,290.0,11,20,20,True,False,7.973849935621577e-07
16,learned,84,290.0,11,20,20,True,False,7.973849935621577e-07
16,learned,85,280.0,12,20,20,True,False,8.188466583963699e-07
16,learned,86,280.0,12,20,20,True,False,8.188466583963699e-07
16,learned,87,290.0,11,20,20,True,False,7.973849935621577e-07
16,learned,88,290.0,11,20,20,True,False,7.973849935621577e-07
16,learned,89,280.0,12,20,20,True,False,6.824695814947316e-06
16,learned,90,280.0,12,20,20,True,False,6.824695814947316e-06
16,learned,91,290.0,11,20,20,True,False,7.973849935621577e-07
16,learned,92,290.0,11,20,20,True,False,7.973849935621577e-07
16,learned,93,260.0,10,18,20,False,False,0.0
16,learned,94,260.0,10,18,20,False,False,0.0
16,learned,95,290.0,11,20,20,True,False,7.973849935621577e-07
16,learned,96,290.0,11,20,20,True,False,7.973849935621577e-07
16,learned,97,290.0,11,20,20,True,False,7.973849935621577e-07
16,learned,98,290.0,11,20,20,True,False,7.973849935621577e-07
16,learned,99,290.0,11,20,20,True,False,7.973849935621577e-07
16,learned,100,290.0,11,20,20,True,False,7.973849935621577e-07
17,initial,0,270.0,13,20,20,True,False,1.7423931901201828e-08
17,greedy,0,270.0,13,20,20,True,False,1.7423931901201828e-08
17,greedy,1,280.0,12,20,20,True,False,1.7319498027619985e-08
17,greedy,2,290.0,11,20,20,True,False,1.607466752888646e-08
17,greedy,3,300.0,10,20,20,True,True,1.5901457550638025e-08
17,random,0,270.0,13,20,20,True,False,1.7423931901201828e-08
17,random,1,270.0,13,20,20,True,False,1.7423931901201828e-08
17,random,2,260.0,14,20,20,True,False,1.7497877154022135e-08
17,random,3,260.0,14,20,20,True,False,1.7497877154022135e-08
17,random,4,250.0,15,20,20,True,False,1.878207021746068e-08
17,random,5,250.0,15,20,20,True,False,1.878207021746068e-08
17,random,6,240.0,16,20,20,True,False,2.0805320917873634e-08
17,random,7,240.0,16,20,20,True,False,2.0805320917873634e-08
17,random,8,230.0,17,20,20,True,False,2.0931137763738948e-08
17,random,9,230.0,17,20,20,True,False,2.0931137763738948e-08
17,random,10,220.0,18,20,20,True,False,5.084108406035762e-07
17,random,11,220.0,18,20,20,True,False,5.084108406035762e-07
17,random,12,210.0,19,20,20,True,False,5.210259288442186e-07
17,random,13,210.0,19,20,20,True,False,5.210259288442186e-07
17,random,14,220.0,18,20,20,True,False,5.144422002448568e-07
17,random,15,220.0,18,20,20,True,False,5.144422002448568e-07
17,random,16,230.0,17,20,20,True,False,4.989929016180195e-07
17,random,17,230.0,17,20,20,True,False,4.989929016180195e-07
17,random,18,230.0,17,20,20,True,False,4.989929016180195e-07
17,random,19,220.0,18,20,20,True,False,4.287163322316494e-06
17,random,20,220.0,18,20,20,True,False,4.287163322316494e-06
17,random,21,230.0,17,20,20,True,False,4.2712078706138175e-06
17,random,22,230.0,17,20,20,True,False,4.2712078706138175e-06
17,random,23,220.0,18,20,20,True,False,4.400506645154185e-06
17,random,24,220.0,18,20,20,True,False,4.400506645154185e-06
17,random,25,210.0,19,20,20,True,False,4.829735819236919e-06
17,random,26,210.0,19,20,20,True,False,4.829735819236919e-06
17,random,27,210.0,19,20,20,True,False,4.829735819236919e-06
17,random,28,210.0,19,20,20,True,False,4.829735819236919e-06
17,random,29,220.0,18,20,20,True,False,4.790353636008848e-06
17,random,30,220.0,18,20,20,True,False,4.790353636008848e-06
17,random,31,210.0,19,20,20,True,False,4.934804169198102e-06
17,random,32,210.0,19,20,20,True,False,4.934804169198102e-06
17,random,33,200.0,20,20,20,True,False,2.697111621027228e-05
17,random,34,200.0,20,20,20,True,False,2.697111621027228e-05
17,random,35,190.0,21,20,20,True,False,3.48263490395836e-05
17,random,36,190.0,21,20,20,True,False,3.48263490395836e-05
17,random,37,190.0,21,20,20,True,False,3.48263490395836e-05
17,random,38,190.0,21,20,20,True,False,3.48263490395836e-05
17,random,39,200.0,20,20,20,True,False,3.3873040118109205e-05
17,random,40,200.0,20,20,20,True,False,3.3873040118109205e-05
17,random,41,210.0,19,20,20,True,False,3.328102979529302e-05
17,random,42,210.0,19,20,20,True,False,3.328102979529302e-05
17,random,43,200.0,20,20,20,True,False,3.3873040118109205e-05
17,random,44,200.0,20,20,20,True,False,3.3873040118109205e-05
17,random,45,200.0,20,20,20,True,False,3.3873040118109205e-05
17,random,46,200.0,20,20,20,True,False,3.3873040118109205e-05
17,random,47,210.0,19,20,20,True,False,3.382246488195448e-05
17,random,48,210.0,19,20,20,True,False,3.382246488195448e-05
17,random,49,220.0,18,20,20,True,False,3.379695415201253e-05
17,random,50,220.0,18,20,20,True,False,3.379695415201253e-05
17,random,51,230.0,17,20,20,True,False,2.1112828662823212e-05
17,random,52,230.0,17,20,20,True,False,2.1112828662823212e-05
17,random,53,220.0,18,20,20,True,False,2.2505155104769383e-05
17,random,54,220.0,18,20,20,True,False,2.2505155104769383e-05
17,random,55,220.0,18,20,20,True,False,2.2505155104769383e-05
17,random,56,230.0,17,20,20,True,False,2.1112828662823212e-05
17,random,57,230.0,17,20,20,True,False,2.1112828662823212e-05
17,random,58,240.0,16,20,20,True,False,1.7933103014031123e-06
17,random,59,240.0,16,20,20,True,False,1.7933103014031123e-06
17,random,60,250.0,15,20,20,True,False,1.4409939165946525e-06
17,random,61,250.0,15,20,20,True,False,1.4409939165946525e-06
17,random,62,260.0,14,20,20,True,False,1.2838025584961532e-06
17,random,63,260.0,14,20,20,True,False,1.2838025584961532e-06
17,random,64,260.0,14,20,20,True,False,1.2838025584961532e-06
17,random,65,250.0,15,20,20,True,False,1.4409939165943946e-06
17,random,66,250.0,15,20,20,True,False,1.4409939165943946e-06
17,random,67,250.0,15,20,20,True,False,1.4409939165943946e-06
17,random,68,250.0,15,20,20,True,False,1.4409939165943946e-06
17,random,69,250.0,15,20,20,True,False,1.4409939165943946e-06
17,random,70,250.0,15,20,20,True,False,1.4409939165943946e-06
17,random,71,240.0,16,20,20,True,False,1.7104574718679186e-06
17,random,72,240.0,16,20,20,True,False,1.7104574718679186e-06
17,random,73,230.0,17,20,20,True,False,2.0564460423184684e-05
17,random,74,230.0,17,20,20,True,False,2.0564460423184684e-05
17,random,75,230.0,17,20,20,True,False,2.0564460423184684e-05
17,random,76,230.0,17,20,20,True,False,2.0564460423184684e-05
17,random,77,230.0,17,20,20,True,False,2.0564460423184684e-05
17,random,78,240.0,16,20,20,True,False,1.7955094975372243e-05
17,random,79,240.0,16,20,20,True,False,1.7955094975372243e-05
17,random,80,240.0,16,20,20,True,False,1.7955094975372243e-05
17,random,81,240.0,16,20,20,True,False,1.7955094975372243e-05
17,random,82,230.0,17,20,20,True,False,2.7791480628542074e-05
17,random,83,230.0,17,20,20,True,False,2.7791480628542074e-05
17,random,84,220.0,18,20,20,True,False,3.0668139802985396e-05
17,random,85,220.0,18,20,20,True,False,3.0668139802985396e-05
17,random,86,210.0,19,20,20,True,False,3.0931685727858616e-05
17,random,87,210.0,19,20,20,True,False,3.0931685727858616e-05
17,random,88,220.0,18,20,20,True,False,3.0318919214196967e-05
17,random,89,220.0,18,20,20,True,False,3.0318919214196967e-05
17,random,90,210.0,19,20,20,True,False,3.1168952032572985e-05
17,random,91,210.0,19,20,20,True,False,3.1168952032572985e-05
17,random,92,200.0,20,20,20,True,False,3.126841337550141e-05
17,random,93,200.0,20,20,20,True,False,3.126841337550141e-05
17,random,94,190.0,19,19,20,False,False,0.0
17,random,95,190.0,19,19,20,False,False,0.0
17,random,96,180.0,20,19,20,False,False,0.0
17,random,97,180.0,20,19,20,False,False,0.0
17,random,98,170.0,21,19,20,False,False,0.0
17,random,99,170.0,21,19,20,False,False,0.0
17,random,100,170.0,21,19,20,False,False,0.0
17,learned,0,270.0,13,20,20,True,False,1.7423931901201828e-08
17,learned,1,270.0,13,20,20,True,False,1.7423931901201828e-08
17,learned,2,260.0,14,20,20,True,False,1.87297330899352e-08
17,learned,3,260.0,14,20,20,True,False,1.87297330899352e-08
17,learned,4,270.0,13,20,20,True,False,1.8451200492513705e-08
17,learned,5,270.0,13,20,20,True,False,1.8451200492513705e-08
17,learned,6,280.0,12,20,20,True,False,1.7220779173618337e-08
17,learned,7,280.0,12,20,20,True,False,1.7220779173618337e-08
17,learned,8,270.0,13,20,20,True,False,1.7423931901201828e-08
17,learned,9,270.0,13,20,20,True,False,1.7423931901201828e-08
17,learned,10,260.0,14,20,20,True,False,1.8063288368264445e-08
17,learned,11,260.0,14,20,20,True,False,1.8063288368264445e-08
17,learned,12,270.0,13,20,20,True,False,1.7423931901201828e-08
17,learned,13,270.0,13,20,20,True,False,1.7423931901201828e-08
17,learned,14,280.0,12,20,20,True,False,1.722077917360295e-08
17,learned,15,280.0,12,20,20,True,False,1.722077917360295e-08
17,learned,16,270.0,13,20,20,True,False,1.8451200492522453e-08
17,learned,17,270.0,13,20,20,True,False,1.8451200492522453e-08
17,learned,18,280.0,12,20,20,True,False,1.722077917360295e-08
17,learned,19,280.0,12,20,20,True,False,1.722077917360295e-08
17,learned,20,270.0,13,20,20,True,False,1.7979362217379983e-08
17,learned,21,270.0,13,20,20,True,False,1.7979362217379983e-08
17,learned,22,280.0,12,20,20,True,False,1.722077917360295e-08
17,learned,23,280.0,12,20,20,True,False,1.722077917360295e-08
17,learned,24,290.0,11,20,20,True,False,1.7117916282220805e-08
17,learned,25,290.0,11,20,20,True,False,1.7117916282220805e-08
17,learned,26,260.0,10,18,20,False,False,0.0
17,learned,27,260.0,10,18,20,False,False,0.0
17,learned,28,270.0,9,18,20,False,False,0.0
17,learned,29,270.0,9,18,20,False,False,0.0
17,learned,30,260.0,10,18,20,False,False,0.0
17,learned,31,260.0,10,18,20,False,False,0.0
17,learned,32,270.0,9,18,20,False,False,0.0
17,learned,33,270.0,9,18,20,False,False,0.0
17,learned,34,300.0,10,20,20,True,True,1.491669237507314e-08
17,learned,35,300.0,10,20,20,True,True,1.491669237507314e-08
17,learned,36,290.0,11,20,20,True,False,1.889877977606609e-08
17,learned,37,290.0,11,20,20,True,False,1.889877977606609e-08
17,learned,38,280.0,12,20,20,True,False,1.8930938222864837e-08
17,learned,39,280.0,12,20,20,True,False,1.8930938222864837e-08
17,learned,40,290.0,11,20,20,True,False,1.889877977606609e-08
17,learned,41,290.0,11,20,20,True,False,1.889877977606609e-08
17,learned,42,280.0,12,20,20,True,False,1.9032526689060105e-08
17,learned,43,280.0,12,20,20,True,False,1.9032526689060105e-08
17,learned,44,290.0,11,20,20,True,False,1.889877977606609e-08
17,learned,45,290.0,11,20,20,True,False,1.889877977606609e-08
17,learned,46,280.0,12,20,20,True,False,4.261305428668823e-07
17,learned,47,280.0,12,20,20,True,False,4.261305428668823e-07
17,learned,48,270.0,13,20,20,True,False,4.306425630129104e-07
17,learned,49,270.0,13,20,20,True,False,4.306425630129104e-07
17,learned,50,280.0,12,20,20,True,False,4.261305428668823e-07
17,learned,51,280.0,12,20,20,True,False,4.261305428668823e-07
17,learned,52,270.0,13,20,20,True,False,4.306425630129104e-07
17,learned,53,270.0,13,20,20,True,False,4.306425630129104e-07
17,learned,54,280.0,12,20,20,True,False,4.261305428668823e-07
17,learned,55,280.0,12,20,20,True,False,4.261305428668823e-07
17,learned,56,270.0,13,20,20,True,False,4.306425630129104e-07
17,learned,57,270.0,13,20,20,True,False,4.306425630129104e-07
17,learned,58,280.0,12,20,20,True,False,4.261305428668823e-07
17,learned,59,280.0,12,20,20,True,False,4.261305428668823e-07
17,learned,60,290.0,11,20,20,True,False,1.889877977606609e-08
17,learned,61,290.0,11,20,20,True,False,1.889877977606609e-08
17,learned,62,280.0,12,20,20,True,False,1.902335934204306e-08
17,learned,63,280.0,12,20,20,True,False,1.902335934204306e-08
17,learned,64,290.0,11,20,20,True,False,1.5684012611136965e-08
17,learned,65,290.0,11,20,20,True,False,1.5684012611136965e-08
17,learned,66,280.0,12,20,20,True,False,1.902335934204306e-08
17,learned,67,280.0,12,20,20,True,False,1.902335934204306e-08
17,learned,68,290.0,11,20,20,True,False,1.889877977606609e-08
17,learned,69,290.0,11,20,20,True,False,1.889877977606609e-08
17,learned,70,290.0,11,20,20,True,False,1.889877977606609e-08
17,learned,71,300.0,10,20,20,True,True,1.491669237507314e-08
17,learned,72,300.0,10,20,20,True,True,1.491669237507314e-08
17,learned,73,290.0,11,20,20,True,False,2.3344432335623396e-07
17,learned,74,290.0,11,20,20,True,False,2.3344432335623396e-07
17,learned,75,300.0,10,20,20,True,True,1.491669237507314e-08
17,learned,76,300.0,10,20,20,True,True,1.491669237507314e-08
17,learned,77,290.0,11,20,20,True,False,1.5684012611136965e-08
17,learned,78,290.0,11,20,20,True,False,1.5684012611136965e-08
17,learned,79,300.0,10,20,20,True,True,1.491669237507314e-08
17,learned,80,300.0,10,20,20,True,True,1.491669237507314e-08
17,learned,81,290.0,11,20,20,True,False,9.417053825984516e-07
17,learned,82,290.0,11,20,20,True,False,9.417053825984516e-07
17,learned,83,290.0,11,20,20,True,False,9.417053825984516e-07
17,learned,84,280.0,10,19,20,False,False,0.0
17,learned,85,280.0,10,19,20,False,False,0.0
17,learned,86,290.0,11,20,20,True,False,1.999758352031751e-06
17,learned,87,290.0,11,20,20,True,False,1.999758352031751e-06
17,learned,88,280.0,10,19,20,False,False,0.0
17,learned,89,280.0,10,19,20,False,False,0.0
17,learned,90,290.0,11,20,20,True,False,1.999758352031751e-06
17,learned,91,290.0,11,20,20,True,False,1.999758352031751e-06
17,learned,92,280.0,12,20,20,True,False,2.1296463280586827e-06
17,learned,93,280.0,12,20,20,True,False,2.1296463280586827e-06
17,learned,94,290.0,11,20,20,True,False,1.999758352031751e-06
17,learned,95,290.0,11,20,20,True,False,1.999758352031751e-06
17,learned,96,280.0,12,20,20,True,False,2.0630037934654697e-06
17,learned,97,280.0,12,20,20,True,False,2.0630037934654697e-06
17,learned,98,290.0,11,20,20,True,False,1.9997583520317222e-06
17,learned,99,290.0,11,20,20,True,False,1.9997583520317222e-06
17,learned,100,280.0,10,19,20,False,False,0.0
18,initial,0,210.0,9,15,20,False,False,0.0
18,greedy,0,210.0,9,15,20,False,False,0.0
18,greedy,1,240.0,10,17,20,False,False,0.0
18,greedy,2,270.0,11,19,20,False,False,0.0
18,greedy,3,280.0,12,20,20,True,False,2.225049219601041e-08
18,greedy,4,290.0,11,20,20,True,False,2.2240500932531755e-08
18,random,0,210.0,9,15,20,False,False,0.0
18,random,1,210.0,9,15,20,False,False,0.0
18,random,2,210.0,9,15,20,False,False,0.0
18,random,3,210.0,9,15,20,False,False,0.0
18,random,4,240.0,10,17,20,False,False,0.0
18,random,5,240.0,10,17,20,False,False,0.0
18,random,6,240.0,10,17,20,False,False,0.0
18,random,7,240.0,10,17,20,False,False,0.0
18,random,8,270.0,11,19,20,False,False,0.0
18,random,9,270.0,11,19,20,False,False,0.0
18,random,10,260.0,12,19,20,False,False,0.0
18,random,11,260.0,12,19,20,False,False,0.0
18,random,12,250.0,13,19,20,False,False,0.0
18,random,13,250.0,13,19,20,False,False,0.0
18,random,14,240.0,14,19,20,False,False,0.0
18,random,15,240.0,14,19,20,False,False,0.0
18,random,16,230.0,15,19,20,False,False,0.0
18,random,17,230.0,15,19,20,False,False,0.0
18,random,18,230.0,15,19,20,False,False,0.0
18,random,19,230.0,15,19,20,False,False,0.0
18,random,20,240.0,14,19,20,False,False,0.0
18,random,21,240.0,14,19,20,False,False,0.0
18,random,22,240.0,14,19,20,False,False,0.0
18,random,23,240.0,14,19,20,False,False,0.0
18,random,24,230.0,15,19,20,False,False,0.0
18,random,25,230.0,15,19,20,False,False,0.0
18,random,26,230.0,15,19,20,False,False,0.0
18,random,27,230.0,15,19,20,False,False,0.0
18,random,28,230.0,15,19,20,False,False,0.0
18,random,29,240.0,16,20,20,True,False,6.7752276315931474e-06
18,random,30,240.0,16,20,20,True,False,6.7752276315931474e-06
18,random,31,250.0,15,20,20,True,False,6.639622062747491e-06
18,random,32,250.0,15,20,20,True,False,6.639622062747491e-06
18,random,33,250.0,15,20,20,True,False,6.639622062747491e-06
18,random,34,250.0,15,20,20,True,False,6.639622062747491e-06
18,random,35,240.0,16,20,20,True,False,7.129434774258461e-06
18,random,36,240.0,16,20,20,True,False,7.129434774258461e-06
18,random,37,240.0,16,20,20,True,False,7.129434774258461e-06
18,random,38,240.0,16,20,20,True,False,7.129434774258461e-06
18,random,39,250.0,15,20,20,True,False,6.826033523986372e-06
18,random,40,250.0,15,20,20,True,False,6.826033523986372e-06
18,random,41,250.0,15,20,20,True,False,6.826033523986372e-06
18,random,42,250.0,15,20,20,True,False,6.826033523986372e-06
18,random,43,240.0,16,20,20,True,False,6.972562948612424e-06
18,random,44,240.0,16,20,20,True,False,6.972562948612424e-06
18,random,45,230.0,17,20,20,True,False,7.04464451813565e-06
18,random,46,230.0,17,20,20,True,False,7.04464451813565e-06
18,random,47,230.0,17,20,20,True,False,7.04464451813565e-06
18,random,48,230.0,17,20,20,True,False,7.04464451813565e-06
18,random,49,220.0,18,20,20,True,False,7.822465937606566e-06
18,random,50,220.0,18,20,20,True,False,7.822465937606566e-06
18,random,51,230.0,17,20,20,True,False,4.765525351433743e-06
18,random,52,230.0,17,20,20,True,False,4.765525351433743e-06
18,random,53,220.0,18,20,20,True,False,4.771515077467508e-06
18,random,54,220.0,18,20,20,True,False,4.771515077467508e-06
18,random,55,220.0,18,20,20,True,False,4.771515077467508e-06
18,random,56,220.0,18,20,20,True,False,4.771515077467508e-06
18,random,57,210.0,19,20,20,True,False,4.8567485617259e-06
18,random,58,210.0,19,20,20,True,False,4.8567485617259e-06
18,random,59,220.0,18,20,20,True,False,4.714745910666384e-06
18,random,60,220.0,18,20,20,True,False,4.714745910666384e-06
18,random,61,210.0,19,20,20,True,False,4.718882855949254e-06
18,random,62,210.0,19,20,20,True,False,4.718882855949254e-06
18,random,63,210.0,19,20,20,True,False,4.718882855949254e-06
18,random,64,210.0,19,20,20,True,False,4.718882855949254e-06
18,random,65,210.0,19,20,20,True,False,4.718882855949254e-06
18,random,66,210.0,19,20,20,True,False,4.718882855949254e-06
18,random,67,200.0,20,20,20,True,False,4.7255882587365e-06
18,random,68,200.0,20,20,20,True,False,4.7255882587365e-06
18,random,69,190.0,21,20,20,True,False,5.4652924370887026e-06
18,random,70,190.0,21,20,20,True,False,5.4652924370887026e-06
18,random,71,200.0,20,20,20,True,False,5.229094133605679e-06
18,random,72,200.0,20,20,20,True,False,5.229094133605679e-06
18,random,73,190.0,21,20,20,True,False,2.164831307569482e-05
18,random,74,190.0,21,20,20,True,False,2.164831307569482e-05
18,random,75,180.0,22,20,20,True,False,2.1715725061114062e-05
18,random,76,180.0,22,20,20,True,False,2.1715725061114062e-05
18,random,77,190.0,21,20,20,True,False,1.8670746531573856e-05
18,random,78,190.0,21,20,20,True,False,1.8670746531573856e-05
18,random,79,180.0,22,20,20,True,False,1.99600295709469e-05
18,random,80,180.0,22,20,20,True,False,1.99600295709469e-05
18,random,81,170.0,23,20,20,True,False,2.1920366728516576e-05
18,random,82,170.0,23,20,20,True,False,2.1920366728516576e-05
18,random,83,160.0,24,20,20,True,False,2.1968941574543598e-05
18,random,84,160.0,24,20,20,True,False,2.1968941574543598e-05
18,random,85,160.0,24,20,20,True,False,2.1968941574543598e-05
18,random,86,160.0,24,20,20,True,False,2.1968941574543598e-05
18,random,87,170.0,23,20,20,True,False,1.4023887101508189e-05
18,random,88,170.0,23,20,20,True,False,1.4023887101508189e-05
18,random,89,170.0,23,20,20,True,False,1.4023887101508189e-05
18,random,90,170.0,23,20,20,True,False,1.4023887101508189e-05
18,random,91,170.0,23,20,20,True,False,1.4023887101508189e-05
18,random,92,170.0,23,20,20,True,False,1.4023887101508189e-05
18,random,93,180.0,22,20,20,True,False,1.1274136791105548e-05
18,random,94,180.0,22,20,20,True,False,1.1274136791105548e-05
18,random,95,170.0,23,20,20,True,False,1.7854360410010408e-05
18,random,96,170.0,23,20,20,True,False,1.7854360410010408e-05
18,random,97,170.0,23,20,20,True,False,1.7854360410010408e-05
18,random,98,170.0,23,20,20,True,False,1.7854360410010408e-05
18,random,99,160.0,24,20,20,True,False,2.189209873402873e-05
18,random,100,160.0,24,20,20,True,False,2.189209873402873e-05
18,learned,0,210.0,9,15,20,False,False,0.0
18,learned,1,210.0,9,15,20,False,False,0.0
18,learned,2,240.0,10,17,20,False,False,0.0
18,learned,3,240.0,10,17,20,False,False,0.0
18,learned,4,250.0,9,17,20,False,False,0.0
18,learned,5,250.0,9,17,20,False,False,0.0
18,learned,6,280.0,10,19,20,False,False,0.0
18,learned,7,280.0,10,19,20,False,False,0.0
18,learned,8,270.0,9,18,20,False,False,0.0
18,learned,9,270.0,9,18,20,False,False,0.0
18,learned,10,300.0,10,20,20,True,True,6.857748125667839e-07
18,learned,11,300.0,10,20,20,True,True,6.857748125667839e-07
18,learned,12,290.0,11,20,20,True,False,6.979788948843357e-07
18,learned,13,290.0,11,20,20,True,False,6.979788948843357e-07
18,learned,14,300.0,10,20,20,True,True,6.857748125666976e-07
18,learned,15,300.0,10,20,20,True,True,6.857748125666976e-07
18,learned,16,290.0,11,20,20,True,False,8.897503794147341e-06
18,learned,17,290.0,11,20,20,True,False,8.897503794147341e-06
18,learned,18,280.0,12,20,20,True,False,9.851500446230137e-06
18,learned,19,280.0,12,20,20,True,False,9.851500446230137e-06
18,learned,20,290.0,11,20,20,True,False,8.897503794147341e-06
18,learned,21,290.0,11,20,20,True,False,8.897503794147341e-06
18,learned,22,280.0,12,20,20,True,False,9.55094400878756e-06
18,learned,23,280.0,12,20,20,True,False,9.55094400878756e-06
18,learned,24,280.0,12,20,20,True,False,9.55094400878756e-06
18,learned,25,280.0,12,20,20,True,False,9.55094400878756e-06
18,learned,26,270.0,13,20,20,True,False,9.94928518631509e-06
18,learned,27,270.0,13,20,20,True,False,9.94928518631509e-06
18,learned,28,260.0,14,20,20,True,False,1.0412869978489654e-05
18,learned,29,260.0,14,20,20,True,False,1.0412869978489654e-05
18,learned,30,270.0,13,20,20,True,False,9.94928518631509e-06
18,learned,31,270.0,13,20,20,True,False,9.94928518631509e-06
18,learned,32,280.0,12,20,20,True,False,9.826352748119025e-06
18,learned,33,280.0,12,20,20,True,False,9.826352748119025e-06
18,learned,34,290.0,11,20,20,True,False,4.190387684249412e-06
18,learned,35,290.0,11,20,20,True,False,4.190387684249412e-06
18,learned,36,280.0,12,20,20,True,False,4.566311157295981e-06
18,learned,37,280.0,12,20,20,True,False,4.566311157295981e-06
18,learned,38,290.0,11,20,20,True,False,1.6678958355270178e-07
18,learned,39,290.0,11,20,20,True,False,1.6678958355270178e-07
18,learned,40,280.0,10,19,20,False,False,0.0
18,learned,41,280.0,10,19,20,False,False,0.0
18,learned,42,290.0,11,20,20,True,False,5.349807045431874e-08
18,learned,43,290.0,11,20,20,True,False,5.349807045431874e-08
18,learned,44,280.0,12,20,20,True,False,5.383589979535126e-08
18,learned,45,280.0,12,20,20,True,False,5.383589979535126e-08
18,learned,46,290.0,11,20,20,True,False,5.349807045431874e-08
18,learned,47,290.0,11,20,20,True,False,5.349807045431874e-08
18,learned,48,290.0,11,20,20,True,False,5.349807045431874e-08
18,learned,49,280.0,12,20,20,True,False,6.535735830905338e-06
18,learned,50,280.0,12,20,20,True,False,6.535735830905338e-06
18,learned,51,290.0,11,20,20,True,False,2.591158828325859e-06
18,learned,52,290.0,11,20,20,True,False,2.591158828325859e-06
18,learned,53,280.0,10,19,20,False,False,0.0
18,learned,54,280.0,10,19,20,False,False,0.0
18,learned,55,290.0,11,20,20,True,False,1.983404985979582e-06
18,learned,56,290.0,11,20,20,True,False,1.983404985979582e-06
18,learned,57,280.0,12,20,20,True,False,4.257786115756072e-06
18,learned,58,280.0,12,20,20,True,False,4.257786115756072e-06
18,learned,59,290.0,11,20,20,True,False,1.983404985979582e-06
18,learned,60,290.0,11,20,20,True,False,1.983404985979582e-06
18,learned,61,280.0,12,20,20,True,False,4.257786115756072e-06
18,learned,62,280.0,12,20,20,True,False,4.257786115756072e-06
18,learned,63,290.0,11,20,20,True,False,1.983404985979582e-06
18,learned,64,290.0,11,20,20,True,False,1.983404985979582e-06
18,learned,65,280.0,10,19,20,False,False,0.0
18,learned,66,280.0,10,19,20,False,False,0.0
18,learned,67,250.0,9,17,20,False,False,0.0
18,learned,68,250.0,9,17,20,False,False,0.0
18,learned,69,260.0,10,18,20,False,False,0.0
18,learned,70,260.0,10,18,20,False,False,0.0
18,learned,71,250.0,9,17,20,False,False,0.0
18,learned,72,250.0,9,17,20,False,False,0.0
18,learned,73,280.0,10,19,20,False,False,0.0
18,learned,74,280.0,10,19,20,False,False,0.0
18,learned,75,280.0,10,19,20,False,False,0.0
18,learned,76,290.0,11,20,20,True,False,1.6458110300214023e-07
18,learned,77,290.0,11,20,20,True,False,1.6458110300214023e-07
18,learned,78,280.0,12,20,20,True,False,2.1520677018713773e-07
18,learned,79,280.0,12,20,20,True,False,2.1520677018713773e-07
18,learned,80,290.0,11,20,20,True,False,1.6458110300214023e-07
18,learned,81,290.0,11,20,20,True,False,1.6458110300214023e-07
18,learned,82,300.0,10,20,20,True,True,1.3111237646570957e-07
18,learned,83,300.0,10,20,20,True,True,1.3111237646570957e-07
18,learned,84,290.0,11,20,20,True,False,1.6581071384609578e-07
18,learned,85,290.0,11,20,20,True,False,1.6581071384609578e-07
18,learned,86,280.0,10,19,20,False,False,0.0
18,learned,87,280.0,10,19,20,False,False,0.0
18,learned,88,270.0,9,18,20,False,False,0.0
18,learned,89,270.0,9,18,20,False,False,0.0
18,learned,90,240.0,8,16,20,False,False,0.0
18,learned,91,240.0,8,16,20,False,False,0.0
18,learned,92,270.0,9,18,20,False,False,0.0
18,learned,93,270.0,9,18,20,False,False,0.0
18,learned,94,240.0,8,16,20,False,False,0.0
18,learned,95,240.0,8,16,20,False,False,0.0
18,learned,96,270.0,9,18,20,False,False,0.0
18,learned,97,270.0,9,18,20,False,False,0.0
18,learned,98,280.0,10,19,20,False,False,0.0
18,learned,99,280.0,10,19,20,False,False,0.0
18,learned,100,250.0,9,17,20,False,False,0.0
19,initial,0,-40.0,44,20,20,True,False,0.0001840639896413547
19,greedy,0,-40.0,44,20,20,True,False,0.0001840639896413547
19,greedy,1,-30.0,43,20,20,True,False,0.00017681820964837237
19,greedy,2,-20.0,42,20,20,True,False,0.00017271667242410314
19,greedy,3,-10.0,41,20,20,True,False,0.00015555072298252412
19,greedy,4,0.0,40,20,20,True,False,0.00014211753595908468
19,greedy,5,10.0,39,20,20,True,False,0.00013788007063219313
19,greedy,6,20.0,38,20,20,True,False,0.0001240750390531489
19,greedy,7,30.0,37,20,20,True,False,0.00012360419369211872
19,greedy,8,40.0,36,20,20,True,False,0.00012360010906074527
19,greedy,9,50.0,35,20,20,True,False,0.00012144705191754107
19,greedy,10,60.0,34,20,20,True,False,0.00011919108061643088
19,greedy,11,70.0,33,20,20,True,False,0.00011766748130336038
19,greedy,12,80.0,32,20,20,True,False,0.00011120653695985018
19,greedy,13,90.0,31,20,20,True,False,0.00010348853289102068
19,greedy,14,100.0,30,20,20,True,False,0.00010252357720080533
19,greedy,15,110.0,29,20,20,True,False,8.150399596408952e-05
19,greedy,16,120.0,28,20,20,True,False,8.05940515466028e-05
19,greedy,17,130.0,27,20,20,True,False,6.969543185704451e-05
19,greedy,18,140.0,26,20,20,True,False,5.500750863532552e-05
19,greedy,19,150.0,25,20,20,True,False,5.26214851751594e-05
19,greedy,20,160.0,24,20,20,True,False,5.068187306482477e-05
19,greedy,21,170.0,23,20,20,True,False,5.06555529059371e-05
19,greedy,22,180.0,22,20,20,True,False,4.8621002154805123e-05
19,greedy,23,190.0,21,20,20,True,False,4.13781906353469e-05
19,greedy,24,200.0,20,20,20,True,False,3.7159053599024797e-05
19,greedy,25,210.0,19,20,20,True,False,4.890157656966766e-06
19,greedy,26,220.0,18,20,20,True,False,3.697948610361429e-06
19,greedy,27,230.0,17,20,20,True,False,3.693838903752604e-06
19,greedy,28,240.0,16,20,20,True,False,3.68720098088804e-06
19,greedy,29,250.0,15,20,20,True,False,3.4527720058220215e-06
19,greedy,30,260.0,14,20,20,True,False,3.166756303160855e-06
19,greedy,31,270.0,13,20,20,True,False,3.165620254219769e-06
19,greedy,32,280.0,12,20,20,True,False,3.481214714203636e-07
19,greedy,33,290.0,11,20,20,True,False,3.2010864887509435e-07
19,random,0,-40.0,44,20,20,True,False,0.0001840639896413547
19,random,1,-40.0,44,20,20,True,False,0.0001840639896413547
19,random,2,-50.0,45,20,20,True,False,0.0001863053488593581
19,random,3,-50.0,45,20,20,True,False,0.0001863053488593581
19,random,4,-60.0,46,20,20,True,False,0.0001865901274985987
19,random,5,-60.0,46,20,20,True,False,0.0001865901274985987
19,random,6,-60.0,46,20,20,True,False,0.0001865901274985987
19,random,7,-50.0,45,20,20,True,False,0.0001863053488593581
19,random,8,-50.0,45,20,20,True,False,0.0001863053488593581
19,random,9,-50.0,45,20,20,True,False,0.0001863053488593581
19,random,10,-50.0,45,20,20,True,False,0.0001863053488593581
19,random,11,-40.0,44,20,20,True,False,0.00017409215200396596
19,random,12,-40.0,44,20,20,True,False,0.00017409215200396596
19,random,13,-40.0,44,20,20,True,False,0.00017409215200396596
19,random,14,-40.0,44,20,20,True,False,0.00017409215200396596
19,random,15,-30.0,43,20,20,True,False,0.00016637313742272935
19,random,16,-30.0,43,20,20,True,False,0.00016637313742272935
19,random,17,-30.0,43,20,20,True,False,0.00016637313742272935
19,random,18,-30.0,43,20,20,True,False,0.00016637313742272935
19,random,19,-30.0,43,20,20,True,False,0.00016637313742272935
19,random,20,-20.0,42,20,20,True,False,0.00016463778924528797
19,random,21,-20.0,42,20,20,True,False,0.00016463778924528797
19,random,22,-10.0,41,20,20,True,False,0.00015696250828487246
19,random,23,-10.0,41,20,20,True,False,0.00015696250828487246
19,random,24,-20.0,42,20,20,True,False,0.000165706591829051
19,random,25,-20.0,42,20,20,True,False,0.000165706591829051
19,random,26,-20.0,42,20,20,True,False,0.000165706591829051
19,random,27,-20.0,42,20,20,True,False,0.000165706591829051
19,random,28,-20.0,42,20,20,True,False,0.000165706591829051
19,random,29,-10.0,41,20,20,True,False,0.00014153276613963645
19,random,30,-10.0,41,20,20,True,False,0.00014153276613963645
19,random,31,0.0,40,20,20,True,False,0.00013969288763027342
19,random,32,0.0,40,20,20,True,False,0.00013969288763027342
19,random,33,0.0,40,20,20,True,False,0.00013969288763027342
19,random,34,0.0,40,20,20,True,False,0.00013969288763027342
19,random,35,0.0,40,20,20,True,False,0.00013969288763027342
19,random,36,0.0,40,20,20,True,False,0.00013969288763027342
19,random,37,10.0,39,20,20,True,False,0.00013447119669390158
19,random,38,10.0,39,20,20,True,False,0.00013447119669390158
19,random,39,20.0,38,20,20,True,False,0.00012688699240931666
19,random,40,20.0,38,20,20,True,False,0.00012688699240931666
19,random,41,20.0,38,20,20,True,False,0.00012688699240931666
19,random,42,20.0,38,20,20,True,False,0.00012688699240931666
19,random,43,20.0,38,20,20,True,False,0.00012688699240931666
19,random,44,30.0,37,20,20,True,False,0.00011944358071748647
19,random,45,30.0,37,20,20,True,False,0.00011944358071748647
19,random,46,40.0,36,20,20,True,False,0.0001190502683281764
19,random,47,40.0,36,20,20,True,False,0.0001190502683281764
19,random,48,50.0,35,20,20,True,False,0.00011790202502948667
19,random,49,50.0,35,20,20,True,False,0.00011790202502948667
19,random,50,40.0,36,20,20,True,False,0.00012667430665136328
19,random,51,40.0,36,20,20,True,False,0.00012667430665136328
19,random,52,30.0,37,20,20,True,False,0.00012740876651888818
19,random,53,30.0,37,20,20,True,False,0.00012740876651888818
19,random,54,20.0,38,20,20,True,False,0.0001288114891672617
19,random,55,20.0,38,20,20,True,False,0.0001288114891672617
19,random,56,20.0,38,20,20,True,False,0.0001288114891672617
19,random,57,20.0,38,20,20,True,False,0.0001288114891672617
19,random,58,30.0,37,20,20,True,False,0.00012686601673538521
19,random,59,30.0,37,20,20,True,False,0.00012686601673538521
19,random,60,20.0,38,20,20,True,False,0.00012989879629484672
19,random,61,20.0,38,20,20,True,False,0.00012989879629484672
19,random,62,20.0,38,20,20,True,False,0.00012989879629484672
19,random,63,20.0,38,20,20,True,False,0.00012989879629484672
19,random,64,30.0,37,20,20,True,False,0.000129527547558717
19,random,65,30.0,37,20,20,True,False,0.000129527547558717
19,random,66,20.0,38,20,20,True,False,0.00012983175178002008
19,random,67,20.0,38,20,20,True,False,0.00012983175178002008
19,random,68,30.0,37,20,20,True,False,0.0001262811619818168
19,random,69,30.0,37,20,20,True,False,0.0001262811619818168
19,random,70,20.0,38,20,20,True,False,0.00012748760271304383
19,random,71,20.0,38,20,20,True,False,0.00012748760271304383
19,random,72,30.0,37,20,20,True,False,0.0001274293624258019
19,random,73,30.0,37,20,20,True,False,0.0001274293624258019
19,random,74,40.0,36,20,20,True,False,0.0001218680116590434
19,random,75,40.0,36,20,20,True,False,0.0001218680116590434
19,random,76,30.0,37,20,20,True,False,0.00012451211761015533
19,random,77,30.0,37,20,20,True,False,0.00012451211761015533
19,random,78,20.0,38,20,20,True,False,0.00012597722374295756
19,random,79,20.0,38,20,20,True,False,0.00012597722374295756
19,random,80,30.0,37,20,20,True,False,0.00012525595039392107
19,random,81,30.0,37,20,20,True,False,0.00012525595039392107
19,random,82,30.0,37,20,20,True,False,0.00012525595039392107
19,random,83,30.0,37,20,20,True,False,0.00012525595039392107
19,random,84,40.0,36,20,20,True,False,0.0001252349106588014
19,random,85,40.0,36,20,20,True,False,0.0001252349106588014
19,random,86,50.0,35,20,20,True,False,0.00012093468422988249
19,random,87,50.0,35,20,20,True,False,0.00012093468422988249
19,random,88,60.0,34,20,20,True,False,0.00011961706799399963
19,random,89,60.0,34,20,20,True,False,0.00011961706799399963
19,random,90,50.0,35,20,20,True,False,0.0001234705229520791
19,random,91,50.0,35,20,20,True,False,0.0001234705229520791
19,random,92,60.0,34,20,20,True,False,0.00011458595988207324
19,random,93,60.0,34,20,20,True,False,0.00011458595988207324
19,random,94,50.0,35,20,20,True,False,0.0001164789892067357
19,random,95,50.0,35,20,20,True,False,0.0001164789892067357
19,random,96,60.0,34,20,20,True,False,0.00011184548436034146
19,random,97,60.0,34,20,20,True,False,0.00011184548436034146
19,random,98,70.0,33,20,20,True,False,0.00010638969907822479
19,random,99,70.0,33,20,20,True,False,0.00010638969907822479
19,random,100,80.0,32,20,20,True,False,0.000105730782048288
19,learned,0,-40.0,44,20,20,True,False,0.0001840639896413547
19,learned,1,-40.0,44,20,20,True,False,0.0001840639896413547
19,learned,2,-30.0,43,20,20,True,False,0.00018297035431126554
19,learned,3,-30.0,43,20,20,True,False,0.00018297035431126554
19,learned,4,-20.0,42,20,20,True,False,0.0001815590073224552
19,learned,5,-20.0,42,20,20,True,False,0.0001815590073224552
19,learned,6,-10.0,41,20,20,True,False,0.00017201758774315222
19,learned,7,-10.0,41,20,20,True,False,0.00017201758774315222
19,learned,8,-20.0,42,20,20,True,False,0.00017397134176010178
19,learned,9,-20.0,42,20,20,True,False,0.00017397134176010178
19,learned,10,-10.0,41,20,20,True,False,0.00017201758774315222
19,learned,11,-10.0,41,20,20,True,False,0.00017201758774315222
19,learned,12,0.0,40,20,20,True,False,0.00016717700159054154
19,learned,13,0.0,40,20,20,True,False,0.00016717700159054154
19,learned,14,10.0,39,20,20,True,False,0.00016695722581680337
19,learned,15,10.0,39,20,20,True,False,0.00016695722581680337
19,learned,16,20.0,38,20,20,True,False,0.00015808339982544442
19,learned,17,20.0,38,20,20,True,False,0.00015808339982544442
19,learned,18,30.0,37,20,20,True,False,0.00015494959228871128
19,learned,19,30.0,37,20,20,True,False,0.00015494959228871128
19,learned,20,40.0,36,20,20,True,False,0.00015323022657893817
19,learned,21,40.0,36,20,20,True,False,0.00015323022657893817
19,learned,22,50.0,35,20,20,True,False,0.0001463293621597764
19,learned,23,50.0,35,20,20,True,False,0.0001463293621597764
19,learned,24,40.0,36,20,20,True,False,0.00015453205026453695
19,learned,25,40.0,36,20,20,True,False,0.00015453205026453695
19,learned,26,50.0,35,20,20,True,False,0.00014632936215977526
19,learned,27,50.0,35,20,20,True,False,0.00014632936215977526
19,learned,28,60.0,34,20,20,True,False,0.00013211947349781202
19,learned,29,60.0,34,20,20,True,False,0.00013211947349781202
19,learned,30,70.0,33,20,20,True,False,0.00012822293570628618
19,learned,31,70.0,33,20,20,True,False,0.00012822293570628618
19,learned,32,80.0,32,20,20,True,False,0.00012809309165253246
19,learned,33,80.0,32,20,20,True,False,0.00012809309165253246
19,learned,34,90.0,31,20,20,True,False,0.00012802935358032297
19,learned,35,90.0,31,20,20,True,False,0.00012802935358032297
19,learned,36,100.0,30,20,20,True,False,9.343104164456024e-05
19,learned,37,100.0,30,20,20,True,False,9.343104164456024e-05
19,learned,38,90.0,31,20,20,True,False,9.53292576186601e-05
19,learned,39,90.0,31,20,20,True,False,9.53292576186601e-05
19,learned,40,100.0,30,20,20,True,False,9.343104164456024e-05
19,learned,41,100.0,30,20,20,True,False,9.343104164456024e-05
19,learned,42,90.0,31,20,20,True,False,9.53292576186601e-05
19,learned,43,90.0,31,20,20,True,False,9.53292576186601e-05
19,learned,44,100.0,30,20,20,True,False,9.343104164456024e-05
19,learned,45,100.0,30,20,20,True,False,9.343104164456024e-05
19,learned,46,90.0,31,20,20,True,False,9.53292576186601e-05
19,learned,47,90.0,31,20,20,True,False,9.53292576186601e-05
19,learned,48,100.0,30,20,20,True,False,9.343104164456024e-05
19,learned,49,100.0,30,20,20,True,False,9.343104164456024e-05
19,learned,50,90.0,31,20,20,True,False,9.53292576186601e-05
19,learned,51,90.0,31,20,20,True,False,9.53292576186601e-05
19,learned,52,100.0,30,20,20,True,False,9.343104164456024e-05
19,learned,53,100.0,30,20,20,True,False,9.343104164456024e-05
19,learned,54,110.0,29,20,20,True,False,8.836948750459998e-05
19,learned,55,110.0,29,20,20,True,False,8.836948750459998e-05
19,learned,56,120.0,28,20,20,True,False,8.312922618258514e-05
19,learned,57,120.0,28,20,20,True,False,8.312922618258514e-05
19,learned,58,130.0,27,20,20,True,False,5.69295020339126e-05
19,learned,59,130.0,27,20,20,True,False,5.69295020339126e-05
19,learned,60,140.0,26,20,20,True,False,5.641215281310325e-05
19,learned,61,140.0,26,20,20,True,False,5.641215281310325e-05
19,learned,62,130.0,27,20,20,True,False,9.651846686067711e-05
19,learned,63,130.0,27,20,20,True,False,9.651846686067711e-05
19,learned,64,140.0,26,20,20,True,False,9.571494904251607e-05
19,learned,65,140.0,26,20,20,True,False,9.571494904251607e-05
19,learned,66,130.0,27,20,20,True,False,9.651846686067711e-05
19,learned,67,130.0,27,20,20,True,False,9.651846686067711e-05
19,learned,68,140.0,26,20,20,True,False,9.637287651932456e-05
19,learned,69,140.0,26,20,20,True,False,9.637287651932456e-05
19,learned,70,150.0,25,20,20,True,False,5.197328867208447e-05
19,learned,71,150.0,25,20,20,True,False,5.197328867208447e-05
19,learned,72,140.0,26,20,20,True,False,5.266221809741957e-05
19,learned,73,140.0,26,20,20,True,False,5.266221809741957e-05
19,learned,74,150.0,25,20,20,True,False,5.197328867208447e-05
19,learned,75,150.0,25,20,20,True,False,5.197328867208447e-05
19,learned,76,140.0,26,20,20,True,False,5.247610154906129e-05
19,learned,77,140.0,26,20,20,True,False,5.247610154906129e-05
19,learned,78,150.0,25,20,20,True,False,5.1881423768388104e-05
19,learned,79,150.0,25,20,20,True,False,5.1881423768388104e-05
19,learned,80,160.0,24,20,20,True,False,5.083907391561352e-05
19,learned,81,160.0,24,20,20,True,False,5.083907391561352e-05
19,learned,82,170.0,23,20,20,True,False,4.351591325500017e-05
19,learned,83,170.0,23,20,20,True,False,4.351591325500017e-05
19,learned,84,160.0,24,20,20,True,False,4.424019687495854e-05
19,learned,85,160.0,24,20,20,True,False,4.424019687495854e-05
19,learned,86,170.0,23,20,20,True,False,4.351591325500017e-05
19,learned,87,170.0,23,20,20,True,False,4.351591325500017e-05
19,learned,88,160.0,24,20,20,True,False,5.08390739156139e-05
19,learned,89,160.0,24,20,20,True,False,5.08390739156139e-05
19,learned,90,170.0,23,20,20,True,False,4.351591325500017e-05
19,learned,91,170.0,23,20,20,True,False,4.351591325500017e-05
19,learned,92,160.0,24,20,20,True,False,5.0009866729443474e-05
19,learned,93,160.0,24,20,20,True,False,5.0009866729443474e-05
19,learned,94,170.0,23,20,20,True,False,4.953080939558699e-05
19,learned,95,170.0,23,20,20,True,False,4.953080939558699e-05
19,learned,96,180.0,22,20,20,True,False,2.919670174825712e-05
19,learned,97,180.0,22,20,20,True,False,2.919670174825712e-05
19,learned,98,190.0,21,20,20,True,False,2.841998206442903e-05
19,learned,99,190.0,21,20,20,True,False,2.841998206442903e-05
19,learned,100,200.0,20,20,20,True,False,2.8351651138982197e-05
