episode,method,step,score,edges,rank,rank_K,is_IBR,is_MBR,min_eig
0,initial,0,10.0,9,5,5,True,False,2.3467190181701124e-05
0,greedy,0,10.0,9,5,5,True,False,2.3467190181701124e-05
0,greedy,1,20.0,8,5,5,True,False,2.742371004666046e-07
0,greedy,2,30.0,7,5,5,True,False,2.1863268370132429e-07
0,greedy,3,40.0,6,5,5,True,False,1.6419145718062428e-07
0,greedy,4,50.0,5,5,5,True,True,1.6303568270862857e-07
0,random,0,10.0,9,5,5,True,False,2.3467190181701124e-05
0,random,1,10.0,9,5,5,True,False,2.3467190181701124e-05
0,random,2,10.0,9,5,5,True,False,2.3467190181701124e-05
0,random,3,20.0,8,5,5,True,False,2.742371004666046e-07
0,random,4,20.0,8,5,5,True,False,2.742371004666046e-07
0,random,5,20.0,8,5,5,True,False,2.742371004666046e-07
0,random,6,10.0,9,5,5,True,False,2.9673712355331775e-07
0,random,7,10.0,9,5,5,True,False,2.9673712355331775e-07
0,random,8,0.0,10,5,5,True,False,2.57137155259402e-05
0,random,9,0.0,10,5,5,True,False,2.57137155259402e-05
0,random,10,10.0,9,5,5,True,False,2.5364065424622825e-05
0,random,11,20.0,8,5,5,True,False,2.3588806789706686e-05
0,random,12,30.0,7,5,5,True,False,2.2648174195345486e-05
0,random,13,40.0,6,5,5,True,False,1.7066151443806268e-07
0,random,14,40.0,6,5,5,True,False,1.7066151443806268e-07
0,random,15,40.0,6,5,5,True,False,1.7066151443806268e-07
0,random,16,50.0,5,5,5,True,True,1.630356827086959e-07
0,random,17,50.0,5,5,5,True,True,1.630356827086959e-07
0,random,18,40.0,4,4,5,False,False,0.0
0,random,19,40.0,4,4,5,False,False,0.0
0,random,20,30.0,3,3,5,False,False,0.0
0,random,21,40.0,4,4,5,False,False,0.0
0,random,22,40.0,4,4,5,False,False,0.0
0,random,23,40.0,4,4,5,False,False,0.0
0,random,24,50.0,5,5,5,True,True,6.695472997172625e-06
0,random,25,40.0,6,5,5,True,False,8.041741786034153e-06
0,random,26,50.0,5,5,5,True,True,6.695472997172625e-06
0,random,27,50.0,5,5,5,True,True,6.695472997172625e-06
0,random,28,50.0,5,5,5,True,True,6.695472997172625e-06
0,random,29,40.0,4,4,5,False,False,0.0
0,random,30,30.0,3,3,5,False,False,0.0
0,random,31,30.0,3,3,5,False,False,0.0
0,random,32,40.0,4,4,5,False,False,0.0
0,random,33,40.0,4,4,5,False,False,0.0
0,random,34,40.0,4,4,5,False,False,0.0
0,random,35,40.0,4,4,5,False,False,0.0
0,random,36,40.0,4,4,5,False,False,0.0
0,random,37,40.0,4,4,5,False,False,0.0
0,random,38,30.0,5,4,5,False,False,0.0
0,random,39,20.0,4,3,5,False,False,0.0
0,random,40,10.0,5,3,5,False,False,0.0
0,random,41,10.0,5,3,5,False,False,0.0
0,random,42,20.0,6,4,5,False,False,0.0
0,random,43,20.0,6,4,5,False,False,0.0
0,random,44,10.0,7,4,5,False,False,0.0
0,random,45,10.0,7,4,5,False,False,0.0
0,random,46,20.0,6,4,5,False,False,0.0
0,random,47,20.0,6,4,5,False,False,0.0
0,random,48,20.0,6,4,5,False,False,0.0
0,random,49,30.0,7,5,5,True,False,7.488385214075605e-06
0,random,50,40.0,6,5,5,True,False,7.480265900141411e-06
0,random,51,30.0,5,4,5,False,False,0.0
0,random,52,20.0,6,4,5,False,False,0.0
0,random,53,30.0,7,5,5,True,False,2.074082432136231e-05
0,random,54,30.0,7,5,5,True,False,2.074082432136231e-05
0,random,55,30.0,7,5,5,True,False,2.074082432136231e-05
0,random,56,30.0,7,5,5,True,False,2.074082432136231e-05
0,random,57,30.0,7,5,5,True,False,2.074082432136231e-05
0,random,58,40.0,6,5,5,True,False,2.0287057490109902e-05
0,random,59,30.0,5,4,5,False,False,0.0
0,random,60,30.0,5,4,5,False,False,0.0
0,random,61,40.0,4,4,5,False,False,0.0
0,random,62,40.0,4,4,5,False,False,0.0
0,random,63,40.0,4,4,5,False,False,0.0
0,random,64,30.0,5,4,5,False,False,0.0
0,random,65,40.0,4,4,5,False,False,0.0
0,random,66,30.0,5,4,5,False,False,0.0
0,random,67,20.0,4,3,5,False,False,0.0
0,random,68,10.0,3,2,5,False,False,0.0
0,random,69,10.0,3,2,5,False,False,0.0
0,random,70,10.0,3,2,5,False,False,0.0
0,random,71,20.0,4,3,5,False,False,0.0
0,random,72,30.0,5,4,5,False,False,0.0
0,random,73,30.0,5,4,5,False,False,0.0
0,random,74,40.0,4,4,5,False,False,0.0
0,random,75,40.0,4,4,5,False,False,0.0
0,random,76,30.0,3,3,5,False,False,0.0
0,random,77,40.0,4,4,5,False,False,0.0
0,random,78,40.0,4,4,5,False,False,0.0
0,random,79,30.0,3,3,5,False,False,0.0
0,random,80,40.0,4,4,5,False,False,0.0
0,random,81,40.0,4,4,5,False,False,0.0
0,random,82,40.0,4,4,5,False,False,0.0
0,random,83,50.0,5,5,5,True,True,1.5607285236521443e-05
0,random,84,50.0,5,5,5,True,True,1.5607285236521443e-05
0,random,85,50.0,5,5,5,True,True,1.5607285236521443e-05
0,random,86,50.0,5,5,5,True,True,1.5607285236521443e-05
0,random,87,50.0,5,5,5,True,True,1.5607285236521443e-05
0,random,88,50.0,5,5,5,True,True,1.5607285236521443e-05
0,random,89,40.0,4,4,5,False,False,0.0
0,random,90,40.0,4,4,5,False,False,0.0
0,random,91,40.0,4,4,5,False,False,0.0
0,random,92,40.0,4,4,5,False,False,0.0
0,random,93,40.0,4,4,5,False,False,0.0
0,random,94,50.0,5,5,5,True,True,1.484415343096581e-05
0,random,95,40.0,4,4,5,False,False,0.0
0,random,96,30.0,3,3,5,False,False,0.0
0,random,97,20.0,4,3,5,False,False,0.0
0,random,98,10.0,5,3,5,False,False,0.0
0,random,99,10.0,5,3,5,False,False,0.0
0,random,100,0.0,4,2,5,False,False,0.0
0,random,101,10.0,5,3,5,False,False,0.0
0,random,102,10.0,5,3,5,False,False,0.0
0,random,103,20.0,6,4,5,False,False,0.0
0,random,104,10.0,7,4,5,False,False,0.0
0,random,105,0.0,6,3,5,False,False,0.0
0,random,106,10.0,5,3,5,False,False,0.0
0,random,107,10.0,5,3,5,False,False,0.0
0,random,108,10.0,5,3,5,False,False,0.0
0,random,109,10.0,5,3,5,False,False,0.0
0,random,110,20.0,6,4,5,False,False,0.0
0,random,111,10.0,5,3,5,False,False,0.0
0,random,112,20.0,6,4,5,False,False,0.0
0,random,113,20.0,6,4,5,False,False,0.0
0,random,114,10.0,7,4,5,False,False,0.0
0,random,115,20.0,6,4,5,False,False,0.0
0,random,116,20.0,6,4,5,False,False,0.0
0,random,117,10.0,5,3,5,False,False,0.0
0,random,118,20.0,6,4,5,False,False,0.0
0,random,119,20.0,6,4,5,False,False,0.0
0,random,120,20.0,6,4,5,False,False,0.0
0,random,121,20.0,6,4,5,False,False,0.0
0,random,122,10.0,7,4,5,False,False,0.0
0,random,123,10.0,7,4,5,False,False,0.0
0,random,124,20.0,8,5,5,True,False,3.4692226091970863e-06
0,random,125,30.0,7,5,5,True,False,3.4132908133342545e-06
0,random,126,20.0,8,5,5,True,False,2.3588806789706686e-05
0,random,127,30.0,7,5,5,True,False,2.303357896988317e-07
0,random,128,20.0,6,4,5,False,False,0.0
0,random,129,30.0,5,4,5,False,False,0.0
0,random,130,20.0,6,4,5,False,False,0.0
0,random,131,20.0,6,4,5,False,False,0.0
0,random,132,30.0,5,4,5,False,False,0.0
0,random,133,30.0,5,4,5,False,False,0.0
0,random,134,20.0,6,4,5,False,False,0.0
0,random,135,30.0,5,4,5,False,False,0.0
0,random,136,30.0,5,4,5,False,False,0.0
0,random,137,30.0,5,4,5,False,False,0.0
0,random,138,40.0,6,5,5,True,False,1.9210412269893766e-07
0,random,139,40.0,6,5,5,True,False,1.9210412269893766e-07
0,random,140,30.0,7,5,5,True,False,2.039281321453053e-07
0,random,141,30.0,7,5,5,True,False,2.039281321453053e-07
0,random,142,30.0,7,5,5,True,False,2.039281321453053e-07
0,random,143,40.0,6,5,5,True,False,1.7144608394816756e-07
0,random,144,40.0,6,5,5,True,False,1.7144608394816756e-07
0,random,145,30.0,7,5,5,True,False,2.3175812220445826e-07
0,random,146,20.0,8,5,5,True,False,2.3410050513059193e-07
0,random,147,20.0,8,5,5,True,False,2.3410050513059193e-07
0,random,148,30.0,7,5,5,True,False,2.3175812220445826e-07
0,random,149,30.0,7,5,5,True,False,2.3175812220445826e-07
0,random,150,30.0,7,5,5,True,False,2.3175812220445826e-07
0,random,151,30.0,7,5,5,True,False,2.3175812220445826e-07
0,random,152,30.0,7,5,5,True,False,2.3175812220445826e-07
0,random,153,30.0,7,5,5,True,False,2.3175812220445826e-07
0,random,154,30.0,7,5,5,True,False,2.3175812220445826e-07
0,random,155,30.0,7,5,5,True,False,2.3175812220445826e-07
0,random,156,30.0,7,5,5,True,False,2.3175812220445826e-07
0,random,157,30.0,7,5,5,True,False,2.3175812220445826e-07
0,random,158,30.0,7,5,5,True,False,2.3175812220445826e-07
0,random,159,20.0,8,5,5,True,False,2.6761264974978723e-05
0,random,160,10.0,9,5,5,True,False,2.7062383819209027e-05
0,random,161,20.0,8,5,5,True,False,2.6761264974978716e-05
0,random,162,20.0,8,5,5,True,False,2.6761264974978716e-05
0,random,163,20.0,8,5,5,True,False,2.6761264974978716e-05
0,random,164,30.0,7,5,5,True,False,2.3175812220447632e-07
0,random,165,30.0,7,5,5,True,False,2.3175812220447632e-07
0,random,166,20.0,6,4,5,False,False,0.0
0,random,167,20.0,6,4,5,False,False,0.0
0,random,168,20.0,6,4,5,False,False,0.0
0,random,169,30.0,7,5,5,True,False,2.3175812220447632e-07
0,random,170,30.0,7,5,5,True,False,2.3175812220447632e-07
0,random,171,20.0,8,5,5,True,False,2.953644327790785e-07
0,random,172,20.0,8,5,5,True,False,2.953644327790785e-07
0,random,173,20.0,8,5,5,True,False,2.953644327790785e-07
0,random,174,30.0,7,5,5,True,False,2.0392813214531073e-07
0,random,175,20.0,6,4,5,False,False,0.0
0,random,176,20.0,6,4,5,False,False,0.0
0,random,177,20.0,6,4,5,False,False,0.0
0,random,178,20.0,6,4,5,False,False,0.0
0,random,179,30.0,7,5,5,True,False,8.70739283399461e-06
0,random,180,30.0,7,5,5,True,False,8.70739283399461e-06
0,random,181,30.0,7,5,5,True,False,8.70739283399461e-06
0,random,182,30.0,7,5,5,True,False,8.70739283399461e-06
0,random,183,40.0,6,5,5,True,False,8.041741786034147e-06
0,random,184,40.0,6,5,5,True,False,8.041741786034147e-06
0,random,185,50.0,5,5,5,True,True,6.695472997172625e-06
0,random,186,40.0,6,5,5,True,False,6.701654414649196e-06
0,random,187,40.0,6,5,5,True,False,6.701654414649196e-06
0,random,188,40.0,6,5,5,True,False,6.701654414649196e-06
0,random,189,40.0,6,5,5,True,False,6.701654414649196e-06
0,random,190,40.0,6,5,5,True,False,6.701654414649196e-06
0,random,191,40.0,6,5,5,True,False,6.701654414649196e-06
0,random,192,40.0,6,5,5,True,False,6.701654414649196e-06
0,random,193,30.0,7,5,5,True,False,8.056462314618317e-06
0,random,194,30.0,7,5,5,True,False,8.056462314618317e-06
0,random,195,40.0,6,5,5,True,False,8.041741786034147e-06
0,random,196,40.0,6,5,5,True,False,8.041741786034147e-06
0,random,197,40.0,6,5,5,True,False,8.041741786034147e-06
0,random,198,30.0,5,4,5,False,False,0.0
0,random,199,30.0,5,4,5,False,False,0.0
0,random,200,30.0,5,4,5,False,False,0.0
0,learned,0,10.0,9,5,5,True,False,2.3467190181701124e-05
0,learned,1,20.0,8,5,5,True,False,2.0695123895914345e-05
0,learned,2,30.0,7,5,5,True,False,1.993656466292272e-05
0,learned,3,40.0,6,5,5,True,False,1.9776532777577733e-05
0,learned,4,40.0,6,5,5,True,False,1.9776532777577733e-05
0,learned,5,40.0,6,5,5,True,False,1.9776532777577733e-05
0,learned,6,40.0,6,5,5,True,False,1.9776532777577733e-05
0,learned,7,40.0,6,5,5,True,False,1.9776532777577733e-05
0,learned,8,40.0,6,5,5,True,False,1.9776532777577733e-05
0,learned,9,40.0,6,5,5,True,False,1.9776532777577733e-05
0,learned,10,40.0,6,5,5,True,False,1.9776532777577733e-05
0,learned,11,40.0,6,5,5,True,False,1.9776532777577733e-05
0,learned,12,40.0,6,5,5,True,False,1.9776532777577733e-05
0,learned,13,40.0,6,5,5,True,False,1.9776532777577733e-05
0,learned,14,40.0,6,5,5,True,False,1.9776532777577733e-05
0,learned,15,40.0,6,5,5,True,False,1.9776532777577733e-05
0,learned,16,40.0,6,5,5,True,False,1.9776532777577733e-05
0,learned,17,40.0,6,5,5,True,False,1.9776532777577733e-05
0,learned,18,40.0,6,5,5,True,False,1.9776532777577733e-05
0,learned,19,40.0,6,5,5,True,False,1.9776532777577733e-05
0,learned,20,40.0,6,5,5,True,False,1.9776532777577733e-05
0,learned,21,40.0,6,5,5,True,False,1.9776532777577733e-05
0,learned,22,40.0,6,5,5,True,False,1.9776532777577733e-05
0,learned,23,40.0,6,5,5,True,False,1.9776532777577733e-05
0,learned,24,40.0,6,5,5,True,False,1.9776532777577733e-05
0,learned,25,40.0,6,5,5,True,False,1.9776532777577733e-05
0,learned,26,40.0,6,5,5,True,False,1.9776532777577733e-05
0,learned,27,40.0,6,5,5,True,False,1.9776532777577733e-05
0,learned,28,40.0,6,5,5,True,False,1.9776532777577733e-05
0,learned,29,40.0,6,5,5,True,False,1.9776532777577733e-05
0,learned,30,40.0,6,5,5,True,False,1.9776532777577733e-05
0,learned,31,40.0,6,5,5,True,False,1.9776532777577733e-05
0,learned,32,40.0,6,5,5,True,False,1.9776532777577733e-05
0,learned,33,40.0,6,5,5,True,False,1.9776532777577733e-05
0,learned,34,40.0,6,5,5,True,False,1.9776532777577733e-05
0,learned,35,40.0,6,5,5,True,False,1.9776532777577733e-05
0,learned,36,40.0,6,5,5,True,False,1.9776532777577733e-05
0,learned,37,40.0,6,5,5,True,False,1.9776532777577733e-05
0,learned,38,40.0,6,5,5,True,False,1.9776532777577733e-05
0,learned,39,40.0,6,5,5,True,False,1.9776532777577733e-05
0,learned,40,40.0,6,5,5,True,False,1.9776532777577733e-05
0,learned,41,40.0,6,5,5,True,False,1.9776532777577733e-05
0,learned,42,40.0,6,5,5,True,False,1.9776532777577733e-05
0,learned,43,40.0,6,5,5,True,False,1.9776532777577733e-05
0,learned,44,40.0,6,5,5,True,False,1.9776532777577733e-05
0,learned,45,40.0,6,5,5,True,False,1.9776532777577733e-05
0,learned,46,40.0,6,5,5,True,False,1.9776532777577733e-05
0,learned,47,40.0,6,5,5,True,False,1.9776532777577733e-05
0,learned,48,40.0,6,5,5,True,False,1.9776532777577733e-05
0,learned,49,40.0,6,5,5,True,False,1.9776532777577733e-05
0,learned,50,40.0,6,5,5,True,False,1.9776532777577733e-05
0,learned,51,40.0,6,5,5,True,False,1.9776532777577733e-05
0,learned,52,40.0,6,5,5,True,False,1.9776532777577733e-05
0,learned,53,40.0,6,5,5,True,False,1.9776532777577733e-05
0,learned,54,40.0,6,5,5,True,False,1.9776532777577733e-05
0,learned,55,40.0,6,5,5,True,False,1.9776532777577733e-05
0,learned,56,40.0,6,5,5,True,False,1.9776532777577733e-05
0,learned,57,40.0,6,5,5,True,False,1.9776532777577733e-05
0,learned,58,40.0,6,5,5,True,False,1.9776532777577733e-05
0,learned,59,40.0,6,5,5,True,False,1.9776532777577733e-05
0,learned,60,40.0,6,5,5,True,False,1.9776532777577733e-05
0,learned,61,40.0,6,5,5,True,False,1.9776532777577733e-05
0,learned,62,40.0,6,5,5,True,False,1.9776532777577733e-05
0,learned,63,40.0,6,5,5,True,False,1.9776532777577733e-05
0,learned,64,40.0,6,5,5,True,False,1.9776532777577733e-05
0,learned,65,40.0,6,5,5,True,False,1.9776532777577733e-05
0,learned,66,40.0,6,5,5,True,False,1.9776532777577733e-05
0,learned,67,40.0,6,5,5,True,False,1.9776532777577733e-05
0,learned,68,40.0,6,5,5,True,False,1.9776532777577733e-05
0,learned,69,40.0,6,5,5,True,False,1.9776532777577733e-05
0,learned,70,40.0,6,5,5,True,False,1.9776532777577733e-05
0,learned,71,40.0,6,5,5,True,False,1.9776532777577733e-05
0,learned,72,40.0,6,5,5,True,False,1.9776532777577733e-05
0,learned,73,40.0,6,5,5,True,False,1.9776532777577733e-05
0,learned,74,40.0,6,5,5,True,False,1.9776532777577733e-05
0,learned,75,40.0,6,5,5,True,False,1.9776532777577733e-05
0,learned,76,40.0,6,5,5,True,False,1.9776532777577733e-05
0,learned,77,40.0,6,5,5,True,False,1.9776532777577733e-05
0,learned,78,40.0,6,5,5,True,False,1.9776532777577733e-05
0,learned,79,40.0,6,5,5,True,False,1.9776532777577733e-05
0,learned,80,40.0,6,5,5,True,False,1.9776532777577733e-05
0,learned,81,40.0,6,5,5,True,False,1.9776532777577733e-05
0,learned,82,40.0,6,5,5,True,False,1.9776532777577733e-05
0,learned,83,40.0,6,5,5,True,False,1.9776532777577733e-05
0,learned,84,40.0,6,5,5,True,False,1.9776532777577733e-05
0,learned,85,40.0,6,5,5,True,False,1.9776532777577733e-05
0,learned,86,40.0,6,5,5,True,False,1.9776532777577733e-05
0,learned,87,40.0,6,5,5,True,False,1.9776532777577733e-05
0,learned,88,40.0,6,5,5,True,False,1.9776532777577733e-05
0,learned,89,40.0,6,5,5,True,False,1.9776532777577733e-05
0,learned,90,40.0,6,5,5,True,False,1.9776532777577733e-05
0,learned,91,40.0,6,5,5,True,False,1.9776532777577733e-05
0,learned,92,40.0,6,5,5,True,False,1.9776532777577733e-05
0,learned,93,40.0,6,5,5,True,False,1.9776532777577733e-05
0,learned,94,40.0,6,5,5,True,False,1.9776532777577733e-05
0,learned,95,40.0,6,5,5,True,False,1.9776532777577733e-05
0,learned,96,40.0,6,5,5,True,False,1.9776532777577733e-05
0,learned,97,40.0,6,5,5,True,False,1.9776532777577733e-05
0,learned,98,40.0,6,5,5,True,False,1.9776532777577733e-05
0,learned,99,40.0,6,5,5,True,False,1.9776532777577733e-05
0,learned,100,40.0,6,5,5,True,False,1.9776532777577733e-05
0,learned,101,40.0,6,5,5,True,False,1.9776532777577733e-05
0,learned,102,40.0,6,5,5,True,False,1.9776532777577733e-05
0,learned,103,40.0,6,5,5,True,False,1.9776532777577733e-05
0,learned,104,40.0,6,5,5,True,False,1.9776532777577733e-05
0,learned,105,40.0,6,5,5,True,False,1.9776532777577733e-05
0,learned,106,40.0,6,5,5,True,False,1.9776532777577733e-05
0,learned,107,40.0,6,5,5,True,False,1.9776532777577733e-05
0,learned,108,40.0,6,5,5,True,False,1.9776532777577733e-05
0,learned,109,40.0,6,5,5,True,False,1.9776532777577733e-05
0,learned,110,40.0,6,5,5,True,False,1.9776532777577733e-05
0,learned,111,40.0,6,5,5,True,False,1.9776532777577733e-05
0,learned,112,40.0,6,5,5,True,False,1.9776532777577733e-05
0,learned,113,40.0,6,5,5,True,False,1.9776532777577733e-05
0,learned,114,40.0,6,5,5,True,False,1.9776532777577733e-05
0,learned,115,40.0,6,5,5,True,False,1.9776532777577733e-05
0,learned,116,40.0,6,5,5,True,False,1.9776532777577733e-05
0,learned,117,40.0,6,5,5,True,False,1.9776532777577733e-05
0,learned,118,40.0,6,5,5,True,False,1.9776532777577733e-05
0,learned,119,40.0,6,5,5,True,False,1.9776532777577733e-05
0,learned,120,40.0,6,5,5,True,False,1.9776532777577733e-05
0,learned,121,40.0,6,5,5,True,False,1.9776532777577733e-05
0,learned,122,40.0,6,5,5,True,False,1.9776532777577733e-05
0,learned,123,40.0,6,5,5,True,False,1.9776532777577733e-05
0,learned,124,40.0,6,5,5,True,False,1.9776532777577733e-05
0,learned,125,40.0,6,5,5,True,False,1.9776532777577733e-05
0,learned,126,40.0,6,5,5,True,False,1.9776532777577733e-05
0,learned,127,40.0,6,5,5,True,False,1.9776532777577733e-05
0,learned,128,40.0,6,5,5,True,False,1.9776532777577733e-05
0,learned,129,40.0,6,5,5,True,False,1.9776532777577733e-05
0,learned,130,40.0,6,5,5,True,False,1.9776532777577733e-05
0,learned,131,40.0,6,5,5,True,False,1.9776532777577733e-05
0,learned,132,40.0,6,5,5,True,False,1.9776532777577733e-05
0,learned,133,40.0,6,5,5,True,False,1.9776532777577733e-05
0,learned,134,40.0,6,5,5,True,False,1.9776532777577733e-05
0,learned,135,40.0,6,5,5,True,False,1.9776532777577733e-05
0,learned,136,40.0,6,5,5,True,False,1.9776532777577733e-05
0,learned,137,40.0,6,5,5,True,False,1.9776532777577733e-05
0,learned,138,40.0,6,5,5,True,False,1.9776532777577733e-05
0,learned,139,40.0,6,5,5,True,False,1.9776532777577733e-05
0,learned,140,40.0,6,5,5,True,False,1.9776532777577733e-05
0,learned,141,40.0,6,5,5,True,False,1.9776532777577733e-05
0,learned,142,40.0,6,5,5,True,False,1.9776532777577733e-05
0,learned,143,40.0,6,5,5,True,False,1.9776532777577733e-05
0,learned,144,40.0,6,5,5,True,False,1.9776532777577733e-05
0,learned,145,40.0,6,5,5,True,False,1.9776532777577733e-05
0,learned,146,40.0,6,5,5,True,False,1.9776532777577733e-05
0,learned,147,40.0,6,5,5,True,False,1.9776532777577733e-05
0,learned,148,40.0,6,5,5,True,False,1.9776532777577733e-05
0,learned,149,40.0,6,5,5,True,False,1.9776532777577733e-05
0,learned,150,40.0,6,5,5,True,False,1.9776532777577733e-05
0,learned,151,40.0,6,5,5,True,False,1.9776532777577733e-05
0,learned,152,40.0,6,5,5,True,False,1.9776532777577733e-05
0,learned,153,40.0,6,5,5,True,False,1.9776532777577733e-05
0,learned,154,40.0,6,5,5,True,False,1.9776532777577733e-05
0,learned,155,40.0,6,5,5,True,False,1.9776532777577733e-05
0,learned,156,40.0,6,5,5,True,False,1.9776532777577733e-05
0,learned,157,40.0,6,5,5,True,False,1.9776532777577733e-05
0,learned,158,40.0,6,5,5,True,False,1.9776532777577733e-05
0,learned,159,40.0,6,5,5,True,False,1.9776532777577733e-05
0,learned,160,40.0,6,5,5,True,False,1.9776532777577733e-05
0,learned,161,40.0,6,5,5,True,False,1.9776532777577733e-05
0,learned,162,40.0,6,5,5,True,False,1.9776532777577733e-05
0,learned,163,40.0,6,5,5,True,False,1.9776532777577733e-05
0,learned,164,40.0,6,5,5,True,False,1.9776532777577733e-05
0,learned,165,40.0,6,5,5,True,False,1.9776532777577733e-05
0,learned,166,40.0,6,5,5,True,False,1.9776532777577733e-05
0,learned,167,40.0,6,5,5,True,False,1.9776532777577733e-05
0,learned,168,40.0,6,5,5,True,False,1.9776532777577733e-05
0,learned,169,40.0,6,5,5,True,False,1.9776532777577733e-05
0,learned,170,40.0,6,5,5,True,False,1.9776532777577733e-05
0,learned,171,40.0,6,5,5,True,False,1.9776532777577733e-05
0,learned,172,40.0,6,5,5,True,False,1.9776532777577733e-05
0,learned,173,40.0,6,5,5,True,False,1.9776532777577733e-05
0,learned,174,40.0,6,5,5,True,False,1.9776532777577733e-05
0,learned,175,40.0,6,5,5,True,False,1.9776532777577733e-05
0,learned,176,40.0,6,5,5,True,False,1.9776532777577733e-05
0,learned,177,40.0,6,5,5,True,False,1.9776532777577733e-05
0,learned,178,40.0,6,5,5,True,False,1.9776532777577733e-05
0,learned,179,40.0,6,5,5,True,False,1.9776532777577733e-05
0,learned,180,40.0,6,5,5,True,False,1.9776532777577733e-05
0,learned,181,40.0,6,5,5,True,False,1.9776532777577733e-05
0,learned,182,40.0,6,5,5,True,False,1.9776532777577733e-05
0,learned,183,40.0,6,5,5,True,False,1.9776532777577733e-05
0,learned,184,40.0,6,5,5,True,False,1.9776532777577733e-05
0,learned,185,40.0,6,5,5,True,False,1.9776532777577733e-05
0,learned,186,40.0,6,5,5,True,False,1.9776532777577733e-05
0,learned,187,40.0,6,5,5,True,False,1.9776532777577733e-05
0,learned,188,40.0,6,5,5,True,False,1.9776532777577733e-05
0,learned,189,40.0,6,5,5,True,False,1.9776532777577733e-05
0,learned,190,40.0,6,5,5,True,False,1.9776532777577733e-05
0,learned,191,40.0,6,5,5,True,False,1.9776532777577733e-05
0,learned,192,40.0,6,5,5,True,False,1.9776532777577733e-05
0,learned,193,40.0,6,5,5,True,False,1.9776532777577733e-05
0,learned,194,40.0,6,5,5,True,False,1.9776532777577733e-05
0,learned,195,40.0,6,5,5,True,False,1.9776532777577733e-05
0,learned,196,40.0,6,5,5,True,False,1.9776532777577733e-05
0,learned,197,40.0,6,5,5,True,False,1.9776532777577733e-05
0,learned,198,40.0,6,5,5,True,False,1.9776532777577733e-05
0,learned,199,40.0,6,5,5,True,False,1.9776532777577733e-05
0,learned,200,40.0,6,5,5,True,False,1.9776532777577733e-05
1,initial,0,40.0,6,5,5,True,False,1.1863594427106538e-05
1,greedy,0,40.0,6,5,5,True,False,1.1863594427106538e-05
1,greedy,1,50.0,5,5,5,True,True,9.016019058337507e-06
1,random,0,40.0,6,5,5,True,False,1.1863594427106538e-05
1,random,1,40.0,6,5,5,True,False,1.1863594427106538e-05
1,random,2,30.0,7,5,5,True,False,1.2899262060953028e-05
1,random,3,30.0,7,5,5,True,False,1.2899262060953028e-05
1,random,4,30.0,7,5,5,True,False,1.2899262060953028e-05
1,random,5,30.0,7,5,5,True,False,1.2899262060953028e-05
1,random,6,40.0,6,5,5,True,False,1.1863594427106506e-05
1,random,7,40.0,6,5,5,True,False,1.1863594427106506e-05
1,random,8,30.0,5,4,5,False,False,0.0
1,random,9,30.0,5,4,5,False,False,0.0
1,random,10,20.0,6,4,5,False,False,0.0
1,random,11,10.0,7,4,5,False,False,0.0
1,random,12,20.0,6,4,5,False,False,0.0
1,random,13,20.0,6,4,5,False,False,0.0
1,random,14,30.0,7,5,5,True,False,1.4279533535971632e-05
1,random,15,30.0,7,5,5,True,False,1.4279533535971632e-05
1,random,16,20.0,6,4,5,False,False,0.0
1,random,17,30.0,5,4,5,False,False,0.0
1,random,18,20.0,6,4,5,False,False,0.0
1,random,19,20.0,6,4,5,False,False,0.0
1,random,20,30.0,5,4,5,False,False,0.0
1,random,21,40.0,6,5,5,True,False,3.6385049318096595e-05
1,random,22,50.0,5,5,5,True,True,2.744244769532491e-05
1,random,23,40.0,4,4,5,False,False,0.0
1,random,24,50.0,5,5,5,True,True,2.744244769532491e-05
1,random,25,50.0,5,5,5,True,True,2.744244769532491e-05
1,random,26,50.0,5,5,5,True,True,2.744244769532491e-05
1,random,27,40.0,6,5,5,True,False,2.9481750364524775e-05
1,random,28,40.0,6,5,5,True,False,2.9481750364524775e-05
1,random,29,30.0,7,5,5,True,False,3.034089370377717e-05
1,random,30,30.0,7,5,5,True,False,3.034089370377717e-05
1,random,31,20.0,8,5,5,True,False,4.607957824719327e-05
1,random,32,30.0,7,5,5,True,False,3.034089370377717e-05
1,random,33,20.0,6,4,5,False,False,0.0
1,random,34,20.0,6,4,5,False,False,0.0
1,random,35,10.0,7,4,5,False,False,0.0
1,random,36,10.0,7,4,5,False,False,0.0
1,random,37,10.0,7,4,5,False,False,0.0
1,random,38,20.0,6,4,5,False,False,0.0
1,random,39,10.0,5,3,5,False,False,0.0
1,random,40,10.0,5,3,5,False,False,0.0
1,random,41,20.0,4,3,5,False,False,0.0
1,random,42,30.0,5,4,5,False,False,0.0
1,random,43,40.0,6,5,5,True,False,1.0598694645220547e-05
1,random,44,30.0,7,5,5,True,False,1.1381893349096402e-05
1,random,45,30.0,7,5,5,True,False,1.1381893349096402e-05
1,random,46,30.0,7,5,5,True,False,1.1381893349096402e-05
1,random,47,20.0,8,5,5,True,False,3.07186590683124e-05
1,random,48,30.0,7,5,5,True,False,1.5016856985757421e-05
1,random,49,20.0,6,4,5,False,False,0.0
1,random,50,20.0,6,4,5,False,False,0.0
1,random,51,20.0,6,4,5,False,False,0.0
1,random,52,20.0,6,4,5,False,False,0.0
1,random,53,20.0,6,4,5,False,False,0.0
1,random,54,30.0,5,4,5,False,False,0.0
1,random,55,30.0,5,4,5,False,False,0.0
1,random,56,30.0,5,4,5,False,False,0.0
1,random,57,30.0,5,4,5,False,False,0.0
1,random,58,30.0,5,4,5,False,False,0.0
1,random,59,30.0,5,4,5,False,False,0.0
1,random,60,40.0,6,5,5,True,False,1.4151198963378988e-05
1,random,61,30.0,5,4,5,False,False,0.0
1,random,62,30.0,5,4,5,False,False,0.0
1,random,63,30.0,5,4,5,False,False,0.0
1,random,64,40.0,4,4,5,False,False,0.0
1,random,65,30.0,3,3,5,False,False,0.0
1,random,66,30.0,3,3,5,False,False,0.0
1,random,67,20.0,4,3,5,False,False,0.0
1,random,68,20.0,4,3,5,False,False,0.0
1,random,69,30.0,5,4,5,False,False,0.0
1,random,70,40.0,6,5,5,True,False,1.4151198963378988e-05
1,random,71,40.0,6,5,5,True,False,1.4151198963378988e-05
1,random,72,30.0,7,5,5,True,False,1.5016856985757388e-05
1,random,73,30.0,7,5,5,True,False,1.5016856985757388e-05
1,random,74,30.0,7,5,5,True,False,1.5016856985757388e-05
1,random,75,30.0,7,5,5,True,False,1.5016856985757388e-05
1,random,76,20.0,6,4,5,False,False,0.0
1,random,77,30.0,5,4,5,False,False,0.0
1,random,78,20.0,4,3,5,False,False,0.0
1,random,79,20.0,4,3,5,False,False,0.0
1,random,80,30.0,5,4,5,False,False,0.0
1,random,81,20.0,6,4,5,False,False,0.0
1,random,82,30.0,5,4,5,False,False,0.0
1,random,83,20.0,6,4,5,False,False,0.0
1,random,84,30.0,5,4,5,False,False,0.0
1,random,85,40.0,6,5,5,True,False,2.867373422757306e-05
1,random,86,30.0,5,4,5,False,False,0.0
1,random,87,30.0,5,4,5,False,False,0.0
1,random,88,20.0,6,4,5,False,False,0.0
1,random,89,20.0,6,4,5,False,False,0.0
1,random,90,20.0,6,4,5,False,False,0.0
1,random,91,10.0,7,4,5,False,False,0.0
1,random,92,20.0,6,4,5,False,False,0.0
1,random,93,20.0,6,4,5,False,False,0.0
1,random,94,20.0,6,4,5,False,False,0.0
1,random,95,20.0,6,4,5,False,False,0.0
1,random,96,20.0,6,4,5,False,False,0.0
1,random,97,10.0,5,3,5,False,False,0.0
1,random,98,0.0,6,3,5,False,False,0.0
1,random,99,0.0,6,3,5,False,False,0.0
1,random,100,0.0,6,3,5,False,False,0.0
1,random,101,10.0,7,4,5,False,False,0.0
1,random,102,10.0,7,4,5,False,False,0.0
1,random,103,10.0,7,4,5,False,False,0.0
1,random,104,0.0,8,4,5,False,False,0.0
1,random,105,0.0,8,4,5,False,False,0.0
1,random,106,0.0,8,4,5,False,False,0.0
1,random,107,0.0,8,4,5,False,False,0.0
1,random,108,0.0,8,4,5,False,False,0.0
1,random,109,10.0,7,4,5,False,False,0.0
1,random,110,10.0,7,4,5,False,False,0.0
1,random,111,10.0,7,4,5,False,False,0.0
1,random,112,20.0,6,4,5,False,False,0.0
1,random,113,30.0,5,4,5,False,False,0.0
1,random,114,30.0,5,4,5,False,False,0.0
1,random,115,30.0,5,4,5,False,False,0.0
1,random,116,20.0,6,4,5,False,False,0.0
1,random,117,20.0,6,4,5,False,False,0.0
1,random,118,30.0,5,4,5,False,False,0.0
1,random,119,30.0,5,4,5,False,False,0.0
1,random,120,20.0,6,4,5,False,False,0.0
1,random,121,30.0,7,5,5,True,False,1.2596302937010501e-05
1,random,122,20.0,8,5,5,True,False,1.3043582635557083e-05
1,random,123,20.0,8,5,5,True,False,1.3043582635557083e-05
1,random,124,20.0,8,5,5,True,False,1.3043582635557083e-05
1,random,125,10.0,9,5,5,True,False,3.9183605964941535e-05
1,random,126,20.0,8,5,5,True,False,3.0783553766564925e-05
1,random,127,20.0,8,5,5,True,False,3.0783553766564925e-05
1,random,128,20.0,8,5,5,True,False,3.0783553766564925e-05
1,random,129,20.0,8,5,5,True,False,3.0783553766564925e-05
1,random,130,30.0,7,5,5,True,False,9.666748632902357e-06
1,random,131,20.0,8,5,5,True,False,1.3043582635557083e-05
1,random,132,10.0,9,5,5,True,False,3.9183605964941535e-05
1,random,133,10.0,9,5,5,True,False,3.9183605964941535e-05
1,random,134,10.0,9,5,5,True,False,3.9183605964941535e-05
1,random,135,20.0,8,5,5,True,False,3.0783553766564925e-05
1,random,136,30.0,7,5,5,True,False,3.043400254156507e-05
1,random,137,40.0,6,5,5,True,False,1.0598694645220547e-05
1,random,138,30.0,5,4,5,False,False,0.0
1,random,139,20.0,6,4,5,False,False,0.0
1,random,140,20.0,6,4,5,False,False,0.0
1,random,141,20.0,6,4,5,False,False,0.0
1,random,142,10.0,7,4,5,False,False,0.0
1,random,143,0.0,6,3,5,False,False,0.0
1,random,144,0.0,6,3,5,False,False,0.0
1,random,145,10.0,5,3,5,False,False,0.0
1,random,146,10.0,5,3,5,False,False,0.0
1,random,147,10.0,5,3,5,False,False,0.0
1,random,148,10.0,5,3,5,False,False,0.0
1,random,149,0.0,6,3,5,False,False,0.0
1,random,150,0.0,6,3,5,False,False,0.0
1,random,151,0.0,6,3,5,False,False,0.0
1,random,152,10.0,5,3,5,False,False,0.0
1,random,153,10.0,5,3,5,False,False,0.0
1,random,154,20.0,4,3,5,False,False,0.0
1,random,155,30.0,3,3,5,False,False,0.0
1,random,156,20.0,2,2,5,False,False,0.0
1,random,157,20.0,2,2,5,False,False,0.0
1,random,158,20.0,2,2,5,False,False,0.0
1,random,159,20.0,2,2,5,False,False,0.0
1,random,160,10.0,1,1,5,False,False,0.0
1,random,161,10.0,1,1,5,False,False,0.0
1,random,162,10.0,1,1,5,False,False,0.0
1,random,163,10.0,1,1,5,False,False,0.0
1,random,164,20.0,2,2,5,False,False,0.0
1,random,165,20.0,2,2,5,False,False,0.0
1,random,166,30.0,3,3,5,False,False,0.0
1,random,167,40.0,4,4,5,False,False,0.0
1,random,168,40.0,4,4,5,False,False,0.0
1,random,169,30.0,5,4,5,False,False,0.0
1,random,170,30.0,5,4,5,False,False,0.0
1,random,171,30.0,5,4,5,False,False,0.0
1,random,172,20.0,6,4,5,False,False,0.0
1,random,173,20.0,6,4,5,False,False,0.0
1,random,174,10.0,7,4,5,False,False,0.0
1,random,175,10.0,7,4,5,False,False,0.0
1,random,176,10.0,7,4,5,False,False,0.0
1,random,177,20.0,6,4,5,False,False,0.0
1,random,178,20.0,6,4,5,False,False,0.0
1,random,179,20.0,6,4,5,False,False,0.0
1,random,180,20.0,6,4,5,False,False,0.0
1,random,181,30.0,5,4,5,False,False,0.0
1,random,182,30.0,5,4,5,False,False,0.0
1,random,183,40.0,4,4,5,False,False,0.0
1,random,184,30.0,3,3,5,False,False,0.0
1,random,185,30.0,3,3,5,False,False,0.0
1,random,186,30.0,3,3,5,False,False,0.0
1,random,187,20.0,4,3,5,False,False,0.0
1,random,188,10.0,5,3,5,False,False,0.0
1,random,189,10.0,5,3,5,False,False,0.0
1,random,190,10.0,5,3,5,False,False,0.0
1,random,191,0.0,6,3,5,False,False,0.0
1,random,192,10.0,5,3,5,False,False,0.0
1,random,193,20.0,6,4,5,False,False,0.0
1,random,194,20.0,6,4,5,False,False,0.0
1,random,195,20.0,6,4,5,False,False,0.0
1,random,196,30.0,5,4,5,False,False,0.0
1,random,197,30.0,5,4,5,False,False,0.0
1,random,198,30.0,5,4,5,False,False,0.0
1,random,199,30.0,5,4,5,False,False,0.0
1,random,200,30.0,5,4,5,False,False,0.0
1,learned,0,40.0,6,5,5,True,False,1.1863594427106538e-05
1,learned,1,50.0,5,5,5,True,True,9.016019058337507e-06
1,learned,2,40.0,6,5,5,True,False,2.9532846825061884e-05
1,learned,3,40.0,6,5,5,True,False,2.9532846825061884e-05
1,learned,4,40.0,6,5,5,True,False,2.9532846825061884e-05
1,learned,5,40.0,6,5,5,True,False,2.9532846825061884e-05
1,learned,6,40.0,6,5,5,True,False,2.9532846825061884e-05
1,learned,7,40.0,6,5,5,True,False,2.9532846825061884e-05
1,learned,8,40.0,6,5,5,True,False,2.9532846825061884e-05
1,learned,9,40.0,6,5,5,True,False,2.9532846825061884e-05
1,learned,10,40.0,6,5,5,True,False,2.9532846825061884e-05
1,learned,11,40.0,6,5,5,True,False,2.9532846825061884e-05
1,learned,12,40.0,6,5,5,True,False,2.9532846825061884e-05
1,learned,13,40.0,6,5,5,True,False,2.9532846825061884e-05
1,learned,14,40.0,6,5,5,True,False,2.9532846825061884e-05
1,learned,15,40.0,6,5,5,True,False,2.9532846825061884e-05
1,learned,16,40.0,6,5,5,True,False,2.9532846825061884e-05
1,learned,17,40.0,6,5,5,True,False,2.9532846825061884e-05
1,learned,18,40.0,6,5,5,True,False,2.9532846825061884e-05
1,learned,19,40.0,6,5,5,True,False,2.9532846825061884e-05
1,learned,20,40.0,6,5,5,True,False,2.9532846825061884e-05
1,learned,21,40.0,6,5,5,True,False,2.9532846825061884e-05
1,learned,22,40.0,6,5,5,True,False,2.9532846825061884e-05
1,learned,23,40.0,6,5,5,True,False,2.9532846825061884e-05
1,learned,24,40.0,6,5,5,True,False,2.9532846825061884e-05
1,learned,25,40.0,6,5,5,True,False,2.9532846825061884e-05
1,learned,26,40.0,6,5,5,True,False,2.9532846825061884e-05
1,learned,27,40.0,6,5,5,True,False,2.9532846825061884e-05
1,learned,28,40.0,6,5,5,True,False,2.9532846825061884e-05
1,learned,29,40.0,6,5,5,True,False,2.9532846825061884e-05
1,learned,30,40.0,6,5,5,True,False,2.9532846825061884e-05
1,learned,31,40.0,6,5,5,True,False,2.9532846825061884e-05
1,learned,32,40.0,6,5,5,True,False,2.9532846825061884e-05
1,learned,33,40.0,6,5,5,True,False,2.9532846825061884e-05
1,learned,34,40.0,6,5,5,True,False,2.9532846825061884e-05
1,learned,35,40.0,6,5,5,True,False,2.9532846825061884e-05
1,learned,36,40.0,6,5,5,True,False,2.9532846825061884e-05
1,learned,37,40.0,6,5,5,True,False,2.9532846825061884e-05
1,learned,38,40.0,6,5,5,True,False,2.9532846825061884e-05
1,learned,39,40.0,6,5,5,True,False,2.9532846825061884e-05
1,learned,40,40.0,6,5,5,True,False,2.9532846825061884e-05
1,learned,41,40.0,6,5,5,True,False,2.9532846825061884e-05
1,learned,42,40.0,6,5,5,True,False,2.9532846825061884e-05
1,learned,43,40.0,6,5,5,True,False,2.9532846825061884e-05
1,learned,44,40.0,6,5,5,True,False,2.9532846825061884e-05
1,learned,45,40.0,6,5,5,True,False,2.9532846825061884e-05
1,learned,46,40.0,6,5,5,True,False,2.9532846825061884e-05
1,learned,47,40.0,6,5,5,True,False,2.9532846825061884e-05
1,learned,48,40.0,6,5,5,True,False,2.9532846825061884e-05
1,learned,49,40.0,6,5,5,True,False,2.9532846825061884e-05
1,learned,50,40.0,6,5,5,True,False,2.9532846825061884e-05
1,learned,51,40.0,6,5,5,True,False,2.9532846825061884e-05
1,learned,52,40.0,6,5,5,True,False,2.9532846825061884e-05
1,learned,53,40.0,6,5,5,True,False,2.9532846825061884e-05
1,learned,54,40.0,6,5,5,True,False,2.9532846825061884e-05
1,learned,55,40.0,6,5,5,True,False,2.9532846825061884e-05
1,learned,56,40.0,6,5,5,True,False,2.9532846825061884e-05
1,learned,57,40.0,6,5,5,True,False,2.9532846825061884e-05
1,learned,58,40.0,6,5,5,True,False,2.9532846825061884e-05
1,learned,59,40.0,6,5,5,True,False,2.9532846825061884e-05
1,learned,60,40.0,6,5,5,True,False,2.9532846825061884e-05
1,learned,61,40.0,6,5,5,True,False,2.9532846825061884e-05
1,learned,62,40.0,6,5,5,True,False,2.9532846825061884e-05
1,learned,63,40.0,6,5,5,True,False,2.9532846825061884e-05
1,learned,64,40.0,6,5,5,True,False,2.9532846825061884e-05
1,learned,65,40.0,6,5,5,True,False,2.9532846825061884e-05
1,learned,66,40.0,6,5,5,True,False,2.9532846825061884e-05
1,learned,67,40.0,6,5,5,True,False,2.9532846825061884e-05
1,learned,68,40.0,6,5,5,True,False,2.9532846825061884e-05
1,learned,69,40.0,6,5,5,True,False,2.9532846825061884e-05
1,learned,70,40.0,6,5,5,True,False,2.9532846825061884e-05
1,learned,71,40.0,6,5,5,True,False,2.9532846825061884e-05
1,learned,72,40.0,6,5,5,True,False,2.9532846825061884e-05
1,learned,73,40.0,6,5,5,True,False,2.9532846825061884e-05
1,learned,74,40.0,6,5,5,True,False,2.9532846825061884e-05
1,learned,75,40.0,6,5,5,True,False,2.9532846825061884e-05
1,learned,76,40.0,6,5,5,True,False,2.9532846825061884e-05
1,learned,77,40.0,6,5,5,True,False,2.9532846825061884e-05
1,learned,78,40.0,6,5,5,True,False,2.9532846825061884e-05
1,learned,79,40.0,6,5,5,True,False,2.9532846825061884e-05
1,learned,80,40.0,6,5,5,True,False,2.9532846825061884e-05
1,learned,81,40.0,6,5,5,True,False,2.9532846825061884e-05
1,learned,82,40.0,6,5,5,True,False,2.9532846825061884e-05
1,learned,83,40.0,6,5,5,True,False,2.9532846825061884e-05
1,learned,84,40.0,6,5,5,True,False,2.9532846825061884e-05
1,learned,85,40.0,6,5,5,True,False,2.9532846825061884e-05
1,learned,86,40.0,6,5,5,True,False,2.9532846825061884e-05
1,learned,87,40.0,6,5,5,True,False,2.9532846825061884e-05
1,learned,88,40.0,6,5,5,True,False,2.9532846825061884e-05
1,learned,89,40.0,6,5,5,True,False,2.9532846825061884e-05
1,learned,90,40.0,6,5,5,True,False,2.9532846825061884e-05
1,learned,91,40.0,6,5,5,True,False,2.9532846825061884e-05
1,learned,92,40.0,6,5,5,True,False,2.9532846825061884e-05
1,learned,93,40.0,6,5,5,True,False,2.9532846825061884e-05
1,learned,94,40.0,6,5,5,True,False,2.9532846825061884e-05
1,learned,95,40.0,6,5,5,True,False,2.9532846825061884e-05
1,learned,96,40.0,6,5,5,True,False,2.9532846825061884e-05
1,learned,97,40.0,6,5,5,True,False,2.9532846825061884e-05
1,learned,98,40.0,6,5,5,True,False,2.9532846825061884e-05
1,learned,99,40.0,6,5,5,True,False,2.9532846825061884e-05
1,learned,100,40.0,6,5,5,True,False,2.9532846825061884e-05
1,learned,101,40.0,6,5,5,True,False,2.9532846825061884e-05
1,learned,102,40.0,6,5,5,True,False,2.9532846825061884e-05
1,learned,103,40.0,6,5,5,True,False,2.9532846825061884e-05
1,learned,104,40.0,6,5,5,True,False,2.9532846825061884e-05
1,learned,105,40.0,6,5,5,True,False,2.9532846825061884e-05
1,learned,106,40.0,6,5,5,True,False,2.9532846825061884e-05
1,learned,107,40.0,6,5,5,True,False,2.9532846825061884e-05
1,learned,108,40.0,6,5,5,True,False,2.9532846825061884e-05
1,learned,109,40.0,6,5,5,True,False,2.9532846825061884e-05
1,learned,110,40.0,6,5,5,True,False,2.9532846825061884e-05
1,learned,111,40.0,6,5,5,True,False,2.9532846825061884e-05
1,learned,112,40.0,6,5,5,True,False,2.9532846825061884e-05
1,learned,113,40.0,6,5,5,True,False,2.9532846825061884e-05
1,learned,114,40.0,6,5,5,True,False,2.9532846825061884e-05
1,learned,115,40.0,6,5,5,True,False,2.9532846825061884e-05
1,learned,116,40.0,6,5,5,True,False,2.9532846825061884e-05
1,learned,117,40.0,6,5,5,True,False,2.9532846825061884e-05
1,learned,118,40.0,6,5,5,True,False,2.9532846825061884e-05
1,learned,119,40.0,6,5,5,True,False,2.9532846825061884e-05
1,learned,120,40.0,6,5,5,True,False,2.9532846825061884e-05
1,learned,121,40.0,6,5,5,True,False,2.9532846825061884e-05
1,learned,122,40.0,6,5,5,True,False,2.9532846825061884e-05
1,learned,123,40.0,6,5,5,True,False,2.9532846825061884e-05
1,learned,124,40.0,6,5,5,True,False,2.9532846825061884e-05
1,learned,125,40.0,6,5,5,True,False,2.9532846825061884e-05
1,learned,126,40.0,6,5,5,True,False,2.9532846825061884e-05
1,learned,127,40.0,6,5,5,True,False,2.9532846825061884e-05
1,learned,128,40.0,6,5,5,True,False,2.9532846825061884e-05
1,learned,129,40.0,6,5,5,True,False,2.9532846825061884e-05
1,learned,130,40.0,6,5,5,True,False,2.9532846825061884e-05
1,learned,131,40.0,6,5,5,True,False,2.9532846825061884e-05
1,learned,132,40.0,6,5,5,True,False,2.9532846825061884e-05
1,learned,133,40.0,6,5,5,True,False,2.9532846825061884e-05
1,learned,134,40.0,6,5,5,True,False,2.9532846825061884e-05
1,learned,135,40.0,6,5,5,True,False,2.9532846825061884e-05
1,learned,136,40.0,6,5,5,True,False,2.9532846825061884e-05
1,learned,137,40.0,6,5,5,True,False,2.9532846825061884e-05
1,learned,138,40.0,6,5,5,True,False,2.9532846825061884e-05
1,learned,139,40.0,6,5,5,True,False,2.9532846825061884e-05
1,learned,140,40.0,6,5,5,True,False,2.9532846825061884e-05
1,learned,141,40.0,6,5,5,True,False,2.9532846825061884e-05
1,learned,142,40.0,6,5,5,True,False,2.9532846825061884e-05
1,learned,143,40.0,6,5,5,True,False,2.9532846825061884e-05
1,learned,144,40.0,6,5,5,True,False,2.9532846825061884e-05
1,learned,145,40.0,6,5,5,True,False,2.9532846825061884e-05
1,learned,146,40.0,6,5,5,True,False,2.9532846825061884e-05
1,learned,147,40.0,6,5,5,True,False,2.9532846825061884e-05
1,learned,148,40.0,6,5,5,True,False,2.9532846825061884e-05
1,learned,149,40.0,6,5,5,True,False,2.9532846825061884e-05
1,learned,150,40.0,6,5,5,True,False,2.9532846825061884e-05
1,learned,151,40.0,6,5,5,True,False,2.9532846825061884e-05
1,learned,152,40.0,6,5,5,True,False,2.9532846825061884e-05
1,learned,153,40.0,6,5,5,True,False,2.9532846825061884e-05
1,learned,154,40.0,6,5,5,True,False,2.9532846825061884e-05
1,learned,155,40.0,6,5,5,True,False,2.9532846825061884e-05
1,learned,156,40.0,6,5,5,True,False,2.9532846825061884e-05
1,learned,157,40.0,6,5,5,True,False,2.9532846825061884e-05
1,learned,158,40.0,6,5,5,True,False,2.9532846825061884e-05
1,learned,159,40.0,6,5,5,True,False,2.9532846825061884e-05
1,learned,160,40.0,6,5,5,True,False,2.9532846825061884e-05
1,learned,161,40.0,6,5,5,True,False,2.9532846825061884e-05
1,learned,162,40.0,6,5,5,True,False,2.9532846825061884e-05
1,learned,163,40.0,6,5,5,True,False,2.9532846825061884e-05
1,learned,164,40.0,6,5,5,True,False,2.9532846825061884e-05
1,learned,165,40.0,6,5,5,True,False,2.9532846825061884e-05
1,learned,166,40.0,6,5,5,True,False,2.9532846825061884e-05
1,learned,167,40.0,6,5,5,True,False,2.9532846825061884e-05
1,learned,168,40.0,6,5,5,True,False,2.9532846825061884e-05
1,learned,169,40.0,6,5,5,True,False,2.9532846825061884e-05
1,learned,170,40.0,6,5,5,True,False,2.9532846825061884e-05
1,learned,171,40.0,6,5,5,True,False,2.9532846825061884e-05
1,learned,172,40.0,6,5,5,True,False,2.9532846825061884e-05
1,learned,173,40.0,6,5,5,True,False,2.9532846825061884e-05
1,learned,174,40.0,6,5,5,True,False,2.9532846825061884e-05
1,learned,175,40.0,6,5,5,True,False,2.9532846825061884e-05
1,learned,176,40.0,6,5,5,True,False,2.9532846825061884e-05
1,learned,177,40.0,6,5,5,True,False,2.9532846825061884e-05
1,learned,178,40.0,6,5,5,True,False,2.9532846825061884e-05
1,learned,179,40.0,6,5,5,True,False,2.9532846825061884e-05
1,learned,180,40.0,6,5,5,True,False,2.9532846825061884e-05
1,learned,181,40.0,6,5,5,True,False,2.9532846825061884e-05
1,learned,182,40.0,6,5,5,True,False,2.9532846825061884e-05
1,learned,183,40.0,6,5,5,True,False,2.9532846825061884e-05
1,learned,184,40.0,6,5,5,True,False,2.9532846825061884e-05
1,learned,185,40.0,6,5,5,True,False,2.9532846825061884e-05
1,learned,186,40.0,6,5,5,True,False,2.9532846825061884e-05
1,learned,187,40.0,6,5,5,True,False,2.9532846825061884e-05
1,learned,188,40.0,6,5,5,True,False,2.9532846825061884e-05
1,learned,189,40.0,6,5,5,True,False,2.9532846825061884e-05
1,learned,190,40.0,6,5,5,True,False,2.9532846825061884e-05
1,learned,191,40.0,6,5,5,True,False,2.9532846825061884e-05
1,learned,192,40.0,6,5,5,True,False,2.9532846825061884e-05
1,learned,193,40.0,6,5,5,True,False,2.9532846825061884e-05
1,learned,194,40.0,6,5,5,True,False,2.9532846825061884e-05
1,learned,195,40.0,6,5,5,True,False,2.9532846825061884e-05
1,learned,196,40.0,6,5,5,True,False,2.9532846825061884e-05
1,learned,197,40.0,6,5,5,True,False,2.9532846825061884e-05
1,learned,198,40.0,6,5,5,True,False,2.9532846825061884e-05
1,learned,199,40.0,6,5,5,True,False,2.9532846825061884e-05
1,learned,200,40.0,6,5,5,True,False,2.9532846825061884e-05
2,initial,0,10.0,1,1,5,False,False,0.0
2,greedy,0,10.0,1,1,5,False,False,0.0
2,greedy,1,20.0,2,2,5,False,False,0.0
2,greedy,2,30.0,3,3,5,False,False,0.0
2,greedy,3,40.0,4,4,5,False,False,0.0
2,greedy,4,50.0,5,5,5,True,True,6.128122550406174e-07
2,random,0,10.0,1,1,5,False,False,0.0
2,random,1,10.0,1,1,5,False,False,0.0
2,random,2,20.0,2,2,5,False,False,0.0
2,random,3,10.0,1,1,5,False,False,0.0
2,random,4,20.0,2,2,5,False,False,0.0
2,random,5,30.0,3,3,5,False,False,0.0
2,random,6,20.0,2,2,5,False,False,0.0
2,random,7,20.0,2,2,5,False,False,0.0
2,random,8,30.0,3,3,5,False,False,0.0
2,random,9,20.0,2,2,5,False,False,0.0
2,random,10,20.0,2,2,5,False,False,0.0
2,random,11,20.0,2,2,5,False,False,0.0
2,random,12,10.0,1,1,5,False,False,0.0
2,random,13,10.0,1,1,5,False,False,0.0
2,random,14,10.0,1,1,5,False,False,0.0
2,random,15,0.0,2,1,5,False,False,0.0
2,random,16,10.0,3,2,5,False,False,0.0
2,random,17,10.0,3,2,5,False,False,0.0
2,random,18,10.0,3,2,5,False,False,0.0
2,random,19,0.0,2,1,5,False,False,0.0
2,random,20,0.0,2,1,5,False,False,0.0
2,random,21,10.0,3,2,5,False,False,0.0
2,random,22,0.0,4,2,5,False,False,0.0
2,random,23,0.0,4,2,5,False,False,0.0
2,random,24,0.0,4,2,5,False,False,0.0
2,random,25,0.0,4,2,5,False,False,0.0
2,random,26,10.0,5,3,5,False,False,0.0
2,random,27,10.0,5,3,5,False,False,0.0
2,random,28,10.0,5,3,5,False,False,0.0
2,random,29,0.0,6,3,5,False,False,0.0
2,random,30,0.0,6,3,5,False,False,0.0
2,random,31,0.0,6,3,5,False,False,0.0
2,random,32,0.0,6,3,5,False,False,0.0
2,random,33,0.0,6,3,5,False,False,0.0
2,random,34,10.0,5,3,5,False,False,0.0
2,random,35,20.0,6,4,5,False,False,0.0
2,random,36,30.0,7,5,5,True,False,2.0537845183827906e-05
2,random,37,20.0,6,4,5,False,False,0.0
2,random,38,20.0,6,4,5,False,False,0.0
2,random,39,30.0,7,5,5,True,False,1.381513345192935e-05
2,random,40,40.0,6,5,5,True,False,1.0825064741110263e-05
2,random,41,30.0,5,4,5,False,False,0.0
2,random,42,30.0,5,4,5,False,False,0.0
2,random,43,30.0,5,4,5,False,False,0.0
2,random,44,30.0,5,4,5,False,False,0.0
2,random,45,30.0,5,4,5,False,False,0.0
2,random,46,30.0,5,4,5,False,False,0.0
2,random,47,30.0,5,4,5,False,False,0.0
2,random,48,30.0,5,4,5,False,False,0.0
2,random,49,30.0,5,4,5,False,False,0.0
2,random,50,30.0,5,4,5,False,False,0.0
2,random,51,20.0,4,3,5,False,False,0.0
2,random,52,10.0,3,2,5,False,False,0.0
2,random,53,10.0,3,2,5,False,False,0.0
2,random,54,10.0,3,2,5,False,False,0.0
2,random,55,20.0,4,3,5,False,False,0.0
2,random,56,30.0,5,4,5,False,False,0.0
2,random,57,30.0,5,4,5,False,False,0.0
2,random,58,20.0,4,3,5,False,False,0.0
2,random,59,30.0,5,4,5,False,False,0.0
2,random,60,40.0,6,5,5,True,False,1.0825064741110331e-05
2,random,61,30.0,7,5,5,True,False,1.9228681479387325e-05
2,random,62,40.0,6,5,5,True,False,1.2397449407001327e-05
2,random,63,40.0,6,5,5,True,False,1.2397449407001327e-05
2,random,64,30.0,7,5,5,True,False,1.2413002624876542e-05
2,random,65,40.0,6,5,5,True,False,8.533485071836657e-06
2,random,66,30.0,5,4,5,False,False,0.0
2,random,67,30.0,5,4,5,False,False,0.0
2,random,68,20.0,4,3,5,False,False,0.0
2,random,69,30.0,5,4,5,False,False,0.0
2,random,70,30.0,5,4,5,False,False,0.0
2,random,71,30.0,5,4,5,False,False,0.0
2,random,72,20.0,4,3,5,False,False,0.0
2,random,73,10.0,5,3,5,False,False,0.0
2,random,74,20.0,6,4,5,False,False,0.0
2,random,75,30.0,5,4,5,False,False,0.0
2,random,76,40.0,4,4,5,False,False,0.0
2,random,77,30.0,3,3,5,False,False,0.0
2,random,78,30.0,3,3,5,False,False,0.0
2,random,79,20.0,2,2,5,False,False,0.0
2,random,80,20.0,2,2,5,False,False,0.0
2,random,81,20.0,2,2,5,False,False,0.0
2,random,82,20.0,2,2,5,False,False,0.0
2,random,83,30.0,3,3,5,False,False,0.0
2,random,84,30.0,3,3,5,False,False,0.0
2,random,85,20.0,4,3,5,False,False,0.0
2,random,86,20.0,4,3,5,False,False,0.0
2,random,87,10.0,3,2,5,False,False,0.0
2,random,88,10.0,3,2,5,False,False,0.0
2,random,89,10.0,3,2,5,False,False,0.0
2,random,90,10.0,3,2,5,False,False,0.0
2,random,91,0.0,4,2,5,False,False,0.0
2,random,92,0.0,4,2,5,False,False,0.0
2,random,93,0.0,4,2,5,False,False,0.0
2,random,94,0.0,4,2,5,False,False,0.0
2,random,95,0.0,4,2,5,False,False,0.0
2,random,96,10.0,3,2,5,False,False,0.0
2,random,97,10.0,3,2,5,False,False,0.0
2,random,98,10.0,3,2,5,False,False,0.0
2,random,99,20.0,2,2,5,False,False,0.0
2,random,100,20.0,2,2,5,False,False,0.0
2,random,101,30.0,3,3,5,False,False,0.0
2,random,102,20.0,4,3,5,False,False,0.0
2,random,103,20.0,4,3,5,False,False,0.0
2,random,104,30.0,5,4,5,False,False,0.0
2,random,105,20.0,4,3,5,False,False,0.0
2,random,106,20.0,4,3,5,False,False,0.0
2,random,107,20.0,4,3,5,False,False,0.0
2,random,108,20.0,4,3,5,False,False,0.0
2,random,109,20.0,4,3,5,False,False,0.0
2,random,110,20.0,4,3,5,False,False,0.0
2,random,111,30.0,5,4,5,False,False,0.0
2,random,112,40.0,6,5,5,True,False,9.413915171620003e-06
2,random,113,40.0,6,5,5,True,False,9.413915171620003e-06
2,random,114,50.0,5,5,5,True,True,6.355081139200699e-06
2,random,115,50.0,5,5,5,True,True,6.355081139200699e-06
2,random,116,50.0,5,5,5,True,True,6.355081139200699e-06
2,random,117,40.0,4,4,5,False,False,0.0
2,random,118,40.0,4,4,5,False,False,0.0
2,random,119,50.0,5,5,5,True,True,6.128122550406105e-07
2,random,120,40.0,4,4,5,False,False,0.0
2,random,121,40.0,4,4,5,False,False,0.0
2,random,122,40.0,4,4,5,False,False,0.0
2,random,123,40.0,4,4,5,False,False,0.0
2,random,124,50.0,5,5,5,True,True,6.355081139200699e-06
2,random,125,50.0,5,5,5,True,True,6.355081139200699e-06
2,random,126,50.0,5,5,5,True,True,6.355081139200699e-06
2,random,127,50.0,5,5,5,True,True,6.355081139200699e-06
2,random,128,40.0,6,5,5,True,False,7.2784210583217315e-06
2,random,129,40.0,6,5,5,True,False,7.2784210583217315e-06
2,random,130,30.0,7,5,5,True,False,1.1687518317179885e-05
2,random,131,40.0,6,5,5,True,False,9.413915171620003e-06
2,random,132,40.0,6,5,5,True,False,9.413915171620003e-06
2,random,133,40.0,6,5,5,True,False,9.413915171620003e-06
2,random,134,40.0,6,5,5,True,False,9.413915171620003e-06
2,random,135,50.0,5,5,5,True,True,6.3550811392007695e-06
2,random,136,40.0,6,5,5,True,False,9.413915171620003e-06
2,random,137,40.0,6,5,5,True,False,9.413915171620003e-06
2,random,138,40.0,6,5,5,True,False,9.413915171620003e-06
2,random,139,30.0,7,5,5,True,False,1.7845936966091874e-05
2,random,140,30.0,7,5,5,True,False,1.7845936966091874e-05
2,random,141,30.0,7,5,5,True,False,1.7845936966091874e-05
2,random,142,40.0,6,5,5,True,False,6.455087004712769e-06
2,random,143,30.0,7,5,5,True,False,6.590617830693321e-06
2,random,144,40.0,6,5,5,True,False,4.474104674070031e-06
2,random,145,40.0,6,5,5,True,False,4.474104674070031e-06
2,random,146,30.0,7,5,5,True,False,4.691719940345038e-06
2,random,147,20.0,8,5,5,True,False,7.080039980236024e-06
2,random,148,20.0,8,5,5,True,False,7.080039980236024e-06
2,random,149,20.0,8,5,5,True,False,7.080039980236024e-06
2,random,150,10.0,7,4,5,False,False,0.0
2,random,151,10.0,7,4,5,False,False,0.0
2,random,152,10.0,7,4,5,False,False,0.0
2,random,153,20.0,8,5,5,True,False,8.775910307194106e-07
2,random,154,30.0,7,5,5,True,False,7.038932865841872e-07
2,random,155,30.0,7,5,5,True,False,7.038932865841872e-07
2,random,156,30.0,7,5,5,True,False,7.038932865841872e-07
2,random,157,30.0,7,5,5,True,False,7.038932865841872e-07
2,random,158,30.0,7,5,5,True,False,7.038932865841872e-07
2,random,159,40.0,6,5,5,True,False,6.522420840531572e-07
2,random,160,40.0,6,5,5,True,False,6.522420840531572e-07
2,random,161,40.0,6,5,5,True,False,6.522420840531572e-07
2,random,162,50.0,5,5,5,True,True,6.128122550406174e-07
2,random,163,50.0,5,5,5,True,True,6.128122550406174e-07
2,random,164,50.0,5,5,5,True,True,6.128122550406174e-07
2,random,165,50.0,5,5,5,True,True,6.128122550406174e-07
2,random,166,40.0,4,4,5,False,False,0.0
2,random,167,30.0,5,4,5,False,False,0.0
2,random,168,40.0,6,5,5,True,False,1.0002608390570939e-05
2,random,169,30.0,7,5,5,True,False,1.6179588029429005e-05
2,random,170,30.0,7,5,5,True,False,1.6179588029429005e-05
2,random,171,30.0,7,5,5,True,False,1.6179588029429005e-05
2,random,172,30.0,7,5,5,True,False,1.6179588029429005e-05
2,random,173,30.0,7,5,5,True,False,1.6179588029429005e-05
2,random,174,30.0,7,5,5,True,False,1.6179588029429005e-05
2,random,175,30.0,7,5,5,True,False,1.6179588029429005e-05
2,random,176,40.0,6,5,5,True,False,1.239744940700134e-05
2,random,177,30.0,5,4,5,False,False,0.0
2,random,178,30.0,5,4,5,False,False,0.0
2,random,179,30.0,5,4,5,False,False,0.0
2,random,180,40.0,6,5,5,True,False,1.239744940700134e-05
2,random,181,40.0,6,5,5,True,False,1.239744940700134e-05
2,random,182,30.0,7,5,5,True,False,1.2417011168664406e-05
2,random,183,30.0,7,5,5,True,False,1.2417011168664406e-05
2,random,184,30.0,7,5,5,True,False,1.2417011168664406e-05
2,random,185,30.0,7,5,5,True,False,1.2417011168664406e-05
2,random,186,30.0,7,5,5,True,False,1.2417011168664406e-05
2,random,187,20.0,8,5,5,True,False,1.2906120489408393e-05
2,random,188,10.0,9,5,5,True,False,2.3332817042927146e-05
2,random,189,20.0,8,5,5,True,False,1.0054136228969119e-05
2,random,190,20.0,8,5,5,True,False,1.0054136228969119e-05
2,random,191,10.0,9,5,5,True,False,2.333281704292713e-05
2,random,192,20.0,8,5,5,True,False,1.92592634183018e-05
2,random,193,20.0,8,5,5,True,False,1.92592634183018e-05
2,random,194,20.0,8,5,5,True,False,1.92592634183018e-05
2,random,195,20.0,8,5,5,True,False,1.92592634183018e-05
2,random,196,30.0,7,5,5,True,False,7.477263383478109e-07
2,random,197,30.0,7,5,5,True,False,7.477263383478109e-07
2,random,198,30.0,7,5,5,True,False,7.477263383478109e-07
2,random,199,20.0,8,5,5,True,False,1.9259263418301806e-05
2,random,200,30.0,7,5,5,True,False,7.477263383478109e-07
2,learned,0,10.0,1,1,5,False,False,0.0
2,learned,1,20.0,2,2,5,False,False,0.0
2,learned,2,30.0,3,3,5,False,False,0.0
2,learned,3,40.0,4,4,5,False,False,0.0
2,learned,4,50.0,5,5,5,True,True,8.529959541827407e-06
2,learned,5,50.0,5,5,5,True,True,8.529959541827407e-06
2,learned,6,50.0,5,5,5,True,True,8.529959541827407e-06
2,learned,7,50.0,5,5,5,True,True,8.529959541827407e-06
2,learned,8,50.0,5,5,5,True,True,8.529959541827407e-06
2,learned,9,50.0,5,5,5,True,True,8.529959541827407e-06
2,learned,10,50.0,5,5,5,True,True,8.529959541827407e-06
2,learned,11,50.0,5,5,5,True,True,8.529959541827407e-06
2,learned,12,50.0,5,5,5,True,True,8.529959541827407e-06
2,learned,13,50.0,5,5,5,True,True,8.529959541827407e-06
2,learned,14,50.0,5,5,5,True,True,8.529959541827407e-06
2,learned,15,50.0,5,5,5,True,True,8.529959541827407e-06
2,learned,16,50.0,5,5,5,True,True,8.529959541827407e-06
2,learned,17,50.0,5,5,5,True,True,8.529959541827407e-06
2,learned,18,50.0,5,5,5,True,True,8.529959541827407e-06
2,learned,19,50.0,5,5,5,True,True,8.529959541827407e-06
2,learned,20,50.0,5,5,5,True,True,8.529959541827407e-06
2,learned,21,50.0,5,5,5,True,True,8.529959541827407e-06
2,learned,22,50.0,5,5,5,True,True,8.529959541827407e-06
2,learned,23,50.0,5,5,5,True,True,8.529959541827407e-06
2,learned,24,50.0,5,5,5,True,True,8.529959541827407e-06
2,learned,25,50.0,5,5,5,True,True,8.529959541827407e-06
2,learned,26,50.0,5,5,5,True,True,8.529959541827407e-06
2,learned,27,50.0,5,5,5,True,True,8.529959541827407e-06
2,learned,28,50.0,5,5,5,True,True,8.529959541827407e-06
2,learned,29,50.0,5,5,5,True,True,8.529959541827407e-06
2,learned,30,50.0,5,5,5,True,True,8.529959541827407e-06
2,learned,31,50.0,5,5,5,True,True,8.529959541827407e-06
2,learned,32,50.0,5,5,5,True,True,8.529959541827407e-06
2,learned,33,50.0,5,5,5,True,True,8.529959541827407e-06
2,learned,34,50.0,5,5,5,True,True,8.529959541827407e-06
2,learned,35,50.0,5,5,5,True,True,8.529959541827407e-06
2,learned,36,50.0,5,5,5,True,True,8.529959541827407e-06
2,learned,37,50.0,5,5,5,True,True,8.529959541827407e-06
2,learned,38,50.0,5,5,5,True,True,8.529959541827407e-06
2,learned,39,50.0,5,5,5,True,True,8.529959541827407e-06
2,learned,40,50.0,5,5,5,True,True,8.529959541827407e-06
2,learned,41,50.0,5,5,5,True,True,8.529959541827407e-06
2,learned,42,50.0,5,5,5,True,True,8.529959541827407e-06
2,learned,43,50.0,5,5,5,True,True,8.529959541827407e-06
2,learned,44,50.0,5,5,5,True,True,8.529959541827407e-06
2,learned,45,50.0,5,5,5,True,True,8.529959541827407e-06
2,learned,46,50.0,5,5,5,True,True,8.529959541827407e-06
2,learned,47,50.0,5,5,5,True,True,8.529959541827407e-06
2,learned,48,50.0,5,5,5,True,True,8.529959541827407e-06
2,learned,49,50.0,5,5,5,True,True,8.529959541827407e-06
2,learned,50,50.0,5,5,5,True,True,8.529959541827407e-06
2,learned,51,50.0,5,5,5,True,True,8.529959541827407e-06
2,learned,52,50.0,5,5,5,True,True,8.529959541827407e-06
2,learned,53,50.0,5,5,5,True,True,8.529959541827407e-06
2,learned,54,50.0,5,5,5,True,True,8.529959541827407e-06
2,learned,55,50.0,5,5,5,True,True,8.529959541827407e-06
2,learned,56,50.0,5,5,5,True,True,8.529959541827407e-06
2,learned,57,50.0,5,5,5,True,True,8.529959541827407e-06
2,learned,58,50.0,5,5,5,True,True,8.529959541827407e-06
2,learned,59,50.0,5,5,5,True,True,8.529959541827407e-06
2,learned,60,50.0,5,5,5,True,True,8.529959541827407e-06
2,learned,61,50.0,5,5,5,True,True,8.529959541827407e-06
2,learned,62,50.0,5,5,5,True,True,8.529959541827407e-06
2,learned,63,50.0,5,5,5,True,True,8.529959541827407e-06
2,learned,64,50.0,5,5,5,True,True,8.529959541827407e-06
2,learned,65,50.0,5,5,5,True,True,8.529959541827407e-06
2,learned,66,50.0,5,5,5,True,True,8.529959541827407e-06
2,learned,67,50.0,5,5,5,True,True,8.529959541827407e-06
2,learned,68,50.0,5,5,5,True,True,8.529959541827407e-06
2,learned,69,50.0,5,5,5,True,True,8.529959541827407e-06
2,learned,70,50.0,5,5,5,True,True,8.529959541827407e-06
2,learned,71,50.0,5,5,5,True,True,8.529959541827407e-06
2,learned,72,50.0,5,5,5,True,True,8.529959541827407e-06
2,learned,73,50.0,5,5,5,True,True,8.529959541827407e-06
2,learned,74,50.0,5,5,5,True,True,8.529959541827407e-06
2,learned,75,50.0,5,5,5,True,True,8.529959541827407e-06
2,learned,76,50.0,5,5,5,True,True,8.529959541827407e-06
2,learned,77,50.0,5,5,5,True,True,8.529959541827407e-06
2,learned,78,50.0,5,5,5,True,True,8.529959541827407e-06
2,learned,79,50.0,5,5,5,True,True,8.529959541827407e-06
2,learned,80,50.0,5,5,5,True,True,8.529959541827407e-06
2,learned,81,50.0,5,5,5,True,True,8.529959541827407e-06
2,learned,82,50.0,5,5,5,True,True,8.529959541827407e-06
2,learned,83,50.0,5,5,5,True,True,8.529959541827407e-06
2,learned,84,50.0,5,5,5,True,True,8.529959541827407e-06
2,learned,85,50.0,5,5,5,True,True,8.529959541827407e-06
2,learned,86,50.0,5,5,5,True,True,8.529959541827407e-06
2,learned,87,50.0,5,5,5,True,True,8.529959541827407e-06
2,learned,88,50.0,5,5,5,True,True,8.529959541827407e-06
2,learned,89,50.0,5,5,5,True,True,8.529959541827407e-06
2,learned,90,50.0,5,5,5,True,True,8.529959541827407e-06
2,learned,91,50.0,5,5,5,True,True,8.529959541827407e-06
2,learned,92,50.0,5,5,5,True,True,8.529959541827407e-06
2,learned,93,50.0,5,5,5,True,True,8.529959541827407e-06
2,learned,94,50.0,5,5,5,True,True,8.529959541827407e-06
2,learned,95,50.0,5,5,5,True,True,8.529959541827407e-06
2,learned,96,50.0,5,5,5,True,True,8.529959541827407e-06
2,learned,97,50.0,5,5,5,True,True,8.529959541827407e-06
2,learned,98,50.0,5,5,5,True,True,8.529959541827407e-06
2,learned,99,50.0,5,5,5,True,True,8.529959541827407e-06
2,learned,100,50.0,5,5,5,True,True,8.529959541827407e-06
2,learned,101,50.0,5,5,5,True,True,8.529959541827407e-06
2,learned,102,50.0,5,5,5,True,True,8.529959541827407e-06
2,learned,103,50.0,5,5,5,True,True,8.529959541827407e-06
2,learned,104,50.0,5,5,5,True,True,8.529959541827407e-06
2,learned,105,50.0,5,5,5,True,True,8.529959541827407e-06
2,learned,106,50.0,5,5,5,True,True,8.529959541827407e-06
2,learned,107,50.0,5,5,5,True,True,8.529959541827407e-06
2,learned,108,50.0,5,5,5,True,True,8.529959541827407e-06
2,learned,109,50.0,5,5,5,True,True,8.529959541827407e-06
2,learned,110,50.0,5,5,5,True,True,8.529959541827407e-06
2,learned,111,50.0,5,5,5,True,True,8.529959541827407e-06
2,learned,112,50.0,5,5,5,True,True,8.529959541827407e-06
2,learned,113,50.0,5,5,5,True,True,8.529959541827407e-06
2,learned,114,50.0,5,5,5,True,True,8.529959541827407e-06
2,learned,115,50.0,5,5,5,True,True,8.529959541827407e-06
2,learned,116,50.0,5,5,5,True,True,8.529959541827407e-06
2,learned,117,50.0,5,5,5,True,True,8.529959541827407e-06
2,learned,118,50.0,5,5,5,True,True,8.529959541827407e-06
2,learned,119,50.0,5,5,5,True,True,8.529959541827407e-06
2,learned,120,50.0,5,5,5,True,True,8.529959541827407e-06
2,learned,121,50.0,5,5,5,True,True,8.529959541827407e-06
2,learned,122,50.0,5,5,5,True,True,8.529959541827407e-06
2,learned,123,50.0,5,5,5,True,True,8.529959541827407e-06
2,learned,124,50.0,5,5,5,True,True,8.529959541827407e-06
2,learned,125,50.0,5,5,5,True,True,8.529959541827407e-06
2,learned,126,50.0,5,5,5,True,True,8.529959541827407e-06
2,learned,127,50.0,5,5,5,True,True,8.529959541827407e-06
2,learned,128,50.0,5,5,5,True,True,8.529959541827407e-06
2,learned,129,50.0,5,5,5,True,True,8.529959541827407e-06
2,learned,130,50.0,5,5,5,True,True,8.529959541827407e-06
2,learned,131,50.0,5,5,5,True,True,8.529959541827407e-06
2,learned,132,50.0,5,5,5,True,True,8.529959541827407e-06
2,learned,133,50.0,5,5,5,True,True,8.529959541827407e-06
2,learned,134,50.0,5,5,5,True,True,8.529959541827407e-06
2,learned,135,50.0,5,5,5,True,True,8.529959541827407e-06
2,learned,136,50.0,5,5,5,True,True,8.529959541827407e-06
2,learned,137,50.0,5,5,5,True,True,8.529959541827407e-06
2,learned,138,50.0,5,5,5,True,True,8.529959541827407e-06
2,learned,139,50.0,5,5,5,True,True,8.529959541827407e-06
2,learned,140,50.0,5,5,5,True,True,8.529959541827407e-06
2,learned,141,50.0,5,5,5,True,True,8.529959541827407e-06
2,learned,142,50.0,5,5,5,True,True,8.529959541827407e-06
2,learned,143,50.0,5,5,5,True,True,8.529959541827407e-06
2,learned,144,50.0,5,5,5,True,True,8.529959541827407e-06
2,learned,145,50.0,5,5,5,True,True,8.529959541827407e-06
2,learned,146,50.0,5,5,5,True,True,8.529959541827407e-06
2,learned,147,50.0,5,5,5,True,True,8.529959541827407e-06
2,learned,148,50.0,5,5,5,True,True,8.529959541827407e-06
2,learned,149,50.0,5,5,5,True,True,8.529959541827407e-06
2,learned,150,50.0,5,5,5,True,True,8.529959541827407e-06
2,learned,151,50.0,5,5,5,True,True,8.529959541827407e-06
2,learned,152,50.0,5,5,5,True,True,8.529959541827407e-06
2,learned,153,50.0,5,5,5,True,True,8.529959541827407e-06
2,learned,154,50.0,5,5,5,True,True,8.529959541827407e-06
2,learned,155,50.0,5,5,5,True,True,8.529959541827407e-06
2,learned,156,50.0,5,5,5,True,True,8.529959541827407e-06
2,learned,157,50.0,5,5,5,True,True,8.529959541827407e-06
2,learned,158,50.0,5,5,5,True,True,8.529959541827407e-06
2,learned,159,50.0,5,5,5,True,True,8.529959541827407e-06
2,learned,160,50.0,5,5,5,True,True,8.529959541827407e-06
2,learned,161,50.0,5,5,5,True,True,8.529959541827407e-06
2,learned,162,50.0,5,5,5,True,True,8.529959541827407e-06
2,learned,163,50.0,5,5,5,True,True,8.529959541827407e-06
2,learned,164,50.0,5,5,5,True,True,8.529959541827407e-06
2,learned,165,50.0,5,5,5,True,True,8.529959541827407e-06
2,learned,166,50.0,5,5,5,True,True,8.529959541827407e-06
2,learned,167,50.0,5,5,5,True,True,8.529959541827407e-06
2,learned,168,50.0,5,5,5,True,True,8.529959541827407e-06
2,learned,169,50.0,5,5,5,True,True,8.529959541827407e-06
2,learned,170,50.0,5,5,5,True,True,8.529959541827407e-06
2,learned,171,50.0,5,5,5,True,True,8.529959541827407e-06
2,learned,172,50.0,5,5,5,True,True,8.529959541827407e-06
2,learned,173,50.0,5,5,5,True,True,8.529959541827407e-06
2,learned,174,50.0,5,5,5,True,True,8.529959541827407e-06
2,learned,175,50.0,5,5,5,True,True,8.529959541827407e-06
2,learned,176,50.0,5,5,5,True,True,8.529959541827407e-06
2,learned,177,50.0,5,5,5,True,True,8.529959541827407e-06
2,learned,178,50.0,5,5,5,True,True,8.529959541827407e-06
2,learned,179,50.0,5,5,5,True,True,8.529959541827407e-06
2,learned,180,50.0,5,5,5,True,True,8.529959541827407e-06
2,learned,181,50.0,5,5,5,True,True,8.529959541827407e-06
2,learned,182,50.0,5,5,5,True,True,8.529959541827407e-06
2,learned,183,50.0,5,5,5,True,True,8.529959541827407e-06
2,learned,184,50.0,5,5,5,True,True,8.529959541827407e-06
2,learned,185,50.0,5,5,5,True,True,8.529959541827407e-06
2,learned,186,50.0,5,5,5,True,True,8.529959541827407e-06
2,learned,187,50.0,5,5,5,True,True,8.529959541827407e-06
2,learned,188,50.0,5,5,5,True,True,8.529959541827407e-06
2,learned,189,50.0,5,5,5,True,True,8.529959541827407e-06
2,learned,190,50.0,5,5,5,True,True,8.529959541827407e-06
2,learned,191,50.0,5,5,5,True,True,8.529959541827407e-06
2,learned,192,50.0,5,5,5,True,True,8.529959541827407e-06
2,learned,193,50.0,5,5,5,True,True,8.529959541827407e-06
2,learned,194,50.0,5,5,5,True,True,8.529959541827407e-06
2,learned,195,50.0,5,5,5,True,True,8.529959541827407e-06
2,learned,196,50.0,5,5,5,True,True,8.529959541827407e-06
2,learned,197,50.0,5,5,5,True,True,8.529959541827407e-06
2,learned,198,50.0,5,5,5,True,True,8.529959541827407e-06
2,learned,199,50.0,5,5,5,True,True,8.529959541827407e-06
2,learned,200,50.0,5,5,5,True,True,8.529959541827407e-06
3,initial,0,40.0,6,5,5,True,False,1.6148094796831086e-05
3,greedy,0,40.0,6,5,5,True,False,1.6148094796831086e-05
3,greedy,1,50.0,5,5,5,True,True,1.570538025338466e-05
3,random,0,40.0,6,5,5,True,False,1.6148094796831086e-05
3,random,1,40.0,6,5,5,True,False,1.6148094796831086e-05
3,random,2,40.0,6,5,5,True,False,1.6148094796831086e-05
3,random,3,50.0,5,5,5,True,True,1.570538025338466e-05
3,random,4,50.0,5,5,5,True,True,1.570538025338466e-05
3,random,5,40.0,4,4,5,False,False,0.0
3,random,6,40.0,4,4,5,False,False,0.0
3,random,7,50.0,5,5,5,True,True,1.570538025338466e-05
3,random,8,50.0,5,5,5,True,True,1.570538025338466e-05
3,random,9,40.0,4,4,5,False,False,0.0
3,random,10,40.0,4,4,5,False,False,0.0
3,random,11,30.0,5,4,5,False,False,0.0
3,random,12,20.0,4,3,5,False,False,0.0
3,random,13,10.0,3,2,5,False,False,0.0
3,random,14,0.0,2,1,5,False,False,0.0
3,random,15,10.0,3,2,5,False,False,0.0
3,random,16,10.0,3,2,5,False,False,0.0
3,random,17,10.0,3,2,5,False,False,0.0
3,random,18,10.0,3,2,5,False,False,0.0
3,random,19,20.0,4,3,5,False,False,0.0
3,random,20,30.0,5,4,5,False,False,0.0
3,random,21,20.0,4,3,5,False,False,0.0
3,random,22,10.0,5,3,5,False,False,0.0
3,random,23,20.0,6,4,5,False,False,0.0
3,random,24,20.0,6,4,5,False,False,0.0
3,random,25,10.0,5,3,5,False,False,0.0
3,random,26,10.0,5,3,5,False,False,0.0
3,random,27,20.0,4,3,5,False,False,0.0
3,random,28,30.0,5,4,5,False,False,0.0
3,random,29,30.0,5,4,5,False,False,0.0
3,random,30,40.0,4,4,5,False,False,0.0
3,random,31,40.0,4,4,5,False,False,0.0
3,random,32,50.0,5,5,5,True,True,1.2815328142397177e-06
3,random,33,40.0,6,5,5,True,False,1.2894382213743163e-06
3,random,34,40.0,6,5,5,True,False,1.2894382213743163e-06
3,random,35,30.0,7,5,5,True,False,2.0139059372332802e-06
3,random,36,30.0,7,5,5,True,False,2.0139059372332802e-06
3,random,37,30.0,7,5,5,True,False,2.0139059372332802e-06
3,random,38,30.0,7,5,5,True,False,2.0139059372332802e-06
3,random,39,30.0,7,5,5,True,False,2.0139059372332802e-06
3,random,40,20.0,6,4,5,False,False,0.0
3,random,41,20.0,6,4,5,False,False,0.0
3,random,42,20.0,6,4,5,False,False,0.0
3,random,43,20.0,6,4,5,False,False,0.0
3,random,44,20.0,6,4,5,False,False,0.0
3,random,45,10.0,5,3,5,False,False,0.0
3,random,46,20.0,4,3,5,False,False,0.0
3,random,47,20.0,4,3,5,False,False,0.0
3,random,48,30.0,5,4,5,False,False,0.0
3,random,49,30.0,5,4,5,False,False,0.0
3,random,50,20.0,4,3,5,False,False,0.0
3,random,51,30.0,5,4,5,False,False,0.0
3,random,52,30.0,5,4,5,False,False,0.0
3,random,53,20.0,4,3,5,False,False,0.0
3,random,54,20.0,4,3,5,False,False,0.0
3,random,55,20.0,4,3,5,False,False,0.0
3,random,56,30.0,3,3,5,False,False,0.0
3,random,57,30.0,3,3,5,False,False,0.0
3,random,58,40.0,4,4,5,False,False,0.0
3,random,59,40.0,4,4,5,False,False,0.0
3,random,60,40.0,4,4,5,False,False,0.0
3,random,61,40.0,4,4,5,False,False,0.0
3,random,62,40.0,4,4,5,False,False,0.0
3,random,63,40.0,4,4,5,False,False,0.0
3,random,64,30.0,5,4,5,False,False,0.0
3,random,65,30.0,5,4,5,False,False,0.0
3,random,66,30.0,5,4,5,False,False,0.0
3,random,67,30.0,5,4,5,False,False,0.0
3,random,68,40.0,6,5,5,True,False,1.2894382213743133e-06
3,random,69,50.0,5,5,5,True,True,1.2815328142397228e-06
3,random,70,40.0,6,5,5,True,False,1.2894382213743133e-06
3,random,71,40.0,6,5,5,True,False,1.2894382213743133e-06
3,random,72,40.0,6,5,5,True,False,1.2894382213743133e-06
3,random,73,40.0,6,5,5,True,False,1.2894382213743133e-06
3,random,74,50.0,5,5,5,True,True,1.2815328142397228e-06
3,random,75,50.0,5,5,5,True,True,1.2815328142397228e-06
3,random,76,50.0,5,5,5,True,True,1.2815328142397228e-06
3,random,77,40.0,4,4,5,False,False,0.0
3,random,78,40.0,4,4,5,False,False,0.0
3,random,79,40.0,4,4,5,False,False,0.0
3,random,80,40.0,4,4,5,False,False,0.0
3,random,81,30.0,5,4,5,False,False,0.0
3,random,82,30.0,5,4,5,False,False,0.0
3,random,83,20.0,6,4,5,False,False,0.0
3,random,84,30.0,5,4,5,False,False,0.0
3,random,85,30.0,5,4,5,False,False,0.0
3,random,86,30.0,5,4,5,False,False,0.0
3,random,87,30.0,5,4,5,False,False,0.0
3,random,88,30.0,5,4,5,False,False,0.0
3,random,89,30.0,5,4,5,False,False,0.0
3,random,90,40.0,4,4,5,False,False,0.0
3,random,91,50.0,5,5,5,True,True,1.2815328142397177e-06
3,random,92,40.0,6,5,5,True,False,1.685346751835886e-05
3,random,93,40.0,6,5,5,True,False,1.685346751835886e-05
3,random,94,30.0,7,5,5,True,False,1.6862754592415505e-05
3,random,95,20.0,8,5,5,True,False,1.7255210435043255e-05
3,random,96,20.0,8,5,5,True,False,1.7255210435043255e-05
3,random,97,30.0,7,5,5,True,False,1.6862754592415505e-05
3,random,98,30.0,7,5,5,True,False,1.6862754592415505e-05
3,random,99,30.0,7,5,5,True,False,1.6862754592415505e-05
3,random,100,30.0,7,5,5,True,False,1.6862754592415505e-05
3,random,101,40.0,6,5,5,True,False,1.685346751835886e-05
3,random,102,40.0,6,5,5,True,False,1.685346751835886e-05
3,random,103,40.0,6,5,5,True,False,1.685346751835886e-05
3,random,104,30.0,7,5,5,True,False,1.72484326229916e-05
3,random,105,30.0,7,5,5,True,False,1.72484326229916e-05
3,random,106,30.0,7,5,5,True,False,1.72484326229916e-05
3,random,107,30.0,7,5,5,True,False,1.72484326229916e-05
3,random,108,30.0,7,5,5,True,False,1.72484326229916e-05
3,random,109,40.0,6,5,5,True,False,1.6148094796831086e-05
3,random,110,40.0,6,5,5,True,False,1.6148094796831086e-05
3,random,111,30.0,7,5,5,True,False,1.770393236243739e-05
3,random,112,30.0,7,5,5,True,False,1.770393236243739e-05
3,random,113,30.0,7,5,5,True,False,1.770393236243739e-05
3,random,114,30.0,7,5,5,True,False,1.770393236243739e-05
3,random,115,20.0,8,5,5,True,False,1.991807540111501e-05
3,random,116,30.0,7,5,5,True,False,1.770393236243739e-05
3,random,117,30.0,7,5,5,True,False,1.770393236243739e-05
3,random,118,30.0,7,5,5,True,False,1.770393236243739e-05
3,random,119,30.0,7,5,5,True,False,1.770393236243739e-05
3,random,120,20.0,8,5,5,True,False,1.9918075401115e-05
3,random,121,30.0,7,5,5,True,False,6.893080984241614e-06
3,random,122,20.0,6,4,5,False,False,0.0
3,random,123,20.0,6,4,5,False,False,0.0
3,random,124,20.0,6,4,5,False,False,0.0
3,random,125,20.0,6,4,5,False,False,0.0
3,random,126,30.0,7,5,5,True,False,6.893080984241614e-06
3,random,127,30.0,7,5,5,True,False,6.893080984241614e-06
3,random,128,20.0,8,5,5,True,False,6.902933959516797e-06
3,random,129,20.0,8,5,5,True,False,6.902933959516797e-06
3,random,130,20.0,8,5,5,True,False,6.902933959516797e-06
3,random,131,30.0,7,5,5,True,False,6.90288315341054e-06
3,random,132,30.0,7,5,5,True,False,6.90288315341054e-06
3,random,133,30.0,7,5,5,True,False,6.90288315341054e-06
3,random,134,30.0,7,5,5,True,False,6.90288315341054e-06
3,random,135,30.0,7,5,5,True,False,6.90288315341054e-06
3,random,136,30.0,7,5,5,True,False,6.90288315341054e-06
3,random,137,20.0,6,4,5,False,False,0.0
3,random,138,20.0,6,4,5,False,False,0.0
3,random,139,20.0,6,4,5,False,False,0.0
3,random,140,30.0,7,5,5,True,False,3.50738980835964e-06
3,random,141,40.0,6,5,5,True,False,3.4777463557515942e-06
3,random,142,40.0,6,5,5,True,False,3.4777463557515942e-06
3,random,143,40.0,6,5,5,True,False,3.4777463557515942e-06
3,random,144,30.0,7,5,5,True,False,3.62770471890869e-06
3,random,145,30.0,7,5,5,True,False,3.62770471890869e-06
3,random,146,30.0,7,5,5,True,False,3.62770471890869e-06
3,random,147,40.0,6,5,5,True,False,3.4777463557515942e-06
3,random,148,40.0,6,5,5,True,False,3.4777463557515942e-06
3,random,149,30.0,7,5,5,True,False,5.545444030701199e-06
3,random,150,40.0,6,5,5,True,False,4.815408029166618e-06
3,random,151,30.0,7,5,5,True,False,5.113852566251049e-06
3,random,152,30.0,7,5,5,True,False,5.113852566251049e-06
3,random,153,30.0,7,5,5,True,False,5.113852566251049e-06
3,random,154,30.0,7,5,5,True,False,5.113852566251049e-06
3,random,155,30.0,7,5,5,True,False,5.113852566251049e-06
3,random,156,20.0,8,5,5,True,False,5.339095460957247e-06
3,random,157,20.0,8,5,5,True,False,5.339095460957247e-06
3,random,158,20.0,8,5,5,True,False,5.339095460957247e-06
3,random,159,30.0,7,5,5,True,False,5.113852566251049e-06
3,random,160,30.0,7,5,5,True,False,5.113852566251049e-06
3,random,161,40.0,6,5,5,True,False,3.3036744967254156e-06
3,random,162,40.0,6,5,5,True,False,3.3036744967254156e-06
3,random,163,30.0,7,5,5,True,False,3.3957069425583984e-06
3,random,164,20.0,8,5,5,True,False,3.7378869666364938e-06
3,random,165,20.0,8,5,5,True,False,3.7378869666364938e-06
3,random,166,30.0,7,5,5,True,False,3.62770471890869e-06
3,random,167,20.0,8,5,5,True,False,2.5477429278470962e-05
3,random,168,20.0,8,5,5,True,False,2.5477429278470962e-05
3,random,169,10.0,9,5,5,True,False,2.595086521135736e-05
3,random,170,20.0,8,5,5,True,False,2.090353351190902e-05
3,random,171,10.0,9,5,5,True,False,2.129058526770183e-05
3,random,172,20.0,8,5,5,True,False,6.219665910889956e-07
3,random,173,30.0,7,5,5,True,False,6.146143568440505e-07
3,random,174,20.0,8,5,5,True,False,8.113389930695077e-07
3,random,175,20.0,8,5,5,True,False,8.113389930695077e-07
3,random,176,10.0,9,5,5,True,False,2.203475677923629e-05
3,random,177,20.0,8,5,5,True,False,2.19922585474942e-05
3,random,178,20.0,8,5,5,True,False,2.19922585474942e-05
3,random,179,20.0,8,5,5,True,False,2.19922585474942e-05
3,random,180,20.0,8,5,5,True,False,2.19922585474942e-05
3,random,181,30.0,7,5,5,True,False,1.466526894112209e-06
3,random,182,30.0,7,5,5,True,False,1.466526894112209e-06
3,random,183,30.0,7,5,5,True,False,1.466526894112209e-06
3,random,184,30.0,7,5,5,True,False,1.466526894112209e-06
3,random,185,40.0,6,5,5,True,False,1.3009818810508696e-06
3,random,186,40.0,6,5,5,True,False,1.3009818810508696e-06
3,random,187,30.0,7,5,5,True,False,1.466526894112209e-06
3,random,188,20.0,6,4,5,False,False,0.0
3,random,189,20.0,6,4,5,False,False,0.0
3,random,190,20.0,6,4,5,False,False,0.0
3,random,191,20.0,6,4,5,False,False,0.0
3,random,192,20.0,6,4,5,False,False,0.0
3,random,193,20.0,6,4,5,False,False,0.0
3,random,194,20.0,6,4,5,False,False,0.0
3,random,195,10.0,5,3,5,False,False,0.0
3,random,196,10.0,5,3,5,False,False,0.0
3,random,197,20.0,4,3,5,False,False,0.0
3,random,198,30.0,5,4,5,False,False,0.0
3,random,199,30.0,5,4,5,False,False,0.0
3,random,200,20.0,6,4,5,False,False,0.0
3,learned,0,40.0,6,5,5,True,False,1.6148094796831086e-05
3,learned,1,50.0,5,5,5,True,True,1.570538025338466e-05
3,learned,2,40.0,6,5,5,True,False,1.685346751835886e-05
3,learned,3,40.0,6,5,5,True,False,1.685346751835886e-05
3,learned,4,40.0,6,5,5,True,False,1.685346751835886e-05
3,learned,5,40.0,6,5,5,True,False,1.685346751835886e-05
3,learned,6,40.0,6,5,5,True,False,1.685346751835886e-05
3,learned,7,40.0,6,5,5,True,False,1.685346751835886e-05
3,learned,8,40.0,6,5,5,True,False,1.685346751835886e-05
3,learned,9,40.0,6,5,5,True,False,1.685346751835886e-05
3,learned,10,40.0,6,5,5,True,False,1.685346751835886e-05
3,learned,11,40.0,6,5,5,True,False,1.685346751835886e-05
3,learned,12,40.0,6,5,5,True,False,1.685346751835886e-05
3,learned,13,40.0,6,5,5,True,False,1.685346751835886e-05
3,learned,14,40.0,6,5,5,True,False,1.685346751835886e-05
3,learned,15,40.0,6,5,5,True,False,1.685346751835886e-05
3,learned,16,40.0,6,5,5,True,False,1.685346751835886e-05
3,learned,17,40.0,6,5,5,True,False,1.685346751835886e-05
3,learned,18,40.0,6,5,5,True,False,1.685346751835886e-05
3,learned,19,40.0,6,5,5,True,False,1.685346751835886e-05
3,learned,20,40.0,6,5,5,True,False,1.685346751835886e-05
3,learned,21,40.0,6,5,5,True,False,1.685346751835886e-05
3,learned,22,40.0,6,5,5,True,False,1.685346751835886e-05
3,learned,23,40.0,6,5,5,True,False,1.685346751835886e-05
3,learned,24,40.0,6,5,5,True,False,1.685346751835886e-05
3,learned,25,40.0,6,5,5,True,False,1.685346751835886e-05
3,learned,26,40.0,6,5,5,True,False,1.685346751835886e-05
3,learned,27,40.0,6,5,5,True,False,1.685346751835886e-05
3,learned,28,40.0,6,5,5,True,False,1.685346751835886e-05
3,learned,29,40.0,6,5,5,True,False,1.685346751835886e-05
3,learned,30,40.0,6,5,5,True,False,1.685346751835886e-05
3,learned,31,40.0,6,5,5,True,False,1.685346751835886e-05
3,learned,32,40.0,6,5,5,True,False,1.685346751835886e-05
3,learned,33,40.0,6,5,5,True,False,1.685346751835886e-05
3,learned,34,40.0,6,5,5,True,False,1.685346751835886e-05
3,learned,35,40.0,6,5,5,True,False,1.685346751835886e-05
3,learned,36,40.0,6,5,5,True,False,1.685346751835886e-05
3,learned,37,40.0,6,5,5,True,False,1.685346751835886e-05
3,learned,38,40.0,6,5,5,True,False,1.685346751835886e-05
3,learned,39,40.0,6,5,5,True,False,1.685346751835886e-05
3,learned,40,40.0,6,5,5,True,False,1.685346751835886e-05
3,learned,41,40.0,6,5,5,True,False,1.685346751835886e-05
3,learned,42,40.0,6,5,5,True,False,1.685346751835886e-05
3,learned,43,40.0,6,5,5,True,False,1.685346751835886e-05
3,learned,44,40.0,6,5,5,True,False,1.685346751835886e-05
3,learned,45,40.0,6,5,5,True,False,1.685346751835886e-05
3,learned,46,40.0,6,5,5,True,False,1.685346751835886e-05
3,learned,47,40.0,6,5,5,True,False,1.685346751835886e-05
3,learned,48,40.0,6,5,5,True,False,1.685346751835886e-05
3,learned,49,40.0,6,5,5,True,False,1.685346751835886e-05
3,learned,50,40.0,6,5,5,True,False,1.685346751835886e-05
3,learned,51,40.0,6,5,5,True,False,1.685346751835886e-05
3,learned,52,40.0,6,5,5,True,False,1.685346751835886e-05
3,learned,53,40.0,6,5,5,True,False,1.685346751835886e-05
3,learned,54,40.0,6,5,5,True,False,1.685346751835886e-05
3,learned,55,40.0,6,5,5,True,False,1.685346751835886e-05
3,learned,56,40.0,6,5,5,True,False,1.685346751835886e-05
3,learned,57,40.0,6,5,5,True,False,1.685346751835886e-05
3,learned,58,40.0,6,5,5,True,False,1.685346751835886e-05
3,learned,59,40.0,6,5,5,True,False,1.685346751835886e-05
3,learned,60,40.0,6,5,5,True,False,1.685346751835886e-05
3,learned,61,40.0,6,5,5,True,False,1.685346751835886e-05
3,learned,62,40.0,6,5,5,True,False,1.685346751835886e-05
3,learned,63,40.0,6,5,5,True,False,1.685346751835886e-05
3,learned,64,40.0,6,5,5,True,False,1.685346751835886e-05
3,learned,65,40.0,6,5,5,True,False,1.685346751835886e-05
3,learned,66,40.0,6,5,5,True,False,1.685346751835886e-05
3,learned,67,40.0,6,5,5,True,False,1.685346751835886e-05
3,learned,68,40.0,6,5,5,True,False,1.685346751835886e-05
3,learned,69,40.0,6,5,5,True,False,1.685346751835886e-05
3,learned,70,40.0,6,5,5,True,False,1.685346751835886e-05
3,learned,71,40.0,6,5,5,True,False,1.685346751835886e-05
3,learned,72,40.0,6,5,5,True,False,1.685346751835886e-05
3,learned,73,40.0,6,5,5,True,False,1.685346751835886e-05
3,learned,74,40.0,6,5,5,True,False,1.685346751835886e-05
3,learned,75,40.0,6,5,5,True,False,1.685346751835886e-05
3,learned,76,40.0,6,5,5,True,False,1.685346751835886e-05
3,learned,77,40.0,6,5,5,True,False,1.685346751835886e-05
3,learned,78,40.0,6,5,5,True,False,1.685346751835886e-05
3,learned,79,40.0,6,5,5,True,False,1.685346751835886e-05
3,learned,80,40.0,6,5,5,True,False,1.685346751835886e-05
3,learned,81,40.0,6,5,5,True,False,1.685346751835886e-05
3,learned,82,40.0,6,5,5,True,False,1.685346751835886e-05
3,learned,83,40.0,6,5,5,True,False,1.685346751835886e-05
3,learned,84,40.0,6,5,5,True,False,1.685346751835886e-05
3,learned,85,40.0,6,5,5,True,False,1.685346751835886e-05
3,learned,86,40.0,6,5,5,True,False,1.685346751835886e-05
3,learned,87,40.0,6,5,5,True,False,1.685346751835886e-05
3,learned,88,40.0,6,5,5,True,False,1.685346751835886e-05
3,learned,89,40.0,6,5,5,True,False,1.685346751835886e-05
3,learned,90,40.0,6,5,5,True,False,1.685346751835886e-05
3,learned,91,40.0,6,5,5,True,False,1.685346751835886e-05
3,learned,92,40.0,6,5,5,True,False,1.685346751835886e-05
3,learned,93,40.0,6,5,5,True,False,1.685346751835886e-05
3,learned,94,40.0,6,5,5,True,False,1.685346751835886e-05
3,learned,95,40.0,6,5,5,True,False,1.685346751835886e-05
3,learned,96,40.0,6,5,5,True,False,1.685346751835886e-05
3,learned,97,40.0,6,5,5,True,False,1.685346751835886e-05
3,learned,98,40.0,6,5,5,True,False,1.685346751835886e-05
3,learned,99,40.0,6,5,5,True,False,1.685346751835886e-05
3,learned,100,40.0,6,5,5,True,False,1.685346751835886e-05
3,learned,101,40.0,6,5,5,True,False,1.685346751835886e-05
3,learned,102,40.0,6,5,5,True,False,1.685346751835886e-05
3,learned,103,40.0,6,5,5,True,False,1.685346751835886e-05
3,learned,104,40.0,6,5,5,True,False,1.685346751835886e-05
3,learned,105,40.0,6,5,5,True,False,1.685346751835886e-05
3,learned,106,40.0,6,5,5,True,False,1.685346751835886e-05
3,learned,107,40.0,6,5,5,True,False,1.685346751835886e-05
3,learned,108,40.0,6,5,5,True,False,1.685346751835886e-05
3,learned,109,40.0,6,5,5,True,False,1.685346751835886e-05
3,learned,110,40.0,6,5,5,True,False,1.685346751835886e-05
3,learned,111,40.0,6,5,5,True,False,1.685346751835886e-05
3,learned,112,40.0,6,5,5,True,False,1.685346751835886e-05
3,learned,113,40.0,6,5,5,True,False,1.685346751835886e-05
3,learned,114,40.0,6,5,5,True,False,1.685346751835886e-05
3,learned,115,40.0,6,5,5,True,False,1.685346751835886e-05
3,learned,116,40.0,6,5,5,True,False,1.685346751835886e-05
3,learned,117,40.0,6,5,5,True,False,1.685346751835886e-05
3,learned,118,40.0,6,5,5,True,False,1.685346751835886e-05
3,learned,119,40.0,6,5,5,True,False,1.685346751835886e-05
3,learned,120,40.0,6,5,5,True,False,1.685346751835886e-05
3,learned,121,40.0,6,5,5,True,False,1.685346751835886e-05
3,learned,122,40.0,6,5,5,True,False,1.685346751835886e-05
3,learned,123,40.0,6,5,5,True,False,1.685346751835886e-05
3,learned,124,40.0,6,5,5,True,False,1.685346751835886e-05
3,learned,125,40.0,6,5,5,True,False,1.685346751835886e-05
3,learned,126,40.0,6,5,5,True,False,1.685346751835886e-05
3,learned,127,40.0,6,5,5,True,False,1.685346751835886e-05
3,learned,128,40.0,6,5,5,True,False,1.685346751835886e-05
3,learned,129,40.0,6,5,5,True,False,1.685346751835886e-05
3,learned,130,40.0,6,5,5,True,False,1.685346751835886e-05
3,learned,131,40.0,6,5,5,True,False,1.685346751835886e-05
3,learned,132,40.0,6,5,5,True,False,1.685346751835886e-05
3,learned,133,40.0,6,5,5,True,False,1.685346751835886e-05
3,learned,134,40.0,6,5,5,True,False,1.685346751835886e-05
3,learned,135,40.0,6,5,5,True,False,1.685346751835886e-05
3,learned,136,40.0,6,5,5,True,False,1.685346751835886e-05
3,learned,137,40.0,6,5,5,True,False,1.685346751835886e-05
3,learned,138,40.0,6,5,5,True,False,1.685346751835886e-05
3,learned,139,40.0,6,5,5,True,False,1.685346751835886e-05
3,learned,140,40.0,6,5,5,True,False,1.685346751835886e-05
3,learned,141,40.0,6,5,5,True,False,1.685346751835886e-05
3,learned,142,40.0,6,5,5,True,False,1.685346751835886e-05
3,learned,143,40.0,6,5,5,True,False,1.685346751835886e-05
3,learned,144,40.0,6,5,5,True,False,1.685346751835886e-05
3,learned,145,40.0,6,5,5,True,False,1.685346751835886e-05
3,learned,146,40.0,6,5,5,True,False,1.685346751835886e-05
3,learned,147,40.0,6,5,5,True,False,1.685346751835886e-05
3,learned,148,40.0,6,5,5,True,False,1.685346751835886e-05
3,learned,149,40.0,6,5,5,True,False,1.685346751835886e-05
3,learned,150,40.0,6,5,5,True,False,1.685346751835886e-05
3,learned,151,40.0,6,5,5,True,False,1.685346751835886e-05
3,learned,152,40.0,6,5,5,True,False,1.685346751835886e-05
3,learned,153,40.0,6,5,5,True,False,1.685346751835886e-05
3,learned,154,40.0,6,5,5,True,False,1.685346751835886e-05
3,learned,155,40.0,6,5,5,True,False,1.685346751835886e-05
3,learned,156,40.0,6,5,5,True,False,1.685346751835886e-05
3,learned,157,40.0,6,5,5,True,False,1.685346751835886e-05
3,learned,158,40.0,6,5,5,True,False,1.685346751835886e-05
3,learned,159,40.0,6,5,5,True,False,1.685346751835886e-05
3,learned,160,40.0,6,5,5,True,False,1.685346751835886e-05
3,learned,161,40.0,6,5,5,True,False,1.685346751835886e-05
3,learned,162,40.0,6,5,5,True,False,1.685346751835886e-05
3,learned,163,40.0,6,5,5,True,False,1.685346751835886e-05
3,learned,164,40.0,6,5,5,True,False,1.685346751835886e-05
3,learned,165,40.0,6,5,5,True,False,1.685346751835886e-05
3,learned,166,40.0,6,5,5,True,False,1.685346751835886e-05
3,learned,167,40.0,6,5,5,True,False,1.685346751835886e-05
3,learned,168,40.0,6,5,5,True,False,1.685346751835886e-05
3,learned,169,40.0,6,5,5,True,False,1.685346751835886e-05
3,learned,170,40.0,6,5,5,True,False,1.685346751835886e-05
3,learned,171,40.0,6,5,5,True,False,1.685346751835886e-05
3,learned,172,40.0,6,5,5,True,False,1.685346751835886e-05
3,learned,173,40.0,6,5,5,True,False,1.685346751835886e-05
3,learned,174,40.0,6,5,5,True,False,1.685346751835886e-05
3,learned,175,40.0,6,5,5,True,False,1.685346751835886e-05
3,learned,176,40.0,6,5,5,True,False,1.685346751835886e-05
3,learned,177,40.0,6,5,5,True,False,1.685346751835886e-05
3,learned,178,40.0,6,5,5,True,False,1.685346751835886e-05
3,learned,179,40.0,6,5,5,True,False,1.685346751835886e-05
3,learned,180,40.0,6,5,5,True,False,1.685346751835886e-05
3,learned,181,40.0,6,5,5,True,False,1.685346751835886e-05
3,learned,182,40.0,6,5,5,True,False,1.685346751835886e-05
3,learned,183,40.0,6,5,5,True,False,1.685346751835886e-05
3,learned,184,40.0,6,5,5,True,False,1.685346751835886e-05
3,learned,185,40.0,6,5,5,True,False,1.685346751835886e-05
3,learned,186,40.0,6,5,5,True,False,1.685346751835886e-05
3,learned,187,40.0,6,5,5,True,False,1.685346751835886e-05
3,learned,188,40.0,6,5,5,True,False,1.685346751835886e-05
3,learned,189,40.0,6,5,5,True,False,1.685346751835886e-05
3,learned,190,40.0,6,5,5,True,False,1.685346751835886e-05
3,learned,191,40.0,6,5,5,True,False,1.685346751835886e-05
3,learned,192,40.0,6,5,5,True,False,1.685346751835886e-05
3,learned,193,40.0,6,5,5,True,False,1.685346751835886e-05
3,learned,194,40.0,6,5,5,True,False,1.685346751835886e-05
3,learned,195,40.0,6,5,5,True,False,1.685346751835886e-05
3,learned,196,40.0,6,5,5,True,False,1.685346751835886e-05
3,learned,197,40.0,6,5,5,True,False,1.685346751835886e-05
3,learned,198,40.0,6,5,5,True,False,1.685346751835886e-05
3,learned,199,40.0,6,5,5,True,False,1.685346751835886e-05
3,learned,200,40.0,6,5,5,True,False,1.685346751835886e-05
4,initial,0,30.0,7,5,5,True,False,4.250815737931165e-05
4,greedy,0,30.0,7,5,5,True,False,4.250815737931165e-05
4,greedy,1,40.0,6,5,5,True,False,4.2412316860372196e-05
4,greedy,2,50.0,5,5,5,True,True,4.1139185664292575e-05
4,random,0,30.0,7,5,5,True,False,4.250815737931165e-05
4,random,1,40.0,6,5,5,True,False,2.9362195217339946e-06
4,random,2,30.0,7,5,5,True,False,4.2508157379311636e-05
4,random,3,30.0,7,5,5,True,False,4.2508157379311636e-05
4,random,4,40.0,6,5,5,True,False,4.1336096081157325e-05
4,random,5,40.0,6,5,5,True,False,4.1336096081157325e-05
4,random,6,30.0,7,5,5,True,False,5.113242035519437e-05
4,random,7,30.0,7,5,5,True,False,5.113242035519437e-05
4,random,8,20.0,8,5,5,True,False,5.8665629772494816e-05
4,random,9,20.0,8,5,5,True,False,5.8665629772494816e-05
4,random,10,20.0,8,5,5,True,False,5.8665629772494816e-05
4,random,11,30.0,7,5,5,True,False,4.837469885557178e-05
4,random,12,30.0,7,5,5,True,False,4.837469885557178e-05
4,random,13,20.0,6,4,5,False,False,0.0
4,random,14,30.0,7,5,5,True,False,3.331395284273425e-05
4,random,15,30.0,7,5,5,True,False,3.331395284273425e-05
4,random,16,30.0,7,5,5,True,False,3.331395284273425e-05
4,random,17,40.0,6,5,5,True,False,2.263139577260876e-05
4,random,18,30.0,7,5,5,True,False,2.566222848690215e-05
4,random,19,30.0,7,5,5,True,False,2.566222848690215e-05
4,random,20,40.0,6,5,5,True,False,2.5432202460111752e-05
4,random,21,50.0,5,5,5,True,True,2.247951790901968e-05
4,random,22,50.0,5,5,5,True,True,2.247951790901968e-05
4,random,23,40.0,4,4,5,False,False,0.0
4,random,24,30.0,3,3,5,False,False,0.0
4,random,25,20.0,2,2,5,False,False,0.0
4,random,26,20.0,2,2,5,False,False,0.0
4,random,27,20.0,2,2,5,False,False,0.0
4,random,28,20.0,2,2,5,False,False,0.0
4,random,29,10.0,1,1,5,False,False,0.0
4,random,30,10.0,1,1,5,False,False,0.0
4,random,31,20.0,2,2,5,False,False,0.0
4,random,32,20.0,2,2,5,False,False,0.0
4,random,33,20.0,2,2,5,False,False,0.0
4,random,34,20.0,2,2,5,False,False,0.0
4,random,35,30.0,3,3,5,False,False,0.0
4,random,36,30.0,3,3,5,False,False,0.0
4,random,37,20.0,4,3,5,False,False,0.0
4,random,38,20.0,4,3,5,False,False,0.0
4,random,39,30.0,5,4,5,False,False,0.0
4,random,40,30.0,5,4,5,False,False,0.0
4,random,41,30.0,5,4,5,False,False,0.0
4,random,42,30.0,5,4,5,False,False,0.0
4,random,43,30.0,5,4,5,False,False,0.0
4,random,44,40.0,6,5,5,True,False,2.685854859518286e-05
4,random,45,40.0,6,5,5,True,False,2.685854859518286e-05
4,random,46,40.0,6,5,5,True,False,2.685854859518286e-05
4,random,47,30.0,7,5,5,True,False,4.2508157379311636e-05
4,random,48,30.0,7,5,5,True,False,4.2508157379311636e-05
4,random,49,30.0,7,5,5,True,False,4.2508157379311636e-05
4,random,50,40.0,6,5,5,True,False,1.2052852942338406e-05
4,random,51,40.0,6,5,5,True,False,1.2052852942338406e-05
4,random,52,40.0,6,5,5,True,False,1.2052852942338406e-05
4,random,53,30.0,7,5,5,True,False,1.5776606443570836e-05
4,random,54,20.0,6,4,5,False,False,0.0
4,random,55,30.0,7,5,5,True,False,1.5776606443570826e-05
4,random,56,20.0,6,4,5,False,False,0.0
4,random,57,30.0,5,4,5,False,False,0.0
4,random,58,40.0,6,5,5,True,False,2.3597076882879537e-05
4,random,59,30.0,7,5,5,True,False,4.6477997602752795e-05
4,random,60,40.0,6,5,5,True,False,4.133609608115731e-05
4,random,61,30.0,7,5,5,True,False,4.296175740342168e-05
4,random,62,20.0,8,5,5,True,False,4.3211332462039144e-05
4,random,63,10.0,9,5,5,True,False,4.449237022639696e-05
4,random,64,10.0,9,5,5,True,False,4.449237022639696e-05
4,random,65,20.0,8,5,5,True,False,4.42022160939522e-05
4,random,66,30.0,7,5,5,True,False,4.386608650994576e-05
4,random,67,30.0,7,5,5,True,False,4.386608650994576e-05
4,random,68,20.0,6,4,5,False,False,0.0
4,random,69,30.0,5,4,5,False,False,0.0
4,random,70,30.0,5,4,5,False,False,0.0
4,random,71,40.0,4,4,5,False,False,0.0
4,random,72,40.0,4,4,5,False,False,0.0
4,random,73,40.0,4,4,5,False,False,0.0
4,random,74,40.0,4,4,5,False,False,0.0
4,random,75,40.0,4,4,5,False,False,0.0
4,random,76,30.0,5,4,5,False,False,0.0
4,random,77,30.0,5,4,5,False,False,0.0
4,random,78,20.0,6,4,5,False,False,0.0
4,random,79,10.0,5,3,5,False,False,0.0
4,random,80,20.0,4,3,5,False,False,0.0
4,random,81,30.0,3,3,5,False,False,0.0
4,random,82,30.0,3,3,5,False,False,0.0
4,random,83,30.0,3,3,5,False,False,0.0
4,random,84,30.0,3,3,5,False,False,0.0
4,random,85,40.0,4,4,5,False,False,0.0
4,random,86,40.0,4,4,5,False,False,0.0
4,random,87,50.0,5,5,5,True,True,4.1139185664292575e-05
4,random,88,40.0,4,4,5,False,False,0.0
4,random,89,50.0,5,5,5,True,True,4.1139185664292575e-05
4,random,90,50.0,5,5,5,True,True,4.1139185664292575e-05
4,random,91,40.0,6,5,5,True,False,4.837305363618403e-05
4,random,92,50.0,5,5,5,True,True,4.1139185664292575e-05
4,random,93,50.0,5,5,5,True,True,4.1139185664292575e-05
4,random,94,40.0,4,4,5,False,False,0.0
4,random,95,30.0,3,3,5,False,False,0.0
4,random,96,30.0,3,3,5,False,False,0.0
4,random,97,30.0,3,3,5,False,False,0.0
4,random,98,40.0,4,4,5,False,False,0.0
4,random,99,50.0,5,5,5,True,True,1.4892409124187201e-05
4,random,100,40.0,6,5,5,True,False,4.133609608115733e-05
4,random,101,40.0,6,5,5,True,False,4.133609608115733e-05
4,random,102,40.0,6,5,5,True,False,4.133609608115733e-05
4,random,103,50.0,5,5,5,True,True,2.3491475768029603e-05
4,random,104,50.0,5,5,5,True,True,2.3491475768029603e-05
4,random,105,40.0,6,5,5,True,False,4.1336096081157304e-05
4,random,106,50.0,5,5,5,True,True,2.3491475768029603e-05
4,random,107,50.0,5,5,5,True,True,2.3491475768029603e-05
4,random,108,40.0,6,5,5,True,False,3.403200290239297e-05
4,random,109,40.0,6,5,5,True,False,3.403200290239297e-05
4,random,110,50.0,5,5,5,True,True,2.3491475768029603e-05
4,random,111,50.0,5,5,5,True,True,2.3491475768029603e-05
4,random,112,50.0,5,5,5,True,True,2.3491475768029603e-05
4,random,113,40.0,6,5,5,True,False,2.4123694949714585e-05
4,random,114,30.0,5,4,5,False,False,0.0
4,random,115,20.0,4,3,5,False,False,0.0
4,random,116,30.0,5,4,5,False,False,0.0
4,random,117,30.0,5,4,5,False,False,0.0
4,random,118,40.0,6,5,5,True,False,2.3356534579272967e-05
4,random,119,30.0,5,4,5,False,False,0.0
4,random,120,20.0,4,3,5,False,False,0.0
4,random,121,20.0,4,3,5,False,False,0.0
4,random,122,10.0,3,2,5,False,False,0.0
4,random,123,10.0,3,2,5,False,False,0.0
4,random,124,10.0,3,2,5,False,False,0.0
4,random,125,20.0,2,2,5,False,False,0.0
4,random,126,20.0,2,2,5,False,False,0.0
4,random,127,20.0,2,2,5,False,False,0.0
4,random,128,20.0,2,2,5,False,False,0.0
4,random,129,20.0,2,2,5,False,False,0.0
4,random,130,20.0,2,2,5,False,False,0.0
4,random,131,20.0,2,2,5,False,False,0.0
4,random,132,20.0,2,2,5,False,False,0.0
4,random,133,20.0,2,2,5,False,False,0.0
4,random,134,20.0,2,2,5,False,False,0.0
4,random,135,30.0,3,3,5,False,False,0.0
4,random,136,40.0,4,4,5,False,False,0.0
4,random,137,40.0,4,4,5,False,False,0.0
4,random,138,40.0,4,4,5,False,False,0.0
4,random,139,50.0,5,5,5,True,True,2.24795179090197e-05
4,random,140,50.0,5,5,5,True,True,2.24795179090197e-05
4,random,141,50.0,5,5,5,True,True,2.24795179090197e-05
4,random,142,40.0,6,5,5,True,False,2.2498590168290337e-05
4,random,143,30.0,7,5,5,True,False,4.160453549467427e-05
4,random,144,30.0,7,5,5,True,False,4.160453549467427e-05
4,random,145,40.0,6,5,5,True,False,4.1179343072032764e-05
4,random,146,40.0,6,5,5,True,False,4.1179343072032764e-05
4,random,147,30.0,7,5,5,True,False,4.160453549467427e-05
4,random,148,30.0,7,5,5,True,False,4.160453549467427e-05
4,random,149,20.0,8,5,5,True,False,4.307138506137782e-05
4,random,150,20.0,8,5,5,True,False,4.307138506137782e-05
4,random,151,20.0,8,5,5,True,False,4.307138506137782e-05
4,random,152,20.0,8,5,5,True,False,4.307138506137782e-05
4,random,153,30.0,7,5,5,True,False,4.250815737931165e-05
4,random,154,40.0,6,5,5,True,False,4.133609608115733e-05
4,random,155,40.0,6,5,5,True,False,4.133609608115733e-05
4,random,156,30.0,7,5,5,True,False,5.113242035519433e-05
4,random,157,30.0,7,5,5,True,False,5.113242035519433e-05
4,random,158,20.0,8,5,5,True,False,5.144261424609264e-05
4,random,159,20.0,8,5,5,True,False,5.144261424609264e-05
4,random,160,10.0,9,5,5,True,False,5.147870896805199e-05
4,random,161,20.0,8,5,5,True,False,5.144261424609264e-05
4,random,162,20.0,8,5,5,True,False,5.144261424609264e-05
4,random,163,20.0,8,5,5,True,False,5.144261424609264e-05
4,random,164,30.0,7,5,5,True,False,4.2961757403421696e-05
4,random,165,40.0,6,5,5,True,False,4.133609608115733e-05
4,random,166,50.0,5,5,5,True,True,4.1139185664292575e-05
4,random,167,40.0,4,4,5,False,False,0.0
4,random,168,30.0,5,4,5,False,False,0.0
4,random,169,20.0,4,3,5,False,False,0.0
4,random,170,20.0,4,3,5,False,False,0.0
4,random,171,10.0,3,2,5,False,False,0.0
4,random,172,10.0,3,2,5,False,False,0.0
4,random,173,10.0,3,2,5,False,False,0.0
4,random,174,10.0,3,2,5,False,False,0.0
4,random,175,20.0,4,3,5,False,False,0.0
4,random,176,30.0,5,4,5,False,False,0.0
4,random,177,40.0,6,5,5,True,False,1.748635578256137e-05
4,random,178,40.0,6,5,5,True,False,1.748635578256137e-05
4,random,179,40.0,6,5,5,True,False,1.748635578256137e-05
4,random,180,40.0,6,5,5,True,False,1.748635578256137e-05
4,random,181,40.0,6,5,5,True,False,1.748635578256137e-05
4,random,182,40.0,6,5,5,True,False,1.748635578256137e-05
4,random,183,40.0,6,5,5,True,False,1.748635578256137e-05
4,random,184,40.0,6,5,5,True,False,1.748635578256137e-05
4,random,185,30.0,7,5,5,True,False,1.8161109228635774e-05
4,random,186,20.0,6,4,5,False,False,0.0
4,random,187,20.0,6,4,5,False,False,0.0
4,random,188,20.0,6,4,5,False,False,0.0
4,random,189,20.0,6,4,5,False,False,0.0
4,random,190,20.0,6,4,5,False,False,0.0
4,random,191,30.0,5,4,5,False,False,0.0
4,random,192,30.0,5,4,5,False,False,0.0
4,random,193,20.0,6,4,5,False,False,0.0
4,random,194,20.0,6,4,5,False,False,0.0
4,random,195,20.0,6,4,5,False,False,0.0
4,random,196,20.0,6,4,5,False,False,0.0
4,random,197,10.0,7,4,5,False,False,0.0
4,random,198,10.0,7,4,5,False,False,0.0
4,random,199,10.0,7,4,5,False,False,0.0
4,random,200,0.0,6,3,5,False,False,0.0
4,learned,0,30.0,7,5,5,True,False,4.250815737931165e-05
4,learned,1,40.0,6,5,5,True,False,4.133609608115731e-05
4,learned,2,40.0,6,5,5,True,False,4.133609608115731e-05
4,learned,3,40.0,6,5,5,True,False,4.133609608115731e-05
4,learned,4,40.0,6,5,5,True,False,4.133609608115731e-05
4,learned,5,40.0,6,5,5,True,False,4.133609608115731e-05
4,learned,6,40.0,6,5,5,True,False,4.133609608115731e-05
4,learned,7,40.0,6,5,5,True,False,4.133609608115731e-05
4,learned,8,40.0,6,5,5,True,False,4.133609608115731e-05
4,learned,9,40.0,6,5,5,True,False,4.133609608115731e-05
4,learned,10,40.0,6,5,5,True,False,4.133609608115731e-05
4,learned,11,40.0,6,5,5,True,False,4.133609608115731e-05
4,learned,12,40.0,6,5,5,True,False,4.133609608115731e-05
4,learned,13,40.0,6,5,5,True,False,4.133609608115731e-05
4,learned,14,40.0,6,5,5,True,False,4.133609608115731e-05
4,learned,15,40.0,6,5,5,True,False,4.133609608115731e-05
4,learned,16,40.0,6,5,5,True,False,4.133609608115731e-05
4,learned,17,40.0,6,5,5,True,False,4.133609608115731e-05
4,learned,18,40.0,6,5,5,True,False,4.133609608115731e-05
4,learned,19,40.0,6,5,5,True,False,4.133609608115731e-05
4,learned,20,40.0,6,5,5,True,False,4.133609608115731e-05
4,learned,21,40.0,6,5,5,True,False,4.133609608115731e-05
4,learned,22,40.0,6,5,5,True,False,4.133609608115731e-05
4,learned,23,40.0,6,5,5,True,False,4.133609608115731e-05
4,learned,24,40.0,6,5,5,True,False,4.133609608115731e-05
4,learned,25,40.0,6,5,5,True,False,4.133609608115731e-05
4,learned,26,40.0,6,5,5,True,False,4.133609608115731e-05
4,learned,27,40.0,6,5,5,True,False,4.133609608115731e-05
4,learned,28,40.0,6,5,5,True,False,4.133609608115731e-05
4,learned,29,40.0,6,5,5,True,False,4.133609608115731e-05
4,learned,30,40.0,6,5,5,True,False,4.133609608115731e-05
4,learned,31,40.0,6,5,5,True,False,4.133609608115731e-05
4,learned,32,40.0,6,5,5,True,False,4.133609608115731e-05
4,learned,33,40.0,6,5,5,True,False,4.133609608115731e-05
4,learned,34,40.0,6,5,5,True,False,4.133609608115731e-05
4,learned,35,40.0,6,5,5,True,False,4.133609608115731e-05
4,learned,36,40.0,6,5,5,True,False,4.133609608115731e-05
4,learned,37,40.0,6,5,5,True,False,4.133609608115731e-05
4,learned,38,40.0,6,5,5,True,False,4.133609608115731e-05
4,learned,39,40.0,6,5,5,True,False,4.133609608115731e-05
4,learned,40,40.0,6,5,5,True,False,4.133609608115731e-05
4,learned,41,40.0,6,5,5,True,False,4.133609608115731e-05
4,learned,42,40.0,6,5,5,True,False,4.133609608115731e-05
4,learned,43,40.0,6,5,5,True,False,4.133609608115731e-05
4,learned,44,40.0,6,5,5,True,False,4.133609608115731e-05
4,learned,45,40.0,6,5,5,True,False,4.133609608115731e-05
4,learned,46,40.0,6,5,5,True,False,4.133609608115731e-05
4,learned,47,40.0,6,5,5,True,False,4.133609608115731e-05
4,learned,48,40.0,6,5,5,True,False,4.133609608115731e-05
4,learned,49,40.0,6,5,5,True,False,4.133609608115731e-05
4,learned,50,40.0,6,5,5,True,False,4.133609608115731e-05
4,learned,51,40.0,6,5,5,True,False,4.133609608115731e-05
4,learned,52,40.0,6,5,5,True,False,4.133609608115731e-05
4,learned,53,40.0,6,5,5,True,False,4.133609608115731e-05
4,learned,54,40.0,6,5,5,True,False,4.133609608115731e-05
4,learned,55,40.0,6,5,5,True,False,4.133609608115731e-05
4,learned,56,40.0,6,5,5,True,False,4.133609608115731e-05
4,learned,57,40.0,6,5,5,True,False,4.133609608115731e-05
4,learned,58,40.0,6,5,5,True,False,4.133609608115731e-05
4,learned,59,40.0,6,5,5,True,False,4.133609608115731e-05
4,learned,60,40.0,6,5,5,True,False,4.133609608115731e-05
4,learned,61,40.0,6,5,5,True,False,4.133609608115731e-05
4,learned,62,40.0,6,5,5,True,False,4.133609608115731e-05
4,learned,63,40.0,6,5,5,True,False,4.133609608115731e-05
4,learned,64,40.0,6,5,5,True,False,4.133609608115731e-05
4,learned,65,40.0,6,5,5,True,False,4.133609608115731e-05
4,learned,66,40.0,6,5,5,True,False,4.133609608115731e-05
4,learned,67,40.0,6,5,5,True,False,4.133609608115731e-05
4,learned,68,40.0,6,5,5,True,False,4.133609608115731e-05
4,learned,69,40.0,6,5,5,True,False,4.133609608115731e-05
4,learned,70,40.0,6,5,5,True,False,4.133609608115731e-05
4,learned,71,40.0,6,5,5,True,False,4.133609608115731e-05
4,learned,72,40.0,6,5,5,True,False,4.133609608115731e-05
4,learned,73,40.0,6,5,5,True,False,4.133609608115731e-05
4,learned,74,40.0,6,5,5,True,False,4.133609608115731e-05
4,learned,75,40.0,6,5,5,True,False,4.133609608115731e-05
4,learned,76,40.0,6,5,5,True,False,4.133609608115731e-05
4,learned,77,40.0,6,5,5,True,False,4.133609608115731e-05
4,learned,78,40.0,6,5,5,True,False,4.133609608115731e-05
4,learned,79,40.0,6,5,5,True,False,4.133609608115731e-05
4,learned,80,40.0,6,5,5,True,False,4.133609608115731e-05
4,learned,81,40.0,6,5,5,True,False,4.133609608115731e-05
4,learned,82,40.0,6,5,5,True,False,4.133609608115731e-05
4,learned,83,40.0,6,5,5,True,False,4.133609608115731e-05
4,learned,84,40.0,6,5,5,True,False,4.133609608115731e-05
4,learned,85,40.0,6,5,5,True,False,4.133609608115731e-05
4,learned,86,40.0,6,5,5,True,False,4.133609608115731e-05
4,learned,87,40.0,6,5,5,True,False,4.133609608115731e-05
4,learned,88,40.0,6,5,5,True,False,4.133609608115731e-05
4,learned,89,40.0,6,5,5,True,False,4.133609608115731e-05
4,learned,90,40.0,6,5,5,True,False,4.133609608115731e-05
4,learned,91,40.0,6,5,5,True,False,4.133609608115731e-05
4,learned,92,40.0,6,5,5,True,False,4.133609608115731e-05
4,learned,93,40.0,6,5,5,True,False,4.133609608115731e-05
4,learned,94,40.0,6,5,5,True,False,4.133609608115731e-05
4,learned,95,40.0,6,5,5,True,False,4.133609608115731e-05
4,learned,96,40.0,6,5,5,True,False,4.133609608115731e-05
4,learned,97,40.0,6,5,5,True,False,4.133609608115731e-05
4,learned,98,40.0,6,5,5,True,False,4.133609608115731e-05
4,learned,99,40.0,6,5,5,True,False,4.133609608115731e-05
4,learned,100,40.0,6,5,5,True,False,4.133609608115731e-05
4,learned,101,40.0,6,5,5,True,False,4.133609608115731e-05
4,learned,102,40.0,6,5,5,True,False,4.133609608115731e-05
4,learned,103,40.0,6,5,5,True,False,4.133609608115731e-05
4,learned,104,40.0,6,5,5,True,False,4.133609608115731e-05
4,learned,105,40.0,6,5,5,True,False,4.133609608115731e-05
4,learned,106,40.0,6,5,5,True,False,4.133609608115731e-05
4,learned,107,40.0,6,5,5,True,False,4.133609608115731e-05
4,learned,108,40.0,6,5,5,True,False,4.133609608115731e-05
4,learned,109,40.0,6,5,5,True,False,4.133609608115731e-05
4,learned,110,40.0,6,5,5,True,False,4.133609608115731e-05
4,learned,111,40.0,6,5,5,True,False,4.133609608115731e-05
4,learned,112,40.0,6,5,5,True,False,4.133609608115731e-05
4,learned,113,40.0,6,5,5,True,False,4.133609608115731e-05
4,learned,114,40.0,6,5,5,True,False,4.133609608115731e-05
4,learned,115,40.0,6,5,5,True,False,4.133609608115731e-05
4,learned,116,40.0,6,5,5,True,False,4.133609608115731e-05
4,learned,117,40.0,6,5,5,True,False,4.133609608115731e-05
4,learned,118,40.0,6,5,5,True,False,4.133609608115731e-05
4,learned,119,40.0,6,5,5,True,False,4.133609608115731e-05
4,learned,120,40.0,6,5,5,True,False,4.133609608115731e-05
4,learned,121,40.0,6,5,5,True,False,4.133609608115731e-05
4,learned,122,40.0,6,5,5,True,False,4.133609608115731e-05
4,learned,123,40.0,6,5,5,True,False,4.133609608115731e-05
4,learned,124,40.0,6,5,5,True,False,4.133609608115731e-05
4,learned,125,40.0,6,5,5,True,False,4.133609608115731e-05
4,learned,126,40.0,6,5,5,True,False,4.133609608115731e-05
4,learned,127,40.0,6,5,5,True,False,4.133609608115731e-05
4,learned,128,40.0,6,5,5,True,False,4.133609608115731e-05
4,learned,129,40.0,6,5,5,True,False,4.133609608115731e-05
4,learned,130,40.0,6,5,5,True,False,4.133609608115731e-05
4,learned,131,40.0,6,5,5,True,False,4.133609608115731e-05
4,learned,132,40.0,6,5,5,True,False,4.133609608115731e-05
4,learned,133,40.0,6,5,5,True,False,4.133609608115731e-05
4,learned,134,40.0,6,5,5,True,False,4.133609608115731e-05
4,learned,135,40.0,6,5,5,True,False,4.133609608115731e-05
4,learned,136,40.0,6,5,5,True,False,4.133609608115731e-05
4,learned,137,40.0,6,5,5,True,False,4.133609608115731e-05
4,learned,138,40.0,6,5,5,True,False,4.133609608115731e-05
4,learned,139,40.0,6,5,5,True,False,4.133609608115731e-05
4,learned,140,40.0,6,5,5,True,False,4.133609608115731e-05
4,learned,141,40.0,6,5,5,True,False,4.133609608115731e-05
4,learned,142,40.0,6,5,5,True,False,4.133609608115731e-05
4,learned,143,40.0,6,5,5,True,False,4.133609608115731e-05
4,learned,144,40.0,6,5,5,True,False,4.133609608115731e-05
4,learned,145,40.0,6,5,5,True,False,4.133609608115731e-05
4,learned,146,40.0,6,5,5,True,False,4.133609608115731e-05
4,learned,147,40.0,6,5,5,True,False,4.133609608115731e-05
4,learned,148,40.0,6,5,5,True,False,4.133609608115731e-05
4,learned,149,40.0,6,5,5,True,False,4.133609608115731e-05
4,learned,150,40.0,6,5,5,True,False,4.133609608115731e-05
4,learned,151,40.0,6,5,5,True,False,4.133609608115731e-05
4,learned,152,40.0,6,5,5,True,False,4.133609608115731e-05
4,learned,153,40.0,6,5,5,True,False,4.133609608115731e-05
4,learned,154,40.0,6,5,5,True,False,4.133609608115731e-05
4,learned,155,40.0,6,5,5,True,False,4.133609608115731e-05
4,learned,156,40.0,6,5,5,True,False,4.133609608115731e-05
4,learned,157,40.0,6,5,5,True,False,4.133609608115731e-05
4,learned,158,40.0,6,5,5,True,False,4.133609608115731e-05
4,learned,159,40.0,6,5,5,True,False,4.133609608115731e-05
4,learned,160,40.0,6,5,5,True,False,4.133609608115731e-05
4,learned,161,40.0,6,5,5,True,False,4.133609608115731e-05
4,learned,162,40.0,6,5,5,True,False,4.133609608115731e-05
4,learned,163,40.0,6,5,5,True,False,4.133609608115731e-05
4,learned,164,40.0,6,5,5,True,False,4.133609608115731e-05
4,learned,165,40.0,6,5,5,True,False,4.133609608115731e-05
4,learned,166,40.0,6,5,5,True,False,4.133609608115731e-05
4,learned,167,40.0,6,5,5,True,False,4.133609608115731e-05
4,learned,168,40.0,6,5,5,True,False,4.133609608115731e-05
4,learned,169,40.0,6,5,5,True,False,4.133609608115731e-05
4,learned,170,40.0,6,5,5,True,False,4.133609608115731e-05
4,learned,171,40.0,6,5,5,True,False,4.133609608115731e-05
4,learned,172,40.0,6,5,5,True,False,4.133609608115731e-05
4,learned,173,40.0,6,5,5,True,False,4.133609608115731e-05
4,learned,174,40.0,6,5,5,True,False,4.133609608115731e-05
4,learned,175,40.0,6,5,5,True,False,4.133609608115731e-05
4,learned,176,40.0,6,5,5,True,False,4.133609608115731e-05
4,learned,177,40.0,6,5,5,True,False,4.133609608115731e-05
4,learned,178,40.0,6,5,5,True,False,4.133609608115731e-05
4,learned,179,40.0,6,5,5,True,False,4.133609608115731e-05
4,learned,180,40.0,6,5,5,True,False,4.133609608115731e-05
4,learned,181,40.0,6,5,5,True,False,4.133609608115731e-05
4,learned,182,40.0,6,5,5,True,False,4.133609608115731e-05
4,learned,183,40.0,6,5,5,True,False,4.133609608115731e-05
4,learned,184,40.0,6,5,5,True,False,4.133609608115731e-05
4,learned,185,40.0,6,5,5,True,False,4.133609608115731e-05
4,learned,186,40.0,6,5,5,True,False,4.133609608115731e-05
4,learned,187,40.0,6,5,5,True,False,4.133609608115731e-05
4,learned,188,40.0,6,5,5,True,False,4.133609608115731e-05
4,learned,189,40.0,6,5,5,True,False,4.133609608115731e-05
4,learned,190,40.0,6,5,5,True,False,4.133609608115731e-05
4,learned,191,40.0,6,5,5,True,False,4.133609608115731e-05
4,learned,192,40.0,6,5,5,True,False,4.133609608115731e-05
4,learned,193,40.0,6,5,5,True,False,4.133609608115731e-05
4,learned,194,40.0,6,5,5,True,False,4.133609608115731e-05
4,learned,195,40.0,6,5,5,True,False,4.133609608115731e-05
4,learned,196,40.0,6,5,5,True,False,4.133609608115731e-05
4,learned,197,40.0,6,5,5,True,False,4.133609608115731e-05
4,learned,198,40.0,6,5,5,True,False,4.133609608115731e-05
4,learned,199,40.0,6,5,5,True,False,4.133609608115731e-05
4,learned,200,40.0,6,5,5,True,False,4.133609608115731e-05
5,initial,0,10.0,5,3,5,False,False,0.0
5,greedy,0,10.0,5,3,5,False,False,0.0
5,greedy,1,20.0,6,4,5,False,False,0.0
5,greedy,2,30.0,5,4,5,False,False,0.0
5,greedy,3,40.0,4,4,5,False,False,0.0
5,greedy,4,50.0,5,5,5,True,True,1.7040543250845936e-05
5,random,0,10.0,5,3,5,False,False,0.0
5,random,1,20.0,4,3,5,False,False,0.0
5,random,2,20.0,4,3,5,False,False,0.0
5,random,3,30.0,5,4,5,False,False,0.0
5,random,4,40.0,4,4,5,False,False,0.0
5,random,5,50.0,5,5,5,True,True,1.676545349693337e-05
5,random,6,40.0,4,4,5,False,False,0.0
5,random,7,40.0,4,4,5,False,False,0.0
5,random,8,40.0,4,4,5,False,False,0.0
5,random,9,40.0,4,4,5,False,False,0.0
5,random,10,50.0,5,5,5,True,True,1.7040543250845936e-05
5,random,11,40.0,6,5,5,True,False,1.7168503317975384e-05
5,random,12,30.0,5,4,5,False,False,0.0
5,random,13,20.0,6,4,5,False,False,0.0
5,random,14,20.0,6,4,5,False,False,0.0
5,random,15,20.0,6,4,5,False,False,0.0
5,random,16,20.0,6,4,5,False,False,0.0
5,random,17,20.0,6,4,5,False,False,0.0
5,random,18,30.0,5,4,5,False,False,0.0
5,random,19,30.0,5,4,5,False,False,0.0
5,random,20,30.0,5,4,5,False,False,0.0
5,random,21,20.0,6,4,5,False,False,0.0
5,random,22,20.0,6,4,5,False,False,0.0
5,random,23,20.0,6,4,5,False,False,0.0
5,random,24,20.0,6,4,5,False,False,0.0
5,random,25,20.0,6,4,5,False,False,0.0
5,random,26,20.0,6,4,5,False,False,0.0
5,random,27,20.0,6,4,5,False,False,0.0
5,random,28,10.0,5,3,5,False,False,0.0
5,random,29,20.0,6,4,5,False,False,0.0
5,random,30,20.0,6,4,5,False,False,0.0
5,random,31,10.0,7,4,5,False,False,0.0
5,random,32,10.0,7,4,5,False,False,0.0
5,random,33,0.0,6,3,5,False,False,0.0
5,random,34,0.0,6,3,5,False,False,0.0
5,random,35,0.0,6,3,5,False,False,0.0
5,random,36,0.0,6,3,5,False,False,0.0
5,random,37,10.0,5,3,5,False,False,0.0
5,random,38,10.0,5,3,5,False,False,0.0
5,random,39,10.0,5,3,5,False,False,0.0
5,random,40,20.0,6,4,5,False,False,0.0
5,random,41,30.0,5,4,5,False,False,0.0
5,random,42,20.0,6,4,5,False,False,0.0
5,random,43,30.0,7,5,5,True,False,2.454520515535069e-05
5,random,44,30.0,7,5,5,True,False,2.454520515535069e-05
5,random,45,30.0,7,5,5,True,False,2.454520515535069e-05
5,random,46,20.0,8,5,5,True,False,7.52113158862914e-05
5,random,47,20.0,8,5,5,True,False,7.52113158862914e-05
5,random,48,10.0,9,5,5,True,False,7.584456574648662e-05
5,random,49,20.0,8,5,5,True,False,7.52113158862914e-05
5,random,50,10.0,9,5,5,True,False,7.683708092288e-05
5,random,51,10.0,9,5,5,True,False,7.683708092288e-05
5,random,52,20.0,8,5,5,True,False,5.141438227517641e-05
5,random,53,10.0,9,5,5,True,False,6.107747037135356e-05
5,random,54,10.0,9,5,5,True,False,6.107747037135356e-05
5,random,55,10.0,9,5,5,True,False,6.107747037135356e-05
5,random,56,10.0,9,5,5,True,False,6.107747037135356e-05
5,random,57,10.0,9,5,5,True,False,6.107747037135356e-05
5,random,58,20.0,8,5,5,True,False,6.107724361391272e-05
5,random,59,30.0,7,5,5,True,False,4.858532061743922e-06
5,random,60,20.0,6,4,5,False,False,0.0
5,random,61,20.0,6,4,5,False,False,0.0
5,random,62,20.0,6,4,5,False,False,0.0
5,random,63,10.0,5,3,5,False,False,0.0
5,random,64,10.0,5,3,5,False,False,0.0
5,random,65,20.0,6,4,5,False,False,0.0
5,random,66,30.0,5,4,5,False,False,0.0
5,random,67,30.0,5,4,5,False,False,0.0
5,random,68,30.0,5,4,5,False,False,0.0
5,random,69,20.0,4,3,5,False,False,0.0
5,random,70,30.0,5,4,5,False,False,0.0
5,random,71,30.0,5,4,5,False,False,0.0
5,random,72,40.0,6,5,5,True,False,2.6649845037649784e-05
5,random,73,40.0,6,5,5,True,False,2.6649845037649784e-05
5,random,74,30.0,7,5,5,True,False,5.1211712809862996e-05
5,random,75,30.0,7,5,5,True,False,5.1211712809862996e-05
5,random,76,30.0,7,5,5,True,False,5.1211712809862996e-05
5,random,77,20.0,8,5,5,True,False,5.125500032437896e-05
5,random,78,20.0,8,5,5,True,False,5.125500032437896e-05
5,random,79,10.0,9,5,5,True,False,5.125978994109005e-05
5,random,80,10.0,9,5,5,True,False,5.125978994109005e-05
5,random,81,10.0,9,5,5,True,False,5.125978994109005e-05
5,random,82,20.0,8,5,5,True,False,5.125500032437895e-05
5,random,83,10.0,9,5,5,True,False,5.145745860886619e-05
5,random,84,0.0,10,5,5,True,False,7.742879638163852e-05
5,random,85,-10.0,11,5,5,True,False,0.00010156426582471896
5,random,86,0.0,10,5,5,True,False,0.00010149398114757868
5,random,87,-10.0,11,5,5,True,False,0.00010155606622056244
5,random,88,0.0,10,5,5,True,False,0.00010149398114757878
5,random,89,0.0,10,5,5,True,False,0.00010149398114757878
5,random,90,10.0,9,5,5,True,False,0.00010049213803839578
5,random,91,10.0,9,5,5,True,False,0.00010049213803839578
5,random,92,10.0,9,5,5,True,False,0.00010049213803839578
5,random,93,0.0,10,5,5,True,False,0.00010063132910073823
5,random,94,0.0,10,5,5,True,False,0.00010063132910073823
5,random,95,0.0,10,5,5,True,False,0.00010063132910073823
5,random,96,0.0,10,5,5,True,False,0.00010063132910073823
5,random,97,0.0,10,5,5,True,False,0.00010063132910073823
5,random,98,10.0,9,5,5,True,False,0.00010049213803839578
5,random,99,10.0,9,5,5,True,False,0.00010049213803839578
5,random,100,20.0,8,5,5,True,False,0.00010037885550137373
5,random,101,20.0,8,5,5,True,False,0.00010037885550137373
5,random,102,20.0,8,5,5,True,False,0.00010037885550137373
5,random,103,30.0,7,5,5,True,False,9.157507720465938e-05
5,random,104,20.0,8,5,5,True,False,9.667245121112646e-05
5,random,105,20.0,8,5,5,True,False,9.667245121112646e-05
5,random,106,20.0,8,5,5,True,False,9.667245121112646e-05
5,random,107,20.0,8,5,5,True,False,9.667245121112646e-05
5,random,108,20.0,8,5,5,True,False,9.667245121112646e-05
5,random,109,20.0,8,5,5,True,False,9.667245121112646e-05
5,random,110,30.0,7,5,5,True,False,6.0812289182309954e-05
5,random,111,30.0,7,5,5,True,False,6.0812289182309954e-05
5,random,112,20.0,8,5,5,True,False,6.100945089515261e-05
5,random,113,20.0,8,5,5,True,False,6.100945089515261e-05
5,random,114,30.0,7,5,5,True,False,3.375139681213757e-05
5,random,115,20.0,8,5,5,True,False,4.769002359690409e-05
5,random,116,20.0,8,5,5,True,False,4.769002359690409e-05
5,random,117,30.0,7,5,5,True,False,3.375139681213757e-05
5,random,118,30.0,7,5,5,True,False,3.375139681213757e-05
5,random,119,30.0,7,5,5,True,False,3.375139681213757e-05
5,random,120,30.0,7,5,5,True,False,3.375139681213757e-05
5,random,121,20.0,6,4,5,False,False,0.0
5,random,122,10.0,5,3,5,False,False,0.0
5,random,123,10.0,5,3,5,False,False,0.0
5,random,124,20.0,4,3,5,False,False,0.0
5,random,125,10.0,3,2,5,False,False,0.0
5,random,126,20.0,4,3,5,False,False,0.0
5,random,127,20.0,4,3,5,False,False,0.0
5,random,128,30.0,5,4,5,False,False,0.0
5,random,129,40.0,4,4,5,False,False,0.0
5,random,130,40.0,4,4,5,False,False,0.0
5,random,131,40.0,4,4,5,False,False,0.0
5,random,132,50.0,5,5,5,True,True,3.208267360020149e-05
5,random,133,50.0,5,5,5,True,True,3.208267360020149e-05
5,random,134,40.0,4,4,5,False,False,0.0
5,random,135,40.0,4,4,5,False,False,0.0
5,random,136,40.0,4,4,5,False,False,0.0
5,random,137,40.0,4,4,5,False,False,0.0
5,random,138,30.0,3,3,5,False,False,0.0
5,random,139,40.0,4,4,5,False,False,0.0
5,random,140,30.0,5,4,5,False,False,0.0
5,random,141,40.0,6,5,5,True,False,3.2381819263632555e-05
5,random,142,30.0,7,5,5,True,False,5.082641885533634e-05
5,random,143,30.0,7,5,5,True,False,5.082641885533634e-05
5,random,144,30.0,7,5,5,True,False,5.082641885533634e-05
5,random,145,20.0,8,5,5,True,False,5.125500032437895e-05
5,random,146,20.0,8,5,5,True,False,5.125500032437895e-05
5,random,147,20.0,8,5,5,True,False,5.125500032437895e-05
5,random,148,10.0,9,5,5,True,False,6.110817710520393e-05
5,random,149,0.0,10,5,5,True,False,6.110840752832647e-05
5,random,150,0.0,10,5,5,True,False,6.110840752832647e-05
5,random,151,10.0,9,5,5,True,False,5.145745860886623e-05
5,random,152,0.0,10,5,5,True,False,7.742879638163852e-05
5,random,153,0.0,10,5,5,True,False,7.742879638163852e-05
5,random,154,10.0,9,5,5,True,False,3.357072380002081e-05
5,random,155,10.0,9,5,5,True,False,3.357072380002081e-05
5,random,156,10.0,9,5,5,True,False,3.357072380002081e-05
5,random,157,10.0,9,5,5,True,False,3.357072380002081e-05
5,random,158,10.0,9,5,5,True,False,3.357072380002081e-05
5,random,159,0.0,10,5,5,True,False,7.742879638163852e-05
5,random,160,10.0,9,5,5,True,False,7.683708092288e-05
5,random,161,10.0,9,5,5,True,False,7.683708092288e-05
5,random,162,20.0,8,5,5,True,False,5.141438227517636e-05
5,random,163,30.0,7,5,5,True,False,4.085540892161711e-06
5,random,164,30.0,7,5,5,True,False,4.085540892161711e-06
5,random,165,30.0,7,5,5,True,False,4.085540892161711e-06
5,random,166,20.0,8,5,5,True,False,4.16066711828304e-06
5,random,167,20.0,8,5,5,True,False,4.16066711828304e-06
5,random,168,30.0,7,5,5,True,False,4.085540892161711e-06
5,random,169,40.0,6,5,5,True,False,3.834176438983283e-06
5,random,170,50.0,5,5,5,True,True,2.8379070460963393e-06
5,random,171,40.0,6,5,5,True,False,5.08125484003785e-05
5,random,172,50.0,5,5,5,True,True,2.8379070460963393e-06
5,random,173,50.0,5,5,5,True,True,2.8379070460963393e-06
5,random,174,50.0,5,5,5,True,True,2.8379070460963393e-06
5,random,175,40.0,4,4,5,False,False,0.0
5,random,176,30.0,5,4,5,False,False,0.0
5,random,177,40.0,4,4,5,False,False,0.0
5,random,178,50.0,5,5,5,True,True,2.8379070460963186e-06
5,random,179,50.0,5,5,5,True,True,2.8379070460963186e-06
5,random,180,50.0,5,5,5,True,True,2.8379070460963186e-06
5,random,181,50.0,5,5,5,True,True,2.8379070460963186e-06
5,random,182,50.0,5,5,5,True,True,2.8379070460963186e-06
5,random,183,50.0,5,5,5,True,True,2.8379070460963186e-06
5,random,184,40.0,6,5,5,True,False,3.3540923360404576e-06
5,random,185,30.0,5,4,5,False,False,0.0
5,random,186,30.0,5,4,5,False,False,0.0
5,random,187,30.0,5,4,5,False,False,0.0
5,random,188,30.0,5,4,5,False,False,0.0
5,random,189,40.0,6,5,5,True,False,1.9143184515265584e-05
5,random,190,40.0,6,5,5,True,False,1.9143184515265584e-05
5,random,191,40.0,6,5,5,True,False,1.9143184515265584e-05
5,random,192,40.0,6,5,5,True,False,1.9143184515265584e-05
5,random,193,40.0,6,5,5,True,False,1.9143184515265584e-05
5,random,194,30.0,5,4,5,False,False,0.0
5,random,195,20.0,6,4,5,False,False,0.0
5,random,196,20.0,6,4,5,False,False,0.0
5,random,197,10.0,7,4,5,False,False,0.0
5,random,198,10.0,7,4,5,False,False,0.0
5,random,199,10.0,7,4,5,False,False,0.0
5,random,200,10.0,7,4,5,False,False,0.0
5,learned,0,10.0,5,3,5,False,False,0.0
5,learned,1,20.0,6,4,5,False,False,0.0
5,learned,2,30.0,5,4,5,False,False,0.0
5,learned,3,30.0,5,4,5,False,False,0.0
5,learned,4,30.0,5,4,5,False,False,0.0
5,learned,5,30.0,5,4,5,False,False,0.0
5,learned,6,30.0,5,4,5,False,False,0.0
5,learned,7,30.0,5,4,5,False,False,0.0
5,learned,8,30.0,5,4,5,False,False,0.0
5,learned,9,30.0,5,4,5,False,False,0.0
5,learned,10,30.0,5,4,5,False,False,0.0
5,learned,11,30.0,5,4,5,False,False,0.0
5,learned,12,30.0,5,4,5,False,False,0.0
5,learned,13,30.0,5,4,5,False,False,0.0
5,learned,14,30.0,5,4,5,False,False,0.0
5,learned,15,30.0,5,4,5,False,False,0.0
5,learned,16,30.0,5,4,5,False,False,0.0
5,learned,17,30.0,5,4,5,False,False,0.0
5,learned,18,30.0,5,4,5,False,False,0.0
5,learned,19,30.0,5,4,5,False,False,0.0
5,learned,20,30.0,5,4,5,False,False,0.0
5,learned,21,30.0,5,4,5,False,False,0.0
5,learned,22,30.0,5,4,5,False,False,0.0
5,learned,23,30.0,5,4,5,False,False,0.0
5,learned,24,30.0,5,4,5,False,False,0.0
5,learned,25,30.0,5,4,5,False,False,0.0
5,learned,26,30.0,5,4,5,False,False,0.0
5,learned,27,30.0,5,4,5,False,False,0.0
5,learned,28,30.0,5,4,5,False,False,0.0
5,learned,29,30.0,5,4,5,False,False,0.0
5,learned,30,30.0,5,4,5,False,False,0.0
5,learned,31,30.0,5,4,5,False,False,0.0
5,learned,32,30.0,5,4,5,False,False,0.0
5,learned,33,30.0,5,4,5,False,False,0.0
5,learned,34,30.0,5,4,5,False,False,0.0
5,learned,35,30.0,5,4,5,False,False,0.0
5,learned,36,30.0,5,4,5,False,False,0.0
5,learned,37,30.0,5,4,5,False,False,0.0
5,learned,38,30.0,5,4,5,False,False,0.0
5,learned,39,30.0,5,4,5,False,False,0.0
5,learned,40,30.0,5,4,5,False,False,0.0
5,learned,41,30.0,5,4,5,False,False,0.0
5,learned,42,30.0,5,4,5,False,False,0.0
5,learned,43,30.0,5,4,5,False,False,0.0
5,learned,44,30.0,5,4,5,False,False,0.0
5,learned,45,30.0,5,4,5,False,False,0.0
5,learned,46,30.0,5,4,5,False,False,0.0
5,learned,47,30.0,5,4,5,False,False,0.0
5,learned,48,30.0,5,4,5,False,False,0.0
5,learned,49,30.0,5,4,5,False,False,0.0
5,learned,50,30.0,5,4,5,False,False,0.0
5,learned,51,30.0,5,4,5,False,False,0.0
5,learned,52,30.0,5,4,5,False,False,0.0
5,learned,53,30.0,5,4,5,False,False,0.0
5,learned,54,30.0,5,4,5,False,False,0.0
5,learned,55,30.0,5,4,5,False,False,0.0
5,learned,56,30.0,5,4,5,False,False,0.0
5,learned,57,30.0,5,4,5,False,False,0.0
5,learned,58,30.0,5,4,5,False,False,0.0
5,learned,59,30.0,5,4,5,False,False,0.0
5,learned,60,30.0,5,4,5,False,False,0.0
5,learned,61,30.0,5,4,5,False,False,0.0
5,learned,62,30.0,5,4,5,False,False,0.0
5,learned,63,30.0,5,4,5,False,False,0.0
5,learned,64,30.0,5,4,5,False,False,0.0
5,learned,65,30.0,5,4,5,False,False,0.0
5,learned,66,30.0,5,4,5,False,False,0.0
5,learned,67,30.0,5,4,5,False,False,0.0
5,learned,68,30.0,5,4,5,False,False,0.0
5,learned,69,30.0,5,4,5,False,False,0.0
5,learned,70,30.0,5,4,5,False,False,0.0
5,learned,71,30.0,5,4,5,False,False,0.0
5,learned,72,30.0,5,4,5,False,False,0.0
5,learned,73,30.0,5,4,5,False,False,0.0
5,learned,74,30.0,5,4,5,False,False,0.0
5,learned,75,30.0,5,4,5,False,False,0.0
5,learned,76,30.0,5,4,5,False,False,0.0
5,learned,77,30.0,5,4,5,False,False,0.0
5,learned,78,30.0,5,4,5,False,False,0.0
5,learned,79,30.0,5,4,5,False,False,0.0
5,learned,80,30.0,5,4,5,False,False,0.0
5,learned,81,30.0,5,4,5,False,False,0.0
5,learned,82,30.0,5,4,5,False,False,0.0
5,learned,83,30.0,5,4,5,False,False,0.0
5,learned,84,30.0,5,4,5,False,False,0.0
5,learned,85,30.0,5,4,5,False,False,0.0
5,learned,86,30.0,5,4,5,False,False,0.0
5,learned,87,30.0,5,4,5,False,False,0.0
5,learned,88,30.0,5,4,5,False,False,0.0
5,learned,89,30.0,5,4,5,False,False,0.0
5,learned,90,30.0,5,4,5,False,False,0.0
5,learned,91,30.0,5,4,5,False,False,0.0
5,learned,92,30.0,5,4,5,False,False,0.0
5,learned,93,30.0,5,4,5,False,False,0.0
5,learned,94,30.0,5,4,5,False,False,0.0
5,learned,95,30.0,5,4,5,False,False,0.0
5,learned,96,30.0,5,4,5,False,False,0.0
5,learned,97,30.0,5,4,5,False,False,0.0
5,learned,98,30.0,5,4,5,False,False,0.0
5,learned,99,30.0,5,4,5,False,False,0.0
5,learned,100,30.0,5,4,5,False,False,0.0
5,learned,101,30.0,5,4,5,False,False,0.0
5,learned,102,30.0,5,4,5,False,False,0.0
5,learned,103,30.0,5,4,5,False,False,0.0
5,learned,104,30.0,5,4,5,False,False,0.0
5,learned,105,30.0,5,4,5,False,False,0.0
5,learned,106,30.0,5,4,5,False,False,0.0
5,learned,107,30.0,5,4,5,False,False,0.0
5,learned,108,30.0,5,4,5,False,False,0.0
5,learned,109,30.0,5,4,5,False,False,0.0
5,learned,110,30.0,5,4,5,False,False,0.0
5,learned,111,30.0,5,4,5,False,False,0.0
5,learned,112,30.0,5,4,5,False,False,0.0
5,learned,113,30.0,5,4,5,False,False,0.0
5,learned,114,30.0,5,4,5,False,False,0.0
5,learned,115,30.0,5,4,5,False,False,0.0
5,learned,116,30.0,5,4,5,False,False,0.0
5,learned,117,30.0,5,4,5,False,False,0.0
5,learned,118,30.0,5,4,5,False,False,0.0
5,learned,119,30.0,5,4,5,False,False,0.0
5,learned,120,30.0,5,4,5,False,False,0.0
5,learned,121,30.0,5,4,5,False,False,0.0
5,learned,122,30.0,5,4,5,False,False,0.0
5,learned,123,30.0,5,4,5,False,False,0.0
5,learned,124,30.0,5,4,5,False,False,0.0
5,learned,125,30.0,5,4,5,False,False,0.0
5,learned,126,30.0,5,4,5,False,False,0.0
5,learned,127,30.0,5,4,5,False,False,0.0
5,learned,128,30.0,5,4,5,False,False,0.0
5,learned,129,30.0,5,4,5,False,False,0.0
5,learned,130,30.0,5,4,5,False,False,0.0
5,learned,131,30.0,5,4,5,False,False,0.0
5,learned,132,30.0,5,4,5,False,False,0.0
5,learned,133,30.0,5,4,5,False,False,0.0
5,learned,134,30.0,5,4,5,False,False,0.0
5,learned,135,30.0,5,4,5,False,False,0.0
5,learned,136,30.0,5,4,5,False,False,0.0
5,learned,137,30.0,5,4,5,False,False,0.0
5,learned,138,30.0,5,4,5,False,False,0.0
5,learned,139,30.0,5,4,5,False,False,0.0
5,learned,140,30.0,5,4,5,False,False,0.0
5,learned,141,30.0,5,4,5,False,False,0.0
5,learned,142,30.0,5,4,5,False,False,0.0
5,learned,143,30.0,5,4,5,False,False,0.0
5,learned,144,30.0,5,4,5,False,False,0.0
5,learned,145,30.0,5,4,5,False,False,0.0
5,learned,146,30.0,5,4,5,False,False,0.0
5,learned,147,30.0,5,4,5,False,False,0.0
5,learned,148,30.0,5,4,5,False,False,0.0
5,learned,149,30.0,5,4,5,False,False,0.0
5,learned,150,30.0,5,4,5,False,False,0.0
5,learned,151,30.0,5,4,5,False,False,0.0
5,learned,152,30.0,5,4,5,False,False,0.0
5,learned,153,30.0,5,4,5,False,False,0.0
5,learned,154,30.0,5,4,5,False,False,0.0
5,learned,155,30.0,5,4,5,False,False,0.0
5,learned,156,30.0,5,4,5,False,False,0.0
5,learned,157,30.0,5,4,5,False,False,0.0
5,learned,158,30.0,5,4,5,False,False,0.0
5,learned,159,30.0,5,4,5,False,False,0.0
5,learned,160,30.0,5,4,5,False,False,0.0
5,learned,161,30.0,5,4,5,False,False,0.0
5,learned,162,30.0,5,4,5,False,False,0.0
5,learned,163,30.0,5,4,5,False,False,0.0
5,learned,164,30.0,5,4,5,False,False,0.0
5,learned,165,30.0,5,4,5,False,False,0.0
5,learned,166,30.0,5,4,5,False,False,0.0
5,learned,167,30.0,5,4,5,False,False,0.0
5,learned,168,30.0,5,4,5,False,False,0.0
5,learned,169,30.0,5,4,5,False,False,0.0
5,learned,170,30.0,5,4,5,False,False,0.0
5,learned,171,30.0,5,4,5,False,False,0.0
5,learned,172,30.0,5,4,5,False,False,0.0
5,learned,173,30.0,5,4,5,False,False,0.0
5,learned,174,30.0,5,4,5,False,False,0.0
5,learned,175,30.0,5,4,5,False,False,0.0
5,learned,176,30.0,5,4,5,False,False,0.0
5,learned,177,30.0,5,4,5,False,False,0.0
5,learned,178,30.0,5,4,5,False,False,0.0
5,learned,179,30.0,5,4,5,False,False,0.0
5,learned,180,30.0,5,4,5,False,False,0.0
5,learned,181,30.0,5,4,5,False,False,0.0
5,learned,182,30.0,5,4,5,False,False,0.0
5,learned,183,30.0,5,4,5,False,False,0.0
5,learned,184,30.0,5,4,5,False,False,0.0
5,learned,185,30.0,5,4,5,False,False,0.0
5,learned,186,30.0,5,4,5,False,False,0.0
5,learned,187,30.0,5,4,5,False,False,0.0
5,learned,188,30.0,5,4,5,False,False,0.0
5,learned,189,30.0,5,4,5,False,False,0.0
5,learned,190,30.0,5,4,5,False,False,0.0
5,learned,191,30.0,5,4,5,False,False,0.0
5,learned,192,30.0,5,4,5,False,False,0.0
5,learned,193,30.0,5,4,5,False,False,0.0
5,learned,194,30.0,5,4,5,False,False,0.0
5,learned,195,30.0,5,4,5,False,False,0.0
5,learned,196,30.0,5,4,5,False,False,0.0
5,learned,197,30.0,5,4,5,False,False,0.0
5,learned,198,30.0,5,4,5,False,False,0.0
5,learned,199,30.0,5,4,5,False,False,0.0
5,learned,200,30.0,5,4,5,False,False,0.0
6,initial,0,10.0,9,5,5,True,False,3.946836259134286e-05
6,greedy,0,10.0,9,5,5,True,False,3.946836259134286e-05
6,greedy,1,20.0,8,5,5,True,False,3.941970648973045e-05
6,greedy,2,30.0,7,5,5,True,False,3.784676977362991e-05
6,greedy,3,40.0,6,5,5,True,False,1.744206918996899e-05
6,greedy,4,50.0,5,5,5,True,True,1.6927424046149772e-05
6,random,0,10.0,9,5,5,True,False,3.946836259134286e-05
6,random,1,20.0,8,5,5,True,False,3.941970648973048e-05
6,random,2,20.0,8,5,5,True,False,3.941970648973048e-05
6,random,3,20.0,8,5,5,True,False,3.941970648973048e-05
6,random,4,30.0,7,5,5,True,False,2.9051954995080652e-05
6,random,5,30.0,7,5,5,True,False,2.9051954995080652e-05
6,random,6,40.0,6,5,5,True,False,2.8597891359496112e-05
6,random,7,30.0,7,5,5,True,False,2.859824797134887e-05
6,random,8,30.0,7,5,5,True,False,2.859824797134887e-05
6,random,9,20.0,6,4,5,False,False,0.0
6,random,10,20.0,6,4,5,False,False,0.0
6,random,11,20.0,6,4,5,False,False,0.0
6,random,12,30.0,5,4,5,False,False,0.0
6,random,13,30.0,5,4,5,False,False,0.0
6,random,14,20.0,6,4,5,False,False,0.0
6,random,15,20.0,6,4,5,False,False,0.0
6,random,16,20.0,6,4,5,False,False,0.0
6,random,17,30.0,5,4,5,False,False,0.0
6,random,18,30.0,5,4,5,False,False,0.0
6,random,19,40.0,6,5,5,True,False,2.494035058176667e-05
6,random,20,30.0,7,5,5,True,False,2.517949198210663e-05
6,random,21,20.0,6,4,5,False,False,0.0
6,random,22,30.0,7,5,5,True,False,2.517949198210663e-05
6,random,23,40.0,6,5,5,True,False,2.494035058176667e-05
6,random,24,30.0,7,5,5,True,False,2.859824797134887e-05
6,random,25,20.0,6,4,5,False,False,0.0
6,random,26,20.0,6,4,5,False,False,0.0
6,random,27,20.0,6,4,5,False,False,0.0
6,random,28,20.0,6,4,5,False,False,0.0
6,random,29,30.0,5,4,5,False,False,0.0
6,random,30,40.0,4,4,5,False,False,0.0
6,random,31,30.0,3,3,5,False,False,0.0
6,random,32,40.0,4,4,5,False,False,0.0
6,random,33,40.0,4,4,5,False,False,0.0
6,random,34,40.0,4,4,5,False,False,0.0
6,random,35,40.0,4,4,5,False,False,0.0
6,random,36,30.0,5,4,5,False,False,0.0
6,random,37,30.0,5,4,5,False,False,0.0
6,random,38,20.0,6,4,5,False,False,0.0
6,random,39,30.0,7,5,5,True,False,5.77503397131719e-07
6,random,40,30.0,7,5,5,True,False,5.77503397131719e-07
6,random,41,20.0,8,5,5,True,False,6.553265967210769e-07
6,random,42,20.0,8,5,5,True,False,6.553265967210769e-07
6,random,43,20.0,8,5,5,True,False,6.553265967210769e-07
6,random,44,20.0,8,5,5,True,False,6.553265967210769e-07
6,random,45,10.0,9,5,5,True,False,4.4365692895018955e-05
6,random,46,10.0,9,5,5,True,False,4.4365692895018955e-05
6,random,47,10.0,9,5,5,True,False,4.4365692895018955e-05
6,random,48,10.0,9,5,5,True,False,4.4365692895018955e-05
6,random,49,10.0,9,5,5,True,False,4.4365692895018955e-05
6,random,50,20.0,8,5,5,True,False,4.390790177164967e-05
6,random,51,30.0,7,5,5,True,False,5.77503397131719e-07
6,random,52,20.0,8,5,5,True,False,7.110096059945623e-07
6,random,53,20.0,8,5,5,True,False,7.110096059945623e-07
6,random,54,30.0,7,5,5,True,False,6.195830405605077e-07
6,random,55,20.0,8,5,5,True,False,7.094153644544162e-07
6,random,56,10.0,9,5,5,True,False,3.807828268860321e-05
6,random,57,20.0,8,5,5,True,False,1.2394493551829775e-05
6,random,58,20.0,8,5,5,True,False,1.2394493551829775e-05
6,random,59,20.0,8,5,5,True,False,1.2394493551829775e-05
6,random,60,30.0,7,5,5,True,False,1.0452183236310232e-05
6,random,61,30.0,7,5,5,True,False,1.0452183236310232e-05
6,random,62,20.0,8,5,5,True,False,1.2394493551829775e-05
6,random,63,30.0,7,5,5,True,False,1.2282313847831254e-05
6,random,64,30.0,7,5,5,True,False,1.2282313847831254e-05
6,random,65,30.0,7,5,5,True,False,1.2282313847831254e-05
6,random,66,30.0,7,5,5,True,False,1.2282313847831254e-05
6,random,67,30.0,7,5,5,True,False,1.2282313847831254e-05
6,random,68,30.0,7,5,5,True,False,1.2282313847831254e-05
6,random,69,30.0,7,5,5,True,False,1.2282313847831254e-05
6,random,70,30.0,7,5,5,True,False,1.2282313847831254e-05
6,random,71,20.0,8,5,5,True,False,1.2394493551829775e-05
6,random,72,30.0,7,5,5,True,False,1.0452183236310232e-05
6,random,73,20.0,8,5,5,True,False,3.7854936669465345e-05
6,random,74,30.0,7,5,5,True,False,2.5179491982106564e-05
6,random,75,30.0,7,5,5,True,False,2.5179491982106564e-05
6,random,76,20.0,8,5,5,True,False,2.519537976704451e-05
6,random,77,20.0,8,5,5,True,False,2.519537976704451e-05
6,random,78,20.0,8,5,5,True,False,2.519537976704451e-05
6,random,79,30.0,7,5,5,True,False,2.5195378193430337e-05
6,random,80,30.0,7,5,5,True,False,2.5195378193430337e-05
6,random,81,30.0,7,5,5,True,False,2.5195378193430337e-05
6,random,82,20.0,8,5,5,True,False,2.9687825992303972e-05
6,random,83,30.0,7,5,5,True,False,2.5195378193430337e-05
6,random,84,20.0,8,5,5,True,False,4.6479689028257546e-05
6,random,85,20.0,8,5,5,True,False,4.6479689028257546e-05
6,random,86,30.0,7,5,5,True,False,3.784676977362991e-05
6,random,87,30.0,7,5,5,True,False,3.784676977362991e-05
6,random,88,30.0,7,5,5,True,False,3.784676977362991e-05
6,random,89,30.0,7,5,5,True,False,3.784676977362991e-05
6,random,90,40.0,6,5,5,True,False,1.926974337648666e-05
6,random,91,40.0,6,5,5,True,False,1.926974337648666e-05
6,random,92,30.0,5,4,5,False,False,0.0
6,random,93,20.0,6,4,5,False,False,0.0
6,random,94,30.0,5,4,5,False,False,0.0
6,random,95,40.0,6,5,5,True,False,2.0473359753292357e-05
6,random,96,40.0,6,5,5,True,False,2.0473359753292357e-05
6,random,97,30.0,5,4,5,False,False,0.0
6,random,98,20.0,6,4,5,False,False,0.0
6,random,99,30.0,5,4,5,False,False,0.0
6,random,100,30.0,5,4,5,False,False,0.0
6,random,101,30.0,5,4,5,False,False,0.0
6,random,102,30.0,5,4,5,False,False,0.0
6,random,103,30.0,5,4,5,False,False,0.0
6,random,104,40.0,6,5,5,True,False,1.7442069189968997e-05
6,random,105,30.0,5,4,5,False,False,0.0
6,random,106,30.0,5,4,5,False,False,0.0
6,random,107,30.0,5,4,5,False,False,0.0
6,random,108,30.0,5,4,5,False,False,0.0
6,random,109,20.0,6,4,5,False,False,0.0
6,random,110,10.0,5,3,5,False,False,0.0
6,random,111,10.0,5,3,5,False,False,0.0
6,random,112,10.0,5,3,5,False,False,0.0
6,random,113,10.0,5,3,5,False,False,0.0
6,random,114,0.0,6,3,5,False,False,0.0
6,random,115,10.0,7,4,5,False,False,0.0
6,random,116,20.0,8,5,5,True,False,2.289046470560373e-05
6,random,117,20.0,8,5,5,True,False,2.289046470560373e-05
6,random,118,20.0,8,5,5,True,False,2.289046470560373e-05
6,random,119,20.0,8,5,5,True,False,2.289046470560373e-05
6,random,120,20.0,8,5,5,True,False,2.289046470560373e-05
6,random,121,20.0,8,5,5,True,False,2.289046470560373e-05
6,random,122,20.0,8,5,5,True,False,2.289046470560373e-05
6,random,123,20.0,8,5,5,True,False,2.289046470560373e-05
6,random,124,20.0,8,5,5,True,False,2.289046470560373e-05
6,random,125,20.0,8,5,5,True,False,2.289046470560373e-05
6,random,126,30.0,7,5,5,True,False,1.6903821179845925e-05
6,random,127,20.0,8,5,5,True,False,4.727433698110735e-05
6,random,128,20.0,8,5,5,True,False,4.727433698110735e-05
6,random,129,30.0,7,5,5,True,False,1.73021643540315e-05
6,random,130,20.0,8,5,5,True,False,4.727433698110735e-05
6,random,131,20.0,8,5,5,True,False,4.727433698110735e-05
6,random,132,20.0,8,5,5,True,False,4.727433698110735e-05
6,random,133,20.0,8,5,5,True,False,4.727433698110735e-05
6,random,134,20.0,8,5,5,True,False,4.727433698110735e-05
6,random,135,10.0,9,5,5,True,False,4.73347741213049e-05
6,random,136,10.0,9,5,5,True,False,4.73347741213049e-05
6,random,137,10.0,9,5,5,True,False,4.73347741213049e-05
6,random,138,0.0,10,5,5,True,False,4.7541015875947676e-05
6,random,139,0.0,10,5,5,True,False,4.7541015875947676e-05
6,random,140,0.0,10,5,5,True,False,4.7541015875947676e-05
6,random,141,0.0,10,5,5,True,False,4.7541015875947676e-05
6,random,142,0.0,10,5,5,True,False,4.7541015875947676e-05
6,random,143,0.0,10,5,5,True,False,4.7541015875947676e-05
6,random,144,0.0,10,5,5,True,False,4.7541015875947676e-05
6,random,145,10.0,9,5,5,True,False,3.80782826886032e-05
6,random,146,20.0,8,5,5,True,False,7.094153644544162e-07
6,random,147,20.0,8,5,5,True,False,7.094153644544162e-07
6,random,148,20.0,8,5,5,True,False,7.094153644544162e-07
6,random,149,30.0,7,5,5,True,False,7.041624124759243e-07
6,random,150,30.0,7,5,5,True,False,7.041624124759243e-07
6,random,151,30.0,7,5,5,True,False,7.041624124759243e-07
6,random,152,20.0,8,5,5,True,False,7.094153644544162e-07
6,random,153,20.0,8,5,5,True,False,7.094153644544162e-07
6,random,154,30.0,7,5,5,True,False,5.769264730744663e-07
6,random,155,20.0,6,4,5,False,False,0.0
6,random,156,10.0,7,4,5,False,False,0.0
6,random,157,10.0,7,4,5,False,False,0.0
6,random,158,10.0,7,4,5,False,False,0.0
6,random,159,0.0,6,3,5,False,False,0.0
6,random,160,0.0,6,3,5,False,False,0.0
6,random,161,0.0,6,3,5,False,False,0.0
6,random,162,10.0,7,4,5,False,False,0.0
6,random,163,20.0,6,4,5,False,False,0.0
6,random,164,20.0,6,4,5,False,False,0.0
6,random,165,20.0,6,4,5,False,False,0.0
6,random,166,10.0,5,3,5,False,False,0.0
6,random,167,0.0,6,3,5,False,False,0.0
6,random,168,0.0,6,3,5,False,False,0.0
6,random,169,10.0,5,3,5,False,False,0.0
6,random,170,10.0,5,3,5,False,False,0.0
6,random,171,10.0,5,3,5,False,False,0.0
6,random,172,20.0,6,4,5,False,False,0.0
6,random,173,30.0,7,5,5,True,False,2.8747934924201738e-05
6,random,174,30.0,7,5,5,True,False,2.8747934924201738e-05
6,random,175,20.0,8,5,5,True,False,4.8478357802803864e-05
6,random,176,30.0,7,5,5,True,False,2.8747934924201738e-05
6,random,177,40.0,6,5,5,True,False,2.746057208163041e-05
6,random,178,50.0,5,5,5,True,True,2.466620401216641e-05
6,random,179,40.0,6,5,5,True,False,3.7846683162385084e-05
6,random,180,40.0,6,5,5,True,False,3.7846683162385084e-05
6,random,181,50.0,5,5,5,True,True,5.130782273775701e-07
6,random,182,50.0,5,5,5,True,True,5.130782273775701e-07
6,random,183,50.0,5,5,5,True,True,5.130782273775701e-07
6,random,184,50.0,5,5,5,True,True,5.130782273775701e-07
6,random,185,40.0,6,5,5,True,False,6.155549140395391e-07
6,random,186,30.0,7,5,5,True,False,3.784676977362992e-05
6,random,187,30.0,7,5,5,True,False,3.784676977362992e-05
6,random,188,30.0,7,5,5,True,False,3.784676977362992e-05
6,random,189,30.0,7,5,5,True,False,3.784676977362992e-05
6,random,190,40.0,6,5,5,True,False,3.7846683162385084e-05
6,random,191,40.0,6,5,5,True,False,3.7846683162385084e-05
6,random,192,30.0,7,5,5,True,False,3.8068987936508726e-05
6,random,193,30.0,7,5,5,True,False,3.8068987936508726e-05
6,random,194,40.0,6,5,5,True,False,3.7846683162385084e-05
6,random,195,30.0,7,5,5,True,False,3.8986039107814794e-05
6,random,196,20.0,8,5,5,True,False,4.926112592093907e-05
6,random,197,20.0,8,5,5,True,False,4.926112592093907e-05
6,random,198,20.0,8,5,5,True,False,4.926112592093907e-05
6,random,199,20.0,8,5,5,True,False,4.926112592093907e-05
6,random,200,20.0,8,5,5,True,False,4.926112592093907e-05
6,learned,0,10.0,9,5,5,True,False,3.946836259134286e-05
6,learned,1,20.0,8,5,5,True,False,3.9033728539270426e-05
6,learned,2,30.0,7,5,5,True,False,3.785492057555432e-05
6,learned,3,40.0,6,5,5,True,False,3.78466831623851e-05
6,learned,4,40.0,6,5,5,True,False,3.78466831623851e-05
6,learned,5,40.0,6,5,5,True,False,3.78466831623851e-05
6,learned,6,40.0,6,5,5,True,False,3.78466831623851e-05
6,learned,7,40.0,6,5,5,True,False,3.78466831623851e-05
6,learned,8,40.0,6,5,5,True,False,3.78466831623851e-05
6,learned,9,40.0,6,5,5,True,False,3.78466831623851e-05
6,learned,10,40.0,6,5,5,True,False,3.78466831623851e-05
6,learned,11,40.0,6,5,5,True,False,3.78466831623851e-05
6,learned,12,40.0,6,5,5,True,False,3.78466831623851e-05
6,learned,13,40.0,6,5,5,True,False,3.78466831623851e-05
6,learned,14,40.0,6,5,5,True,False,3.78466831623851e-05
6,learned,15,40.0,6,5,5,True,False,3.78466831623851e-05
6,learned,16,40.0,6,5,5,True,False,3.78466831623851e-05
6,learned,17,40.0,6,5,5,True,False,3.78466831623851e-05
6,learned,18,40.0,6,5,5,True,False,3.78466831623851e-05
6,learned,19,40.0,6,5,5,True,False,3.78466831623851e-05
6,learned,20,40.0,6,5,5,True,False,3.78466831623851e-05
6,learned,21,40.0,6,5,5,True,False,3.78466831623851e-05
6,learned,22,40.0,6,5,5,True,False,3.78466831623851e-05
6,learned,23,40.0,6,5,5,True,False,3.78466831623851e-05
6,learned,24,40.0,6,5,5,True,False,3.78466831623851e-05
6,learned,25,40.0,6,5,5,True,False,3.78466831623851e-05
6,learned,26,40.0,6,5,5,True,False,3.78466831623851e-05
6,learned,27,40.0,6,5,5,True,False,3.78466831623851e-05
6,learned,28,40.0,6,5,5,True,False,3.78466831623851e-05
6,learned,29,40.0,6,5,5,True,False,3.78466831623851e-05
6,learned,30,40.0,6,5,5,True,False,3.78466831623851e-05
6,learned,31,40.0,6,5,5,True,False,3.78466831623851e-05
6,learned,32,40.0,6,5,5,True,False,3.78466831623851e-05
6,learned,33,40.0,6,5,5,True,False,3.78466831623851e-05
6,learned,34,40.0,6,5,5,True,False,3.78466831623851e-05
6,learned,35,40.0,6,5,5,True,False,3.78466831623851e-05
6,learned,36,40.0,6,5,5,True,False,3.78466831623851e-05
6,learned,37,40.0,6,5,5,True,False,3.78466831623851e-05
6,learned,38,40.0,6,5,5,True,False,3.78466831623851e-05
6,learned,39,40.0,6,5,5,True,False,3.78466831623851e-05
6,learned,40,40.0,6,5,5,True,False,3.78466831623851e-05
6,learned,41,40.0,6,5,5,True,False,3.78466831623851e-05
6,learned,42,40.0,6,5,5,True,False,3.78466831623851e-05
6,learned,43,40.0,6,5,5,True,False,3.78466831623851e-05
6,learned,44,40.0,6,5,5,True,False,3.78466831623851e-05
6,learned,45,40.0,6,5,5,True,False,3.78466831623851e-05
6,learned,46,40.0,6,5,5,True,False,3.78466831623851e-05
6,learned,47,40.0,6,5,5,True,False,3.78466831623851e-05
6,learned,48,40.0,6,5,5,True,False,3.78466831623851e-05
6,learned,49,40.0,6,5,5,True,False,3.78466831623851e-05
6,learned,50,40.0,6,5,5,True,False,3.78466831623851e-05
6,learned,51,40.0,6,5,5,True,False,3.78466831623851e-05
6,learned,52,40.0,6,5,5,True,False,3.78466831623851e-05
6,learned,53,40.0,6,5,5,True,False,3.78466831623851e-05
6,learned,54,40.0,6,5,5,True,False,3.78466831623851e-05
6,learned,55,40.0,6,5,5,True,False,3.78466831623851e-05
6,learned,56,40.0,6,5,5,True,False,3.78466831623851e-05
6,learned,57,40.0,6,5,5,True,False,3.78466831623851e-05
6,learned,58,40.0,6,5,5,True,False,3.78466831623851e-05
6,learned,59,40.0,6,5,5,True,False,3.78466831623851e-05
6,learned,60,40.0,6,5,5,True,False,3.78466831623851e-05
6,learned,61,40.0,6,5,5,True,False,3.78466831623851e-05
6,learned,62,40.0,6,5,5,True,False,3.78466831623851e-05
6,learned,63,40.0,6,5,5,True,False,3.78466831623851e-05
6,learned,64,40.0,6,5,5,True,False,3.78466831623851e-05
6,learned,65,40.0,6,5,5,True,False,3.78466831623851e-05
6,learned,66,40.0,6,5,5,True,False,3.78466831623851e-05
6,learned,67,40.0,6,5,5,True,False,3.78466831623851e-05
6,learned,68,40.0,6,5,5,True,False,3.78466831623851e-05
6,learned,69,40.0,6,5,5,True,False,3.78466831623851e-05
6,learned,70,40.0,6,5,5,True,False,3.78466831623851e-05
6,learned,71,40.0,6,5,5,True,False,3.78466831623851e-05
6,learned,72,40.0,6,5,5,True,False,3.78466831623851e-05
6,learned,73,40.0,6,5,5,True,False,3.78466831623851e-05
6,learned,74,40.0,6,5,5,True,False,3.78466831623851e-05
6,learned,75,40.0,6,5,5,True,False,3.78466831623851e-05
6,learned,76,40.0,6,5,5,True,False,3.78466831623851e-05
6,learned,77,40.0,6,5,5,True,False,3.78466831623851e-05
6,learned,78,40.0,6,5,5,True,False,3.78466831623851e-05
6,learned,79,40.0,6,5,5,True,False,3.78466831623851e-05
6,learned,80,40.0,6,5,5,True,False,3.78466831623851e-05
6,learned,81,40.0,6,5,5,True,False,3.78466831623851e-05
6,learned,82,40.0,6,5,5,True,False,3.78466831623851e-05
6,learned,83,40.0,6,5,5,True,False,3.78466831623851e-05
6,learned,84,40.0,6,5,5,True,False,3.78466831623851e-05
6,learned,85,40.0,6,5,5,True,False,3.78466831623851e-05
6,learned,86,40.0,6,5,5,True,False,3.78466831623851e-05
6,learned,87,40.0,6,5,5,True,False,3.78466831623851e-05
6,learned,88,40.0,6,5,5,True,False,3.78466831623851e-05
6,learned,89,40.0,6,5,5,True,False,3.78466831623851e-05
6,learned,90,40.0,6,5,5,True,False,3.78466831623851e-05
6,learned,91,40.0,6,5,5,True,False,3.78466831623851e-05
6,learned,92,40.0,6,5,5,True,False,3.78466831623851e-05
6,learned,93,40.0,6,5,5,True,False,3.78466831623851e-05
6,learned,94,40.0,6,5,5,True,False,3.78466831623851e-05
6,learned,95,40.0,6,5,5,True,False,3.78466831623851e-05
6,learned,96,40.0,6,5,5,True,False,3.78466831623851e-05
6,learned,97,40.0,6,5,5,True,False,3.78466831623851e-05
6,learned,98,40.0,6,5,5,True,False,3.78466831623851e-05
6,learned,99,40.0,6,5,5,True,False,3.78466831623851e-05
6,learned,100,40.0,6,5,5,True,False,3.78466831623851e-05
6,learned,101,40.0,6,5,5,True,False,3.78466831623851e-05
6,learned,102,40.0,6,5,5,True,False,3.78466831623851e-05
6,learned,103,40.0,6,5,5,True,False,3.78466831623851e-05
6,learned,104,40.0,6,5,5,True,False,3.78466831623851e-05
6,learned,105,40.0,6,5,5,True,False,3.78466831623851e-05
6,learned,106,40.0,6,5,5,True,False,3.78466831623851e-05
6,learned,107,40.0,6,5,5,True,False,3.78466831623851e-05
6,learned,108,40.0,6,5,5,True,False,3.78466831623851e-05
6,learned,109,40.0,6,5,5,True,False,3.78466831623851e-05
6,learned,110,40.0,6,5,5,True,False,3.78466831623851e-05
6,learned,111,40.0,6,5,5,True,False,3.78466831623851e-05
6,learned,112,40.0,6,5,5,True,False,3.78466831623851e-05
6,learned,113,40.0,6,5,5,True,False,3.78466831623851e-05
6,learned,114,40.0,6,5,5,True,False,3.78466831623851e-05
6,learned,115,40.0,6,5,5,True,False,3.78466831623851e-05
6,learned,116,40.0,6,5,5,True,False,3.78466831623851e-05
6,learned,117,40.0,6,5,5,True,False,3.78466831623851e-05
6,learned,118,40.0,6,5,5,True,False,3.78466831623851e-05
6,learned,119,40.0,6,5,5,True,False,3.78466831623851e-05
6,learned,120,40.0,6,5,5,True,False,3.78466831623851e-05
6,learned,121,40.0,6,5,5,True,False,3.78466831623851e-05
6,learned,122,40.0,6,5,5,True,False,3.78466831623851e-05
6,learned,123,40.0,6,5,5,True,False,3.78466831623851e-05
6,learned,124,40.0,6,5,5,True,False,3.78466831623851e-05
6,learned,125,40.0,6,5,5,True,False,3.78466831623851e-05
6,learned,126,40.0,6,5,5,True,False,3.78466831623851e-05
6,learned,127,40.0,6,5,5,True,False,3.78466831623851e-05
6,learned,128,40.0,6,5,5,True,False,3.78466831623851e-05
6,learned,129,40.0,6,5,5,True,False,3.78466831623851e-05
6,learned,130,40.0,6,5,5,True,False,3.78466831623851e-05
6,learned,131,40.0,6,5,5,True,False,3.78466831623851e-05
6,learned,132,40.0,6,5,5,True,False,3.78466831623851e-05
6,learned,133,40.0,6,5,5,True,False,3.78466831623851e-05
6,learned,134,40.0,6,5,5,True,False,3.78466831623851e-05
6,learned,135,40.0,6,5,5,True,False,3.78466831623851e-05
6,learned,136,40.0,6,5,5,True,False,3.78466831623851e-05
6,learned,137,40.0,6,5,5,True,False,3.78466831623851e-05
6,learned,138,40.0,6,5,5,True,False,3.78466831623851e-05
6,learned,139,40.0,6,5,5,True,False,3.78466831623851e-05
6,learned,140,40.0,6,5,5,True,False,3.78466831623851e-05
6,learned,141,40.0,6,5,5,True,False,3.78466831623851e-05
6,learned,142,40.0,6,5,5,True,False,3.78466831623851e-05
6,learned,143,40.0,6,5,5,True,False,3.78466831623851e-05
6,learned,144,40.0,6,5,5,True,False,3.78466831623851e-05
6,learned,145,40.0,6,5,5,True,False,3.78466831623851e-05
6,learned,146,40.0,6,5,5,True,False,3.78466831623851e-05
6,learned,147,40.0,6,5,5,True,False,3.78466831623851e-05
6,learned,148,40.0,6,5,5,True,False,3.78466831623851e-05
6,learned,149,40.0,6,5,5,True,False,3.78466831623851e-05
6,learned,150,40.0,6,5,5,True,False,3.78466831623851e-05
6,learned,151,40.0,6,5,5,True,False,3.78466831623851e-05
6,learned,152,40.0,6,5,5,True,False,3.78466831623851e-05
6,learned,153,40.0,6,5,5,True,False,3.78466831623851e-05
6,learned,154,40.0,6,5,5,True,False,3.78466831623851e-05
6,learned,155,40.0,6,5,5,True,False,3.78466831623851e-05
6,learned,156,40.0,6,5,5,True,False,3.78466831623851e-05
6,learned,157,40.0,6,5,5,True,False,3.78466831623851e-05
6,learned,158,40.0,6,5,5,True,False,3.78466831623851e-05
6,learned,159,40.0,6,5,5,True,False,3.78466831623851e-05
6,learned,160,40.0,6,5,5,True,False,3.78466831623851e-05
6,learned,161,40.0,6,5,5,True,False,3.78466831623851e-05
6,learned,162,40.0,6,5,5,True,False,3.78466831623851e-05
6,learned,163,40.0,6,5,5,True,False,3.78466831623851e-05
6,learned,164,40.0,6,5,5,True,False,3.78466831623851e-05
6,learned,165,40.0,6,5,5,True,False,3.78466831623851e-05
6,learned,166,40.0,6,5,5,True,False,3.78466831623851e-05
6,learned,167,40.0,6,5,5,True,False,3.78466831623851e-05
6,learned,168,40.0,6,5,5,True,False,3.78466831623851e-05
6,learned,169,40.0,6,5,5,True,False,3.78466831623851e-05
6,learned,170,40.0,6,5,5,True,False,3.78466831623851e-05
6,learned,171,40.0,6,5,5,True,False,3.78466831623851e-05
6,learned,172,40.0,6,5,5,True,False,3.78466831623851e-05
6,learned,173,40.0,6,5,5,True,False,3.78466831623851e-05
6,learned,174,40.0,6,5,5,True,False,3.78466831623851e-05
6,learned,175,40.0,6,5,5,True,False,3.78466831623851e-05
6,learned,176,40.0,6,5,5,True,False,3.78466831623851e-05
6,learned,177,40.0,6,5,5,True,False,3.78466831623851e-05
6,learned,178,40.0,6,5,5,True,False,3.78466831623851e-05
6,learned,179,40.0,6,5,5,True,False,3.78466831623851e-05
6,learned,180,40.0,6,5,5,True,False,3.78466831623851e-05
6,learned,181,40.0,6,5,5,True,False,3.78466831623851e-05
6,learned,182,40.0,6,5,5,True,False,3.78466831623851e-05
6,learned,183,40.0,6,5,5,True,False,3.78466831623851e-05
6,learned,184,40.0,6,5,5,True,False,3.78466831623851e-05
6,learned,185,40.0,6,5,5,True,False,3.78466831623851e-05
6,learned,186,40.0,6,5,5,True,False,3.78466831623851e-05
6,learned,187,40.0,6,5,5,True,False,3.78466831623851e-05
6,learned,188,40.0,6,5,5,True,False,3.78466831623851e-05
6,learned,189,40.0,6,5,5,True,False,3.78466831623851e-05
6,learned,190,40.0,6,5,5,True,False,3.78466831623851e-05
6,learned,191,40.0,6,5,5,True,False,3.78466831623851e-05
6,learned,192,40.0,6,5,5,True,False,3.78466831623851e-05
6,learned,193,40.0,6,5,5,True,False,3.78466831623851e-05
6,learned,194,40.0,6,5,5,True,False,3.78466831623851e-05
6,learned,195,40.0,6,5,5,True,False,3.78466831623851e-05
6,learned,196,40.0,6,5,5,True,False,3.78466831623851e-05
6,learned,197,40.0,6,5,5,True,False,3.78466831623851e-05
6,learned,198,40.0,6,5,5,True,False,3.78466831623851e-05
6,learned,199,40.0,6,5,5,True,False,3.78466831623851e-05
6,learned,200,40.0,6,5,5,True,False,3.78466831623851e-05
7,initial,0,10.0,1,1,5,False,False,0.0
7,greedy,0,10.0,1,1,5,False,False,0.0
7,greedy,1,20.0,2,2,5,False,False,0.0
7,greedy,2,30.0,3,3,5,False,False,0.0
7,greedy,3,40.0,4,4,5,False,False,0.0
7,greedy,4,50.0,5,5,5,True,True,6.69150209758065e-08
7,random,0,10.0,1,1,5,False,False,0.0
7,random,1,10.0,1,1,5,False,False,0.0
7,random,2,10.0,1,1,5,False,False,0.0
7,random,3,20.0,2,2,5,False,False,0.0
7,random,4,10.0,3,2,5,False,False,0.0
7,random,5,10.0,3,2,5,False,False,0.0
7,random,6,0.0,2,1,5,False,False,0.0
7,random,7,0.0,2,1,5,False,False,0.0
7,random,8,10.0,3,2,5,False,False,0.0
7,random,9,20.0,4,3,5,False,False,0.0
7,random,10,30.0,3,3,5,False,False,0.0
7,random,11,40.0,4,4,5,False,False,0.0
7,random,12,40.0,4,4,5,False,False,0.0
7,random,13,30.0,3,3,5,False,False,0.0
7,random,14,30.0,3,3,5,False,False,0.0
7,random,15,20.0,4,3,5,False,False,0.0
7,random,16,20.0,4,3,5,False,False,0.0
7,random,17,10.0,3,2,5,False,False,0.0
7,random,18,10.0,3,2,5,False,False,0.0
7,random,19,20.0,2,2,5,False,False,0.0
7,random,20,20.0,2,2,5,False,False,0.0
7,random,21,20.0,2,2,5,False,False,0.0
7,random,22,20.0,2,2,5,False,False,0.0
7,random,23,30.0,3,3,5,False,False,0.0
7,random,24,40.0,4,4,5,False,False,0.0
7,random,25,40.0,4,4,5,False,False,0.0
7,random,26,40.0,4,4,5,False,False,0.0
7,random,27,40.0,4,4,5,False,False,0.0
7,random,28,40.0,4,4,5,False,False,0.0
7,random,29,50.0,5,5,5,True,True,8.1030615749338e-08
7,random,30,40.0,4,4,5,False,False,0.0
7,random,31,40.0,4,4,5,False,False,0.0
7,random,32,40.0,4,4,5,False,False,0.0
7,random,33,50.0,5,5,5,True,True,6.69150209757172e-08
7,random,34,40.0,4,4,5,False,False,0.0
7,random,35,40.0,4,4,5,False,False,0.0
7,random,36,40.0,4,4,5,False,False,0.0
7,random,37,30.0,3,3,5,False,False,0.0
7,random,38,30.0,3,3,5,False,False,0.0
7,random,39,30.0,3,3,5,False,False,0.0
7,random,40,30.0,3,3,5,False,False,0.0
7,random,41,30.0,3,3,5,False,False,0.0
7,random,42,30.0,3,3,5,False,False,0.0
7,random,43,30.0,3,3,5,False,False,0.0
7,random,44,20.0,2,2,5,False,False,0.0
7,random,45,20.0,2,2,5,False,False,0.0
7,random,46,30.0,3,3,5,False,False,0.0
7,random,47,30.0,3,3,5,False,False,0.0
7,random,48,20.0,4,3,5,False,False,0.0
7,random,49,10.0,3,2,5,False,False,0.0
7,random,50,0.0,4,2,5,False,False,0.0
7,random,51,10.0,3,2,5,False,False,0.0
7,random,52,10.0,3,2,5,False,False,0.0
7,random,53,0.0,2,1,5,False,False,0.0
7,random,54,10.0,1,1,5,False,False,0.0
7,random,55,10.0,1,1,5,False,False,0.0
7,random,56,20.0,2,2,5,False,False,0.0
7,random,57,20.0,2,2,5,False,False,0.0
7,random,58,20.0,2,2,5,False,False,0.0
7,random,59,20.0,2,2,5,False,False,0.0
7,random,60,10.0,3,2,5,False,False,0.0
7,random,61,20.0,4,3,5,False,False,0.0
7,random,62,20.0,4,3,5,False,False,0.0
7,random,63,20.0,4,3,5,False,False,0.0
7,random,64,30.0,5,4,5,False,False,0.0
7,random,65,30.0,5,4,5,False,False,0.0
7,random,66,30.0,5,4,5,False,False,0.0
7,random,67,30.0,5,4,5,False,False,0.0
7,random,68,40.0,4,4,5,False,False,0.0
7,random,69,30.0,5,4,5,False,False,0.0
7,random,70,30.0,5,4,5,False,False,0.0
7,random,71,30.0,5,4,5,False,False,0.0
7,random,72,40.0,6,5,5,True,False,1.0148128938854866e-07
7,random,73,40.0,6,5,5,True,False,1.0148128938854866e-07
7,random,74,40.0,6,5,5,True,False,1.0148128938854866e-07
7,random,75,40.0,6,5,5,True,False,1.0148128938854866e-07
7,random,76,40.0,6,5,5,True,False,1.0148128938854866e-07
7,random,77,40.0,6,5,5,True,False,1.0148128938854866e-07
7,random,78,30.0,7,5,5,True,False,1.1628702388487206e-07
7,random,79,30.0,7,5,5,True,False,1.1628702388487206e-07
7,random,80,30.0,7,5,5,True,False,1.1628702388487206e-07
7,random,81,30.0,7,5,5,True,False,1.1628702388487206e-07
7,random,82,20.0,8,5,5,True,False,1.5719955073615958e-07
7,random,83,20.0,8,5,5,True,False,1.5719955073615958e-07
7,random,84,30.0,7,5,5,True,False,1.5709719515274782e-07
7,random,85,40.0,6,5,5,True,False,3.352977437797074e-09
7,random,86,30.0,5,4,5,False,False,0.0
7,random,87,40.0,4,4,5,False,False,0.0
7,random,88,50.0,5,5,5,True,True,3.0529571287494497e-09
7,random,89,50.0,5,5,5,True,True,3.0529571287494497e-09
7,random,90,40.0,6,5,5,True,False,3.171572758106801e-09
7,random,91,30.0,5,4,5,False,False,0.0
7,random,92,30.0,5,4,5,False,False,0.0
7,random,93,30.0,5,4,5,False,False,0.0
7,random,94,30.0,5,4,5,False,False,0.0
7,random,95,40.0,6,5,5,True,False,1.0539718325696144e-07
7,random,96,40.0,6,5,5,True,False,1.0539718325696144e-07
7,random,97,40.0,6,5,5,True,False,1.0539718325696144e-07
7,random,98,30.0,5,4,5,False,False,0.0
7,random,99,40.0,4,4,5,False,False,0.0
7,random,100,40.0,4,4,5,False,False,0.0
7,random,101,40.0,4,4,5,False,False,0.0
7,random,102,40.0,4,4,5,False,False,0.0
7,random,103,40.0,4,4,5,False,False,0.0
7,random,104,40.0,4,4,5,False,False,0.0
7,random,105,50.0,5,5,5,True,True,3.0529571287514677e-09
7,random,106,40.0,4,4,5,False,False,0.0
7,random,107,40.0,4,4,5,False,False,0.0
7,random,108,40.0,4,4,5,False,False,0.0
7,random,109,40.0,4,4,5,False,False,0.0
7,random,110,30.0,5,4,5,False,False,0.0
7,random,111,30.0,5,4,5,False,False,0.0
7,random,112,30.0,5,4,5,False,False,0.0
7,random,113,20.0,4,3,5,False,False,0.0
7,random,114,20.0,4,3,5,False,False,0.0
7,random,115,30.0,5,4,5,False,False,0.0
7,random,116,20.0,6,4,5,False,False,0.0
7,random,117,10.0,7,4,5,False,False,0.0
7,random,118,10.0,7,4,5,False,False,0.0
7,random,119,10.0,7,4,5,False,False,0.0
7,random,120,10.0,7,4,5,False,False,0.0
7,random,121,10.0,7,4,5,False,False,0.0
7,random,122,10.0,7,4,5,False,False,0.0
7,random,123,20.0,6,4,5,False,False,0.0
7,random,124,20.0,6,4,5,False,False,0.0
7,random,125,10.0,7,4,5,False,False,0.0
7,random,126,10.0,7,4,5,False,False,0.0
7,random,127,10.0,7,4,5,False,False,0.0
7,random,128,10.0,7,4,5,False,False,0.0
7,random,129,20.0,6,4,5,False,False,0.0
7,random,130,20.0,6,4,5,False,False,0.0
7,random,131,30.0,7,5,5,True,False,4.0866040019551174e-09
7,random,132,40.0,6,5,5,True,False,3.2026512976491667e-09
7,random,133,30.0,7,5,5,True,False,1.170949330716846e-07
7,random,134,30.0,7,5,5,True,False,1.170949330716846e-07
7,random,135,40.0,6,5,5,True,False,3.749082426053667e-08
7,random,136,40.0,6,5,5,True,False,3.749082426053667e-08
7,random,137,40.0,6,5,5,True,False,3.749082426053667e-08
7,random,138,50.0,5,5,5,True,True,3.679936009599315e-08
7,random,139,40.0,4,4,5,False,False,0.0
7,random,140,40.0,4,4,5,False,False,0.0
7,random,141,40.0,4,4,5,False,False,0.0
7,random,142,30.0,5,4,5,False,False,0.0
7,random,143,30.0,5,4,5,False,False,0.0
7,random,144,20.0,4,3,5,False,False,0.0
7,random,145,20.0,4,3,5,False,False,0.0
7,random,146,10.0,5,3,5,False,False,0.0
7,random,147,10.0,5,3,5,False,False,0.0
7,random,148,0.0,4,2,5,False,False,0.0
7,random,149,0.0,4,2,5,False,False,0.0
7,random,150,0.0,4,2,5,False,False,0.0
7,random,151,10.0,5,3,5,False,False,0.0
7,random,152,20.0,6,4,5,False,False,0.0
7,random,153,30.0,5,4,5,False,False,0.0
7,random,154,30.0,5,4,5,False,False,0.0
7,random,155,30.0,5,4,5,False,False,0.0
7,random,156,40.0,6,5,5,True,False,3.756140467476708e-08
7,random,157,30.0,7,5,5,True,False,3.7562695299179034e-08
7,random,158,30.0,7,5,5,True,False,3.7562695299179034e-08
7,random,159,30.0,7,5,5,True,False,3.7562695299179034e-08
7,random,160,30.0,7,5,5,True,False,3.7562695299179034e-08
7,random,161,20.0,8,5,5,True,False,5.49084626715928e-08
7,random,162,20.0,8,5,5,True,False,5.49084626715928e-08
7,random,163,30.0,7,5,5,True,False,5.347422051066801e-08
7,random,164,30.0,7,5,5,True,False,5.347422051066801e-08
7,random,165,20.0,8,5,5,True,False,7.117620126702731e-08
7,random,166,30.0,7,5,5,True,False,4.443361384941546e-08
7,random,167,30.0,7,5,5,True,False,4.443361384941546e-08
7,random,168,30.0,7,5,5,True,False,4.443361384941546e-08
7,random,169,20.0,8,5,5,True,False,4.5429477139128833e-08
7,random,170,10.0,9,5,5,True,False,1.3416605883990335e-07
7,random,171,20.0,8,5,5,True,False,1.279528494372047e-07
7,random,172,10.0,9,5,5,True,False,1.2803730151813318e-07
7,random,173,10.0,9,5,5,True,False,1.2803730151813318e-07
7,random,174,10.0,9,5,5,True,False,1.2803730151813318e-07
7,random,175,20.0,8,5,5,True,False,1.266792966646436e-07
7,random,176,20.0,8,5,5,True,False,1.266792966646436e-07
7,random,177,30.0,7,5,5,True,False,1.1628702388477656e-07
7,random,178,20.0,8,5,5,True,False,1.2320407350303087e-07
7,random,179,20.0,8,5,5,True,False,1.2320407350303087e-07
7,random,180,10.0,9,5,5,True,False,1.2377626668116412e-07
7,random,181,10.0,9,5,5,True,False,1.2377626668116412e-07
7,random,182,10.0,9,5,5,True,False,1.2377626668116412e-07
7,random,183,20.0,8,5,5,True,False,4.597931405215693e-08
7,random,184,20.0,8,5,5,True,False,4.597931405215693e-08
7,random,185,10.0,9,5,5,True,False,1.2377626668116412e-07
7,random,186,10.0,9,5,5,True,False,1.2377626668116412e-07
7,random,187,20.0,8,5,5,True,False,4.597931405215693e-08
7,random,188,30.0,7,5,5,True,False,4.4953840303517265e-08
7,random,189,30.0,7,5,5,True,False,4.4953840303517265e-08
7,random,190,40.0,6,5,5,True,False,3.680032672509756e-08
7,random,191,30.0,7,5,5,True,False,1.1628702388480455e-07
7,random,192,30.0,7,5,5,True,False,1.1628702388480455e-07
7,random,193,30.0,7,5,5,True,False,1.1628702388480455e-07
7,random,194,20.0,8,5,5,True,False,1.232040735030364e-07
7,random,195,20.0,8,5,5,True,False,1.232040735030364e-07
7,random,196,20.0,8,5,5,True,False,1.232040735030364e-07
7,random,197,30.0,7,5,5,True,False,1.2313670886673422e-07
7,random,198,30.0,7,5,5,True,False,1.2313670886673422e-07
7,random,199,30.0,7,5,5,True,False,1.2313670886673422e-07
7,random,200,30.0,7,5,5,True,False,1.2313670886673422e-07
7,learned,0,10.0,1,1,5,False,False,0.0
7,learned,1,20.0,2,2,5,False,False,0.0
7,learned,2,30.0,3,3,5,False,False,0.0
7,learned,3,40.0,4,4,5,False,False,0.0
7,learned,4,50.0,5,5,5,True,True,3.67993600960732e-08
7,learned,5,50.0,5,5,5,True,True,3.67993600960732e-08
7,learned,6,50.0,5,5,5,True,True,3.67993600960732e-08
7,learned,7,50.0,5,5,5,True,True,3.67993600960732e-08
7,learned,8,50.0,5,5,5,True,True,3.67993600960732e-08
7,learned,9,50.0,5,5,5,True,True,3.67993600960732e-08
7,learned,10,50.0,5,5,5,True,True,3.67993600960732e-08
7,learned,11,50.0,5,5,5,True,True,3.67993600960732e-08
7,learned,12,50.0,5,5,5,True,True,3.67993600960732e-08
7,learned,13,50.0,5,5,5,True,True,3.67993600960732e-08
7,learned,14,50.0,5,5,5,True,True,3.67993600960732e-08
7,learned,15,50.0,5,5,5,True,True,3.67993600960732e-08
7,learned,16,50.0,5,5,5,True,True,3.67993600960732e-08
7,learned,17,50.0,5,5,5,True,True,3.67993600960732e-08
7,learned,18,50.0,5,5,5,True,True,3.67993600960732e-08
7,learned,19,50.0,5,5,5,True,True,3.67993600960732e-08
7,learned,20,50.0,5,5,5,True,True,3.67993600960732e-08
7,learned,21,50.0,5,5,5,True,True,3.67993600960732e-08
7,learned,22,50.0,5,5,5,True,True,3.67993600960732e-08
7,learned,23,50.0,5,5,5,True,True,3.67993600960732e-08
7,learned,24,50.0,5,5,5,True,True,3.67993600960732e-08
7,learned,25,50.0,5,5,5,True,True,3.67993600960732e-08
7,learned,26,50.0,5,5,5,True,True,3.67993600960732e-08
7,learned,27,50.0,5,5,5,True,True,3.67993600960732e-08
7,learned,28,50.0,5,5,5,True,True,3.67993600960732e-08
7,learned,29,50.0,5,5,5,True,True,3.67993600960732e-08
7,learned,30,50.0,5,5,5,True,True,3.67993600960732e-08
7,learned,31,50.0,5,5,5,True,True,3.67993600960732e-08
7,learned,32,50.0,5,5,5,True,True,3.67993600960732e-08
7,learned,33,50.0,5,5,5,True,True,3.67993600960732e-08
7,learned,34,50.0,5,5,5,True,True,3.67993600960732e-08
7,learned,35,50.0,5,5,5,True,True,3.67993600960732e-08
7,learned,36,50.0,5,5,5,True,True,3.67993600960732e-08
7,learned,37,50.0,5,5,5,True,True,3.67993600960732e-08
7,learned,38,50.0,5,5,5,True,True,3.67993600960732e-08
7,learned,39,50.0,5,5,5,True,True,3.67993600960732e-08
7,learned,40,50.0,5,5,5,True,True,3.67993600960732e-08
7,learned,41,50.0,5,5,5,True,True,3.67993600960732e-08
7,learned,42,50.0,5,5,5,True,True,3.67993600960732e-08
7,learned,43,50.0,5,5,5,True,True,3.67993600960732e-08
7,learned,44,50.0,5,5,5,True,True,3.67993600960732e-08
7,learned,45,50.0,5,5,5,True,True,3.67993600960732e-08
7,learned,46,50.0,5,5,5,True,True,3.67993600960732e-08
7,learned,47,50.0,5,5,5,True,True,3.67993600960732e-08
7,learned,48,50.0,5,5,5,True,True,3.67993600960732e-08
7,learned,49,50.0,5,5,5,True,True,3.67993600960732e-08
7,learned,50,50.0,5,5,5,True,True,3.67993600960732e-08
7,learned,51,50.0,5,5,5,True,True,3.67993600960732e-08
7,learned,52,50.0,5,5,5,True,True,3.67993600960732e-08
7,learned,53,50.0,5,5,5,True,True,3.67993600960732e-08
7,learned,54,50.0,5,5,5,True,True,3.67993600960732e-08
7,learned,55,50.0,5,5,5,True,True,3.67993600960732e-08
7,learned,56,50.0,5,5,5,True,True,3.67993600960732e-08
7,learned,57,50.0,5,5,5,True,True,3.67993600960732e-08
7,learned,58,50.0,5,5,5,True,True,3.67993600960732e-08
7,learned,59,50.0,5,5,5,True,True,3.67993600960732e-08
7,learned,60,50.0,5,5,5,True,True,3.67993600960732e-08
7,learned,61,50.0,5,5,5,True,True,3.67993600960732e-08
7,learned,62,50.0,5,5,5,True,True,3.67993600960732e-08
7,learned,63,50.0,5,5,5,True,True,3.67993600960732e-08
7,learned,64,50.0,5,5,5,True,True,3.67993600960732e-08
7,learned,65,50.0,5,5,5,True,True,3.67993600960732e-08
7,learned,66,50.0,5,5,5,True,True,3.67993600960732e-08
7,learned,67,50.0,5,5,5,True,True,3.67993600960732e-08
7,learned,68,50.0,5,5,5,True,True,3.67993600960732e-08
7,learned,69,50.0,5,5,5,True,True,3.67993600960732e-08
7,learned,70,50.0,5,5,5,True,True,3.67993600960732e-08
7,learned,71,50.0,5,5,5,True,True,3.67993600960732e-08
7,learned,72,50.0,5,5,5,True,True,3.67993600960732e-08
7,learned,73,50.0,5,5,5,True,True,3.67993600960732e-08
7,learned,74,50.0,5,5,5,True,True,3.67993600960732e-08
7,learned,75,50.0,5,5,5,True,True,3.67993600960732e-08
7,learned,76,50.0,5,5,5,True,True,3.67993600960732e-08
7,learned,77,50.0,5,5,5,True,True,3.67993600960732e-08
7,learned,78,50.0,5,5,5,True,True,3.67993600960732e-08
7,learned,79,50.0,5,5,5,True,True,3.67993600960732e-08
7,learned,80,50.0,5,5,5,True,True,3.67993600960732e-08
7,learned,81,50.0,5,5,5,True,True,3.67993600960732e-08
7,learned,82,50.0,5,5,5,True,True,3.67993600960732e-08
7,learned,83,50.0,5,5,5,True,True,3.67993600960732e-08
7,learned,84,50.0,5,5,5,True,True,3.67993600960732e-08
7,learned,85,50.0,5,5,5,True,True,3.67993600960732e-08
7,learned,86,50.0,5,5,5,True,True,3.67993600960732e-08
7,learned,87,50.0,5,5,5,True,True,3.67993600960732e-08
7,learned,88,50.0,5,5,5,True,True,3.67993600960732e-08
7,learned,89,50.0,5,5,5,True,True,3.67993600960732e-08
7,learned,90,50.0,5,5,5,True,True,3.67993600960732e-08
7,learned,91,50.0,5,5,5,True,True,3.67993600960732e-08
7,learned,92,50.0,5,5,5,True,True,3.67993600960732e-08
7,learned,93,50.0,5,5,5,True,True,3.67993600960732e-08
7,learned,94,50.0,5,5,5,True,True,3.67993600960732e-08
7,learned,95,50.0,5,5,5,True,True,3.67993600960732e-08
7,learned,96,50.0,5,5,5,True,True,3.67993600960732e-08
7,learned,97,50.0,5,5,5,True,True,3.67993600960732e-08
7,learned,98,50.0,5,5,5,True,True,3.67993600960732e-08
7,learned,99,50.0,5,5,5,True,True,3.67993600960732e-08
7,learned,100,50.0,5,5,5,True,True,3.67993600960732e-08
7,learned,101,50.0,5,5,5,True,True,3.67993600960732e-08
7,learned,102,50.0,5,5,5,True,True,3.67993600960732e-08
7,learned,103,50.0,5,5,5,True,True,3.67993600960732e-08
7,learned,104,50.0,5,5,5,True,True,3.67993600960732e-08
7,learned,105,50.0,5,5,5,True,True,3.67993600960732e-08
7,learned,106,50.0,5,5,5,True,True,3.67993600960732e-08
7,learned,107,50.0,5,5,5,True,True,3.67993600960732e-08
7,learned,108,50.0,5,5,5,True,True,3.67993600960732e-08
7,learned,109,50.0,5,5,5,True,True,3.67993600960732e-08
7,learned,110,50.0,5,5,5,True,True,3.67993600960732e-08
7,learned,111,50.0,5,5,5,True,True,3.67993600960732e-08
7,learned,112,50.0,5,5,5,True,True,3.67993600960732e-08
7,learned,113,50.0,5,5,5,True,True,3.67993600960732e-08
7,learned,114,50.0,5,5,5,True,True,3.67993600960732e-08
7,learned,115,50.0,5,5,5,True,True,3.67993600960732e-08
7,learned,116,50.0,5,5,5,True,True,3.67993600960732e-08
7,learned,117,50.0,5,5,5,True,True,3.67993600960732e-08
7,learned,118,50.0,5,5,5,True,True,3.67993600960732e-08
7,learned,119,50.0,5,5,5,True,True,3.67993600960732e-08
7,learned,120,50.0,5,5,5,True,True,3.67993600960732e-08
7,learned,121,50.0,5,5,5,True,True,3.67993600960732e-08
7,learned,122,50.0,5,5,5,True,True,3.67993600960732e-08
7,learned,123,50.0,5,5,5,True,True,3.67993600960732e-08
7,learned,124,50.0,5,5,5,True,True,3.67993600960732e-08
7,learned,125,50.0,5,5,5,True,True,3.67993600960732e-08
7,learned,126,50.0,5,5,5,True,True,3.67993600960732e-08
7,learned,127,50.0,5,5,5,True,True,3.67993600960732e-08
7,learned,128,50.0,5,5,5,True,True,3.67993600960732e-08
7,learned,129,50.0,5,5,5,True,True,3.67993600960732e-08
7,learned,130,50.0,5,5,5,True,True,3.67993600960732e-08
7,learned,131,50.0,5,5,5,True,True,3.67993600960732e-08
7,learned,132,50.0,5,5,5,True,True,3.67993600960732e-08
7,learned,133,50.0,5,5,5,True,True,3.67993600960732e-08
7,learned,134,50.0,5,5,5,True,True,3.67993600960732e-08
7,learned,135,50.0,5,5,5,True,True,3.67993600960732e-08
7,learned,136,50.0,5,5,5,True,True,3.67993600960732e-08
7,learned,137,50.0,5,5,5,True,True,3.67993600960732e-08
7,learned,138,50.0,5,5,5,True,True,3.67993600960732e-08
7,learned,139,50.0,5,5,5,True,True,3.67993600960732e-08
7,learned,140,50.0,5,5,5,True,True,3.67993600960732e-08
7,learned,141,50.0,5,5,5,True,True,3.67993600960732e-08
7,learned,142,50.0,5,5,5,True,True,3.67993600960732e-08
7,learned,143,50.0,5,5,5,True,True,3.67993600960732e-08
7,learned,144,50.0,5,5,5,True,True,3.67993600960732e-08
7,learned,145,50.0,5,5,5,True,True,3.67993600960732e-08
7,learned,146,50.0,5,5,5,True,True,3.67993600960732e-08
7,learned,147,50.0,5,5,5,True,True,3.67993600960732e-08
7,learned,148,50.0,5,5,5,True,True,3.67993600960732e-08
7,learned,149,50.0,5,5,5,True,True,3.67993600960732e-08
7,learned,150,50.0,5,5,5,True,True,3.67993600960732e-08
7,learned,151,50.0,5,5,5,True,True,3.67993600960732e-08
7,learned,152,50.0,5,5,5,True,True,3.67993600960732e-08
7,learned,153,50.0,5,5,5,True,True,3.67993600960732e-08
7,learned,154,50.0,5,5,5,True,True,3.67993600960732e-08
7,learned,155,50.0,5,5,5,True,True,3.67993600960732e-08
7,learned,156,50.0,5,5,5,True,True,3.67993600960732e-08
7,learned,157,50.0,5,5,5,True,True,3.67993600960732e-08
7,learned,158,50.0,5,5,5,True,True,3.67993600960732e-08
7,learned,159,50.0,5,5,5,True,True,3.67993600960732e-08
7,learned,160,50.0,5,5,5,True,True,3.67993600960732e-08
7,learned,161,50.0,5,5,5,True,True,3.67993600960732e-08
7,learned,162,50.0,5,5,5,True,True,3.67993600960732e-08
7,learned,163,50.0,5,5,5,True,True,3.67993600960732e-08
7,learned,164,50.0,5,5,5,True,True,3.67993600960732e-08
7,learned,165,50.0,5,5,5,True,True,3.67993600960732e-08
7,learned,166,50.0,5,5,5,True,True,3.67993600960732e-08
7,learned,167,50.0,5,5,5,True,True,3.67993600960732e-08
7,learned,168,50.0,5,5,5,True,True,3.67993600960732e-08
7,learned,169,50.0,5,5,5,True,True,3.67993600960732e-08
7,learned,170,50.0,5,5,5,True,True,3.67993600960732e-08
7,learned,171,50.0,5,5,5,True,True,3.67993600960732e-08
7,learned,172,50.0,5,5,5,True,True,3.67993600960732e-08
7,learned,173,50.0,5,5,5,True,True,3.67993600960732e-08
7,learned,174,50.0,5,5,5,True,True,3.67993600960732e-08
7,learned,175,50.0,5,5,5,True,True,3.67993600960732e-08
7,learned,176,50.0,5,5,5,True,True,3.67993600960732e-08
7,learned,177,50.0,5,5,5,True,True,3.67993600960732e-08
7,learned,178,50.0,5,5,5,True,True,3.67993600960732e-08
7,learned,179,50.0,5,5,5,True,True,3.67993600960732e-08
7,learned,180,50.0,5,5,5,True,True,3.67993600960732e-08
7,learned,181,50.0,5,5,5,True,True,3.67993600960732e-08
7,learned,182,50.0,5,5,5,True,True,3.67993600960732e-08
7,learned,183,50.0,5,5,5,True,True,3.67993600960732e-08
7,learned,184,50.0,5,5,5,True,True,3.67993600960732e-08
7,learned,185,50.0,5,5,5,True,True,3.67993600960732e-08
7,learned,186,50.0,5,5,5,True,True,3.67993600960732e-08
7,learned,187,50.0,5,5,5,True,True,3.67993600960732e-08
7,learned,188,50.0,5,5,5,True,True,3.67993600960732e-08
7,learned,189,50.0,5,5,5,True,True,3.67993600960732e-08
7,learned,190,50.0,5,5,5,True,True,3.67993600960732e-08
7,learned,191,50.0,5,5,5,True,True,3.67993600960732e-08
7,learned,192,50.0,5,5,5,True,True,3.67993600960732e-08
7,learned,193,50.0,5,5,5,True,True,3.67993600960732e-08
7,learned,194,50.0,5,5,5,True,True,3.67993600960732e-08
7,learned,195,50.0,5,5,5,True,True,3.67993600960732e-08
7,learned,196,50.0,5,5,5,True,True,3.67993600960732e-08
7,learned,197,50.0,5,5,5,True,True,3.67993600960732e-08
7,learned,198,50.0,5,5,5,True,True,3.67993600960732e-08
7,learned,199,50.0,5,5,5,True,True,3.67993600960732e-08
7,learned,200,50.0,5,5,5,True,True,3.67993600960732e-08
8,initial,0,30.0,7,5,5,True,False,3.221294922228192e-05
8,greedy,0,30.0,7,5,5,True,False,3.221294922228192e-05
8,greedy,1,40.0,6,5,5,True,False,2.8693893582046564e-05
8,greedy,2,50.0,5,5,5,True,True,2.847648994066366e-05
8,random,0,30.0,7,5,5,True,False,3.221294922228192e-05
8,random,1,30.0,7,5,5,True,False,3.221294922228192e-05
8,random,2,40.0,6,5,5,True,False,2.8693893582046564e-05
8,random,3,30.0,5,4,5,False,False,0.0
8,random,4,30.0,5,4,5,False,False,0.0
8,random,5,30.0,5,4,5,False,False,0.0
8,random,6,30.0,5,4,5,False,False,0.0
8,random,7,40.0,4,4,5,False,False,0.0
8,random,8,30.0,3,3,5,False,False,0.0
8,random,9,30.0,3,3,5,False,False,0.0
8,random,10,30.0,3,3,5,False,False,0.0
8,random,11,30.0,3,3,5,False,False,0.0
8,random,12,40.0,4,4,5,False,False,0.0
8,random,13,40.0,4,4,5,False,False,0.0
8,random,14,30.0,5,4,5,False,False,0.0
8,random,15,40.0,6,5,5,True,False,1.7797369131785362e-05
8,random,16,30.0,7,5,5,True,False,1.837650138658015e-05
8,random,17,30.0,7,5,5,True,False,1.837650138658015e-05
8,random,18,40.0,6,5,5,True,False,1.7063323685963723e-05
8,random,19,30.0,7,5,5,True,False,1.8993822928169394e-05
8,random,20,20.0,6,4,5,False,False,0.0
8,random,21,30.0,7,5,5,True,False,1.9541326793952062e-05
8,random,22,20.0,8,5,5,True,False,6.255246011278424e-05
8,random,23,20.0,8,5,5,True,False,6.255246011278424e-05
8,random,24,20.0,8,5,5,True,False,6.255246011278424e-05
8,random,25,30.0,7,5,5,True,False,5.130759742911483e-05
8,random,26,30.0,7,5,5,True,False,5.130759742911483e-05
8,random,27,30.0,7,5,5,True,False,5.130759742911483e-05
8,random,28,30.0,7,5,5,True,False,5.130759742911483e-05
8,random,29,30.0,7,5,5,True,False,5.130759742911483e-05
8,random,30,30.0,7,5,5,True,False,5.130759742911483e-05
8,random,31,40.0,6,5,5,True,False,4.773375411123571e-05
8,random,32,30.0,7,5,5,True,False,4.9333601886075875e-05
8,random,33,40.0,6,5,5,True,False,4.773375411123571e-05
8,random,34,30.0,7,5,5,True,False,5.130759742911483e-05
8,random,35,30.0,7,5,5,True,False,5.130759742911483e-05
8,random,36,40.0,6,5,5,True,False,8.495384601825232e-06
8,random,37,40.0,6,5,5,True,False,8.495384601825232e-06
8,random,38,40.0,6,5,5,True,False,8.495384601825232e-06
8,random,39,30.0,7,5,5,True,False,1.2012572818729981e-05
8,random,40,40.0,6,5,5,True,False,1.098697276034709e-05
8,random,41,30.0,7,5,5,True,False,1.1374153624018378e-05
8,random,42,30.0,7,5,5,True,False,1.1374153624018378e-05
8,random,43,30.0,7,5,5,True,False,1.1374153624018378e-05
8,random,44,20.0,8,5,5,True,False,1.2451300999773591e-05
8,random,45,20.0,8,5,5,True,False,1.2451300999773591e-05
8,random,46,20.0,8,5,5,True,False,1.2451300999773591e-05
8,random,47,10.0,9,5,5,True,False,1.2808022832456183e-05
8,random,48,20.0,8,5,5,True,False,1.2340239974181784e-05
8,random,49,30.0,7,5,5,True,False,1.1258329826276116e-05
8,random,50,20.0,6,4,5,False,False,0.0
8,random,51,30.0,5,4,5,False,False,0.0
8,random,52,30.0,5,4,5,False,False,0.0
8,random,53,30.0,5,4,5,False,False,0.0
8,random,54,30.0,5,4,5,False,False,0.0
8,random,55,30.0,5,4,5,False,False,0.0
8,random,56,30.0,5,4,5,False,False,0.0
8,random,57,30.0,5,4,5,False,False,0.0
8,random,58,30.0,5,4,5,False,False,0.0
8,random,59,30.0,5,4,5,False,False,0.0
8,random,60,20.0,6,4,5,False,False,0.0
8,random,61,20.0,6,4,5,False,False,0.0
8,random,62,20.0,6,4,5,False,False,0.0
8,random,63,20.0,6,4,5,False,False,0.0
8,random,64,30.0,5,4,5,False,False,0.0
8,random,65,40.0,6,5,5,True,False,1.098697276034709e-05
8,random,66,40.0,6,5,5,True,False,1.098697276034709e-05
8,random,67,40.0,6,5,5,True,False,1.098697276034709e-05
8,random,68,30.0,7,5,5,True,False,1.1258329826276116e-05
8,random,69,30.0,7,5,5,True,False,1.1258329826276116e-05
8,random,70,20.0,8,5,5,True,False,1.3455855267306616e-05
8,random,71,20.0,8,5,5,True,False,1.3455855267306616e-05
8,random,72,30.0,7,5,5,True,False,1.1258329826276116e-05
8,random,73,20.0,8,5,5,True,False,4.969270433814964e-05
8,random,74,20.0,8,5,5,True,False,4.969270433814964e-05
8,random,75,10.0,9,5,5,True,False,5.138886805499801e-05
8,random,76,10.0,9,5,5,True,False,5.138886805499801e-05
8,random,77,10.0,9,5,5,True,False,5.138886805499801e-05
8,random,78,10.0,9,5,5,True,False,5.138886805499801e-05
8,random,79,20.0,8,5,5,True,False,2.307370577754484e-06
8,random,80,20.0,8,5,5,True,False,2.307370577754484e-06
8,random,81,10.0,7,4,5,False,False,0.0
8,random,82,20.0,8,5,5,True,False,2.393418186966245e-05
8,random,83,20.0,8,5,5,True,False,2.393418186966245e-05
8,random,84,30.0,7,5,5,True,False,1.8314168988713395e-05
8,random,85,30.0,7,5,5,True,False,1.8314168988713395e-05
8,random,86,20.0,8,5,5,True,False,5.134129759177068e-05
8,random,87,20.0,8,5,5,True,False,5.134129759177068e-05
8,random,88,20.0,8,5,5,True,False,5.134129759177068e-05
8,random,89,20.0,8,5,5,True,False,5.134129759177068e-05
8,random,90,10.0,9,5,5,True,False,5.138886805499801e-05
8,random,91,20.0,8,5,5,True,False,5.135989035034612e-05
8,random,92,20.0,8,5,5,True,False,5.135989035034612e-05
8,random,93,20.0,8,5,5,True,False,5.135989035034612e-05
8,random,94,30.0,7,5,5,True,False,4.959662010596889e-05
8,random,95,30.0,7,5,5,True,False,4.959662010596889e-05
8,random,96,40.0,6,5,5,True,False,4.773375411123571e-05
8,random,97,30.0,7,5,5,True,False,4.9333601886075875e-05
8,random,98,40.0,6,5,5,True,False,1.7063323685963723e-05
8,random,99,40.0,6,5,5,True,False,1.7063323685963723e-05
8,random,100,30.0,5,4,5,False,False,0.0
8,random,101,30.0,5,4,5,False,False,0.0
8,random,102,40.0,6,5,5,True,False,8.224014566941938e-06
8,random,103,30.0,5,4,5,False,False,0.0
8,random,104,30.0,5,4,5,False,False,0.0
8,random,105,30.0,5,4,5,False,False,0.0
8,random,106,20.0,4,3,5,False,False,0.0
8,random,107,20.0,4,3,5,False,False,0.0
8,random,108,20.0,4,3,5,False,False,0.0
8,random,109,30.0,5,4,5,False,False,0.0
8,random,110,30.0,5,4,5,False,False,0.0
8,random,111,20.0,4,3,5,False,False,0.0
8,random,112,20.0,4,3,5,False,False,0.0
8,random,113,30.0,5,4,5,False,False,0.0
8,random,114,30.0,5,4,5,False,False,0.0
8,random,115,30.0,5,4,5,False,False,0.0
8,random,116,30.0,5,4,5,False,False,0.0
8,random,117,30.0,5,4,5,False,False,0.0
8,random,118,30.0,5,4,5,False,False,0.0
8,random,119,30.0,5,4,5,False,False,0.0
8,random,120,30.0,5,4,5,False,False,0.0
8,random,121,40.0,6,5,5,True,False,1.17067745965258e-05
8,random,122,30.0,7,5,5,True,False,4.9333601886075875e-05
8,random,123,30.0,7,5,5,True,False,4.9333601886075875e-05
8,random,124,30.0,7,5,5,True,False,4.9333601886075875e-05
8,random,125,40.0,6,5,5,True,False,1.6957116182001916e-05
8,random,126,30.0,5,4,5,False,False,0.0
8,random,127,30.0,5,4,5,False,False,0.0
8,random,128,40.0,6,5,5,True,False,1.7063323685963723e-05
8,random,129,40.0,6,5,5,True,False,1.7063323685963723e-05
8,random,130,40.0,6,5,5,True,False,1.7063323685963723e-05
8,random,131,30.0,5,4,5,False,False,0.0
8,random,132,30.0,5,4,5,False,False,0.0
8,random,133,30.0,5,4,5,False,False,0.0
8,random,134,30.0,5,4,5,False,False,0.0
8,random,135,20.0,6,4,5,False,False,0.0
8,random,136,10.0,5,3,5,False,False,0.0
8,random,137,10.0,5,3,5,False,False,0.0
8,random,138,10.0,5,3,5,False,False,0.0
8,random,139,20.0,4,3,5,False,False,0.0
8,random,140,30.0,3,3,5,False,False,0.0
8,random,141,20.0,4,3,5,False,False,0.0
8,random,142,30.0,3,3,5,False,False,0.0
8,random,143,20.0,4,3,5,False,False,0.0
8,random,144,20.0,4,3,5,False,False,0.0
8,random,145,20.0,4,3,5,False,False,0.0
8,random,146,20.0,4,3,5,False,False,0.0
8,random,147,20.0,4,3,5,False,False,0.0
8,random,148,30.0,5,4,5,False,False,0.0
8,random,149,20.0,4,3,5,False,False,0.0
8,random,150,20.0,4,3,5,False,False,0.0
8,random,151,20.0,4,3,5,False,False,0.0
8,random,152,30.0,5,4,5,False,False,0.0
8,random,153,20.0,4,3,5,False,False,0.0
8,random,154,10.0,3,2,5,False,False,0.0
8,random,155,10.0,3,2,5,False,False,0.0
8,random,156,10.0,3,2,5,False,False,0.0
8,random,157,10.0,3,2,5,False,False,0.0
8,random,158,10.0,3,2,5,False,False,0.0
8,random,159,0.0,4,2,5,False,False,0.0
8,random,160,10.0,5,3,5,False,False,0.0
8,random,161,10.0,5,3,5,False,False,0.0
8,random,162,10.0,5,3,5,False,False,0.0
8,random,163,10.0,5,3,5,False,False,0.0
8,random,164,10.0,5,3,5,False,False,0.0
8,random,165,10.0,5,3,5,False,False,0.0
8,random,166,10.0,5,3,5,False,False,0.0
8,random,167,10.0,5,3,5,False,False,0.0
8,random,168,0.0,4,2,5,False,False,0.0
8,random,169,0.0,4,2,5,False,False,0.0
8,random,170,0.0,4,2,5,False,False,0.0
8,random,171,10.0,5,3,5,False,False,0.0
8,random,172,20.0,4,3,5,False,False,0.0
8,random,173,20.0,4,3,5,False,False,0.0
8,random,174,20.0,4,3,5,False,False,0.0
8,random,175,20.0,4,3,5,False,False,0.0
8,random,176,20.0,4,3,5,False,False,0.0
8,random,177,20.0,4,3,5,False,False,0.0
8,random,178,30.0,5,4,5,False,False,0.0
8,random,179,20.0,4,3,5,False,False,0.0
8,random,180,20.0,4,3,5,False,False,0.0
8,random,181,10.0,5,3,5,False,False,0.0
8,random,182,10.0,5,3,5,False,False,0.0
8,random,183,0.0,4,2,5,False,False,0.0
8,random,184,10.0,5,3,5,False,False,0.0
8,random,185,20.0,6,4,5,False,False,0.0
8,random,186,20.0,6,4,5,False,False,0.0
8,random,187,20.0,6,4,5,False,False,0.0
8,random,188,30.0,7,5,5,True,False,3.949484248351681e-05
8,random,189,30.0,7,5,5,True,False,3.949484248351681e-05
8,random,190,30.0,7,5,5,True,False,3.949484248351681e-05
8,random,191,30.0,7,5,5,True,False,3.949484248351681e-05
8,random,192,30.0,7,5,5,True,False,3.949484248351681e-05
8,random,193,20.0,6,4,5,False,False,0.0
8,random,194,10.0,7,4,5,False,False,0.0
8,random,195,0.0,6,3,5,False,False,0.0
8,random,196,0.0,6,3,5,False,False,0.0
8,random,197,10.0,7,4,5,False,False,0.0
8,random,198,10.0,7,4,5,False,False,0.0
8,random,199,20.0,6,4,5,False,False,0.0
8,random,200,30.0,5,4,5,False,False,0.0
8,learned,0,30.0,7,5,5,True,False,3.221294922228192e-05
8,learned,1,40.0,6,5,5,True,False,3.174886438281066e-05
8,learned,2,50.0,5,5,5,True,True,2.847648994066366e-05
8,learned,3,40.0,6,5,5,True,False,4.773375411123571e-05
8,learned,4,40.0,6,5,5,True,False,4.773375411123571e-05
8,learned,5,40.0,6,5,5,True,False,4.773375411123571e-05
8,learned,6,40.0,6,5,5,True,False,4.773375411123571e-05
8,learned,7,40.0,6,5,5,True,False,4.773375411123571e-05
8,learned,8,40.0,6,5,5,True,False,4.773375411123571e-05
8,learned,9,40.0,6,5,5,True,False,4.773375411123571e-05
8,learned,10,40.0,6,5,5,True,False,4.773375411123571e-05
8,learned,11,40.0,6,5,5,True,False,4.773375411123571e-05
8,learned,12,40.0,6,5,5,True,False,4.773375411123571e-05
8,learned,13,40.0,6,5,5,True,False,4.773375411123571e-05
8,learned,14,40.0,6,5,5,True,False,4.773375411123571e-05
8,learned,15,40.0,6,5,5,True,False,4.773375411123571e-05
8,learned,16,40.0,6,5,5,True,False,4.773375411123571e-05
8,learned,17,40.0,6,5,5,True,False,4.773375411123571e-05
8,learned,18,40.0,6,5,5,True,False,4.773375411123571e-05
8,learned,19,40.0,6,5,5,True,False,4.773375411123571e-05
8,learned,20,40.0,6,5,5,True,False,4.773375411123571e-05
8,learned,21,40.0,6,5,5,True,False,4.773375411123571e-05
8,learned,22,40.0,6,5,5,True,False,4.773375411123571e-05
8,learned,23,40.0,6,5,5,True,False,4.773375411123571e-05
8,learned,24,40.0,6,5,5,True,False,4.773375411123571e-05
8,learned,25,40.0,6,5,5,True,False,4.773375411123571e-05
8,learned,26,40.0,6,5,5,True,False,4.773375411123571e-05
8,learned,27,40.0,6,5,5,True,False,4.773375411123571e-05
8,learned,28,40.0,6,5,5,True,False,4.773375411123571e-05
8,learned,29,40.0,6,5,5,True,False,4.773375411123571e-05
8,learned,30,40.0,6,5,5,True,False,4.773375411123571e-05
8,learned,31,40.0,6,5,5,True,False,4.773375411123571e-05
8,learned,32,40.0,6,5,5,True,False,4.773375411123571e-05
8,learned,33,40.0,6,5,5,True,False,4.773375411123571e-05
8,learned,34,40.0,6,5,5,True,False,4.773375411123571e-05
8,learned,35,40.0,6,5,5,True,False,4.773375411123571e-05
8,learned,36,40.0,6,5,5,True,False,4.773375411123571e-05
8,learned,37,40.0,6,5,5,True,False,4.773375411123571e-05
8,learned,38,40.0,6,5,5,True,False,4.773375411123571e-05
8,learned,39,40.0,6,5,5,True,False,4.773375411123571e-05
8,learned,40,40.0,6,5,5,True,False,4.773375411123571e-05
8,learned,41,40.0,6,5,5,True,False,4.773375411123571e-05
8,learned,42,40.0,6,5,5,True,False,4.773375411123571e-05
8,learned,43,40.0,6,5,5,True,False,4.773375411123571e-05
8,learned,44,40.0,6,5,5,True,False,4.773375411123571e-05
8,learned,45,40.0,6,5,5,True,False,4.773375411123571e-05
8,learned,46,40.0,6,5,5,True,False,4.773375411123571e-05
8,learned,47,40.0,6,5,5,True,False,4.773375411123571e-05
8,learned,48,40.0,6,5,5,True,False,4.773375411123571e-05
8,learned,49,40.0,6,5,5,True,False,4.773375411123571e-05
8,learned,50,40.0,6,5,5,True,False,4.773375411123571e-05
8,learned,51,40.0,6,5,5,True,False,4.773375411123571e-05
8,learned,52,40.0,6,5,5,True,False,4.773375411123571e-05
8,learned,53,40.0,6,5,5,True,False,4.773375411123571e-05
8,learned,54,40.0,6,5,5,True,False,4.773375411123571e-05
8,learned,55,40.0,6,5,5,True,False,4.773375411123571e-05
8,learned,56,40.0,6,5,5,True,False,4.773375411123571e-05
8,learned,57,40.0,6,5,5,True,False,4.773375411123571e-05
8,learned,58,40.0,6,5,5,True,False,4.773375411123571e-05
8,learned,59,40.0,6,5,5,True,False,4.773375411123571e-05
8,learned,60,40.0,6,5,5,True,False,4.773375411123571e-05
8,learned,61,40.0,6,5,5,True,False,4.773375411123571e-05
8,learned,62,40.0,6,5,5,True,False,4.773375411123571e-05
8,learned,63,40.0,6,5,5,True,False,4.773375411123571e-05
8,learned,64,40.0,6,5,5,True,False,4.773375411123571e-05
8,learned,65,40.0,6,5,5,True,False,4.773375411123571e-05
8,learned,66,40.0,6,5,5,True,False,4.773375411123571e-05
8,learned,67,40.0,6,5,5,True,False,4.773375411123571e-05
8,learned,68,40.0,6,5,5,True,False,4.773375411123571e-05
8,learned,69,40.0,6,5,5,True,False,4.773375411123571e-05
8,learned,70,40.0,6,5,5,True,False,4.773375411123571e-05
8,learned,71,40.0,6,5,5,True,False,4.773375411123571e-05
8,learned,72,40.0,6,5,5,True,False,4.773375411123571e-05
8,learned,73,40.0,6,5,5,True,False,4.773375411123571e-05
8,learned,74,40.0,6,5,5,True,False,4.773375411123571e-05
8,learned,75,40.0,6,5,5,True,False,4.773375411123571e-05
8,learned,76,40.0,6,5,5,True,False,4.773375411123571e-05
8,learned,77,40.0,6,5,5,True,False,4.773375411123571e-05
8,learned,78,40.0,6,5,5,True,False,4.773375411123571e-05
8,learned,79,40.0,6,5,5,True,False,4.773375411123571e-05
8,learned,80,40.0,6,5,5,True,False,4.773375411123571e-05
8,learned,81,40.0,6,5,5,True,False,4.773375411123571e-05
8,learned,82,40.0,6,5,5,True,False,4.773375411123571e-05
8,learned,83,40.0,6,5,5,True,False,4.773375411123571e-05
8,learned,84,40.0,6,5,5,True,False,4.773375411123571e-05
8,learned,85,40.0,6,5,5,True,False,4.773375411123571e-05
8,learned,86,40.0,6,5,5,True,False,4.773375411123571e-05
8,learned,87,40.0,6,5,5,True,False,4.773375411123571e-05
8,learned,88,40.0,6,5,5,True,False,4.773375411123571e-05
8,learned,89,40.0,6,5,5,True,False,4.773375411123571e-05
8,learned,90,40.0,6,5,5,True,False,4.773375411123571e-05
8,learned,91,40.0,6,5,5,True,False,4.773375411123571e-05
8,learned,92,40.0,6,5,5,True,False,4.773375411123571e-05
8,learned,93,40.0,6,5,5,True,False,4.773375411123571e-05
8,learned,94,40.0,6,5,5,True,False,4.773375411123571e-05
8,learned,95,40.0,6,5,5,True,False,4.773375411123571e-05
8,learned,96,40.0,6,5,5,True,False,4.773375411123571e-05
8,learned,97,40.0,6,5,5,True,False,4.773375411123571e-05
8,learned,98,40.0,6,5,5,True,False,4.773375411123571e-05
8,learned,99,40.0,6,5,5,True,False,4.773375411123571e-05
8,learned,100,40.0,6,5,5,True,False,4.773375411123571e-05
8,learned,101,40.0,6,5,5,True,False,4.773375411123571e-05
8,learned,102,40.0,6,5,5,True,False,4.773375411123571e-05
8,learned,103,40.0,6,5,5,True,False,4.773375411123571e-05
8,learned,104,40.0,6,5,5,True,False,4.773375411123571e-05
8,learned,105,40.0,6,5,5,True,False,4.773375411123571e-05
8,learned,106,40.0,6,5,5,True,False,4.773375411123571e-05
8,learned,107,40.0,6,5,5,True,False,4.773375411123571e-05
8,learned,108,40.0,6,5,5,True,False,4.773375411123571e-05
8,learned,109,40.0,6,5,5,True,False,4.773375411123571e-05
8,learned,110,40.0,6,5,5,True,False,4.773375411123571e-05
8,learned,111,40.0,6,5,5,True,False,4.773375411123571e-05
8,learned,112,40.0,6,5,5,True,False,4.773375411123571e-05
8,learned,113,40.0,6,5,5,True,False,4.773375411123571e-05
8,learned,114,40.0,6,5,5,True,False,4.773375411123571e-05
8,learned,115,40.0,6,5,5,True,False,4.773375411123571e-05
8,learned,116,40.0,6,5,5,True,False,4.773375411123571e-05
8,learned,117,40.0,6,5,5,True,False,4.773375411123571e-05
8,learned,118,40.0,6,5,5,True,False,4.773375411123571e-05
8,learned,119,40.0,6,5,5,True,False,4.773375411123571e-05
8,learned,120,40.0,6,5,5,True,False,4.773375411123571e-05
8,learned,121,40.0,6,5,5,True,False,4.773375411123571e-05
8,learned,122,40.0,6,5,5,True,False,4.773375411123571e-05
8,learned,123,40.0,6,5,5,True,False,4.773375411123571e-05
8,learned,124,40.0,6,5,5,True,False,4.773375411123571e-05
8,learned,125,40.0,6,5,5,True,False,4.773375411123571e-05
8,learned,126,40.0,6,5,5,True,False,4.773375411123571e-05
8,learned,127,40.0,6,5,5,True,False,4.773375411123571e-05
8,learned,128,40.0,6,5,5,True,False,4.773375411123571e-05
8,learned,129,40.0,6,5,5,True,False,4.773375411123571e-05
8,learned,130,40.0,6,5,5,True,False,4.773375411123571e-05
8,learned,131,40.0,6,5,5,True,False,4.773375411123571e-05
8,learned,132,40.0,6,5,5,True,False,4.773375411123571e-05
8,learned,133,40.0,6,5,5,True,False,4.773375411123571e-05
8,learned,134,40.0,6,5,5,True,False,4.773375411123571e-05
8,learned,135,40.0,6,5,5,True,False,4.773375411123571e-05
8,learned,136,40.0,6,5,5,True,False,4.773375411123571e-05
8,learned,137,40.0,6,5,5,True,False,4.773375411123571e-05
8,learned,138,40.0,6,5,5,True,False,4.773375411123571e-05
8,learned,139,40.0,6,5,5,True,False,4.773375411123571e-05
8,learned,140,40.0,6,5,5,True,False,4.773375411123571e-05
8,learned,141,40.0,6,5,5,True,False,4.773375411123571e-05
8,learned,142,40.0,6,5,5,True,False,4.773375411123571e-05
8,learned,143,40.0,6,5,5,True,False,4.773375411123571e-05
8,learned,144,40.0,6,5,5,True,False,4.773375411123571e-05
8,learned,145,40.0,6,5,5,True,False,4.773375411123571e-05
8,learned,146,40.0,6,5,5,True,False,4.773375411123571e-05
8,learned,147,40.0,6,5,5,True,False,4.773375411123571e-05
8,learned,148,40.0,6,5,5,True,False,4.773375411123571e-05
8,learned,149,40.0,6,5,5,True,False,4.773375411123571e-05
8,learned,150,40.0,6,5,5,True,False,4.773375411123571e-05
8,learned,151,40.0,6,5,5,True,False,4.773375411123571e-05
8,learned,152,40.0,6,5,5,True,False,4.773375411123571e-05
8,learned,153,40.0,6,5,5,True,False,4.773375411123571e-05
8,learned,154,40.0,6,5,5,True,False,4.773375411123571e-05
8,learned,155,40.0,6,5,5,True,False,4.773375411123571e-05
8,learned,156,40.0,6,5,5,True,False,4.773375411123571e-05
8,learned,157,40.0,6,5,5,True,False,4.773375411123571e-05
8,learned,158,40.0,6,5,5,True,False,4.773375411123571e-05
8,learned,159,40.0,6,5,5,True,False,4.773375411123571e-05
8,learned,160,40.0,6,5,5,True,False,4.773375411123571e-05
8,learned,161,40.0,6,5,5,True,False,4.773375411123571e-05
8,learned,162,40.0,6,5,5,True,False,4.773375411123571e-05
8,learned,163,40.0,6,5,5,True,False,4.773375411123571e-05
8,learned,164,40.0,6,5,5,True,False,4.773375411123571e-05
8,learned,165,40.0,6,5,5,True,False,4.773375411123571e-05
8,learned,166,40.0,6,5,5,True,False,4.773375411123571e-05
8,learned,167,40.0,6,5,5,True,False,4.773375411123571e-05
8,learned,168,40.0,6,5,5,True,False,4.773375411123571e-05
8,learned,169,40.0,6,5,5,True,False,4.773375411123571e-05
8,learned,170,40.0,6,5,5,True,False,4.773375411123571e-05
8,learned,171,40.0,6,5,5,True,False,4.773375411123571e-05
8,learned,172,40.0,6,5,5,True,False,4.773375411123571e-05
8,learned,173,40.0,6,5,5,True,False,4.773375411123571e-05
8,learned,174,40.0,6,5,5,True,False,4.773375411123571e-05
8,learned,175,40.0,6,5,5,True,False,4.773375411123571e-05
8,learned,176,40.0,6,5,5,True,False,4.773375411123571e-05
8,learned,177,40.0,6,5,5,True,False,4.773375411123571e-05
8,learned,178,40.0,6,5,5,True,False,4.773375411123571e-05
8,learned,179,40.0,6,5,5,True,False,4.773375411123571e-05
8,learned,180,40.0,6,5,5,True,False,4.773375411123571e-05
8,learned,181,40.0,6,5,5,True,False,4.773375411123571e-05
8,learned,182,40.0,6,5,5,True,False,4.773375411123571e-05
8,learned,183,40.0,6,5,5,True,False,4.773375411123571e-05
8,learned,184,40.0,6,5,5,True,False,4.773375411123571e-05
8,learned,185,40.0,6,5,5,True,False,4.773375411123571e-05
8,learned,186,40.0,6,5,5,True,False,4.773375411123571e-05
8,learned,187,40.0,6,5,5,True,False,4.773375411123571e-05
8,learned,188,40.0,6,5,5,True,False,4.773375411123571e-05
8,learned,189,40.0,6,5,5,True,False,4.773375411123571e-05
8,learned,190,40.0,6,5,5,True,False,4.773375411123571e-05
8,learned,191,40.0,6,5,5,True,False,4.773375411123571e-05
8,learned,192,40.0,6,5,5,True,False,4.773375411123571e-05
8,learned,193,40.0,6,5,5,True,False,4.773375411123571e-05
8,learned,194,40.0,6,5,5,True,False,4.773375411123571e-05
8,learned,195,40.0,6,5,5,True,False,4.773375411123571e-05
8,learned,196,40.0,6,5,5,True,False,4.773375411123571e-05
8,learned,197,40.0,6,5,5,True,False,4.773375411123571e-05
8,learned,198,40.0,6,5,5,True,False,4.773375411123571e-05
8,learned,199,40.0,6,5,5,True,False,4.773375411123571e-05
8,learned,200,40.0,6,5,5,True,False,4.773375411123571e-05
9,initial,0,40.0,6,5,5,True,False,5.054940349962327e-07
9,greedy,0,40.0,6,5,5,True,False,5.054940349962327e-07
9,greedy,1,50.0,5,5,5,True,True,3.4783099355623363e-07
9,random,0,40.0,6,5,5,True,False,5.054940349962327e-07
9,random,1,40.0,6,5,5,True,False,5.054940349962327e-07
9,random,2,40.0,6,5,5,True,False,5.054940349962327e-07
9,random,3,30.0,5,4,5,False,False,0.0
9,random,4,30.0,5,4,5,False,False,0.0
9,random,5,20.0,6,4,5,False,False,0.0
9,random,6,20.0,6,4,5,False,False,0.0
9,random,7,30.0,7,5,5,True,False,5.055174539233456e-07
9,random,8,20.0,8,5,5,True,False,5.057624597104291e-07
9,random,9,30.0,7,5,5,True,False,3.479571302749399e-07
9,random,10,20.0,6,4,5,False,False,0.0
9,random,11,20.0,6,4,5,False,False,0.0
9,random,12,20.0,6,4,5,False,False,0.0
9,random,13,30.0,7,5,5,True,False,3.263122600815233e-05
9,random,14,30.0,7,5,5,True,False,3.263122600815233e-05
9,random,15,30.0,7,5,5,True,False,3.263122600815233e-05
9,random,16,20.0,8,5,5,True,False,3.43425180676161e-05
9,random,17,20.0,8,5,5,True,False,3.43425180676161e-05
9,random,18,20.0,8,5,5,True,False,3.43425180676161e-05
9,random,19,30.0,7,5,5,True,False,3.479571302749084e-07
9,random,20,20.0,8,5,5,True,False,4.1624938874410234e-07
9,random,21,30.0,7,5,5,True,False,4.1608663978279667e-07
9,random,22,30.0,7,5,5,True,False,4.1608663978279667e-07
9,random,23,30.0,7,5,5,True,False,4.1608663978279667e-07
9,random,24,40.0,6,5,5,True,False,3.4784232474633305e-07
9,random,25,50.0,5,5,5,True,True,3.478309935562344e-07
9,random,26,40.0,4,4,5,False,False,0.0
9,random,27,40.0,4,4,5,False,False,0.0
9,random,28,40.0,4,4,5,False,False,0.0
9,random,29,40.0,4,4,5,False,False,0.0
9,random,30,50.0,5,5,5,True,True,3.478309935562344e-07
9,random,31,50.0,5,5,5,True,True,3.478309935562344e-07
9,random,32,50.0,5,5,5,True,True,3.478309935562344e-07
9,random,33,40.0,4,4,5,False,False,0.0
9,random,34,40.0,4,4,5,False,False,0.0
9,random,35,40.0,4,4,5,False,False,0.0
9,random,36,30.0,5,4,5,False,False,0.0
9,random,37,40.0,4,4,5,False,False,0.0
9,random,38,40.0,4,4,5,False,False,0.0
9,random,39,30.0,3,3,5,False,False,0.0
9,random,40,40.0,4,4,5,False,False,0.0
9,random,41,50.0,5,5,5,True,True,2.8426141366492634e-05
9,random,42,50.0,5,5,5,True,True,2.8426141366492634e-05
9,random,43,50.0,5,5,5,True,True,2.8426141366492634e-05
9,random,44,50.0,5,5,5,True,True,2.8426141366492634e-05
9,random,45,40.0,4,4,5,False,False,0.0
9,random,46,30.0,3,3,5,False,False,0.0
9,random,47,20.0,4,3,5,False,False,0.0
9,random,48,20.0,4,3,5,False,False,0.0
9,random,49,30.0,3,3,5,False,False,0.0
9,random,50,40.0,4,4,5,False,False,0.0
9,random,51,30.0,3,3,5,False,False,0.0
9,random,52,40.0,4,4,5,False,False,0.0
9,random,53,40.0,4,4,5,False,False,0.0
9,random,54,40.0,4,4,5,False,False,0.0
9,random,55,40.0,4,4,5,False,False,0.0
9,random,56,40.0,4,4,5,False,False,0.0
9,random,57,40.0,4,4,5,False,False,0.0
9,random,58,30.0,5,4,5,False,False,0.0
9,random,59,40.0,6,5,5,True,False,4.328128508312696e-05
9,random,60,40.0,6,5,5,True,False,4.328128508312696e-05
9,random,61,30.0,7,5,5,True,False,4.3346825240184125e-05
9,random,62,30.0,7,5,5,True,False,4.3346825240184125e-05
9,random,63,30.0,7,5,5,True,False,4.3346825240184125e-05
9,random,64,30.0,7,5,5,True,False,4.3346825240184125e-05
9,random,65,30.0,7,5,5,True,False,4.3346825240184125e-05
9,random,66,30.0,7,5,5,True,False,4.3346825240184125e-05
9,random,67,20.0,6,4,5,False,False,0.0
9,random,68,20.0,6,4,5,False,False,0.0
9,random,69,30.0,5,4,5,False,False,0.0
9,random,70,40.0,4,4,5,False,False,0.0
9,random,71,30.0,3,3,5,False,False,0.0
9,random,72,40.0,4,4,5,False,False,0.0
9,random,73,40.0,4,4,5,False,False,0.0
9,random,74,50.0,5,5,5,True,True,4.770862502920244e-08
9,random,75,40.0,6,5,5,True,False,4.78254931373936e-08
9,random,76,30.0,7,5,5,True,False,5.706289095454691e-08
9,random,77,30.0,7,5,5,True,False,5.706289095454691e-08
9,random,78,30.0,7,5,5,True,False,5.706289095454691e-08
9,random,79,30.0,7,5,5,True,False,5.706289095454691e-08
9,random,80,30.0,7,5,5,True,False,5.706289095454691e-08
9,random,81,30.0,7,5,5,True,False,5.706289095454691e-08
9,random,82,30.0,7,5,5,True,False,5.706289095454691e-08
9,random,83,30.0,7,5,5,True,False,5.706289095454691e-08
9,random,84,40.0,6,5,5,True,False,4.78254931373936e-08
9,random,85,40.0,6,5,5,True,False,4.78254931373936e-08
9,random,86,30.0,7,5,5,True,False,4.879563591516494e-08
9,random,87,20.0,6,4,5,False,False,0.0
9,random,88,20.0,6,4,5,False,False,0.0
9,random,89,30.0,5,4,5,False,False,0.0
9,random,90,30.0,5,4,5,False,False,0.0
9,random,91,30.0,5,4,5,False,False,0.0
9,random,92,30.0,5,4,5,False,False,0.0
9,random,93,30.0,5,4,5,False,False,0.0
9,random,94,20.0,4,3,5,False,False,0.0
9,random,95,20.0,4,3,5,False,False,0.0
9,random,96,10.0,3,2,5,False,False,0.0
9,random,97,20.0,2,2,5,False,False,0.0
9,random,98,20.0,2,2,5,False,False,0.0
9,random,99,20.0,2,2,5,False,False,0.0
9,random,100,10.0,3,2,5,False,False,0.0
9,random,101,20.0,4,3,5,False,False,0.0
9,random,102,20.0,4,3,5,False,False,0.0
9,random,103,20.0,4,3,5,False,False,0.0
9,random,104,10.0,5,3,5,False,False,0.0
9,random,105,10.0,5,3,5,False,False,0.0
9,random,106,10.0,5,3,5,False,False,0.0
9,random,107,20.0,6,4,5,False,False,0.0
9,random,108,30.0,7,5,5,True,False,5.23338071691899e-07
9,random,109,30.0,7,5,5,True,False,5.23338071691899e-07
9,random,110,40.0,6,5,5,True,False,3.5618606971039494e-07
9,random,111,30.0,7,5,5,True,False,5.23338071691899e-07
9,random,112,20.0,6,4,5,False,False,0.0
9,random,113,20.0,6,4,5,False,False,0.0
9,random,114,30.0,7,5,5,True,False,2.9201729334467566e-05
9,random,115,20.0,6,4,5,False,False,0.0
9,random,116,20.0,6,4,5,False,False,0.0
9,random,117,20.0,6,4,5,False,False,0.0
9,random,118,20.0,6,4,5,False,False,0.0
9,random,119,20.0,6,4,5,False,False,0.0
9,random,120,30.0,5,4,5,False,False,0.0
9,random,121,30.0,5,4,5,False,False,0.0
9,random,122,20.0,4,3,5,False,False,0.0
9,random,123,30.0,5,4,5,False,False,0.0
9,random,124,30.0,5,4,5,False,False,0.0
9,random,125,30.0,5,4,5,False,False,0.0
9,random,126,20.0,4,3,5,False,False,0.0
9,random,127,20.0,4,3,5,False,False,0.0
9,random,128,20.0,4,3,5,False,False,0.0
9,random,129,20.0,4,3,5,False,False,0.0
9,random,130,20.0,4,3,5,False,False,0.0
9,random,131,30.0,5,4,5,False,False,0.0
9,random,132,30.0,5,4,5,False,False,0.0
9,random,133,30.0,5,4,5,False,False,0.0
9,random,134,20.0,6,4,5,False,False,0.0
9,random,135,10.0,7,4,5,False,False,0.0
9,random,136,10.0,7,4,5,False,False,0.0
9,random,137,20.0,6,4,5,False,False,0.0
9,random,138,20.0,6,4,5,False,False,0.0
9,random,139,30.0,7,5,5,True,False,1.730432689143664e-05
9,random,140,30.0,7,5,5,True,False,1.730432689143664e-05
9,random,141,40.0,6,5,5,True,False,1.37991457999953e-05
9,random,142,40.0,6,5,5,True,False,1.37991457999953e-05
9,random,143,30.0,5,4,5,False,False,0.0
9,random,144,20.0,6,4,5,False,False,0.0
9,random,145,30.0,5,4,5,False,False,0.0
9,random,146,30.0,5,4,5,False,False,0.0
9,random,147,20.0,4,3,5,False,False,0.0
9,random,148,30.0,3,3,5,False,False,0.0
9,random,149,40.0,4,4,5,False,False,0.0
9,random,150,40.0,4,4,5,False,False,0.0
9,random,151,40.0,4,4,5,False,False,0.0
9,random,152,50.0,5,5,5,True,True,2.9550668414665752e-05
9,random,153,40.0,6,5,5,True,False,2.9588128793549083e-05
9,random,154,30.0,5,4,5,False,False,0.0
9,random,155,30.0,5,4,5,False,False,0.0
9,random,156,30.0,5,4,5,False,False,0.0
9,random,157,20.0,6,4,5,False,False,0.0
9,random,158,30.0,5,4,5,False,False,0.0
9,random,159,20.0,6,4,5,False,False,0.0
9,random,160,20.0,6,4,5,False,False,0.0
9,random,161,20.0,6,4,5,False,False,0.0
9,random,162,10.0,5,3,5,False,False,0.0
9,random,163,20.0,6,4,5,False,False,0.0
9,random,164,30.0,5,4,5,False,False,0.0
9,random,165,40.0,6,5,5,True,False,4.1535681318616306e-05
9,random,166,50.0,5,5,5,True,True,2.8426141366492634e-05
9,random,167,40.0,4,4,5,False,False,0.0
9,random,168,40.0,4,4,5,False,False,0.0
9,random,169,30.0,5,4,5,False,False,0.0
9,random,170,40.0,6,5,5,True,False,1.2808652308009244e-05
9,random,171,40.0,6,5,5,True,False,1.2808652308009244e-05
9,random,172,30.0,5,4,5,False,False,0.0
9,random,173,30.0,5,4,5,False,False,0.0
9,random,174,40.0,6,5,5,True,False,2.847920072245966e-05
9,random,175,30.0,5,4,5,False,False,0.0
9,random,176,40.0,6,5,5,True,False,2.847920072245966e-05
9,random,177,30.0,7,5,5,True,False,2.8902616682354273e-05
9,random,178,40.0,6,5,5,True,False,2.88563491981291e-05
9,random,179,40.0,6,5,5,True,False,2.88563491981291e-05
9,random,180,40.0,6,5,5,True,False,2.88563491981291e-05
9,random,181,30.0,5,4,5,False,False,0.0
9,random,182,30.0,5,4,5,False,False,0.0
9,random,183,40.0,6,5,5,True,False,5.05494034996235e-07
9,random,184,30.0,7,5,5,True,False,5.057390421992883e-07
9,random,185,30.0,7,5,5,True,False,5.057390421992883e-07
9,random,186,20.0,6,4,5,False,False,0.0
9,random,187,10.0,5,3,5,False,False,0.0
9,random,188,10.0,5,3,5,False,False,0.0
9,random,189,20.0,6,4,5,False,False,0.0
9,random,190,20.0,6,4,5,False,False,0.0
9,random,191,20.0,6,4,5,False,False,0.0
9,random,192,20.0,6,4,5,False,False,0.0
9,random,193,20.0,6,4,5,False,False,0.0
9,random,194,30.0,7,5,5,True,False,5.057390421992883e-07
9,random,195,20.0,8,5,5,True,False,3.4297523765155894e-05
9,random,196,10.0,9,5,5,True,False,5.660722496363529e-05
9,random,197,10.0,9,5,5,True,False,5.660722496363529e-05
9,random,198,10.0,9,5,5,True,False,5.660722496363529e-05
9,random,199,0.0,10,5,5,True,False,5.8600980159952396e-05
9,random,200,0.0,10,5,5,True,False,5.8600980159952396e-05
9,learned,0,40.0,6,5,5,True,False,5.054940349962327e-07
9,learned,1,50.0,5,5,5,True,True,3.4783099355623363e-07
9,learned,2,40.0,6,5,5,True,False,2.9599829697792982e-05
9,learned,3,40.0,6,5,5,True,False,2.9599829697792982e-05
9,learned,4,40.0,6,5,5,True,False,2.9599829697792982e-05
9,learned,5,40.0,6,5,5,True,False,2.9599829697792982e-05
9,learned,6,40.0,6,5,5,True,False,2.9599829697792982e-05
9,learned,7,40.0,6,5,5,True,False,2.9599829697792982e-05
9,learned,8,40.0,6,5,5,True,False,2.9599829697792982e-05
9,learned,9,40.0,6,5,5,True,False,2.9599829697792982e-05
9,learned,10,40.0,6,5,5,True,False,2.9599829697792982e-05
9,learned,11,40.0,6,5,5,True,False,2.9599829697792982e-05
9,learned,12,40.0,6,5,5,True,False,2.9599829697792982e-05
9,learned,13,40.0,6,5,5,True,False,2.9599829697792982e-05
9,learned,14,40.0,6,5,5,True,False,2.9599829697792982e-05
9,learned,15,40.0,6,5,5,True,False,2.9599829697792982e-05
9,learned,16,40.0,6,5,5,True,False,2.9599829697792982e-05
9,learned,17,40.0,6,5,5,True,False,2.9599829697792982e-05
9,learned,18,40.0,6,5,5,True,False,2.9599829697792982e-05
9,learned,19,40.0,6,5,5,True,False,2.9599829697792982e-05
9,learned,20,40.0,6,5,5,True,False,2.9599829697792982e-05
9,learned,21,40.0,6,5,5,True,False,2.9599829697792982e-05
9,learned,22,40.0,6,5,5,True,False,2.9599829697792982e-05
9,learned,23,40.0,6,5,5,True,False,2.9599829697792982e-05
9,learned,24,40.0,6,5,5,True,False,2.9599829697792982e-05
9,learned,25,40.0,6,5,5,True,False,2.9599829697792982e-05
9,learned,26,40.0,6,5,5,True,False,2.9599829697792982e-05
9,learned,27,40.0,6,5,5,True,False,2.9599829697792982e-05
9,learned,28,40.0,6,5,5,True,False,2.9599829697792982e-05
9,learned,29,40.0,6,5,5,True,False,2.9599829697792982e-05
9,learned,30,40.0,6,5,5,True,False,2.9599829697792982e-05
9,learned,31,40.0,6,5,5,True,False,2.9599829697792982e-05
9,learned,32,40.0,6,5,5,True,False,2.9599829697792982e-05
9,learned,33,40.0,6,5,5,True,False,2.9599829697792982e-05
9,learned,34,40.0,6,5,5,True,False,2.9599829697792982e-05
9,learned,35,40.0,6,5,5,True,False,2.9599829697792982e-05
9,learned,36,40.0,6,5,5,True,False,2.9599829697792982e-05
9,learned,37,40.0,6,5,5,True,False,2.9599829697792982e-05
9,learned,38,40.0,6,5,5,True,False,2.9599829697792982e-05
9,learned,39,40.0,6,5,5,True,False,2.9599829697792982e-05
9,learned,40,40.0,6,5,5,True,False,2.9599829697792982e-05
9,learned,41,40.0,6,5,5,True,False,2.9599829697792982e-05
9,learned,42,40.0,6,5,5,True,False,2.9599829697792982e-05
9,learned,43,40.0,6,5,5,True,False,2.9599829697792982e-05
9,learned,44,40.0,6,5,5,True,False,2.9599829697792982e-05
9,learned,45,40.0,6,5,5,True,False,2.9599829697792982e-05
9,learned,46,40.0,6,5,5,True,False,2.9599829697792982e-05
9,learned,47,40.0,6,5,5,True,False,2.9599829697792982e-05
9,learned,48,40.0,6,5,5,True,False,2.9599829697792982e-05
9,learned,49,40.0,6,5,5,True,False,2.9599829697792982e-05
9,learned,50,40.0,6,5,5,True,False,2.9599829697792982e-05
9,learned,51,40.0,6,5,5,True,False,2.9599829697792982e-05
9,learned,52,40.0,6,5,5,True,False,2.9599829697792982e-05
9,learned,53,40.0,6,5,5,True,False,2.9599829697792982e-05
9,learned,54,40.0,6,5,5,True,False,2.9599829697792982e-05
9,learned,55,40.0,6,5,5,True,False,2.9599829697792982e-05
9,learned,56,40.0,6,5,5,True,False,2.9599829697792982e-05
9,learned,57,40.0,6,5,5,True,False,2.9599829697792982e-05
9,learned,58,40.0,6,5,5,True,False,2.9599829697792982e-05
9,learned,59,40.0,6,5,5,True,False,2.9599829697792982e-05
9,learned,60,40.0,6,5,5,True,False,2.9599829697792982e-05
9,learned,61,40.0,6,5,5,True,False,2.9599829697792982e-05
9,learned,62,40.0,6,5,5,True,False,2.9599829697792982e-05
9,learned,63,40.0,6,5,5,True,False,2.9599829697792982e-05
9,learned,64,40.0,6,5,5,True,False,2.9599829697792982e-05
9,learned,65,40.0,6,5,5,True,False,2.9599829697792982e-05
9,learned,66,40.0,6,5,5,True,False,2.9599829697792982e-05
9,learned,67,40.0,6,5,5,True,False,2.9599829697792982e-05
9,learned,68,40.0,6,5,5,True,False,2.9599829697792982e-05
9,learned,69,40.0,6,5,5,True,False,2.9599829697792982e-05
9,learned,70,40.0,6,5,5,True,False,2.9599829697792982e-05
9,learned,71,40.0,6,5,5,True,False,2.9599829697792982e-05
9,learned,72,40.0,6,5,5,True,False,2.9599829697792982e-05
9,learned,73,40.0,6,5,5,True,False,2.9599829697792982e-05
9,learned,74,40.0,6,5,5,True,False,2.9599829697792982e-05
9,learned,75,40.0,6,5,5,True,False,2.9599829697792982e-05
9,learned,76,40.0,6,5,5,True,False,2.9599829697792982e-05
9,learned,77,40.0,6,5,5,True,False,2.9599829697792982e-05
9,learned,78,40.0,6,5,5,True,False,2.9599829697792982e-05
9,learned,79,40.0,6,5,5,True,False,2.9599829697792982e-05
9,learned,80,40.0,6,5,5,True,False,2.9599829697792982e-05
9,learned,81,40.0,6,5,5,True,False,2.9599829697792982e-05
9,learned,82,40.0,6,5,5,True,False,2.9599829697792982e-05
9,learned,83,40.0,6,5,5,True,False,2.9599829697792982e-05
9,learned,84,40.0,6,5,5,True,False,2.9599829697792982e-05
9,learned,85,40.0,6,5,5,True,False,2.9599829697792982e-05
9,learned,86,40.0,6,5,5,True,False,2.9599829697792982e-05
9,learned,87,40.0,6,5,5,True,False,2.9599829697792982e-05
9,learned,88,40.0,6,5,5,True,False,2.9599829697792982e-05
9,learned,89,40.0,6,5,5,True,False,2.9599829697792982e-05
9,learned,90,40.0,6,5,5,True,False,2.9599829697792982e-05
9,learned,91,40.0,6,5,5,True,False,2.9599829697792982e-05
9,learned,92,40.0,6,5,5,True,False,2.9599829697792982e-05
9,learned,93,40.0,6,5,5,True,False,2.9599829697792982e-05
9,learned,94,40.0,6,5,5,True,False,2.9599829697792982e-05
9,learned,95,40.0,6,5,5,True,False,2.9599829697792982e-05
9,learned,96,40.0,6,5,5,True,False,2.9599829697792982e-05
9,learned,97,40.0,6,5,5,True,False,2.9599829697792982e-05
9,learned,98,40.0,6,5,5,True,False,2.9599829697792982e-05
9,learned,99,40.0,6,5,5,True,False,2.9599829697792982e-05
9,learned,100,40.0,6,5,5,True,False,2.9599829697792982e-05
9,learned,101,40.0,6,5,5,True,False,2.9599829697792982e-05
9,learned,102,40.0,6,5,5,True,False,2.9599829697792982e-05
9,learned,103,40.0,6,5,5,True,False,2.9599829697792982e-05
9,learned,104,40.0,6,5,5,True,False,2.9599829697792982e-05
9,learned,105,40.0,6,5,5,True,False,2.9599829697792982e-05
9,learned,106,40.0,6,5,5,True,False,2.9599829697792982e-05
9,learned,107,40.0,6,5,5,True,False,2.9599829697792982e-05
9,learned,108,40.0,6,5,5,True,False,2.9599829697792982e-05
9,learned,109,40.0,6,5,5,True,False,2.9599829697792982e-05
9,learned,110,40.0,6,5,5,True,False,2.9599829697792982e-05
9,learned,111,40.0,6,5,5,True,False,2.9599829697792982e-05
9,learned,112,40.0,6,5,5,True,False,2.9599829697792982e-05
9,learned,113,40.0,6,5,5,True,False,2.9599829697792982e-05
9,learned,114,40.0,6,5,5,True,False,2.9599829697792982e-05
9,learned,115,40.0,6,5,5,True,False,2.9599829697792982e-05
9,learned,116,40.0,6,5,5,True,False,2.9599829697792982e-05
9,learned,117,40.0,6,5,5,True,False,2.9599829697792982e-05
9,learned,118,40.0,6,5,5,True,False,2.9599829697792982e-05
9,learned,119,40.0,6,5,5,True,False,2.9599829697792982e-05
9,learned,120,40.0,6,5,5,True,False,2.9599829697792982e-05
9,learned,121,40.0,6,5,5,True,False,2.9599829697792982e-05
9,learned,122,40.0,6,5,5,True,False,2.9599829697792982e-05
9,learned,123,40.0,6,5,5,True,False,2.9599829697792982e-05
9,learned,124,40.0,6,5,5,True,False,2.9599829697792982e-05
9,learned,125,40.0,6,5,5,True,False,2.9599829697792982e-05
9,learned,126,40.0,6,5,5,True,False,2.9599829697792982e-05
9,learned,127,40.0,6,5,5,True,False,2.9599829697792982e-05
9,learned,128,40.0,6,5,5,True,False,2.9599829697792982e-05
9,learned,129,40.0,6,5,5,True,False,2.9599829697792982e-05
9,learned,130,40.0,6,5,5,True,False,2.9599829697792982e-05
9,learned,131,40.0,6,5,5,True,False,2.9599829697792982e-05
9,learned,132,40.0,6,5,5,True,False,2.9599829697792982e-05
9,learned,133,40.0,6,5,5,True,False,2.9599829697792982e-05
9,learned,134,40.0,6,5,5,True,False,2.9599829697792982e-05
9,learned,135,40.0,6,5,5,True,False,2.9599829697792982e-05
9,learned,136,40.0,6,5,5,True,False,2.9599829697792982e-05
9,learned,137,40.0,6,5,5,True,False,2.9599829697792982e-05
9,learned,138,40.0,6,5,5,True,False,2.9599829697792982e-05
9,learned,139,40.0,6,5,5,True,False,2.9599829697792982e-05
9,learned,140,40.0,6,5,5,True,False,2.9599829697792982e-05
9,learned,141,40.0,6,5,5,True,False,2.9599829697792982e-05
9,learned,142,40.0,6,5,5,True,False,2.9599829697792982e-05
9,learned,143,40.0,6,5,5,True,False,2.9599829697792982e-05
9,learned,144,40.0,6,5,5,True,False,2.9599829697792982e-05
9,learned,145,40.0,6,5,5,True,False,2.9599829697792982e-05
9,learned,146,40.0,6,5,5,True,False,2.9599829697792982e-05
9,learned,147,40.0,6,5,5,True,False,2.9599829697792982e-05
9,learned,148,40.0,6,5,5,True,False,2.9599829697792982e-05
9,learned,149,40.0,6,5,5,True,False,2.9599829697792982e-05
9,learned,150,40.0,6,5,5,True,False,2.9599829697792982e-05
9,learned,151,40.0,6,5,5,True,False,2.9599829697792982e-05
9,learned,152,40.0,6,5,5,True,False,2.9599829697792982e-05
9,learned,153,40.0,6,5,5,True,False,2.9599829697792982e-05
9,learned,154,40.0,6,5,5,True,False,2.9599829697792982e-05
9,learned,155,40.0,6,5,5,True,False,2.9599829697792982e-05
9,learned,156,40.0,6,5,5,True,False,2.9599829697792982e-05
9,learned,157,40.0,6,5,5,True,False,2.9599829697792982e-05
9,learned,158,40.0,6,5,5,True,False,2.9599829697792982e-05
9,learned,159,40.0,6,5,5,True,False,2.9599829697792982e-05
9,learned,160,40.0,6,5,5,True,False,2.9599829697792982e-05
9,learned,161,40.0,6,5,5,True,False,2.9599829697792982e-05
9,learned,162,40.0,6,5,5,True,False,2.9599829697792982e-05
9,learned,163,40.0,6,5,5,True,False,2.9599829697792982e-05
9,learned,164,40.0,6,5,5,True,False,2.9599829697792982e-05
9,learned,165,40.0,6,5,5,True,False,2.9599829697792982e-05
9,learned,166,40.0,6,5,5,True,False,2.9599829697792982e-05
9,learned,167,40.0,6,5,5,True,False,2.9599829697792982e-05
9,learned,168,40.0,6,5,5,True,False,2.9599829697792982e-05
9,learned,169,40.0,6,5,5,True,False,2.9599829697792982e-05
9,learned,170,40.0,6,5,5,True,False,2.9599829697792982e-05
9,learned,171,40.0,6,5,5,True,False,2.9599829697792982e-05
9,learned,172,40.0,6,5,5,True,False,2.9599829697792982e-05
9,learned,173,40.0,6,5,5,True,False,2.9599829697792982e-05
9,learned,174,40.0,6,5,5,True,False,2.9599829697792982e-05
9,learned,175,40.0,6,5,5,True,False,2.9599829697792982e-05
9,learned,176,40.0,6,5,5,True,False,2.9599829697792982e-05
9,learned,177,40.0,6,5,5,True,False,2.9599829697792982e-05
9,learned,178,40.0,6,5,5,True,False,2.9599829697792982e-05
9,learned,179,40.0,6,5,5,True,False,2.9599829697792982e-05
9,learned,180,40.0,6,5,5,True,False,2.9599829697792982e-05
9,learned,181,40.0,6,5,5,True,False,2.9599829697792982e-05
9,learned,182,40.0,6,5,5,True,False,2.9599829697792982e-05
9,learned,183,40.0,6,5,5,True,False,2.9599829697792982e-05
9,learned,184,40.0,6,5,5,True,False,2.9599829697792982e-05
9,learned,185,40.0,6,5,5,True,False,2.9599829697792982e-05
9,learned,186,40.0,6,5,5,True,False,2.9599829697792982e-05
9,learned,187,40.0,6,5,5,True,False,2.9599829697792982e-05
9,learned,188,40.0,6,5,5,True,False,2.9599829697792982e-05
9,learned,189,40.0,6,5,5,True,False,2.9599829697792982e-05
9,learned,190,40.0,6,5,5,True,False,2.9599829697792982e-05
9,learned,191,40.0,6,5,5,True,False,2.9599829697792982e-05
9,learned,192,40.0,6,5,5,True,False,2.9599829697792982e-05
9,learned,193,40.0,6,5,5,True,False,2.9599829697792982e-05
9,learned,194,40.0,6,5,5,True,False,2.9599829697792982e-05
9,learned,195,40.0,6,5,5,True,False,2.9599829697792982e-05
9,learned,196,40.0,6,5,5,True,False,2.9599829697792982e-05
9,learned,197,40.0,6,5,5,True,False,2.9599829697792982e-05
9,learned,198,40.0,6,5,5,True,False,2.9599829697792982e-05
9,learned,199,40.0,6,5,5,True,False,2.9599829697792982e-05
9,learned,200,40.0,6,5,5,True,False,2.9599829697792982e-05
10,initial,0,0.0,10,5,5,True,False,5.454544326478035e-05
10,greedy,0,0.0,10,5,5,True,False,5.454544326478035e-05
10,greedy,1,10.0,9,5,5,True,False,5.2923439983197785e-05
10,greedy,2,20.0,8,5,5,True,False,4.825069861495926e-06
10,greedy,3,30.0,7,5,5,True,False,4.814588114766208e-06
10,greedy,4,40.0,6,5,5,True,False,4.811541299267741e-06
10,greedy,5,50.0,5,5,5,True,True,3.7592787164063687e-06
10,random,0,0.0,10,5,5,True,False,5.454544326478035e-05
10,random,1,10.0,9,5,5,True,False,1.1637248732224452e-05
10,random,2,0.0,10,5,5,True,False,1.3202425807204632e-05
10,random,3,10.0,9,5,5,True,False,1.1637248732224452e-05
10,random,4,20.0,8,5,5,True,False,1.0315875666447043e-05
10,random,5,30.0,7,5,5,True,False,1.0081115438872849e-05
10,random,6,30.0,7,5,5,True,False,1.0081115438872849e-05
10,random,7,20.0,8,5,5,True,False,1.136159367377804e-05
10,random,8,20.0,8,5,5,True,False,1.136159367377804e-05
10,random,9,30.0,7,5,5,True,False,7.232201247837635e-06
10,random,10,20.0,6,4,5,False,False,0.0
10,random,11,30.0,5,4,5,False,False,0.0
10,random,12,20.0,4,3,5,False,False,0.0
10,random,13,20.0,4,3,5,False,False,0.0
10,random,14,10.0,5,3,5,False,False,0.0
10,random,15,10.0,5,3,5,False,False,0.0
10,random,16,20.0,6,4,5,False,False,0.0
10,random,17,10.0,7,4,5,False,False,0.0
10,random,18,0.0,8,4,5,False,False,0.0
10,random,19,0.0,8,4,5,False,False,0.0
10,random,20,0.0,8,4,5,False,False,0.0
10,random,21,10.0,7,4,5,False,False,0.0
10,random,22,10.0,7,4,5,False,False,0.0
10,random,23,10.0,7,4,5,False,False,0.0
10,random,24,10.0,7,4,5,False,False,0.0
10,random,25,0.0,8,4,5,False,False,0.0
10,random,26,10.0,7,4,5,False,False,0.0
10,random,27,10.0,7,4,5,False,False,0.0
10,random,28,10.0,7,4,5,False,False,0.0
10,random,29,0.0,6,3,5,False,False,0.0
10,random,30,10.0,7,4,5,False,False,0.0
10,random,31,20.0,8,5,5,True,False,5.0048092685130396e-05
10,random,32,30.0,7,5,5,True,False,4.0984415616471475e-05
10,random,33,30.0,7,5,5,True,False,4.0984415616471475e-05
10,random,34,30.0,7,5,5,True,False,4.0984415616471475e-05
10,random,35,40.0,6,5,5,True,False,2.6988498485664354e-05
10,random,36,30.0,7,5,5,True,False,3.167408908004796e-05
10,random,37,30.0,7,5,5,True,False,3.167408908004796e-05
10,random,38,30.0,7,5,5,True,False,3.167408908004796e-05
10,random,39,30.0,7,5,5,True,False,3.167408908004796e-05
10,random,40,40.0,6,5,5,True,False,3.164959485588185e-05
10,random,41,40.0,6,5,5,True,False,3.164959485588185e-05
10,random,42,40.0,6,5,5,True,False,3.164959485588185e-05
10,random,43,30.0,7,5,5,True,False,3.3612077197948774e-05
10,random,44,40.0,6,5,5,True,False,2.7419478293639882e-05
10,random,45,40.0,6,5,5,True,False,2.7419478293639882e-05
10,random,46,40.0,6,5,5,True,False,2.7419478293639882e-05
10,random,47,40.0,6,5,5,True,False,2.7419478293639882e-05
10,random,48,40.0,6,5,5,True,False,2.7419478293639882e-05
10,random,49,40.0,6,5,5,True,False,2.7419478293639882e-05
10,random,50,30.0,7,5,5,True,False,3.058494924931763e-05
10,random,51,30.0,7,5,5,True,False,3.058494924931763e-05
10,random,52,20.0,8,5,5,True,False,4.014969349739604e-05
10,random,53,30.0,7,5,5,True,False,3.058494924931763e-05
10,random,54,30.0,7,5,5,True,False,3.058494924931763e-05
10,random,55,40.0,6,5,5,True,False,2.7419478293639882e-05
10,random,56,30.0,7,5,5,True,False,3.3612077197948774e-05
10,random,57,30.0,7,5,5,True,False,3.3612077197948774e-05
10,random,58,40.0,6,5,5,True,False,7.059711143252607e-06
10,random,59,40.0,6,5,5,True,False,7.059711143252607e-06
10,random,60,30.0,5,4,5,False,False,0.0
10,random,61,30.0,5,4,5,False,False,0.0
10,random,62,40.0,4,4,5,False,False,0.0
10,random,63,30.0,5,4,5,False,False,0.0
10,random,64,20.0,4,3,5,False,False,0.0
10,random,65,20.0,4,3,5,False,False,0.0
10,random,66,20.0,4,3,5,False,False,0.0
10,random,67,20.0,4,3,5,False,False,0.0
10,random,68,20.0,4,3,5,False,False,0.0
10,random,69,30.0,5,4,5,False,False,0.0
10,random,70,30.0,5,4,5,False,False,0.0
10,random,71,30.0,5,4,5,False,False,0.0
10,random,72,40.0,6,5,5,True,False,3.766638974148704e-06
10,random,73,40.0,6,5,5,True,False,3.766638974148704e-06
10,random,74,40.0,6,5,5,True,False,3.766638974148704e-06
10,random,75,40.0,6,5,5,True,False,3.766638974148704e-06
10,random,76,40.0,6,5,5,True,False,3.766638974148704e-06
10,random,77,40.0,6,5,5,True,False,3.766638974148704e-06
10,random,78,50.0,5,5,5,True,True,3.759278716406356e-06
10,random,79,40.0,6,5,5,True,False,3.164959485588177e-05
10,random,80,40.0,6,5,5,True,False,3.164959485588177e-05
10,random,81,50.0,5,5,5,True,True,5.634602357826266e-07
10,random,82,40.0,6,5,5,True,False,5.659283396300776e-07
10,random,83,40.0,6,5,5,True,False,5.659283396300776e-07
10,random,84,40.0,6,5,5,True,False,5.659283396300776e-07
10,random,85,30.0,5,4,5,False,False,0.0
10,random,86,40.0,6,5,5,True,False,5.659283396301716e-07
10,random,87,30.0,5,4,5,False,False,0.0
10,random,88,20.0,6,4,5,False,False,0.0
10,random,89,20.0,6,4,5,False,False,0.0
10,random,90,20.0,6,4,5,False,False,0.0
10,random,91,20.0,6,4,5,False,False,0.0
10,random,92,20.0,6,4,5,False,False,0.0
10,random,93,10.0,5,3,5,False,False,0.0
10,random,94,10.0,5,3,5,False,False,0.0
10,random,95,20.0,6,4,5,False,False,0.0
10,random,96,20.0,6,4,5,False,False,0.0
10,random,97,30.0,5,4,5,False,False,0.0
10,random,98,40.0,6,5,5,True,False,3.2918804375469e-06
10,random,99,40.0,6,5,5,True,False,3.2918804375469e-06
10,random,100,30.0,7,5,5,True,False,3.1770151024922e-05
10,random,101,30.0,7,5,5,True,False,3.1770151024922e-05
10,random,102,30.0,7,5,5,True,False,3.1770151024922e-05
10,random,103,40.0,6,5,5,True,False,5.659283396301673e-07
10,random,104,40.0,6,5,5,True,False,5.659283396301673e-07
10,random,105,40.0,6,5,5,True,False,5.659283396301673e-07
10,random,106,40.0,6,5,5,True,False,5.659283396301673e-07
10,random,107,40.0,6,5,5,True,False,5.659283396301673e-07
10,random,108,30.0,5,4,5,False,False,0.0
10,random,109,30.0,5,4,5,False,False,0.0
10,random,110,40.0,6,5,5,True,False,1.2430274924214998e-05
10,random,111,30.0,5,4,5,False,False,0.0
10,random,112,30.0,5,4,5,False,False,0.0
10,random,113,20.0,4,3,5,False,False,0.0
10,random,114,20.0,4,3,5,False,False,0.0
10,random,115,30.0,5,4,5,False,False,0.0
10,random,116,30.0,5,4,5,False,False,0.0
10,random,117,20.0,4,3,5,False,False,0.0
10,random,118,20.0,4,3,5,False,False,0.0
10,random,119,20.0,4,3,5,False,False,0.0
10,random,120,20.0,4,3,5,False,False,0.0
10,random,121,20.0,4,3,5,False,False,0.0
10,random,122,30.0,5,4,5,False,False,0.0
10,random,123,30.0,5,4,5,False,False,0.0
10,random,124,20.0,6,4,5,False,False,0.0
10,random,125,20.0,6,4,5,False,False,0.0
10,random,126,20.0,6,4,5,False,False,0.0
10,random,127,30.0,7,5,5,True,False,3.317202542193352e-06
10,random,128,30.0,7,5,5,True,False,3.317202542193352e-06
10,random,129,30.0,7,5,5,True,False,3.317202542193352e-06
10,random,130,30.0,7,5,5,True,False,3.317202542193352e-06
10,random,131,30.0,7,5,5,True,False,3.317202542193352e-06
10,random,132,30.0,7,5,5,True,False,3.317202542193352e-06
10,random,133,30.0,7,5,5,True,False,3.317202542193352e-06
10,random,134,20.0,6,4,5,False,False,0.0
10,random,135,30.0,7,5,5,True,False,1.3424775073607963e-05
10,random,136,20.0,8,5,5,True,False,2.188498886594875e-05
10,random,137,10.0,9,5,5,True,False,4.162112200187754e-05
10,random,138,20.0,8,5,5,True,False,3.744166188984921e-05
10,random,139,20.0,8,5,5,True,False,3.744166188984921e-05
10,random,140,20.0,8,5,5,True,False,3.744166188984921e-05
10,random,141,30.0,7,5,5,True,False,3.727164749123087e-05
10,random,142,20.0,8,5,5,True,False,4.0149693497396056e-05
10,random,143,10.0,9,5,5,True,False,4.028881292966618e-05
10,random,144,10.0,9,5,5,True,False,4.028881292966618e-05
10,random,145,20.0,8,5,5,True,False,1.4330132493063987e-05
10,random,146,20.0,8,5,5,True,False,1.4330132493063987e-05
10,random,147,20.0,8,5,5,True,False,1.4330132493063987e-05
10,random,148,20.0,8,5,5,True,False,1.4330132493063987e-05
10,random,149,30.0,7,5,5,True,False,1.4326386961276247e-05
10,random,150,30.0,7,5,5,True,False,1.4326386961276247e-05
10,random,151,40.0,6,5,5,True,False,1.3206788314457374e-05
10,random,152,50.0,5,5,5,True,True,1.2428397632608828e-05
10,random,153,40.0,6,5,5,True,False,1.3422514911396405e-05
10,random,154,30.0,5,4,5,False,False,0.0
10,random,155,40.0,4,4,5,False,False,0.0
10,random,156,50.0,5,5,5,True,True,1.2428397632608828e-05
10,random,157,40.0,4,4,5,False,False,0.0
10,random,158,40.0,4,4,5,False,False,0.0
10,random,159,40.0,4,4,5,False,False,0.0
10,random,160,40.0,4,4,5,False,False,0.0
10,random,161,40.0,4,4,5,False,False,0.0
10,random,162,30.0,3,3,5,False,False,0.0
10,random,163,30.0,3,3,5,False,False,0.0
10,random,164,40.0,4,4,5,False,False,0.0
10,random,165,30.0,5,4,5,False,False,0.0
10,random,166,40.0,6,5,5,True,False,1.3206788314457374e-05
10,random,167,30.0,7,5,5,True,False,3.361207719794876e-05
10,random,168,40.0,6,5,5,True,False,2.741947829363989e-05
10,random,169,30.0,5,4,5,False,False,0.0
10,random,170,20.0,6,4,5,False,False,0.0
10,random,171,30.0,7,5,5,True,False,4.26553157649226e-05
10,random,172,30.0,7,5,5,True,False,4.26553157649226e-05
10,random,173,30.0,7,5,5,True,False,4.26553157649226e-05
10,random,174,30.0,7,5,5,True,False,4.26553157649226e-05
10,random,175,20.0,8,5,5,True,False,5.253043755783371e-05
10,random,176,30.0,7,5,5,True,False,3.058494924931759e-05
10,random,177,40.0,6,5,5,True,False,2.741947829363989e-05
10,random,178,40.0,6,5,5,True,False,2.741947829363989e-05
10,random,179,30.0,7,5,5,True,False,2.759115015544033e-05
10,random,180,20.0,6,4,5,False,False,0.0
10,random,181,20.0,6,4,5,False,False,0.0
10,random,182,20.0,6,4,5,False,False,0.0
10,random,183,20.0,6,4,5,False,False,0.0
10,random,184,10.0,5,3,5,False,False,0.0
10,random,185,20.0,6,4,5,False,False,0.0
10,random,186,20.0,6,4,5,False,False,0.0
10,random,187,10.0,7,4,5,False,False,0.0
10,random,188,20.0,6,4,5,False,False,0.0
10,random,189,30.0,7,5,5,True,False,1.0860009998013826e-05
10,random,190,30.0,7,5,5,True,False,1.0860009998013826e-05
10,random,191,30.0,7,5,5,True,False,1.0860009998013826e-05
10,random,192,30.0,7,5,5,True,False,1.0860009998013826e-05
10,random,193,30.0,7,5,5,True,False,1.0860009998013826e-05
10,random,194,20.0,8,5,5,True,False,3.737603956833223e-05
10,random,195,30.0,7,5,5,True,False,3.4169574610873935e-05
10,random,196,40.0,6,5,5,True,False,3.164959485588187e-05
10,random,197,30.0,7,5,5,True,False,3.727164749123087e-05
10,random,198,20.0,8,5,5,True,False,5.288411881592087e-05
10,random,199,20.0,8,5,5,True,False,5.288411881592087e-05
10,random,200,30.0,7,5,5,True,False,4.81458811476617e-06
10,learned,0,0.0,10,5,5,True,False,5.454544326478035e-05
10,learned,1,10.0,9,5,5,True,False,5.2923439983197785e-05
10,learned,2,20.0,8,5,5,True,False,4.2307019180438576e-05
10,learned,3,30.0,7,5,5,True,False,3.167408908004787e-05
10,learned,4,40.0,6,5,5,True,False,3.1649594855881785e-05
10,learned,5,40.0,6,5,5,True,False,3.1649594855881785e-05
10,learned,6,40.0,6,5,5,True,False,3.1649594855881785e-05
10,learned,7,40.0,6,5,5,True,False,3.1649594855881785e-05
10,learned,8,40.0,6,5,5,True,False,3.1649594855881785e-05
10,learned,9,40.0,6,5,5,True,False,3.1649594855881785e-05
10,learned,10,40.0,6,5,5,True,False,3.1649594855881785e-05
10,learned,11,40.0,6,5,5,True,False,3.1649594855881785e-05
10,learned,12,40.0,6,5,5,True,False,3.1649594855881785e-05
10,learned,13,40.0,6,5,5,True,False,3.1649594855881785e-05
10,learned,14,40.0,6,5,5,True,False,3.1649594855881785e-05
10,learned,15,40.0,6,5,5,True,False,3.1649594855881785e-05
10,learned,16,40.0,6,5,5,True,False,3.1649594855881785e-05
10,learned,17,40.0,6,5,5,True,False,3.1649594855881785e-05
10,learned,18,40.0,6,5,5,True,False,3.1649594855881785e-05
10,learned,19,40.0,6,5,5,True,False,3.1649594855881785e-05
10,learned,20,40.0,6,5,5,True,False,3.1649594855881785e-05
10,learned,21,40.0,6,5,5,True,False,3.1649594855881785e-05
10,learned,22,40.0,6,5,5,True,False,3.1649594855881785e-05
10,learned,23,40.0,6,5,5,True,False,3.1649594855881785e-05
10,learned,24,40.0,6,5,5,True,False,3.1649594855881785e-05
10,learned,25,40.0,6,5,5,True,False,3.1649594855881785e-05
10,learned,26,40.0,6,5,5,True,False,3.1649594855881785e-05
10,learned,27,40.0,6,5,5,True,False,3.1649594855881785e-05
10,learned,28,40.0,6,5,5,True,False,3.1649594855881785e-05
10,learned,29,40.0,6,5,5,True,False,3.1649594855881785e-05
10,learned,30,40.0,6,5,5,True,False,3.1649594855881785e-05
10,learned,31,40.0,6,5,5,True,False,3.1649594855881785e-05
10,learned,32,40.0,6,5,5,True,False,3.1649594855881785e-05
10,learned,33,40.0,6,5,5,True,False,3.1649594855881785e-05
10,learned,34,40.0,6,5,5,True,False,3.1649594855881785e-05
10,learned,35,40.0,6,5,5,True,False,3.1649594855881785e-05
10,learned,36,40.0,6,5,5,True,False,3.1649594855881785e-05
10,learned,37,40.0,6,5,5,True,False,3.1649594855881785e-05
10,learned,38,40.0,6,5,5,True,False,3.1649594855881785e-05
10,learned,39,40.0,6,5,5,True,False,3.1649594855881785e-05
10,learned,40,40.0,6,5,5,True,False,3.1649594855881785e-05
10,learned,41,40.0,6,5,5,True,False,3.1649594855881785e-05
10,learned,42,40.0,6,5,5,True,False,3.1649594855881785e-05
10,learned,43,40.0,6,5,5,True,False,3.1649594855881785e-05
10,learned,44,40.0,6,5,5,True,False,3.1649594855881785e-05
10,learned,45,40.0,6,5,5,True,False,3.1649594855881785e-05
10,learned,46,40.0,6,5,5,True,False,3.1649594855881785e-05
10,learned,47,40.0,6,5,5,True,False,3.1649594855881785e-05
10,learned,48,40.0,6,5,5,True,False,3.1649594855881785e-05
10,learned,49,40.0,6,5,5,True,False,3.1649594855881785e-05
10,learned,50,40.0,6,5,5,True,False,3.1649594855881785e-05
10,learned,51,40.0,6,5,5,True,False,3.1649594855881785e-05
10,learned,52,40.0,6,5,5,True,False,3.1649594855881785e-05
10,learned,53,40.0,6,5,5,True,False,3.1649594855881785e-05
10,learned,54,40.0,6,5,5,True,False,3.1649594855881785e-05
10,learned,55,40.0,6,5,5,True,False,3.1649594855881785e-05
10,learned,56,40.0,6,5,5,True,False,3.1649594855881785e-05
10,learned,57,40.0,6,5,5,True,False,3.1649594855881785e-05
10,learned,58,40.0,6,5,5,True,False,3.1649594855881785e-05
10,learned,59,40.0,6,5,5,True,False,3.1649594855881785e-05
10,learned,60,40.0,6,5,5,True,False,3.1649594855881785e-05
10,learned,61,40.0,6,5,5,True,False,3.1649594855881785e-05
10,learned,62,40.0,6,5,5,True,False,3.1649594855881785e-05
10,learned,63,40.0,6,5,5,True,False,3.1649594855881785e-05
10,learned,64,40.0,6,5,5,True,False,3.1649594855881785e-05
10,learned,65,40.0,6,5,5,True,False,3.1649594855881785e-05
10,learned,66,40.0,6,5,5,True,False,3.1649594855881785e-05
10,learned,67,40.0,6,5,5,True,False,3.1649594855881785e-05
10,learned,68,40.0,6,5,5,True,False,3.1649594855881785e-05
10,learned,69,40.0,6,5,5,True,False,3.1649594855881785e-05
10,learned,70,40.0,6,5,5,True,False,3.1649594855881785e-05
10,learned,71,40.0,6,5,5,True,False,3.1649594855881785e-05
10,learned,72,40.0,6,5,5,True,False,3.1649594855881785e-05
10,learned,73,40.0,6,5,5,True,False,3.1649594855881785e-05
10,learned,74,40.0,6,5,5,True,False,3.1649594855881785e-05
10,learned,75,40.0,6,5,5,True,False,3.1649594855881785e-05
10,learned,76,40.0,6,5,5,True,False,3.1649594855881785e-05
10,learned,77,40.0,6,5,5,True,False,3.1649594855881785e-05
10,learned,78,40.0,6,5,5,True,False,3.1649594855881785e-05
10,learned,79,40.0,6,5,5,True,False,3.1649594855881785e-05
10,learned,80,40.0,6,5,5,True,False,3.1649594855881785e-05
10,learned,81,40.0,6,5,5,True,False,3.1649594855881785e-05
10,learned,82,40.0,6,5,5,True,False,3.1649594855881785e-05
10,learned,83,40.0,6,5,5,True,False,3.1649594855881785e-05
10,learned,84,40.0,6,5,5,True,False,3.1649594855881785e-05
10,learned,85,40.0,6,5,5,True,False,3.1649594855881785e-05
10,learned,86,40.0,6,5,5,True,False,3.1649594855881785e-05
10,learned,87,40.0,6,5,5,True,False,3.1649594855881785e-05
10,learned,88,40.0,6,5,5,True,False,3.1649594855881785e-05
10,learned,89,40.0,6,5,5,True,False,3.1649594855881785e-05
10,learned,90,40.0,6,5,5,True,False,3.1649594855881785e-05
10,learned,91,40.0,6,5,5,True,False,3.1649594855881785e-05
10,learned,92,40.0,6,5,5,True,False,3.1649594855881785e-05
10,learned,93,40.0,6,5,5,True,False,3.1649594855881785e-05
10,learned,94,40.0,6,5,5,True,False,3.1649594855881785e-05
10,learned,95,40.0,6,5,5,True,False,3.1649594855881785e-05
10,learned,96,40.0,6,5,5,True,False,3.1649594855881785e-05
10,learned,97,40.0,6,5,5,True,False,3.1649594855881785e-05
10,learned,98,40.0,6,5,5,True,False,3.1649594855881785e-05
10,learned,99,40.0,6,5,5,True,False,3.1649594855881785e-05
10,learned,100,40.0,6,5,5,True,False,3.1649594855881785e-05
10,learned,101,40.0,6,5,5,True,False,3.1649594855881785e-05
10,learned,102,40.0,6,5,5,True,False,3.1649594855881785e-05
10,learned,103,40.0,6,5,5,True,False,3.1649594855881785e-05
10,learned,104,40.0,6,5,5,True,False,3.1649594855881785e-05
10,learned,105,40.0,6,5,5,True,False,3.1649594855881785e-05
10,learned,106,40.0,6,5,5,True,False,3.1649594855881785e-05
10,learned,107,40.0,6,5,5,True,False,3.1649594855881785e-05
10,learned,108,40.0,6,5,5,True,False,3.1649594855881785e-05
10,learned,109,40.0,6,5,5,True,False,3.1649594855881785e-05
10,learned,110,40.0,6,5,5,True,False,3.1649594855881785e-05
10,learned,111,40.0,6,5,5,True,False,3.1649594855881785e-05
10,learned,112,40.0,6,5,5,True,False,3.1649594855881785e-05
10,learned,113,40.0,6,5,5,True,False,3.1649594855881785e-05
10,learned,114,40.0,6,5,5,True,False,3.1649594855881785e-05
10,learned,115,40.0,6,5,5,True,False,3.1649594855881785e-05
10,learned,116,40.0,6,5,5,True,False,3.1649594855881785e-05
10,learned,117,40.0,6,5,5,True,False,3.1649594855881785e-05
10,learned,118,40.0,6,5,5,True,False,3.1649594855881785e-05
10,learned,119,40.0,6,5,5,True,False,3.1649594855881785e-05
10,learned,120,40.0,6,5,5,True,False,3.1649594855881785e-05
10,learned,121,40.0,6,5,5,True,False,3.1649594855881785e-05
10,learned,122,40.0,6,5,5,True,False,3.1649594855881785e-05
10,learned,123,40.0,6,5,5,True,False,3.1649594855881785e-05
10,learned,124,40.0,6,5,5,True,False,3.1649594855881785e-05
10,learned,125,40.0,6,5,5,True,False,3.1649594855881785e-05
10,learned,126,40.0,6,5,5,True,False,3.1649594855881785e-05
10,learned,127,40.0,6,5,5,True,False,3.1649594855881785e-05
10,learned,128,40.0,6,5,5,True,False,3.1649594855881785e-05
10,learned,129,40.0,6,5,5,True,False,3.1649594855881785e-05
10,learned,130,40.0,6,5,5,True,False,3.1649594855881785e-05
10,learned,131,40.0,6,5,5,True,False,3.1649594855881785e-05
10,learned,132,40.0,6,5,5,True,False,3.1649594855881785e-05
10,learned,133,40.0,6,5,5,True,False,3.1649594855881785e-05
10,learned,134,40.0,6,5,5,True,False,3.1649594855881785e-05
10,learned,135,40.0,6,5,5,True,False,3.1649594855881785e-05
10,learned,136,40.0,6,5,5,True,False,3.1649594855881785e-05
10,learned,137,40.0,6,5,5,True,False,3.1649594855881785e-05
10,learned,138,40.0,6,5,5,True,False,3.1649594855881785e-05
10,learned,139,40.0,6,5,5,True,False,3.1649594855881785e-05
10,learned,140,40.0,6,5,5,True,False,3.1649594855881785e-05
10,learned,141,40.0,6,5,5,True,False,3.1649594855881785e-05
10,learned,142,40.0,6,5,5,True,False,3.1649594855881785e-05
10,learned,143,40.0,6,5,5,True,False,3.1649594855881785e-05
10,learned,144,40.0,6,5,5,True,False,3.1649594855881785e-05
10,learned,145,40.0,6,5,5,True,False,3.1649594855881785e-05
10,learned,146,40.0,6,5,5,True,False,3.1649594855881785e-05
10,learned,147,40.0,6,5,5,True,False,3.1649594855881785e-05
10,learned,148,40.0,6,5,5,True,False,3.1649594855881785e-05
10,learned,149,40.0,6,5,5,True,False,3.1649594855881785e-05
10,learned,150,40.0,6,5,5,True,False,3.1649594855881785e-05
10,learned,151,40.0,6,5,5,True,False,3.1649594855881785e-05
10,learned,152,40.0,6,5,5,True,False,3.1649594855881785e-05
10,learned,153,40.0,6,5,5,True,False,3.1649594855881785e-05
10,learned,154,40.0,6,5,5,True,False,3.1649594855881785e-05
10,learned,155,40.0,6,5,5,True,False,3.1649594855881785e-05
10,learned,156,40.0,6,5,5,True,False,3.1649594855881785e-05
10,learned,157,40.0,6,5,5,True,False,3.1649594855881785e-05
10,learned,158,40.0,6,5,5,True,False,3.1649594855881785e-05
10,learned,159,40.0,6,5,5,True,False,3.1649594855881785e-05
10,learned,160,40.0,6,5,5,True,False,3.1649594855881785e-05
10,learned,161,40.0,6,5,5,True,False,3.1649594855881785e-05
10,learned,162,40.0,6,5,5,True,False,3.1649594855881785e-05
10,learned,163,40.0,6,5,5,True,False,3.1649594855881785e-05
10,learned,164,40.0,6,5,5,True,False,3.1649594855881785e-05
10,learned,165,40.0,6,5,5,True,False,3.1649594855881785e-05
10,learned,166,40.0,6,5,5,True,False,3.1649594855881785e-05
10,learned,167,40.0,6,5,5,True,False,3.1649594855881785e-05
10,learned,168,40.0,6,5,5,True,False,3.1649594855881785e-05
10,learned,169,40.0,6,5,5,True,False,3.1649594855881785e-05
10,learned,170,40.0,6,5,5,True,False,3.1649594855881785e-05
10,learned,171,40.0,6,5,5,True,False,3.1649594855881785e-05
10,learned,172,40.0,6,5,5,True,False,3.1649594855881785e-05
10,learned,173,40.0,6,5,5,True,False,3.1649594855881785e-05
10,learned,174,40.0,6,5,5,True,False,3.1649594855881785e-05
10,learned,175,40.0,6,5,5,True,False,3.1649594855881785e-05
10,learned,176,40.0,6,5,5,True,False,3.1649594855881785e-05
10,learned,177,40.0,6,5,5,True,False,3.1649594855881785e-05
10,learned,178,40.0,6,5,5,True,False,3.1649594855881785e-05
10,learned,179,40.0,6,5,5,True,False,3.1649594855881785e-05
10,learned,180,40.0,6,5,5,True,False,3.1649594855881785e-05
10,learned,181,40.0,6,5,5,True,False,3.1649594855881785e-05
10,learned,182,40.0,6,5,5,True,False,3.1649594855881785e-05
10,learned,183,40.0,6,5,5,True,False,3.1649594855881785e-05
10,learned,184,40.0,6,5,5,True,False,3.1649594855881785e-05
10,learned,185,40.0,6,5,5,True,False,3.1649594855881785e-05
10,learned,186,40.0,6,5,5,True,False,3.1649594855881785e-05
10,learned,187,40.0,6,5,5,True,False,3.1649594855881785e-05
10,learned,188,40.0,6,5,5,True,False,3.1649594855881785e-05
10,learned,189,40.0,6,5,5,True,False,3.1649594855881785e-05
10,learned,190,40.0,6,5,5,True,False,3.1649594855881785e-05
10,learned,191,40.0,6,5,5,True,False,3.1649594855881785e-05
10,learned,192,40.0,6,5,5,True,False,3.1649594855881785e-05
10,learned,193,40.0,6,5,5,True,False,3.1649594855881785e-05
10,learned,194,40.0,6,5,5,True,False,3.1649594855881785e-05
10,learned,195,40.0,6,5,5,True,False,3.1649594855881785e-05
10,learned,196,40.0,6,5,5,True,False,3.1649594855881785e-05
10,learned,197,40.0,6,5,5,True,False,3.1649594855881785e-05
10,learned,198,40.0,6,5,5,True,False,3.1649594855881785e-05
10,learned,199,40.0,6,5,5,True,False,3.1649594855881785e-05
10,learned,200,40.0,6,5,5,True,False,3.1649594855881785e-05
11,initial,0,40.0,6,5,5,True,False,9.455689181668221e-06
11,greedy,0,40.0,6,5,5,True,False,9.455689181668221e-06
11,greedy,1,50.0,5,5,5,True,True,6.248706573828884e-06
11,random,0,40.0,6,5,5,True,False,9.455689181668221e-06
11,random,1,40.0,6,5,5,True,False,9.455689181668221e-06
11,random,2,40.0,6,5,5,True,False,9.455689181668221e-06
11,random,3,40.0,6,5,5,True,False,9.455689181668221e-06
11,random,4,50.0,5,5,5,True,True,6.248706573828884e-06
11,random,5,40.0,4,4,5,False,False,0.0
11,random,6,30.0,5,4,5,False,False,0.0
11,random,7,30.0,5,4,5,False,False,0.0
11,random,8,20.0,6,4,5,False,False,0.0
11,random,9,10.0,7,4,5,False,False,0.0
11,random,10,20.0,6,4,5,False,False,0.0
11,random,11,30.0,5,4,5,False,False,0.0
11,random,12,20.0,6,4,5,False,False,0.0
11,random,13,20.0,6,4,5,False,False,0.0
11,random,14,20.0,6,4,5,False,False,0.0
11,random,15,30.0,5,4,5,False,False,0.0
11,random,16,40.0,4,4,5,False,False,0.0
11,random,17,40.0,4,4,5,False,False,0.0
11,random,18,30.0,5,4,5,False,False,0.0
11,random,19,40.0,6,5,5,True,False,4.608125795148325e-06
11,random,20,30.0,7,5,5,True,False,5.328314715844636e-06
11,random,21,20.0,8,5,5,True,False,8.493576732960458e-06
11,random,22,20.0,8,5,5,True,False,8.493576732960458e-06
11,random,23,30.0,7,5,5,True,False,6.768207744439547e-06
11,random,24,30.0,7,5,5,True,False,6.768207744439547e-06
11,random,25,20.0,8,5,5,True,False,6.660685426767974e-05
11,random,26,30.0,7,5,5,True,False,6.505710064901705e-05
11,random,27,40.0,6,5,5,True,False,6.463534703366262e-05
11,random,28,50.0,5,5,5,True,True,3.6850991007952445e-05
11,random,29,50.0,5,5,5,True,True,3.6850991007952445e-05
11,random,30,50.0,5,5,5,True,True,3.6850991007952445e-05
11,random,31,50.0,5,5,5,True,True,3.6850991007952445e-05
11,random,32,50.0,5,5,5,True,True,3.6850991007952445e-05
11,random,33,40.0,6,5,5,True,False,3.761518641897252e-05
11,random,34,40.0,6,5,5,True,False,3.761518641897252e-05
11,random,35,50.0,5,5,5,True,True,3.6850991007952445e-05
11,random,36,40.0,4,4,5,False,False,0.0
11,random,37,30.0,3,3,5,False,False,0.0
11,random,38,20.0,4,3,5,False,False,0.0
11,random,39,30.0,5,4,5,False,False,0.0
11,random,40,40.0,4,4,5,False,False,0.0
11,random,41,40.0,4,4,5,False,False,0.0
11,random,42,40.0,4,4,5,False,False,0.0
11,random,43,40.0,4,4,5,False,False,0.0
11,random,44,40.0,4,4,5,False,False,0.0
11,random,45,30.0,3,3,5,False,False,0.0
11,random,46,20.0,4,3,5,False,False,0.0
11,random,47,30.0,5,4,5,False,False,0.0
11,random,48,20.0,4,3,5,False,False,0.0
11,random,49,10.0,3,2,5,False,False,0.0
11,random,50,10.0,3,2,5,False,False,0.0
11,random,51,0.0,4,2,5,False,False,0.0
11,random,52,0.0,4,2,5,False,False,0.0
11,random,53,0.0,4,2,5,False,False,0.0
11,random,54,0.0,4,2,5,False,False,0.0
11,random,55,10.0,3,2,5,False,False,0.0
11,random,56,10.0,3,2,5,False,False,0.0
11,random,57,10.0,3,2,5,False,False,0.0
11,random,58,10.0,3,2,5,False,False,0.0
11,random,59,0.0,2,1,5,False,False,0.0
11,random,60,0.0,2,1,5,False,False,0.0
11,random,61,0.0,2,1,5,False,False,0.0
11,random,62,10.0,3,2,5,False,False,0.0
11,random,63,10.0,3,2,5,False,False,0.0
11,random,64,10.0,3,2,5,False,False,0.0
11,random,65,10.0,3,2,5,False,False,0.0
11,random,66,10.0,3,2,5,False,False,0.0
11,random,67,20.0,4,3,5,False,False,0.0
11,random,68,20.0,4,3,5,False,False,0.0
11,random,69,20.0,4,3,5,False,False,0.0
11,random,70,20.0,4,3,5,False,False,0.0
11,random,71,20.0,4,3,5,False,False,0.0
11,random,72,30.0,5,4,5,False,False,0.0
11,random,73,40.0,6,5,5,True,False,6.746861353346521e-06
11,random,74,40.0,6,5,5,True,False,6.746861353346521e-06
11,random,75,40.0,6,5,5,True,False,6.746861353346521e-06
11,random,76,40.0,6,5,5,True,False,6.746861353346521e-06
11,random,77,40.0,6,5,5,True,False,6.746861353346521e-06
11,random,78,50.0,5,5,5,True,True,4.59788840131786e-06
11,random,79,50.0,5,5,5,True,True,4.59788840131786e-06
11,random,80,50.0,5,5,5,True,True,4.59788840131786e-06
11,random,81,40.0,4,4,5,False,False,0.0
11,random,82,40.0,4,4,5,False,False,0.0
11,random,83,40.0,4,4,5,False,False,0.0
11,random,84,30.0,5,4,5,False,False,0.0
11,random,85,30.0,5,4,5,False,False,0.0
11,random,86,20.0,4,3,5,False,False,0.0
11,random,87,20.0,4,3,5,False,False,0.0
11,random,88,20.0,4,3,5,False,False,0.0
11,random,89,20.0,4,3,5,False,False,0.0
11,random,90,20.0,4,3,5,False,False,0.0
11,random,91,20.0,4,3,5,False,False,0.0
11,random,92,20.0,4,3,5,False,False,0.0
11,random,93,20.0,4,3,5,False,False,0.0
11,random,94,10.0,3,2,5,False,False,0.0
11,random,95,20.0,4,3,5,False,False,0.0
11,random,96,20.0,4,3,5,False,False,0.0
11,random,97,20.0,4,3,5,False,False,0.0
11,random,98,20.0,4,3,5,False,False,0.0
11,random,99,10.0,3,2,5,False,False,0.0
11,random,100,0.0,2,1,5,False,False,0.0
11,random,101,10.0,3,2,5,False,False,0.0
11,random,102,20.0,4,3,5,False,False,0.0
11,random,103,20.0,4,3,5,False,False,0.0
11,random,104,10.0,5,3,5,False,False,0.0
11,random,105,10.0,5,3,5,False,False,0.0
11,random,106,10.0,5,3,5,False,False,0.0
11,random,107,20.0,4,3,5,False,False,0.0
11,random,108,20.0,4,3,5,False,False,0.0
11,random,109,20.0,4,3,5,False,False,0.0
11,random,110,10.0,3,2,5,False,False,0.0
11,random,111,20.0,4,3,5,False,False,0.0
11,random,112,20.0,4,3,5,False,False,0.0
11,random,113,20.0,4,3,5,False,False,0.0
11,random,114,30.0,5,4,5,False,False,0.0
11,random,115,30.0,5,4,5,False,False,0.0
11,random,116,30.0,5,4,5,False,False,0.0
11,random,117,40.0,6,5,5,True,False,2.3583225040679892e-05
11,random,118,40.0,6,5,5,True,False,2.3583225040679892e-05
11,random,119,30.0,7,5,5,True,False,6.616570656134413e-05
11,random,120,30.0,7,5,5,True,False,6.616570656134413e-05
11,random,121,30.0,7,5,5,True,False,6.616570656134413e-05
11,random,122,30.0,7,5,5,True,False,6.616570656134413e-05
11,random,123,30.0,7,5,5,True,False,6.616570656134413e-05
11,random,124,40.0,6,5,5,True,False,6.463534703366268e-05
11,random,125,40.0,6,5,5,True,False,6.463534703366268e-05
11,random,126,30.0,7,5,5,True,False,7.204952850075538e-05
11,random,127,40.0,6,5,5,True,False,6.463534703366262e-05
11,random,128,40.0,6,5,5,True,False,6.463534703366262e-05
11,random,129,30.0,7,5,5,True,False,6.609512857379473e-05
11,random,130,30.0,7,5,5,True,False,6.609512857379473e-05
11,random,131,40.0,6,5,5,True,False,6.463534703366262e-05
11,random,132,50.0,5,5,5,True,True,4.597888401317851e-06
11,random,133,50.0,5,5,5,True,True,4.597888401317851e-06
11,random,134,40.0,6,5,5,True,False,6.463534703366262e-05
11,random,135,40.0,6,5,5,True,False,6.463534703366262e-05
11,random,136,40.0,6,5,5,True,False,6.463534703366262e-05
11,random,137,50.0,5,5,5,True,True,5.962070409285754e-05
11,random,138,50.0,5,5,5,True,True,5.962070409285754e-05
11,random,139,50.0,5,5,5,True,True,5.962070409285754e-05
11,random,140,40.0,4,4,5,False,False,0.0
11,random,141,50.0,5,5,5,True,True,1.8310452809657207e-05
11,random,142,40.0,6,5,5,True,False,6.463534703366262e-05
11,random,143,40.0,6,5,5,True,False,6.463534703366262e-05
11,random,144,50.0,5,5,5,True,True,6.248706573828899e-06
11,random,145,50.0,5,5,5,True,True,6.248706573828899e-06
11,random,146,40.0,4,4,5,False,False,0.0
11,random,147,30.0,3,3,5,False,False,0.0
11,random,148,30.0,3,3,5,False,False,0.0
11,random,149,30.0,3,3,5,False,False,0.0
11,random,150,30.0,3,3,5,False,False,0.0
11,random,151,20.0,2,2,5,False,False,0.0
11,random,152,30.0,3,3,5,False,False,0.0
11,random,153,30.0,3,3,5,False,False,0.0
11,random,154,30.0,3,3,5,False,False,0.0
11,random,155,30.0,3,3,5,False,False,0.0
11,random,156,40.0,4,4,5,False,False,0.0
11,random,157,50.0,5,5,5,True,True,3.6850991007952445e-05
11,random,158,40.0,6,5,5,True,False,6.463534703366262e-05
11,random,159,30.0,7,5,5,True,False,6.609512857379471e-05
11,random,160,40.0,6,5,5,True,False,7.100517443288603e-06
11,random,161,40.0,6,5,5,True,False,7.100517443288603e-06
11,random,162,50.0,5,5,5,True,True,6.248706573828884e-06
11,random,163,50.0,5,5,5,True,True,6.248706573828884e-06
11,random,164,50.0,5,5,5,True,True,6.248706573828884e-06
11,random,165,50.0,5,5,5,True,True,6.248706573828884e-06
11,random,166,40.0,6,5,5,True,False,7.100517443288603e-06
11,random,167,30.0,5,4,5,False,False,0.0
11,random,168,20.0,6,4,5,False,False,0.0
11,random,169,20.0,6,4,5,False,False,0.0
11,random,170,30.0,5,4,5,False,False,0.0
11,random,171,30.0,5,4,5,False,False,0.0
11,random,172,20.0,6,4,5,False,False,0.0
11,random,173,30.0,7,5,5,True,False,1.9547973347749362e-05
11,random,174,30.0,7,5,5,True,False,1.9547973347749362e-05
11,random,175,20.0,6,4,5,False,False,0.0
11,random,176,30.0,7,5,5,True,False,6.005339537041123e-05
11,random,177,30.0,7,5,5,True,False,6.005339537041123e-05
11,random,178,40.0,6,5,5,True,False,5.9664709056843754e-05
11,random,179,40.0,6,5,5,True,False,5.9664709056843754e-05
11,random,180,40.0,6,5,5,True,False,5.9664709056843754e-05
11,random,181,30.0,5,4,5,False,False,0.0
11,random,182,30.0,5,4,5,False,False,0.0
11,random,183,30.0,5,4,5,False,False,0.0
11,random,184,40.0,4,4,5,False,False,0.0
11,random,185,40.0,4,4,5,False,False,0.0
11,random,186,40.0,4,4,5,False,False,0.0
11,random,187,30.0,5,4,5,False,False,0.0
11,random,188,20.0,4,3,5,False,False,0.0
11,random,189,30.0,5,4,5,False,False,0.0
11,random,190,30.0,5,4,5,False,False,0.0
11,random,191,30.0,5,4,5,False,False,0.0
11,random,192,30.0,5,4,5,False,False,0.0
11,random,193,40.0,4,4,5,False,False,0.0
11,random,194,40.0,4,4,5,False,False,0.0
11,random,195,40.0,4,4,5,False,False,0.0
11,random,196,30.0,5,4,5,False,False,0.0
11,random,197,40.0,4,4,5,False,False,0.0
11,random,198,30.0,3,3,5,False,False,0.0
11,random,199,30.0,3,3,5,False,False,0.0
11,random,200,40.0,4,4,5,False,False,0.0
11,learned,0,40.0,6,5,5,True,False,9.455689181668221e-06
11,learned,1,50.0,5,5,5,True,True,6.248706573828884e-06
11,learned,2,40.0,6,5,5,True,False,6.463534703366262e-05
11,learned,3,40.0,6,5,5,True,False,6.463534703366262e-05
11,learned,4,40.0,6,5,5,True,False,6.463534703366262e-05
11,learned,5,40.0,6,5,5,True,False,6.463534703366262e-05
11,learned,6,40.0,6,5,5,True,False,6.463534703366262e-05
11,learned,7,40.0,6,5,5,True,False,6.463534703366262e-05
11,learned,8,40.0,6,5,5,True,False,6.463534703366262e-05
11,learned,9,40.0,6,5,5,True,False,6.463534703366262e-05
11,learned,10,40.0,6,5,5,True,False,6.463534703366262e-05
11,learned,11,40.0,6,5,5,True,False,6.463534703366262e-05
11,learned,12,40.0,6,5,5,True,False,6.463534703366262e-05
11,learned,13,40.0,6,5,5,True,False,6.463534703366262e-05
11,learned,14,40.0,6,5,5,True,False,6.463534703366262e-05
11,learned,15,40.0,6,5,5,True,False,6.463534703366262e-05
11,learned,16,40.0,6,5,5,True,False,6.463534703366262e-05
11,learned,17,40.0,6,5,5,True,False,6.463534703366262e-05
11,learned,18,40.0,6,5,5,True,False,6.463534703366262e-05
11,learned,19,40.0,6,5,5,True,False,6.463534703366262e-05
11,learned,20,40.0,6,5,5,True,False,6.463534703366262e-05
11,learned,21,40.0,6,5,5,True,False,6.463534703366262e-05
11,learned,22,40.0,6,5,5,True,False,6.463534703366262e-05
11,learned,23,40.0,6,5,5,True,False,6.463534703366262e-05
11,learned,24,40.0,6,5,5,True,False,6.463534703366262e-05
11,learned,25,40.0,6,5,5,True,False,6.463534703366262e-05
11,learned,26,40.0,6,5,5,True,False,6.463534703366262e-05
11,learned,27,40.0,6,5,5,True,False,6.463534703366262e-05
11,learned,28,40.0,6,5,5,True,False,6.463534703366262e-05
11,learned,29,40.0,6,5,5,True,False,6.463534703366262e-05
11,learned,30,40.0,6,5,5,True,False,6.463534703366262e-05
11,learned,31,40.0,6,5,5,True,False,6.463534703366262e-05
11,learned,32,40.0,6,5,5,True,False,6.463534703366262e-05
11,learned,33,40.0,6,5,5,True,False,6.463534703366262e-05
11,learned,34,40.0,6,5,5,True,False,6.463534703366262e-05
11,learned,35,40.0,6,5,5,True,False,6.463534703366262e-05
11,learned,36,40.0,6,5,5,True,False,6.463534703366262e-05
11,learned,37,40.0,6,5,5,True,False,6.463534703366262e-05
11,learned,38,40.0,6,5,5,True,False,6.463534703366262e-05
11,learned,39,40.0,6,5,5,True,False,6.463534703366262e-05
11,learned,40,40.0,6,5,5,True,False,6.463534703366262e-05
11,learned,41,40.0,6,5,5,True,False,6.463534703366262e-05
11,learned,42,40.0,6,5,5,True,False,6.463534703366262e-05
11,learned,43,40.0,6,5,5,True,False,6.463534703366262e-05
11,learned,44,40.0,6,5,5,True,False,6.463534703366262e-05
11,learned,45,40.0,6,5,5,True,False,6.463534703366262e-05
11,learned,46,40.0,6,5,5,True,False,6.463534703366262e-05
11,learned,47,40.0,6,5,5,True,False,6.463534703366262e-05
11,learned,48,40.0,6,5,5,True,False,6.463534703366262e-05
11,learned,49,40.0,6,5,5,True,False,6.463534703366262e-05
11,learned,50,40.0,6,5,5,True,False,6.463534703366262e-05
11,learned,51,40.0,6,5,5,True,False,6.463534703366262e-05
11,learned,52,40.0,6,5,5,True,False,6.463534703366262e-05
11,learned,53,40.0,6,5,5,True,False,6.463534703366262e-05
11,learned,54,40.0,6,5,5,True,False,6.463534703366262e-05
11,learned,55,40.0,6,5,5,True,False,6.463534703366262e-05
11,learned,56,40.0,6,5,5,True,False,6.463534703366262e-05
11,learned,57,40.0,6,5,5,True,False,6.463534703366262e-05
11,learned,58,40.0,6,5,5,True,False,6.463534703366262e-05
11,learned,59,40.0,6,5,5,True,False,6.463534703366262e-05
11,learned,60,40.0,6,5,5,True,False,6.463534703366262e-05
11,learned,61,40.0,6,5,5,True,False,6.463534703366262e-05
11,learned,62,40.0,6,5,5,True,False,6.463534703366262e-05
11,learned,63,40.0,6,5,5,True,False,6.463534703366262e-05
11,learned,64,40.0,6,5,5,True,False,6.463534703366262e-05
11,learned,65,40.0,6,5,5,True,False,6.463534703366262e-05
11,learned,66,40.0,6,5,5,True,False,6.463534703366262e-05
11,learned,67,40.0,6,5,5,True,False,6.463534703366262e-05
11,learned,68,40.0,6,5,5,True,False,6.463534703366262e-05
11,learned,69,40.0,6,5,5,True,False,6.463534703366262e-05
11,learned,70,40.0,6,5,5,True,False,6.463534703366262e-05
11,learned,71,40.0,6,5,5,True,False,6.463534703366262e-05
11,learned,72,40.0,6,5,5,True,False,6.463534703366262e-05
11,learned,73,40.0,6,5,5,True,False,6.463534703366262e-05
11,learned,74,40.0,6,5,5,True,False,6.463534703366262e-05
11,learned,75,40.0,6,5,5,True,False,6.463534703366262e-05
11,learned,76,40.0,6,5,5,True,False,6.463534703366262e-05
11,learned,77,40.0,6,5,5,True,False,6.463534703366262e-05
11,learned,78,40.0,6,5,5,True,False,6.463534703366262e-05
11,learned,79,40.0,6,5,5,True,False,6.463534703366262e-05
11,learned,80,40.0,6,5,5,True,False,6.463534703366262e-05
11,learned,81,40.0,6,5,5,True,False,6.463534703366262e-05
11,learned,82,40.0,6,5,5,True,False,6.463534703366262e-05
11,learned,83,40.0,6,5,5,True,False,6.463534703366262e-05
11,learned,84,40.0,6,5,5,True,False,6.463534703366262e-05
11,learned,85,40.0,6,5,5,True,False,6.463534703366262e-05
11,learned,86,40.0,6,5,5,True,False,6.463534703366262e-05
11,learned,87,40.0,6,5,5,True,False,6.463534703366262e-05
11,learned,88,40.0,6,5,5,True,False,6.463534703366262e-05
11,learned,89,40.0,6,5,5,True,False,6.463534703366262e-05
11,learned,90,40.0,6,5,5,True,False,6.463534703366262e-05
11,learned,91,40.0,6,5,5,True,False,6.463534703366262e-05
11,learned,92,40.0,6,5,5,True,False,6.463534703366262e-05
11,learned,93,40.0,6,5,5,True,False,6.463534703366262e-05
11,learned,94,40.0,6,5,5,True,False,6.463534703366262e-05
11,learned,95,40.0,6,5,5,True,False,6.463534703366262e-05
11,learned,96,40.0,6,5,5,True,False,6.463534703366262e-05
11,learned,97,40.0,6,5,5,True,False,6.463534703366262e-05
11,learned,98,40.0,6,5,5,True,False,6.463534703366262e-05
11,learned,99,40.0,6,5,5,True,False,6.463534703366262e-05
11,learned,100,40.0,6,5,5,True,False,6.463534703366262e-05
11,learned,101,40.0,6,5,5,True,False,6.463534703366262e-05
11,learned,102,40.0,6,5,5,True,False,6.463534703366262e-05
11,learned,103,40.0,6,5,5,True,False,6.463534703366262e-05
11,learned,104,40.0,6,5,5,True,False,6.463534703366262e-05
11,learned,105,40.0,6,5,5,True,False,6.463534703366262e-05
11,learned,106,40.0,6,5,5,True,False,6.463534703366262e-05
11,learned,107,40.0,6,5,5,True,False,6.463534703366262e-05
11,learned,108,40.0,6,5,5,True,False,6.463534703366262e-05
11,learned,109,40.0,6,5,5,True,False,6.463534703366262e-05
11,learned,110,40.0,6,5,5,True,False,6.463534703366262e-05
11,learned,111,40.0,6,5,5,True,False,6.463534703366262e-05
11,learned,112,40.0,6,5,5,True,False,6.463534703366262e-05
11,learned,113,40.0,6,5,5,True,False,6.463534703366262e-05
11,learned,114,40.0,6,5,5,True,False,6.463534703366262e-05
11,learned,115,40.0,6,5,5,True,False,6.463534703366262e-05
11,learned,116,40.0,6,5,5,True,False,6.463534703366262e-05
11,learned,117,40.0,6,5,5,True,False,6.463534703366262e-05
11,learned,118,40.0,6,5,5,True,False,6.463534703366262e-05
11,learned,119,40.0,6,5,5,True,False,6.463534703366262e-05
11,learned,120,40.0,6,5,5,True,False,6.463534703366262e-05
11,learned,121,40.0,6,5,5,True,False,6.463534703366262e-05
11,learned,122,40.0,6,5,5,True,False,6.463534703366262e-05
11,learned,123,40.0,6,5,5,True,False,6.463534703366262e-05
11,learned,124,40.0,6,5,5,True,False,6.463534703366262e-05
11,learned,125,40.0,6,5,5,True,False,6.463534703366262e-05
11,learned,126,40.0,6,5,5,True,False,6.463534703366262e-05
11,learned,127,40.0,6,5,5,True,False,6.463534703366262e-05
11,learned,128,40.0,6,5,5,True,False,6.463534703366262e-05
11,learned,129,40.0,6,5,5,True,False,6.463534703366262e-05
11,learned,130,40.0,6,5,5,True,False,6.463534703366262e-05
11,learned,131,40.0,6,5,5,True,False,6.463534703366262e-05
11,learned,132,40.0,6,5,5,True,False,6.463534703366262e-05
11,learned,133,40.0,6,5,5,True,False,6.463534703366262e-05
11,learned,134,40.0,6,5,5,True,False,6.463534703366262e-05
11,learned,135,40.0,6,5,5,True,False,6.463534703366262e-05
11,learned,136,40.0,6,5,5,True,False,6.463534703366262e-05
11,learned,137,40.0,6,5,5,True,False,6.463534703366262e-05
11,learned,138,40.0,6,5,5,True,False,6.463534703366262e-05
11,learned,139,40.0,6,5,5,True,False,6.463534703366262e-05
11,learned,140,40.0,6,5,5,True,False,6.463534703366262e-05
11,learned,141,40.0,6,5,5,True,False,6.463534703366262e-05
11,learned,142,40.0,6,5,5,True,False,6.463534703366262e-05
11,learned,143,40.0,6,5,5,True,False,6.463534703366262e-05
11,learned,144,40.0,6,5,5,True,False,6.463534703366262e-05
11,learned,145,40.0,6,5,5,True,False,6.463534703366262e-05
11,learned,146,40.0,6,5,5,True,False,6.463534703366262e-05
11,learned,147,40.0,6,5,5,True,False,6.463534703366262e-05
11,learned,148,40.0,6,5,5,True,False,6.463534703366262e-05
11,learned,149,40.0,6,5,5,True,False,6.463534703366262e-05
11,learned,150,40.0,6,5,5,True,False,6.463534703366262e-05
11,learned,151,40.0,6,5,5,True,False,6.463534703366262e-05
11,learned,152,40.0,6,5,5,True,False,6.463534703366262e-05
11,learned,153,40.0,6,5,5,True,False,6.463534703366262e-05
11,learned,154,40.0,6,5,5,True,False,6.463534703366262e-05
11,learned,155,40.0,6,5,5,True,False,6.463534703366262e-05
11,learned,156,40.0,6,5,5,True,False,6.463534703366262e-05
11,learned,157,40.0,6,5,5,True,False,6.463534703366262e-05
11,learned,158,40.0,6,5,5,True,False,6.463534703366262e-05
11,learned,159,40.0,6,5,5,True,False,6.463534703366262e-05
11,learned,160,40.0,6,5,5,True,False,6.463534703366262e-05
11,learned,161,40.0,6,5,5,True,False,6.463534703366262e-05
11,learned,162,40.0,6,5,5,True,False,6.463534703366262e-05
11,learned,163,40.0,6,5,5,True,False,6.463534703366262e-05
11,learned,164,40.0,6,5,5,True,False,6.463534703366262e-05
11,learned,165,40.0,6,5,5,True,False,6.463534703366262e-05
11,learned,166,40.0,6,5,5,True,False,6.463534703366262e-05
11,learned,167,40.0,6,5,5,True,False,6.463534703366262e-05
11,learned,168,40.0,6,5,5,True,False,6.463534703366262e-05
11,learned,169,40.0,6,5,5,True,False,6.463534703366262e-05
11,learned,170,40.0,6,5,5,True,False,6.463534703366262e-05
11,learned,171,40.0,6,5,5,True,False,6.463534703366262e-05
11,learned,172,40.0,6,5,5,True,False,6.463534703366262e-05
11,learned,173,40.0,6,5,5,True,False,6.463534703366262e-05
11,learned,174,40.0,6,5,5,True,False,6.463534703366262e-05
11,learned,175,40.0,6,5,5,True,False,6.463534703366262e-05
11,learned,176,40.0,6,5,5,True,False,6.463534703366262e-05
11,learned,177,40.0,6,5,5,True,False,6.463534703366262e-05
11,learned,178,40.0,6,5,5,True,False,6.463534703366262e-05
11,learned,179,40.0,6,5,5,True,False,6.463534703366262e-05
11,learned,180,40.0,6,5,5,True,False,6.463534703366262e-05
11,learned,181,40.0,6,5,5,True,False,6.463534703366262e-05
11,learned,182,40.0,6,5,5,True,False,6.463534703366262e-05
11,learned,183,40.0,6,5,5,True,False,6.463534703366262e-05
11,learned,184,40.0,6,5,5,True,False,6.463534703366262e-05
11,learned,185,40.0,6,5,5,True,False,6.463534703366262e-05
11,learned,186,40.0,6,5,5,True,False,6.463534703366262e-05
11,learned,187,40.0,6,5,5,True,False,6.463534703366262e-05
11,learned,188,40.0,6,5,5,True,False,6.463534703366262e-05
11,learned,189,40.0,6,5,5,True,False,6.463534703366262e-05
11,learned,190,40.0,6,5,5,True,False,6.463534703366262e-05
11,learned,191,40.0,6,5,5,True,False,6.463534703366262e-05
11,learned,192,40.0,6,5,5,True,False,6.463534703366262e-05
11,learned,193,40.0,6,5,5,True,False,6.463534703366262e-05
11,learned,194,40.0,6,5,5,True,False,6.463534703366262e-05
11,learned,195,40.0,6,5,5,True,False,6.463534703366262e-05
11,learned,196,40.0,6,5,5,True,False,6.463534703366262e-05
11,learned,197,40.0,6,5,5,True,False,6.463534703366262e-05
11,learned,198,40.0,6,5,5,True,False,6.463534703366262e-05
11,learned,199,40.0,6,5,5,True,False,6.463534703366262e-05
11,learned,200,40.0,6,5,5,True,False,6.463534703366262e-05
12,initial,0,40.0,4,4,5,False,False,0.0
12,greedy,0,40.0,4,4,5,False,False,0.0
12,greedy,1,50.0,5,5,5,True,True,3.344858178338239e-05
12,random,0,40.0,4,4,5,False,False,0.0
12,random,1,40.0,4,4,5,False,False,0.0
12,random,2,50.0,5,5,5,True,True,1.4088943403314044e-06
12,random,3,40.0,6,5,5,True,False,4.641249172597348e-05
12,random,4,30.0,7,5,5,True,False,4.711972480367841e-05
12,random,5,30.0,7,5,5,True,False,4.711972480367841e-05
12,random,6,40.0,6,5,5,True,False,4.655225346640844e-05
12,random,7,40.0,6,5,5,True,False,4.655225346640844e-05
12,random,8,40.0,6,5,5,True,False,4.655225346640844e-05
12,random,9,40.0,6,5,5,True,False,4.655225346640844e-05
12,random,10,40.0,6,5,5,True,False,4.655225346640844e-05
12,random,11,30.0,5,4,5,False,False,0.0
12,random,12,30.0,5,4,5,False,False,0.0
12,random,13,30.0,5,4,5,False,False,0.0
12,random,14,20.0,4,3,5,False,False,0.0
12,random,15,20.0,4,3,5,False,False,0.0
12,random,16,30.0,5,4,5,False,False,0.0
12,random,17,30.0,5,4,5,False,False,0.0
12,random,18,20.0,6,4,5,False,False,0.0
12,random,19,20.0,6,4,5,False,False,0.0
12,random,20,30.0,7,5,5,True,False,2.7450088595547585e-05
12,random,21,20.0,8,5,5,True,False,7.83365518574147e-05
12,random,22,30.0,7,5,5,True,False,4.711972480367841e-05
12,random,23,30.0,7,5,5,True,False,4.711972480367841e-05
12,random,24,40.0,6,5,5,True,False,4.641249172597348e-05
12,random,25,40.0,6,5,5,True,False,4.641249172597348e-05
12,random,26,40.0,6,5,5,True,False,4.641249172597348e-05
12,random,27,40.0,6,5,5,True,False,4.641249172597348e-05
12,random,28,50.0,5,5,5,True,True,2.045179170590401e-05
12,random,29,40.0,4,4,5,False,False,0.0
12,random,30,50.0,5,5,5,True,True,3.71015737871319e-05
12,random,31,50.0,5,5,5,True,True,3.71015737871319e-05
12,random,32,40.0,4,4,5,False,False,0.0
12,random,33,40.0,4,4,5,False,False,0.0
12,random,34,30.0,5,4,5,False,False,0.0
12,random,35,30.0,5,4,5,False,False,0.0
12,random,36,30.0,5,4,5,False,False,0.0
12,random,37,30.0,5,4,5,False,False,0.0
12,random,38,40.0,4,4,5,False,False,0.0
12,random,39,40.0,4,4,5,False,False,0.0
12,random,40,30.0,5,4,5,False,False,0.0
12,random,41,40.0,4,4,5,False,False,0.0
12,random,42,50.0,5,5,5,True,True,2.0451791705904097e-05
12,random,43,40.0,6,5,5,True,False,2.3054804725803094e-05
12,random,44,30.0,7,5,5,True,False,2.520350340929065e-05
12,random,45,30.0,7,5,5,True,False,2.520350340929065e-05
12,random,46,40.0,6,5,5,True,False,2.3054804725803006e-05
12,random,47,30.0,7,5,5,True,False,2.6888040448348403e-05
12,random,48,30.0,7,5,5,True,False,2.6888040448348403e-05
12,random,49,30.0,7,5,5,True,False,2.6888040448348403e-05
12,random,50,20.0,6,4,5,False,False,0.0
12,random,51,20.0,6,4,5,False,False,0.0
12,random,52,20.0,6,4,5,False,False,0.0
12,random,53,20.0,6,4,5,False,False,0.0
12,random,54,30.0,7,5,5,True,False,2.688804044834846e-05
12,random,55,30.0,7,5,5,True,False,2.688804044834846e-05
12,random,56,40.0,6,5,5,True,False,2.3318333131999253e-05
12,random,57,40.0,6,5,5,True,False,2.3318333131999253e-05
12,random,58,30.0,7,5,5,True,False,2.688804044834846e-05
12,random,59,30.0,7,5,5,True,False,2.688804044834846e-05
12,random,60,30.0,7,5,5,True,False,2.688804044834846e-05
12,random,61,40.0,6,5,5,True,False,2.305480472580305e-05
12,random,62,40.0,6,5,5,True,False,2.305480472580305e-05
12,random,63,30.0,7,5,5,True,False,2.520350340929074e-05
12,random,64,20.0,8,5,5,True,False,3.175927388726357e-05
12,random,65,20.0,8,5,5,True,False,3.175927388726357e-05
12,random,66,20.0,8,5,5,True,False,3.175927388726357e-05
12,random,67,10.0,9,5,5,True,False,7.682746035806948e-05
12,random,68,10.0,9,5,5,True,False,7.682746035806948e-05
12,random,69,10.0,9,5,5,True,False,7.682746035806948e-05
12,random,70,10.0,9,5,5,True,False,7.682746035806948e-05
12,random,71,20.0,8,5,5,True,False,7.616654676712462e-05
12,random,72,20.0,8,5,5,True,False,7.616654676712462e-05
12,random,73,20.0,8,5,5,True,False,7.616654676712462e-05
12,random,74,30.0,7,5,5,True,False,2.758378290735404e-05
12,random,75,20.0,8,5,5,True,False,3.175927388726357e-05
12,random,76,20.0,8,5,5,True,False,3.175927388726357e-05
12,random,77,20.0,8,5,5,True,False,3.175927388726357e-05
12,random,78,20.0,8,5,5,True,False,3.175927388726357e-05
12,random,79,20.0,8,5,5,True,False,3.175927388726357e-05
12,random,80,20.0,8,5,5,True,False,3.175927388726357e-05
12,random,81,20.0,8,5,5,True,False,3.175927388726357e-05
12,random,82,20.0,8,5,5,True,False,3.175927388726357e-05
12,random,83,20.0,8,5,5,True,False,3.175927388726357e-05
12,random,84,20.0,8,5,5,True,False,3.175927388726357e-05
12,random,85,20.0,8,5,5,True,False,3.175927388726357e-05
12,random,86,30.0,7,5,5,True,False,2.758378290735404e-05
12,random,87,20.0,6,4,5,False,False,0.0
12,random,88,30.0,5,4,5,False,False,0.0
12,random,89,40.0,6,5,5,True,False,3.456712680392726e-05
12,random,90,40.0,6,5,5,True,False,3.456712680392726e-05
12,random,91,40.0,6,5,5,True,False,3.456712680392726e-05
12,random,92,40.0,6,5,5,True,False,3.456712680392726e-05
12,random,93,30.0,7,5,5,True,False,4.650217863769277e-05
12,random,94,20.0,8,5,5,True,False,7.616654676712462e-05
12,random,95,10.0,9,5,5,True,False,7.682746035806948e-05
12,random,96,10.0,9,5,5,True,False,7.682746035806948e-05
12,random,97,20.0,8,5,5,True,False,7.616654676712462e-05
12,random,98,20.0,8,5,5,True,False,7.616654676712462e-05
12,random,99,20.0,8,5,5,True,False,7.616654676712462e-05
12,random,100,20.0,8,5,5,True,False,7.616654676712462e-05
12,random,101,20.0,8,5,5,True,False,7.616654676712462e-05
12,random,102,10.0,9,5,5,True,False,7.616864362135927e-05
12,random,103,10.0,9,5,5,True,False,7.616864362135927e-05
12,random,104,0.0,10,5,5,True,False,8.495389158392374e-05
12,random,105,-10.0,11,5,5,True,False,9.033358127968826e-05
12,random,106,0.0,10,5,5,True,False,8.495389158392374e-05
12,random,107,0.0,10,5,5,True,False,8.495389158392374e-05
12,random,108,0.0,10,5,5,True,False,8.495389158392374e-05
12,random,109,10.0,9,5,5,True,False,8.489752757674315e-05
12,random,110,10.0,9,5,5,True,False,8.489752757674315e-05
12,random,111,10.0,9,5,5,True,False,8.489752757674315e-05
12,random,112,10.0,9,5,5,True,False,8.489752757674315e-05
12,random,113,20.0,8,5,5,True,False,4.592752383631759e-05
12,random,114,30.0,7,5,5,True,False,4.401060205833429e-05
12,random,115,30.0,7,5,5,True,False,4.401060205833429e-05
12,random,116,30.0,7,5,5,True,False,4.401060205833429e-05
12,random,117,30.0,7,5,5,True,False,4.401060205833429e-05
12,random,118,20.0,6,4,5,False,False,0.0
12,random,119,10.0,7,4,5,False,False,0.0
12,random,120,10.0,7,4,5,False,False,0.0
12,random,121,20.0,6,4,5,False,False,0.0
12,random,122,30.0,5,4,5,False,False,0.0
12,random,123,20.0,4,3,5,False,False,0.0
12,random,124,10.0,5,3,5,False,False,0.0
12,random,125,10.0,5,3,5,False,False,0.0
12,random,126,20.0,4,3,5,False,False,0.0
12,random,127,30.0,5,4,5,False,False,0.0
12,random,128,30.0,5,4,5,False,False,0.0
12,random,129,20.0,6,4,5,False,False,0.0
12,random,130,10.0,5,3,5,False,False,0.0
12,random,131,10.0,5,3,5,False,False,0.0
12,random,132,10.0,5,3,5,False,False,0.0
12,random,133,20.0,4,3,5,False,False,0.0
12,random,134,10.0,3,2,5,False,False,0.0
12,random,135,10.0,3,2,5,False,False,0.0
12,random,136,10.0,3,2,5,False,False,0.0
12,random,137,0.0,4,2,5,False,False,0.0
12,random,138,10.0,5,3,5,False,False,0.0
12,random,139,10.0,5,3,5,False,False,0.0
12,random,140,20.0,6,4,5,False,False,0.0
12,random,141,30.0,5,4,5,False,False,0.0
12,random,142,30.0,5,4,5,False,False,0.0
12,random,143,30.0,5,4,5,False,False,0.0
12,random,144,30.0,5,4,5,False,False,0.0
12,random,145,20.0,4,3,5,False,False,0.0
12,random,146,20.0,4,3,5,False,False,0.0
12,random,147,30.0,5,4,5,False,False,0.0
12,random,148,30.0,5,4,5,False,False,0.0
12,random,149,20.0,6,4,5,False,False,0.0
12,random,150,30.0,5,4,5,False,False,0.0
12,random,151,40.0,6,5,5,True,False,6.514033749421e-05
12,random,152,40.0,6,5,5,True,False,6.514033749421e-05
12,random,153,30.0,5,4,5,False,False,0.0
12,random,154,20.0,6,4,5,False,False,0.0
12,random,155,20.0,6,4,5,False,False,0.0
12,random,156,30.0,5,4,5,False,False,0.0
12,random,157,20.0,6,4,5,False,False,0.0
12,random,158,30.0,5,4,5,False,False,0.0
12,random,159,20.0,6,4,5,False,False,0.0
12,random,160,10.0,5,3,5,False,False,0.0
12,random,161,20.0,4,3,5,False,False,0.0
12,random,162,20.0,4,3,5,False,False,0.0
12,random,163,20.0,4,3,5,False,False,0.0
12,random,164,20.0,4,3,5,False,False,0.0
12,random,165,20.0,4,3,5,False,False,0.0
12,random,166,30.0,5,4,5,False,False,0.0
12,random,167,30.0,5,4,5,False,False,0.0
12,random,168,30.0,5,4,5,False,False,0.0
12,random,169,20.0,4,3,5,False,False,0.0
12,random,170,20.0,4,3,5,False,False,0.0
12,random,171,20.0,4,3,5,False,False,0.0
12,random,172,20.0,4,3,5,False,False,0.0
12,random,173,10.0,3,2,5,False,False,0.0
12,random,174,0.0,4,2,5,False,False,0.0
12,random,175,0.0,4,2,5,False,False,0.0
12,random,176,0.0,4,2,5,False,False,0.0
12,random,177,0.0,4,2,5,False,False,0.0
12,random,178,0.0,4,2,5,False,False,0.0
12,random,179,10.0,3,2,5,False,False,0.0
12,random,180,20.0,4,3,5,False,False,0.0
12,random,181,10.0,3,2,5,False,False,0.0
12,random,182,20.0,2,2,5,False,False,0.0
12,random,183,10.0,3,2,5,False,False,0.0
12,random,184,0.0,4,2,5,False,False,0.0
12,random,185,10.0,5,3,5,False,False,0.0
12,random,186,10.0,5,3,5,False,False,0.0
12,random,187,10.0,5,3,5,False,False,0.0
12,random,188,10.0,5,3,5,False,False,0.0
12,random,189,20.0,6,4,5,False,False,0.0
12,random,190,20.0,6,4,5,False,False,0.0
12,random,191,10.0,5,3,5,False,False,0.0
12,random,192,10.0,5,3,5,False,False,0.0
12,random,193,10.0,5,3,5,False,False,0.0
12,random,194,20.0,4,3,5,False,False,0.0
12,random,195,10.0,5,3,5,False,False,0.0
12,random,196,10.0,5,3,5,False,False,0.0
12,random,197,20.0,6,4,5,False,False,0.0
12,random,198,10.0,5,3,5,False,False,0.0
12,random,199,20.0,6,4,5,False,False,0.0
12,random,200,20.0,6,4,5,False,False,0.0
12,learned,0,40.0,4,4,5,False,False,0.0
12,learned,1,50.0,5,5,5,True,True,1.4088943403313902e-06
12,learned,2,40.0,6,5,5,True,False,4.641249172597352e-05
12,learned,3,40.0,6,5,5,True,False,4.641249172597352e-05
12,learned,4,40.0,6,5,5,True,False,4.641249172597352e-05
12,learned,5,40.0,6,5,5,True,False,4.641249172597352e-05
12,learned,6,40.0,6,5,5,True,False,4.641249172597352e-05
12,learned,7,40.0,6,5,5,True,False,4.641249172597352e-05
12,learned,8,40.0,6,5,5,True,False,4.641249172597352e-05
12,learned,9,40.0,6,5,5,True,False,4.641249172597352e-05
12,learned,10,40.0,6,5,5,True,False,4.641249172597352e-05
12,learned,11,40.0,6,5,5,True,False,4.641249172597352e-05
12,learned,12,40.0,6,5,5,True,False,4.641249172597352e-05
12,learned,13,40.0,6,5,5,True,False,4.641249172597352e-05
12,learned,14,40.0,6,5,5,True,False,4.641249172597352e-05
12,learned,15,40.0,6,5,5,True,False,4.641249172597352e-05
12,learned,16,40.0,6,5,5,True,False,4.641249172597352e-05
12,learned,17,40.0,6,5,5,True,False,4.641249172597352e-05
12,learned,18,40.0,6,5,5,True,False,4.641249172597352e-05
12,learned,19,40.0,6,5,5,True,False,4.641249172597352e-05
12,learned,20,40.0,6,5,5,True,False,4.641249172597352e-05
12,learned,21,40.0,6,5,5,True,False,4.641249172597352e-05
12,learned,22,40.0,6,5,5,True,False,4.641249172597352e-05
12,learned,23,40.0,6,5,5,True,False,4.641249172597352e-05
12,learned,24,40.0,6,5,5,True,False,4.641249172597352e-05
12,learned,25,40.0,6,5,5,True,False,4.641249172597352e-05
12,learned,26,40.0,6,5,5,True,False,4.641249172597352e-05
12,learned,27,40.0,6,5,5,True,False,4.641249172597352e-05
12,learned,28,40.0,6,5,5,True,False,4.641249172597352e-05
12,learned,29,40.0,6,5,5,True,False,4.641249172597352e-05
12,learned,30,40.0,6,5,5,True,False,4.641249172597352e-05
12,learned,31,40.0,6,5,5,True,False,4.641249172597352e-05
12,learned,32,40.0,6,5,5,True,False,4.641249172597352e-05
12,learned,33,40.0,6,5,5,True,False,4.641249172597352e-05
12,learned,34,40.0,6,5,5,True,False,4.641249172597352e-05
12,learned,35,40.0,6,5,5,True,False,4.641249172597352e-05
12,learned,36,40.0,6,5,5,True,False,4.641249172597352e-05
12,learned,37,40.0,6,5,5,True,False,4.641249172597352e-05
12,learned,38,40.0,6,5,5,True,False,4.641249172597352e-05
12,learned,39,40.0,6,5,5,True,False,4.641249172597352e-05
12,learned,40,40.0,6,5,5,True,False,4.641249172597352e-05
12,learned,41,40.0,6,5,5,True,False,4.641249172597352e-05
12,learned,42,40.0,6,5,5,True,False,4.641249172597352e-05
12,learned,43,40.0,6,5,5,True,False,4.641249172597352e-05
12,learned,44,40.0,6,5,5,True,False,4.641249172597352e-05
12,learned,45,40.0,6,5,5,True,False,4.641249172597352e-05
12,learned,46,40.0,6,5,5,True,False,4.641249172597352e-05
12,learned,47,40.0,6,5,5,True,False,4.641249172597352e-05
12,learned,48,40.0,6,5,5,True,False,4.641249172597352e-05
12,learned,49,40.0,6,5,5,True,False,4.641249172597352e-05
12,learned,50,40.0,6,5,5,True,False,4.641249172597352e-05
12,learned,51,40.0,6,5,5,True,False,4.641249172597352e-05
12,learned,52,40.0,6,5,5,True,False,4.641249172597352e-05
12,learned,53,40.0,6,5,5,True,False,4.641249172597352e-05
12,learned,54,40.0,6,5,5,True,False,4.641249172597352e-05
12,learned,55,40.0,6,5,5,True,False,4.641249172597352e-05
12,learned,56,40.0,6,5,5,True,False,4.641249172597352e-05
12,learned,57,40.0,6,5,5,True,False,4.641249172597352e-05
12,learned,58,40.0,6,5,5,True,False,4.641249172597352e-05
12,learned,59,40.0,6,5,5,True,False,4.641249172597352e-05
12,learned,60,40.0,6,5,5,True,False,4.641249172597352e-05
12,learned,61,40.0,6,5,5,True,False,4.641249172597352e-05
12,learned,62,40.0,6,5,5,True,False,4.641249172597352e-05
12,learned,63,40.0,6,5,5,True,False,4.641249172597352e-05
12,learned,64,40.0,6,5,5,True,False,4.641249172597352e-05
12,learned,65,40.0,6,5,5,True,False,4.641249172597352e-05
12,learned,66,40.0,6,5,5,True,False,4.641249172597352e-05
12,learned,67,40.0,6,5,5,True,False,4.641249172597352e-05
12,learned,68,40.0,6,5,5,True,False,4.641249172597352e-05
12,learned,69,40.0,6,5,5,True,False,4.641249172597352e-05
12,learned,70,40.0,6,5,5,True,False,4.641249172597352e-05
12,learned,71,40.0,6,5,5,True,False,4.641249172597352e-05
12,learned,72,40.0,6,5,5,True,False,4.641249172597352e-05
12,learned,73,40.0,6,5,5,True,False,4.641249172597352e-05
12,learned,74,40.0,6,5,5,True,False,4.641249172597352e-05
12,learned,75,40.0,6,5,5,True,False,4.641249172597352e-05
12,learned,76,40.0,6,5,5,True,False,4.641249172597352e-05
12,learned,77,40.0,6,5,5,True,False,4.641249172597352e-05
12,learned,78,40.0,6,5,5,True,False,4.641249172597352e-05
12,learned,79,40.0,6,5,5,True,False,4.641249172597352e-05
12,learned,80,40.0,6,5,5,True,False,4.641249172597352e-05
12,learned,81,40.0,6,5,5,True,False,4.641249172597352e-05
12,learned,82,40.0,6,5,5,True,False,4.641249172597352e-05
12,learned,83,40.0,6,5,5,True,False,4.641249172597352e-05
12,learned,84,40.0,6,5,5,True,False,4.641249172597352e-05
12,learned,85,40.0,6,5,5,True,False,4.641249172597352e-05
12,learned,86,40.0,6,5,5,True,False,4.641249172597352e-05
12,learned,87,40.0,6,5,5,True,False,4.641249172597352e-05
12,learned,88,40.0,6,5,5,True,False,4.641249172597352e-05
12,learned,89,40.0,6,5,5,True,False,4.641249172597352e-05
12,learned,90,40.0,6,5,5,True,False,4.641249172597352e-05
12,learned,91,40.0,6,5,5,True,False,4.641249172597352e-05
12,learned,92,40.0,6,5,5,True,False,4.641249172597352e-05
12,learned,93,40.0,6,5,5,True,False,4.641249172597352e-05
12,learned,94,40.0,6,5,5,True,False,4.641249172597352e-05
12,learned,95,40.0,6,5,5,True,False,4.641249172597352e-05
12,learned,96,40.0,6,5,5,True,False,4.641249172597352e-05
12,learned,97,40.0,6,5,5,True,False,4.641249172597352e-05
12,learned,98,40.0,6,5,5,True,False,4.641249172597352e-05
12,learned,99,40.0,6,5,5,True,False,4.641249172597352e-05
12,learned,100,40.0,6,5,5,True,False,4.641249172597352e-05
12,learned,101,40.0,6,5,5,True,False,4.641249172597352e-05
12,learned,102,40.0,6,5,5,True,False,4.641249172597352e-05
12,learned,103,40.0,6,5,5,True,False,4.641249172597352e-05
12,learned,104,40.0,6,5,5,True,False,4.641249172597352e-05
12,learned,105,40.0,6,5,5,True,False,4.641249172597352e-05
12,learned,106,40.0,6,5,5,True,False,4.641249172597352e-05
12,learned,107,40.0,6,5,5,True,False,4.641249172597352e-05
12,learned,108,40.0,6,5,5,True,False,4.641249172597352e-05
12,learned,109,40.0,6,5,5,True,False,4.641249172597352e-05
12,learned,110,40.0,6,5,5,True,False,4.641249172597352e-05
12,learned,111,40.0,6,5,5,True,False,4.641249172597352e-05
12,learned,112,40.0,6,5,5,True,False,4.641249172597352e-05
12,learned,113,40.0,6,5,5,True,False,4.641249172597352e-05
12,learned,114,40.0,6,5,5,True,False,4.641249172597352e-05
12,learned,115,40.0,6,5,5,True,False,4.641249172597352e-05
12,learned,116,40.0,6,5,5,True,False,4.641249172597352e-05
12,learned,117,40.0,6,5,5,True,False,4.641249172597352e-05
12,learned,118,40.0,6,5,5,True,False,4.641249172597352e-05
12,learned,119,40.0,6,5,5,True,False,4.641249172597352e-05
12,learned,120,40.0,6,5,5,True,False,4.641249172597352e-05
12,learned,121,40.0,6,5,5,True,False,4.641249172597352e-05
12,learned,122,40.0,6,5,5,True,False,4.641249172597352e-05
12,learned,123,40.0,6,5,5,True,False,4.641249172597352e-05
12,learned,124,40.0,6,5,5,True,False,4.641249172597352e-05
12,learned,125,40.0,6,5,5,True,False,4.641249172597352e-05
12,learned,126,40.0,6,5,5,True,False,4.641249172597352e-05
12,learned,127,40.0,6,5,5,True,False,4.641249172597352e-05
12,learned,128,40.0,6,5,5,True,False,4.641249172597352e-05
12,learned,129,40.0,6,5,5,True,False,4.641249172597352e-05
12,learned,130,40.0,6,5,5,True,False,4.641249172597352e-05
12,learned,131,40.0,6,5,5,True,False,4.641249172597352e-05
12,learned,132,40.0,6,5,5,True,False,4.641249172597352e-05
12,learned,133,40.0,6,5,5,True,False,4.641249172597352e-05
12,learned,134,40.0,6,5,5,True,False,4.641249172597352e-05
12,learned,135,40.0,6,5,5,True,False,4.641249172597352e-05
12,learned,136,40.0,6,5,5,True,False,4.641249172597352e-05
12,learned,137,40.0,6,5,5,True,False,4.641249172597352e-05
12,learned,138,40.0,6,5,5,True,False,4.641249172597352e-05
12,learned,139,40.0,6,5,5,True,False,4.641249172597352e-05
12,learned,140,40.0,6,5,5,True,False,4.641249172597352e-05
12,learned,141,40.0,6,5,5,True,False,4.641249172597352e-05
12,learned,142,40.0,6,5,5,True,False,4.641249172597352e-05
12,learned,143,40.0,6,5,5,True,False,4.641249172597352e-05
12,learned,144,40.0,6,5,5,True,False,4.641249172597352e-05
12,learned,145,40.0,6,5,5,True,False,4.641249172597352e-05
12,learned,146,40.0,6,5,5,True,False,4.641249172597352e-05
12,learned,147,40.0,6,5,5,True,False,4.641249172597352e-05
12,learned,148,40.0,6,5,5,True,False,4.641249172597352e-05
12,learned,149,40.0,6,5,5,True,False,4.641249172597352e-05
12,learned,150,40.0,6,5,5,True,False,4.641249172597352e-05
12,learned,151,40.0,6,5,5,True,False,4.641249172597352e-05
12,learned,152,40.0,6,5,5,True,False,4.641249172597352e-05
12,learned,153,40.0,6,5,5,True,False,4.641249172597352e-05
12,learned,154,40.0,6,5,5,True,False,4.641249172597352e-05
12,learned,155,40.0,6,5,5,True,False,4.641249172597352e-05
12,learned,156,40.0,6,5,5,True,False,4.641249172597352e-05
12,learned,157,40.0,6,5,5,True,False,4.641249172597352e-05
12,learned,158,40.0,6,5,5,True,False,4.641249172597352e-05
12,learned,159,40.0,6,5,5,True,False,4.641249172597352e-05
12,learned,160,40.0,6,5,5,True,False,4.641249172597352e-05
12,learned,161,40.0,6,5,5,True,False,4.641249172597352e-05
12,learned,162,40.0,6,5,5,True,False,4.641249172597352e-05
12,learned,163,40.0,6,5,5,True,False,4.641249172597352e-05
12,learned,164,40.0,6,5,5,True,False,4.641249172597352e-05
12,learned,165,40.0,6,5,5,True,False,4.641249172597352e-05
12,learned,166,40.0,6,5,5,True,False,4.641249172597352e-05
12,learned,167,40.0,6,5,5,True,False,4.641249172597352e-05
12,learned,168,40.0,6,5,5,True,False,4.641249172597352e-05
12,learned,169,40.0,6,5,5,True,False,4.641249172597352e-05
12,learned,170,40.0,6,5,5,True,False,4.641249172597352e-05
12,learned,171,40.0,6,5,5,True,False,4.641249172597352e-05
12,learned,172,40.0,6,5,5,True,False,4.641249172597352e-05
12,learned,173,40.0,6,5,5,True,False,4.641249172597352e-05
12,learned,174,40.0,6,5,5,True,False,4.641249172597352e-05
12,learned,175,40.0,6,5,5,True,False,4.641249172597352e-05
12,learned,176,40.0,6,5,5,True,False,4.641249172597352e-05
12,learned,177,40.0,6,5,5,True,False,4.641249172597352e-05
12,learned,178,40.0,6,5,5,True,False,4.641249172597352e-05
12,learned,179,40.0,6,5,5,True,False,4.641249172597352e-05
12,learned,180,40.0,6,5,5,True,False,4.641249172597352e-05
12,learned,181,40.0,6,5,5,True,False,4.641249172597352e-05
12,learned,182,40.0,6,5,5,True,False,4.641249172597352e-05
12,learned,183,40.0,6,5,5,True,False,4.641249172597352e-05
12,learned,184,40.0,6,5,5,True,False,4.641249172597352e-05
12,learned,185,40.0,6,5,5,True,False,4.641249172597352e-05
12,learned,186,40.0,6,5,5,True,False,4.641249172597352e-05
12,learned,187,40.0,6,5,5,True,False,4.641249172597352e-05
12,learned,188,40.0,6,5,5,True,False,4.641249172597352e-05
12,learned,189,40.0,6,5,5,True,False,4.641249172597352e-05
12,learned,190,40.0,6,5,5,True,False,4.641249172597352e-05
12,learned,191,40.0,6,5,5,True,False,4.641249172597352e-05
12,learned,192,40.0,6,5,5,True,False,4.641249172597352e-05
12,learned,193,40.0,6,5,5,True,False,4.641249172597352e-05
12,learned,194,40.0,6,5,5,True,False,4.641249172597352e-05
12,learned,195,40.0,6,5,5,True,False,4.641249172597352e-05
12,learned,196,40.0,6,5,5,True,False,4.641249172597352e-05
12,learned,197,40.0,6,5,5,True,False,4.641249172597352e-05
12,learned,198,40.0,6,5,5,True,False,4.641249172597352e-05
12,learned,199,40.0,6,5,5,True,False,4.641249172597352e-05
12,learned,200,40.0,6,5,5,True,False,4.641249172597352e-05
13,initial,0,20.0,6,4,5,False,False,0.0
13,greedy,0,20.0,6,4,5,False,False,0.0
13,greedy,1,30.0,5,4,5,False,False,0.0
13,greedy,2,40.0,6,5,5,True,False,2.7218991449816887e-05
13,greedy,3,50.0,5,5,5,True,True,2.4998655484190303e-05
13,random,0,20.0,6,4,5,False,False,0.0
13,random,1,30.0,7,5,5,True,False,1.2268374970108915e-05
13,random,2,30.0,7,5,5,True,False,1.2268374970108915e-05
13,random,3,30.0,7,5,5,True,False,1.2268374970108915e-05
13,random,4,20.0,8,5,5,True,False,1.2709785912047687e-05
13,random,5,20.0,8,5,5,True,False,1.2709785912047687e-05
13,random,6,20.0,8,5,5,True,False,1.2709785912047687e-05
13,random,7,20.0,8,5,5,True,False,1.2709785912047687e-05
13,random,8,30.0,7,5,5,True,False,1.2268374970108915e-05
13,random,9,40.0,6,5,5,True,False,1.2267630304709404e-05
13,random,10,40.0,6,5,5,True,False,1.2267630304709404e-05
13,random,11,30.0,5,4,5,False,False,0.0
13,random,12,20.0,6,4,5,False,False,0.0
13,random,13,30.0,5,4,5,False,False,0.0
13,random,14,40.0,6,5,5,True,False,1.2267630304709404e-05
13,random,15,40.0,6,5,5,True,False,1.2267630304709404e-05
13,random,16,30.0,7,5,5,True,False,3.4958886636129695e-05
13,random,17,20.0,8,5,5,True,False,3.61961504260133e-05
13,random,18,10.0,9,5,5,True,False,3.820396448439675e-05
13,random,19,10.0,9,5,5,True,False,3.820396448439675e-05
13,random,20,20.0,8,5,5,True,False,3.61961504260133e-05
13,random,21,30.0,7,5,5,True,False,1.4857325642555683e-05
13,random,22,20.0,8,5,5,True,False,3.61961504260133e-05
13,random,23,30.0,7,5,5,True,False,2.8083966722702786e-05
13,random,24,30.0,7,5,5,True,False,2.8083966722702786e-05
13,random,25,30.0,7,5,5,True,False,2.8083966722702786e-05
13,random,26,30.0,7,5,5,True,False,2.8083966722702786e-05
13,random,27,20.0,8,5,5,True,False,3.8826545172189264e-05
13,random,28,20.0,8,5,5,True,False,3.8826545172189264e-05
13,random,29,20.0,8,5,5,True,False,3.8826545172189264e-05
13,random,30,30.0,7,5,5,True,False,2.8083966722702786e-05
13,random,31,30.0,7,5,5,True,False,2.8083966722702786e-05
13,random,32,30.0,7,5,5,True,False,2.8083966722702786e-05
13,random,33,30.0,7,5,5,True,False,2.8083966722702786e-05
13,random,34,30.0,7,5,5,True,False,2.8083966722702786e-05
13,random,35,40.0,6,5,5,True,False,3.411364501763712e-06
13,random,36,40.0,6,5,5,True,False,3.411364501763712e-06
13,random,37,40.0,6,5,5,True,False,3.411364501763712e-06
13,random,38,40.0,6,5,5,True,False,3.411364501763712e-06
13,random,39,40.0,6,5,5,True,False,3.411364501763712e-06
13,random,40,30.0,7,5,5,True,False,4.497958185840479e-06
13,random,41,20.0,6,4,5,False,False,0.0
13,random,42,10.0,7,4,5,False,False,0.0
13,random,43,10.0,7,4,5,False,False,0.0
13,random,44,10.0,7,4,5,False,False,0.0
13,random,45,0.0,6,3,5,False,False,0.0
13,random,46,0.0,6,3,5,False,False,0.0
13,random,47,10.0,5,3,5,False,False,0.0
13,random,48,20.0,6,4,5,False,False,0.0
13,random,49,10.0,5,3,5,False,False,0.0
13,random,50,10.0,5,3,5,False,False,0.0
13,random,51,10.0,5,3,5,False,False,0.0
13,random,52,10.0,5,3,5,False,False,0.0
13,random,53,20.0,4,3,5,False,False,0.0
13,random,54,30.0,5,4,5,False,False,0.0
13,random,55,30.0,5,4,5,False,False,0.0
13,random,56,20.0,6,4,5,False,False,0.0
13,random,57,20.0,6,4,5,False,False,0.0
13,random,58,20.0,6,4,5,False,False,0.0
13,random,59,20.0,6,4,5,False,False,0.0
13,random,60,20.0,6,4,5,False,False,0.0
13,random,61,30.0,5,4,5,False,False,0.0
13,random,62,30.0,5,4,5,False,False,0.0
13,random,63,40.0,4,4,5,False,False,0.0
13,random,64,40.0,4,4,5,False,False,0.0
13,random,65,40.0,4,4,5,False,False,0.0
13,random,66,40.0,4,4,5,False,False,0.0
13,random,67,40.0,4,4,5,False,False,0.0
13,random,68,30.0,3,3,5,False,False,0.0
13,random,69,30.0,3,3,5,False,False,0.0
13,random,70,20.0,4,3,5,False,False,0.0
13,random,71,20.0,4,3,5,False,False,0.0
13,random,72,20.0,4,3,5,False,False,0.0
13,random,73,20.0,4,3,5,False,False,0.0
13,random,74,20.0,4,3,5,False,False,0.0
13,random,75,20.0,4,3,5,False,False,0.0
13,random,76,20.0,4,3,5,False,False,0.0
13,random,77,20.0,4,3,5,False,False,0.0
13,random,78,20.0,4,3,5,False,False,0.0
13,random,79,30.0,5,4,5,False,False,0.0
13,random,80,20.0,4,3,5,False,False,0.0
13,random,81,30.0,5,4,5,False,False,0.0
13,random,82,30.0,5,4,5,False,False,0.0
13,random,83,20.0,6,4,5,False,False,0.0
13,random,84,30.0,7,5,5,True,False,3.947686016606423e-05
13,random,85,30.0,7,5,5,True,False,3.947686016606423e-05
13,random,86,30.0,7,5,5,True,False,3.947686016606423e-05
13,random,87,30.0,7,5,5,True,False,3.947686016606423e-05
13,random,88,20.0,6,4,5,False,False,0.0
13,random,89,20.0,6,4,5,False,False,0.0
13,random,90,20.0,6,4,5,False,False,0.0
13,random,91,30.0,5,4,5,False,False,0.0
13,random,92,20.0,6,4,5,False,False,0.0
13,random,93,10.0,5,3,5,False,False,0.0
13,random,94,0.0,4,2,5,False,False,0.0
13,random,95,0.0,4,2,5,False,False,0.0
13,random,96,10.0,5,3,5,False,False,0.0
13,random,97,10.0,5,3,5,False,False,0.0
13,random,98,10.0,5,3,5,False,False,0.0
13,random,99,20.0,6,4,5,False,False,0.0
13,random,100,30.0,7,5,5,True,False,1.7992306397354974e-05
13,random,101,30.0,7,5,5,True,False,1.7992306397354974e-05
13,random,102,20.0,6,4,5,False,False,0.0
13,random,103,10.0,5,3,5,False,False,0.0
13,random,104,10.0,5,3,5,False,False,0.0
13,random,105,20.0,6,4,5,False,False,0.0
13,random,106,20.0,6,4,5,False,False,0.0
13,random,107,10.0,5,3,5,False,False,0.0
13,random,108,0.0,6,3,5,False,False,0.0
13,random,109,10.0,7,4,5,False,False,0.0
13,random,110,10.0,7,4,5,False,False,0.0
13,random,111,20.0,6,4,5,False,False,0.0
13,random,112,20.0,6,4,5,False,False,0.0
13,random,113,20.0,6,4,5,False,False,0.0
13,random,114,20.0,6,4,5,False,False,0.0
13,random,115,20.0,6,4,5,False,False,0.0
13,random,116,20.0,6,4,5,False,False,0.0
13,random,117,30.0,5,4,5,False,False,0.0
13,random,118,30.0,5,4,5,False,False,0.0
13,random,119,40.0,6,5,5,True,False,2.606047214260418e-05
13,random,120,40.0,6,5,5,True,False,2.606047214260418e-05
13,random,121,30.0,7,5,5,True,False,3.9476860166064216e-05
13,random,122,20.0,6,4,5,False,False,0.0
13,random,123,30.0,5,4,5,False,False,0.0
13,random,124,30.0,5,4,5,False,False,0.0
13,random,125,20.0,4,3,5,False,False,0.0
13,random,126,30.0,5,4,5,False,False,0.0
13,random,127,40.0,4,4,5,False,False,0.0
13,random,128,50.0,5,5,5,True,True,9.296314578536667e-06
13,random,129,50.0,5,5,5,True,True,9.296314578536667e-06
13,random,130,50.0,5,5,5,True,True,9.296314578536667e-06
13,random,131,50.0,5,5,5,True,True,9.296314578536667e-06
13,random,132,50.0,5,5,5,True,True,9.296314578536667e-06
13,random,133,40.0,6,5,5,True,False,1.2723819683447043e-05
13,random,134,40.0,6,5,5,True,False,1.2723819683447043e-05
13,random,135,30.0,5,4,5,False,False,0.0
13,random,136,30.0,5,4,5,False,False,0.0
13,random,137,20.0,4,3,5,False,False,0.0
13,random,138,30.0,5,4,5,False,False,0.0
13,random,139,20.0,6,4,5,False,False,0.0
13,random,140,10.0,5,3,5,False,False,0.0
13,random,141,10.0,5,3,5,False,False,0.0
13,random,142,10.0,5,3,5,False,False,0.0
13,random,143,10.0,5,3,5,False,False,0.0
13,random,144,10.0,5,3,5,False,False,0.0
13,random,145,20.0,6,4,5,False,False,0.0
13,random,146,20.0,6,4,5,False,False,0.0
13,random,147,10.0,7,4,5,False,False,0.0
13,random,148,10.0,7,4,5,False,False,0.0
13,random,149,20.0,8,5,5,True,False,3.7628217250467825e-05
13,random,150,10.0,9,5,5,True,False,3.922830332991773e-05
13,random,151,10.0,9,5,5,True,False,3.922830332991773e-05
13,random,152,20.0,8,5,5,True,False,3.817477335606445e-05
13,random,153,30.0,7,5,5,True,False,3.618512925032289e-05
13,random,154,40.0,6,5,5,True,False,2.607022447403741e-05
13,random,155,30.0,5,4,5,False,False,0.0
13,random,156,40.0,6,5,5,True,False,1.0984242308313403e-05
13,random,157,40.0,6,5,5,True,False,1.0984242308313403e-05
13,random,158,40.0,6,5,5,True,False,1.0984242308313403e-05
13,random,159,50.0,5,5,5,True,True,1.0560119772426354e-05
13,random,160,50.0,5,5,5,True,True,1.0560119772426354e-05
13,random,161,40.0,6,5,5,True,False,1.1958342211242621e-05
13,random,162,40.0,6,5,5,True,False,1.1958342211242621e-05
13,random,163,40.0,6,5,5,True,False,1.1958342211242621e-05
13,random,164,30.0,5,4,5,False,False,0.0
13,random,165,30.0,5,4,5,False,False,0.0
13,random,166,30.0,5,4,5,False,False,0.0
13,random,167,20.0,6,4,5,False,False,0.0
13,random,168,10.0,5,3,5,False,False,0.0
13,random,169,10.0,5,3,5,False,False,0.0
13,random,170,10.0,5,3,5,False,False,0.0
13,random,171,20.0,6,4,5,False,False,0.0
13,random,172,20.0,6,4,5,False,False,0.0
13,random,173,30.0,7,5,5,True,False,1.1967751257683833e-05
13,random,174,30.0,7,5,5,True,False,1.1967751257683833e-05
13,random,175,40.0,6,5,5,True,False,1.0566814809048865e-05
13,random,176,30.0,7,5,5,True,False,2.8176461123190087e-05
13,random,177,20.0,8,5,5,True,False,2.9017929113667507e-05
13,random,178,30.0,7,5,5,True,False,9.902415518537263e-06
13,random,179,40.0,6,5,5,True,False,9.600432479324886e-06
13,random,180,40.0,6,5,5,True,False,9.600432479324886e-06
13,random,181,30.0,5,4,5,False,False,0.0
13,random,182,20.0,4,3,5,False,False,0.0
13,random,183,20.0,4,3,5,False,False,0.0
13,random,184,20.0,4,3,5,False,False,0.0
13,random,185,20.0,4,3,5,False,False,0.0
13,random,186,20.0,4,3,5,False,False,0.0
13,random,187,20.0,4,3,5,False,False,0.0
13,random,188,30.0,5,4,5,False,False,0.0
13,random,189,30.0,5,4,5,False,False,0.0
13,random,190,30.0,5,4,5,False,False,0.0
13,random,191,30.0,5,4,5,False,False,0.0
13,random,192,30.0,5,4,5,False,False,0.0
13,random,193,20.0,4,3,5,False,False,0.0
13,random,194,30.0,5,4,5,False,False,0.0
13,random,195,30.0,5,4,5,False,False,0.0
13,random,196,30.0,5,4,5,False,False,0.0
13,random,197,30.0,5,4,5,False,False,0.0
13,random,198,20.0,4,3,5,False,False,0.0
13,random,199,20.0,4,3,5,False,False,0.0
13,random,200,20.0,4,3,5,False,False,0.0
13,learned,0,20.0,6,4,5,False,False,0.0
13,learned,1,30.0,5,4,5,False,False,0.0
13,learned,2,40.0,4,4,5,False,False,0.0
13,learned,3,50.0,5,5,5,True,True,1.2266779476800472e-05
13,learned,4,40.0,6,5,5,True,False,2.775794298255815e-05
13,learned,5,40.0,6,5,5,True,False,2.775794298255815e-05
13,learned,6,40.0,6,5,5,True,False,2.775794298255815e-05
13,learned,7,40.0,6,5,5,True,False,2.775794298255815e-05
13,learned,8,40.0,6,5,5,True,False,2.775794298255815e-05
13,learned,9,40.0,6,5,5,True,False,2.775794298255815e-05
13,learned,10,40.0,6,5,5,True,False,2.775794298255815e-05
13,learned,11,40.0,6,5,5,True,False,2.775794298255815e-05
13,learned,12,40.0,6,5,5,True,False,2.775794298255815e-05
13,learned,13,40.0,6,5,5,True,False,2.775794298255815e-05
13,learned,14,40.0,6,5,5,True,False,2.775794298255815e-05
13,learned,15,40.0,6,5,5,True,False,2.775794298255815e-05
13,learned,16,40.0,6,5,5,True,False,2.775794298255815e-05
13,learned,17,40.0,6,5,5,True,False,2.775794298255815e-05
13,learned,18,40.0,6,5,5,True,False,2.775794298255815e-05
13,learned,19,40.0,6,5,5,True,False,2.775794298255815e-05
13,learned,20,40.0,6,5,5,True,False,2.775794298255815e-05
13,learned,21,40.0,6,5,5,True,False,2.775794298255815e-05
13,learned,22,40.0,6,5,5,True,False,2.775794298255815e-05
13,learned,23,40.0,6,5,5,True,False,2.775794298255815e-05
13,learned,24,40.0,6,5,5,True,False,2.775794298255815e-05
13,learned,25,40.0,6,5,5,True,False,2.775794298255815e-05
13,learned,26,40.0,6,5,5,True,False,2.775794298255815e-05
13,learned,27,40.0,6,5,5,True,False,2.775794298255815e-05
13,learned,28,40.0,6,5,5,True,False,2.775794298255815e-05
13,learned,29,40.0,6,5,5,True,False,2.775794298255815e-05
13,learned,30,40.0,6,5,5,True,False,2.775794298255815e-05
13,learned,31,40.0,6,5,5,True,False,2.775794298255815e-05
13,learned,32,40.0,6,5,5,True,False,2.775794298255815e-05
13,learned,33,40.0,6,5,5,True,False,2.775794298255815e-05
13,learned,34,40.0,6,5,5,True,False,2.775794298255815e-05
13,learned,35,40.0,6,5,5,True,False,2.775794298255815e-05
13,learned,36,40.0,6,5,5,True,False,2.775794298255815e-05
13,learned,37,40.0,6,5,5,True,False,2.775794298255815e-05
13,learned,38,40.0,6,5,5,True,False,2.775794298255815e-05
13,learned,39,40.0,6,5,5,True,False,2.775794298255815e-05
13,learned,40,40.0,6,5,5,True,False,2.775794298255815e-05
13,learned,41,40.0,6,5,5,True,False,2.775794298255815e-05
13,learned,42,40.0,6,5,5,True,False,2.775794298255815e-05
13,learned,43,40.0,6,5,5,True,False,2.775794298255815e-05
13,learned,44,40.0,6,5,5,True,False,2.775794298255815e-05
13,learned,45,40.0,6,5,5,True,False,2.775794298255815e-05
13,learned,46,40.0,6,5,5,True,False,2.775794298255815e-05
13,learned,47,40.0,6,5,5,True,False,2.775794298255815e-05
13,learned,48,40.0,6,5,5,True,False,2.775794298255815e-05
13,learned,49,40.0,6,5,5,True,False,2.775794298255815e-05
13,learned,50,40.0,6,5,5,True,False,2.775794298255815e-05
13,learned,51,40.0,6,5,5,True,False,2.775794298255815e-05
13,learned,52,40.0,6,5,5,True,False,2.775794298255815e-05
13,learned,53,40.0,6,5,5,True,False,2.775794298255815e-05
13,learned,54,40.0,6,5,5,True,False,2.775794298255815e-05
13,learned,55,40.0,6,5,5,True,False,2.775794298255815e-05
13,learned,56,40.0,6,5,5,True,False,2.775794298255815e-05
13,learned,57,40.0,6,5,5,True,False,2.775794298255815e-05
13,learned,58,40.0,6,5,5,True,False,2.775794298255815e-05
13,learned,59,40.0,6,5,5,True,False,2.775794298255815e-05
13,learned,60,40.0,6,5,5,True,False,2.775794298255815e-05
13,learned,61,40.0,6,5,5,True,False,2.775794298255815e-05
13,learned,62,40.0,6,5,5,True,False,2.775794298255815e-05
13,learned,63,40.0,6,5,5,True,False,2.775794298255815e-05
13,learned,64,40.0,6,5,5,True,False,2.775794298255815e-05
13,learned,65,40.0,6,5,5,True,False,2.775794298255815e-05
13,learned,66,40.0,6,5,5,True,False,2.775794298255815e-05
13,learned,67,40.0,6,5,5,True,False,2.775794298255815e-05
13,learned,68,40.0,6,5,5,True,False,2.775794298255815e-05
13,learned,69,40.0,6,5,5,True,False,2.775794298255815e-05
13,learned,70,40.0,6,5,5,True,False,2.775794298255815e-05
13,learned,71,40.0,6,5,5,True,False,2.775794298255815e-05
13,learned,72,40.0,6,5,5,True,False,2.775794298255815e-05
13,learned,73,40.0,6,5,5,True,False,2.775794298255815e-05
13,learned,74,40.0,6,5,5,True,False,2.775794298255815e-05
13,learned,75,40.0,6,5,5,True,False,2.775794298255815e-05
13,learned,76,40.0,6,5,5,True,False,2.775794298255815e-05
13,learned,77,40.0,6,5,5,True,False,2.775794298255815e-05
13,learned,78,40.0,6,5,5,True,False,2.775794298255815e-05
13,learned,79,40.0,6,5,5,True,False,2.775794298255815e-05
13,learned,80,40.0,6,5,5,True,False,2.775794298255815e-05
13,learned,81,40.0,6,5,5,True,False,2.775794298255815e-05
13,learned,82,40.0,6,5,5,True,False,2.775794298255815e-05
13,learned,83,40.0,6,5,5,True,False,2.775794298255815e-05
13,learned,84,40.0,6,5,5,True,False,2.775794298255815e-05
13,learned,85,40.0,6,5,5,True,False,2.775794298255815e-05
13,learned,86,40.0,6,5,5,True,False,2.775794298255815e-05
13,learned,87,40.0,6,5,5,True,False,2.775794298255815e-05
13,learned,88,40.0,6,5,5,True,False,2.775794298255815e-05
13,learned,89,40.0,6,5,5,True,False,2.775794298255815e-05
13,learned,90,40.0,6,5,5,True,False,2.775794298255815e-05
13,learned,91,40.0,6,5,5,True,False,2.775794298255815e-05
13,learned,92,40.0,6,5,5,True,False,2.775794298255815e-05
13,learned,93,40.0,6,5,5,True,False,2.775794298255815e-05
13,learned,94,40.0,6,5,5,True,False,2.775794298255815e-05
13,learned,95,40.0,6,5,5,True,False,2.775794298255815e-05
13,learned,96,40.0,6,5,5,True,False,2.775794298255815e-05
13,learned,97,40.0,6,5,5,True,False,2.775794298255815e-05
13,learned,98,40.0,6,5,5,True,False,2.775794298255815e-05
13,learned,99,40.0,6,5,5,True,False,2.775794298255815e-05
13,learned,100,40.0,6,5,5,True,False,2.775794298255815e-05
13,learned,101,40.0,6,5,5,True,False,2.775794298255815e-05
13,learned,102,40.0,6,5,5,True,False,2.775794298255815e-05
13,learned,103,40.0,6,5,5,True,False,2.775794298255815e-05
13,learned,104,40.0,6,5,5,True,False,2.775794298255815e-05
13,learned,105,40.0,6,5,5,True,False,2.775794298255815e-05
13,learned,106,40.0,6,5,5,True,False,2.775794298255815e-05
13,learned,107,40.0,6,5,5,True,False,2.775794298255815e-05
13,learned,108,40.0,6,5,5,True,False,2.775794298255815e-05
13,learned,109,40.0,6,5,5,True,False,2.775794298255815e-05
13,learned,110,40.0,6,5,5,True,False,2.775794298255815e-05
13,learned,111,40.0,6,5,5,True,False,2.775794298255815e-05
13,learned,112,40.0,6,5,5,True,False,2.775794298255815e-05
13,learned,113,40.0,6,5,5,True,False,2.775794298255815e-05
13,learned,114,40.0,6,5,5,True,False,2.775794298255815e-05
13,learned,115,40.0,6,5,5,True,False,2.775794298255815e-05
13,learned,116,40.0,6,5,5,True,False,2.775794298255815e-05
13,learned,117,40.0,6,5,5,True,False,2.775794298255815e-05
13,learned,118,40.0,6,5,5,True,False,2.775794298255815e-05
13,learned,119,40.0,6,5,5,True,False,2.775794298255815e-05
13,learned,120,40.0,6,5,5,True,False,2.775794298255815e-05
13,learned,121,40.0,6,5,5,True,False,2.775794298255815e-05
13,learned,122,40.0,6,5,5,True,False,2.775794298255815e-05
13,learned,123,40.0,6,5,5,True,False,2.775794298255815e-05
13,learned,124,40.0,6,5,5,True,False,2.775794298255815e-05
13,learned,125,40.0,6,5,5,True,False,2.775794298255815e-05
13,learned,126,40.0,6,5,5,True,False,2.775794298255815e-05
13,learned,127,40.0,6,5,5,True,False,2.775794298255815e-05
13,learned,128,40.0,6,5,5,True,False,2.775794298255815e-05
13,learned,129,40.0,6,5,5,True,False,2.775794298255815e-05
13,learned,130,40.0,6,5,5,True,False,2.775794298255815e-05
13,learned,131,40.0,6,5,5,True,False,2.775794298255815e-05
13,learned,132,40.0,6,5,5,True,False,2.775794298255815e-05
13,learned,133,40.0,6,5,5,True,False,2.775794298255815e-05
13,learned,134,40.0,6,5,5,True,False,2.775794298255815e-05
13,learned,135,40.0,6,5,5,True,False,2.775794298255815e-05
13,learned,136,40.0,6,5,5,True,False,2.775794298255815e-05
13,learned,137,40.0,6,5,5,True,False,2.775794298255815e-05
13,learned,138,40.0,6,5,5,True,False,2.775794298255815e-05
13,learned,139,40.0,6,5,5,True,False,2.775794298255815e-05
13,learned,140,40.0,6,5,5,True,False,2.775794298255815e-05
13,learned,141,40.0,6,5,5,True,False,2.775794298255815e-05
13,learned,142,40.0,6,5,5,True,False,2.775794298255815e-05
13,learned,143,40.0,6,5,5,True,False,2.775794298255815e-05
13,learned,144,40.0,6,5,5,True,False,2.775794298255815e-05
13,learned,145,40.0,6,5,5,True,False,2.775794298255815e-05
13,learned,146,40.0,6,5,5,True,False,2.775794298255815e-05
13,learned,147,40.0,6,5,5,True,False,2.775794298255815e-05
13,learned,148,40.0,6,5,5,True,False,2.775794298255815e-05
13,learned,149,40.0,6,5,5,True,False,2.775794298255815e-05
13,learned,150,40.0,6,5,5,True,False,2.775794298255815e-05
13,learned,151,40.0,6,5,5,True,False,2.775794298255815e-05
13,learned,152,40.0,6,5,5,True,False,2.775794298255815e-05
13,learned,153,40.0,6,5,5,True,False,2.775794298255815e-05
13,learned,154,40.0,6,5,5,True,False,2.775794298255815e-05
13,learned,155,40.0,6,5,5,True,False,2.775794298255815e-05
13,learned,156,40.0,6,5,5,True,False,2.775794298255815e-05
13,learned,157,40.0,6,5,5,True,False,2.775794298255815e-05
13,learned,158,40.0,6,5,5,True,False,2.775794298255815e-05
13,learned,159,40.0,6,5,5,True,False,2.775794298255815e-05
13,learned,160,40.0,6,5,5,True,False,2.775794298255815e-05
13,learned,161,40.0,6,5,5,True,False,2.775794298255815e-05
13,learned,162,40.0,6,5,5,True,False,2.775794298255815e-05
13,learned,163,40.0,6,5,5,True,False,2.775794298255815e-05
13,learned,164,40.0,6,5,5,True,False,2.775794298255815e-05
13,learned,165,40.0,6,5,5,True,False,2.775794298255815e-05
13,learned,166,40.0,6,5,5,True,False,2.775794298255815e-05
13,learned,167,40.0,6,5,5,True,False,2.775794298255815e-05
13,learned,168,40.0,6,5,5,True,False,2.775794298255815e-05
13,learned,169,40.0,6,5,5,True,False,2.775794298255815e-05
13,learned,170,40.0,6,5,5,True,False,2.775794298255815e-05
13,learned,171,40.0,6,5,5,True,False,2.775794298255815e-05
13,learned,172,40.0,6,5,5,True,False,2.775794298255815e-05
13,learned,173,40.0,6,5,5,True,False,2.775794298255815e-05
13,learned,174,40.0,6,5,5,True,False,2.775794298255815e-05
13,learned,175,40.0,6,5,5,True,False,2.775794298255815e-05
13,learned,176,40.0,6,5,5,True,False,2.775794298255815e-05
13,learned,177,40.0,6,5,5,True,False,2.775794298255815e-05
13,learned,178,40.0,6,5,5,True,False,2.775794298255815e-05
13,learned,179,40.0,6,5,5,True,False,2.775794298255815e-05
13,learned,180,40.0,6,5,5,True,False,2.775794298255815e-05
13,learned,181,40.0,6,5,5,True,False,2.775794298255815e-05
13,learned,182,40.0,6,5,5,True,False,2.775794298255815e-05
13,learned,183,40.0,6,5,5,True,False,2.775794298255815e-05
13,learned,184,40.0,6,5,5,True,False,2.775794298255815e-05
13,learned,185,40.0,6,5,5,True,False,2.775794298255815e-05
13,learned,186,40.0,6,5,5,True,False,2.775794298255815e-05
13,learned,187,40.0,6,5,5,True,False,2.775794298255815e-05
13,learned,188,40.0,6,5,5,True,False,2.775794298255815e-05
13,learned,189,40.0,6,5,5,True,False,2.775794298255815e-05
13,learned,190,40.0,6,5,5,True,False,2.775794298255815e-05
13,learned,191,40.0,6,5,5,True,False,2.775794298255815e-05
13,learned,192,40.0,6,5,5,True,False,2.775794298255815e-05
13,learned,193,40.0,6,5,5,True,False,2.775794298255815e-05
13,learned,194,40.0,6,5,5,True,False,2.775794298255815e-05
13,learned,195,40.0,6,5,5,True,False,2.775794298255815e-05
13,learned,196,40.0,6,5,5,True,False,2.775794298255815e-05
13,learned,197,40.0,6,5,5,True,False,2.775794298255815e-05
13,learned,198,40.0,6,5,5,True,False,2.775794298255815e-05
13,learned,199,40.0,6,5,5,True,False,2.775794298255815e-05
13,learned,200,40.0,6,5,5,True,False,2.775794298255815e-05
14,initial,0,20.0,8,5,5,True,False,2.0909244994354413e-05
14,greedy,0,20.0,8,5,5,True,False,2.0909244994354413e-05
14,greedy,1,30.0,7,5,5,True,False,1.6212572278197033e-05
14,greedy,2,40.0,6,5,5,True,False,1.620423394459421e-05
14,greedy,3,50.0,5,5,5,True,True,1.1911873847007773e-05
14,random,0,20.0,8,5,5,True,False,2.0909244994354413e-05
14,random,1,30.0,7,5,5,True,False,1.6212572278197033e-05
14,random,2,20.0,6,4,5,False,False,0.0
14,random,3,20.0,6,4,5,False,False,0.0
14,random,4,30.0,7,5,5,True,False,2.0074680578983887e-05
14,random,5,30.0,7,5,5,True,False,2.0074680578983887e-05
14,random,6,30.0,7,5,5,True,False,2.0074680578983887e-05
14,random,7,30.0,7,5,5,True,False,2.0074680578983887e-05
14,random,8,30.0,7,5,5,True,False,2.0074680578983887e-05
14,random,9,30.0,7,5,5,True,False,2.0074680578983887e-05
14,random,10,30.0,7,5,5,True,False,2.0074680578983887e-05
14,random,11,30.0,7,5,5,True,False,2.0074680578983887e-05
14,random,12,30.0,7,5,5,True,False,2.0074680578983887e-05
14,random,13,30.0,7,5,5,True,False,2.0074680578983887e-05
14,random,14,40.0,6,5,5,True,False,2.007414529263242e-05
14,random,15,30.0,5,4,5,False,False,0.0
14,random,16,30.0,5,4,5,False,False,0.0
14,random,17,30.0,5,4,5,False,False,0.0
14,random,18,30.0,5,4,5,False,False,0.0
14,random,19,20.0,6,4,5,False,False,0.0
14,random,20,20.0,6,4,5,False,False,0.0
14,random,21,30.0,7,5,5,True,False,2.2713946202560254e-05
14,random,22,30.0,7,5,5,True,False,2.2713946202560254e-05
14,random,23,40.0,6,5,5,True,False,2.0074145292632422e-05
14,random,24,30.0,5,4,5,False,False,0.0
14,random,25,30.0,5,4,5,False,False,0.0
14,random,26,40.0,4,4,5,False,False,0.0
14,random,27,50.0,5,5,5,True,True,1.1572725242104837e-05
14,random,28,50.0,5,5,5,True,True,1.1572725242104837e-05
14,random,29,40.0,6,5,5,True,False,1.1572847119894e-05
14,random,30,40.0,6,5,5,True,False,1.1572847119894e-05
14,random,31,40.0,6,5,5,True,False,1.1572847119894e-05
14,random,32,40.0,6,5,5,True,False,1.1572847119894e-05
14,random,33,40.0,6,5,5,True,False,1.1572847119894e-05
14,random,34,40.0,6,5,5,True,False,1.1572847119894e-05
14,random,35,30.0,7,5,5,True,False,1.4409213070785645e-05
14,random,36,30.0,7,5,5,True,False,1.4409213070785645e-05
14,random,37,30.0,7,5,5,True,False,1.4409213070785645e-05
14,random,38,40.0,6,5,5,True,False,1.4408647306520881e-05
14,random,39,30.0,7,5,5,True,False,1.9087090711602294e-05
14,random,40,20.0,8,5,5,True,False,1.909154430577509e-05
14,random,41,10.0,9,5,5,True,False,2.821335021123594e-05
14,random,42,20.0,8,5,5,True,False,2.8170270292634977e-05
14,random,43,30.0,7,5,5,True,False,9.052378401840936e-08
14,random,44,30.0,7,5,5,True,False,9.052378401840936e-08
14,random,45,20.0,6,4,5,False,False,0.0
14,random,46,20.0,6,4,5,False,False,0.0
14,random,47,20.0,6,4,5,False,False,0.0
14,random,48,20.0,6,4,5,False,False,0.0
14,random,49,10.0,5,3,5,False,False,0.0
14,random,50,20.0,6,4,5,False,False,0.0
14,random,51,20.0,6,4,5,False,False,0.0
14,random,52,30.0,5,4,5,False,False,0.0
14,random,53,40.0,6,5,5,True,False,8.384235583621851e-08
14,random,54,30.0,5,4,5,False,False,0.0
14,random,55,20.0,4,3,5,False,False,0.0
14,random,56,30.0,5,4,5,False,False,0.0
14,random,57,30.0,5,4,5,False,False,0.0
14,random,58,30.0,5,4,5,False,False,0.0
14,random,59,40.0,6,5,5,True,False,3.490067722679253e-06
14,random,60,40.0,6,5,5,True,False,3.490067722679253e-06
14,random,61,40.0,6,5,5,True,False,3.490067722679253e-06
14,random,62,30.0,7,5,5,True,False,3.4929293099319704e-06
14,random,63,30.0,7,5,5,True,False,3.4929293099319704e-06
14,random,64,30.0,7,5,5,True,False,3.4929293099319704e-06
14,random,65,20.0,8,5,5,True,False,3.5199398177800698e-06
14,random,66,20.0,8,5,5,True,False,3.5199398177800698e-06
14,random,67,20.0,8,5,5,True,False,3.5199398177800698e-06
14,random,68,20.0,8,5,5,True,False,3.5199398177800698e-06
14,random,69,10.0,7,4,5,False,False,0.0
14,random,70,20.0,8,5,5,True,False,3.5199398177800698e-06
14,random,71,20.0,8,5,5,True,False,3.5199398177800698e-06
14,random,72,30.0,7,5,5,True,False,3.5170388586968202e-06
14,random,73,40.0,6,5,5,True,False,3.4965058683144716e-06
14,random,74,40.0,6,5,5,True,False,3.4965058683144716e-06
14,random,75,30.0,5,4,5,False,False,0.0
14,random,76,30.0,5,4,5,False,False,0.0
14,random,77,40.0,4,4,5,False,False,0.0
14,random,78,40.0,4,4,5,False,False,0.0
14,random,79,50.0,5,5,5,True,True,1.1572725242104837e-05
14,random,80,50.0,5,5,5,True,True,1.1572725242104837e-05
14,random,81,50.0,5,5,5,True,True,1.1572725242104837e-05
14,random,82,50.0,5,5,5,True,True,1.1572725242104837e-05
14,random,83,40.0,6,5,5,True,False,1.4408647306520881e-05
14,random,84,40.0,6,5,5,True,False,1.4408647306520881e-05
14,random,85,40.0,6,5,5,True,False,1.4408647306520881e-05
14,random,86,30.0,7,5,5,True,False,1.4409213070785645e-05
14,random,87,30.0,7,5,5,True,False,1.4409213070785645e-05
14,random,88,30.0,7,5,5,True,False,1.4409213070785645e-05
14,random,89,30.0,7,5,5,True,False,1.4409213070785645e-05
14,random,90,20.0,6,4,5,False,False,0.0
14,random,91,10.0,7,4,5,False,False,0.0
14,random,92,10.0,7,4,5,False,False,0.0
14,random,93,20.0,6,4,5,False,False,0.0
14,random,94,20.0,6,4,5,False,False,0.0
14,random,95,20.0,6,4,5,False,False,0.0
14,random,96,20.0,6,4,5,False,False,0.0
14,random,97,30.0,5,4,5,False,False,0.0
14,random,98,30.0,5,4,5,False,False,0.0
14,random,99,30.0,5,4,5,False,False,0.0
14,random,100,20.0,4,3,5,False,False,0.0
14,random,101,20.0,4,3,5,False,False,0.0
14,random,102,30.0,3,3,5,False,False,0.0
14,random,103,30.0,3,3,5,False,False,0.0
14,random,104,30.0,3,3,5,False,False,0.0
14,random,105,40.0,4,4,5,False,False,0.0
14,random,106,40.0,4,4,5,False,False,0.0
14,random,107,50.0,5,5,5,True,True,1.1911873847007741e-05
14,random,108,40.0,6,5,5,True,False,1.6234062645996654e-05
14,random,109,40.0,6,5,5,True,False,1.6234062645996654e-05
14,random,110,40.0,6,5,5,True,False,1.6234062645996654e-05
14,random,111,40.0,6,5,5,True,False,1.6234062645996654e-05
14,random,112,40.0,6,5,5,True,False,1.6234062645996654e-05
14,random,113,50.0,5,5,5,True,True,1.1572725242104837e-05
14,random,114,50.0,5,5,5,True,True,1.1572725242104837e-05
14,random,115,50.0,5,5,5,True,True,1.1572725242104837e-05
14,random,116,50.0,5,5,5,True,True,1.1572725242104837e-05
14,random,117,40.0,4,4,5,False,False,0.0
14,random,118,40.0,4,4,5,False,False,0.0
14,random,119,50.0,5,5,5,True,True,1.1572725242104837e-05
14,random,120,40.0,6,5,5,True,False,1.1572847119894e-05
14,random,121,40.0,6,5,5,True,False,1.1572847119894e-05
14,random,122,30.0,7,5,5,True,False,1.4409213070786096e-05
14,random,123,30.0,7,5,5,True,False,1.4409213070786096e-05
14,random,124,30.0,7,5,5,True,False,1.4409213070786096e-05
14,random,125,40.0,6,5,5,True,False,1.4408647306521577e-05
14,random,126,40.0,6,5,5,True,False,1.4408647306521577e-05
14,random,127,30.0,7,5,5,True,False,1.4470730696447432e-05
14,random,128,30.0,7,5,5,True,False,1.4470730696447432e-05
14,random,129,30.0,7,5,5,True,False,1.4470730696447432e-05
14,random,130,20.0,8,5,5,True,False,1.447130921927003e-05
14,random,131,10.0,9,5,5,True,False,1.9096627543932124e-05
14,random,132,10.0,9,5,5,True,False,1.9096627543932124e-05
14,random,133,20.0,8,5,5,True,False,1.9091544305775122e-05
14,random,134,30.0,7,5,5,True,False,1.623441282695133e-05
14,random,135,20.0,8,5,5,True,False,1.719662845295602e-05
14,random,136,30.0,7,5,5,True,False,1.1632040834968692e-05
14,random,137,30.0,7,5,5,True,False,1.1632040834968692e-05
14,random,138,30.0,7,5,5,True,False,1.1632040834968692e-05
14,random,139,40.0,6,5,5,True,False,1.1592086009200225e-05
14,random,140,40.0,6,5,5,True,False,1.1592086009200225e-05
14,random,141,40.0,6,5,5,True,False,1.1592086009200225e-05
14,random,142,40.0,6,5,5,True,False,1.1592086009200225e-05
14,random,143,40.0,6,5,5,True,False,1.1592086009200225e-05
14,random,144,40.0,6,5,5,True,False,1.1592086009200225e-05
14,random,145,30.0,5,4,5,False,False,0.0
14,random,146,20.0,6,4,5,False,False,0.0
14,random,147,20.0,6,4,5,False,False,0.0
14,random,148,30.0,7,5,5,True,False,1.1592217741703266e-05
14,random,149,30.0,7,5,5,True,False,1.1592217741703266e-05
14,random,150,40.0,6,5,5,True,False,1.1592086009200225e-05
14,random,151,30.0,5,4,5,False,False,0.0
14,random,152,20.0,4,3,5,False,False,0.0
14,random,153,20.0,4,3,5,False,False,0.0
14,random,154,20.0,4,3,5,False,False,0.0
14,random,155,30.0,3,3,5,False,False,0.0
14,random,156,20.0,4,3,5,False,False,0.0
14,random,157,20.0,4,3,5,False,False,0.0
14,random,158,30.0,3,3,5,False,False,0.0
14,random,159,30.0,3,3,5,False,False,0.0
14,random,160,30.0,3,3,5,False,False,0.0
14,random,161,20.0,4,3,5,False,False,0.0
14,random,162,30.0,5,4,5,False,False,0.0
14,random,163,40.0,4,4,5,False,False,0.0
14,random,164,40.0,4,4,5,False,False,0.0
14,random,165,40.0,4,4,5,False,False,0.0
14,random,166,40.0,4,4,5,False,False,0.0
14,random,167,40.0,4,4,5,False,False,0.0
14,random,168,30.0,5,4,5,False,False,0.0
14,random,169,30.0,5,4,5,False,False,0.0
14,random,170,20.0,6,4,5,False,False,0.0
14,random,171,10.0,7,4,5,False,False,0.0
14,random,172,10.0,7,4,5,False,False,0.0
14,random,173,0.0,8,4,5,False,False,0.0
14,random,174,10.0,7,4,5,False,False,0.0
14,random,175,20.0,6,4,5,False,False,0.0
14,random,176,10.0,7,4,5,False,False,0.0
14,random,177,10.0,7,4,5,False,False,0.0
14,random,178,20.0,6,4,5,False,False,0.0
14,random,179,30.0,5,4,5,False,False,0.0
14,random,180,20.0,4,3,5,False,False,0.0
14,random,181,30.0,3,3,5,False,False,0.0
14,random,182,20.0,2,2,5,False,False,0.0
14,random,183,20.0,2,2,5,False,False,0.0
14,random,184,20.0,2,2,5,False,False,0.0
14,random,185,30.0,3,3,5,False,False,0.0
14,random,186,40.0,4,4,5,False,False,0.0
14,random,187,40.0,4,4,5,False,False,0.0
14,random,188,40.0,4,4,5,False,False,0.0
14,random,189,30.0,5,4,5,False,False,0.0
14,random,190,40.0,6,5,5,True,False,1.4408647306521577e-05
14,random,191,30.0,7,5,5,True,False,1.440921307078607e-05
14,random,192,20.0,6,4,5,False,False,0.0
14,random,193,20.0,6,4,5,False,False,0.0
14,random,194,10.0,5,3,5,False,False,0.0
14,random,195,10.0,5,3,5,False,False,0.0
14,random,196,10.0,5,3,5,False,False,0.0
14,random,197,10.0,5,3,5,False,False,0.0
14,random,198,20.0,4,3,5,False,False,0.0
14,random,199,10.0,5,3,5,False,False,0.0
14,random,200,10.0,5,3,5,False,False,0.0
14,learned,0,20.0,8,5,5,True,False,2.0909244994354413e-05
14,learned,1,30.0,7,5,5,True,False,2.0906491007150726e-05
14,learned,2,40.0,6,5,5,True,False,1.6234062645996654e-05
14,learned,3,40.0,6,5,5,True,False,1.6234062645996654e-05
14,learned,4,40.0,6,5,5,True,False,1.6234062645996654e-05
14,learned,5,40.0,6,5,5,True,False,1.6234062645996654e-05
14,learned,6,40.0,6,5,5,True,False,1.6234062645996654e-05
14,learned,7,40.0,6,5,5,True,False,1.6234062645996654e-05
14,learned,8,40.0,6,5,5,True,False,1.6234062645996654e-05
14,learned,9,40.0,6,5,5,True,False,1.6234062645996654e-05
14,learned,10,40.0,6,5,5,True,False,1.6234062645996654e-05
14,learned,11,40.0,6,5,5,True,False,1.6234062645996654e-05
14,learned,12,40.0,6,5,5,True,False,1.6234062645996654e-05
14,learned,13,40.0,6,5,5,True,False,1.6234062645996654e-05
14,learned,14,40.0,6,5,5,True,False,1.6234062645996654e-05
14,learned,15,40.0,6,5,5,True,False,1.6234062645996654e-05
14,learned,16,40.0,6,5,5,True,False,1.6234062645996654e-05
14,learned,17,40.0,6,5,5,True,False,1.6234062645996654e-05
14,learned,18,40.0,6,5,5,True,False,1.6234062645996654e-05
14,learned,19,40.0,6,5,5,True,False,1.6234062645996654e-05
14,learned,20,40.0,6,5,5,True,False,1.6234062645996654e-05
14,learned,21,40.0,6,5,5,True,False,1.6234062645996654e-05
14,learned,22,40.0,6,5,5,True,False,1.6234062645996654e-05
14,learned,23,40.0,6,5,5,True,False,1.6234062645996654e-05
14,learned,24,40.0,6,5,5,True,False,1.6234062645996654e-05
14,learned,25,40.0,6,5,5,True,False,1.6234062645996654e-05
14,learned,26,40.0,6,5,5,True,False,1.6234062645996654e-05
14,learned,27,40.0,6,5,5,True,False,1.6234062645996654e-05
14,learned,28,40.0,6,5,5,True,False,1.6234062645996654e-05
14,learned,29,40.0,6,5,5,True,False,1.6234062645996654e-05
14,learned,30,40.0,6,5,5,True,False,1.6234062645996654e-05
14,learned,31,40.0,6,5,5,True,False,1.6234062645996654e-05
14,learned,32,40.0,6,5,5,True,False,1.6234062645996654e-05
14,learned,33,40.0,6,5,5,True,False,1.6234062645996654e-05
14,learned,34,40.0,6,5,5,True,False,1.6234062645996654e-05
14,learned,35,40.0,6,5,5,True,False,1.6234062645996654e-05
14,learned,36,40.0,6,5,5,True,False,1.6234062645996654e-05
14,learned,37,40.0,6,5,5,True,False,1.6234062645996654e-05
14,learned,38,40.0,6,5,5,True,False,1.6234062645996654e-05
14,learned,39,40.0,6,5,5,True,False,1.6234062645996654e-05
14,learned,40,40.0,6,5,5,True,False,1.6234062645996654e-05
14,learned,41,40.0,6,5,5,True,False,1.6234062645996654e-05
14,learned,42,40.0,6,5,5,True,False,1.6234062645996654e-05
14,learned,43,40.0,6,5,5,True,False,1.6234062645996654e-05
14,learned,44,40.0,6,5,5,True,False,1.6234062645996654e-05
14,learned,45,40.0,6,5,5,True,False,1.6234062645996654e-05
14,learned,46,40.0,6,5,5,True,False,1.6234062645996654e-05
14,learned,47,40.0,6,5,5,True,False,1.6234062645996654e-05
14,learned,48,40.0,6,5,5,True,False,1.6234062645996654e-05
14,learned,49,40.0,6,5,5,True,False,1.6234062645996654e-05
14,learned,50,40.0,6,5,5,True,False,1.6234062645996654e-05
14,learned,51,40.0,6,5,5,True,False,1.6234062645996654e-05
14,learned,52,40.0,6,5,5,True,False,1.6234062645996654e-05
14,learned,53,40.0,6,5,5,True,False,1.6234062645996654e-05
14,learned,54,40.0,6,5,5,True,False,1.6234062645996654e-05
14,learned,55,40.0,6,5,5,True,False,1.6234062645996654e-05
14,learned,56,40.0,6,5,5,True,False,1.6234062645996654e-05
14,learned,57,40.0,6,5,5,True,False,1.6234062645996654e-05
14,learned,58,40.0,6,5,5,True,False,1.6234062645996654e-05
14,learned,59,40.0,6,5,5,True,False,1.6234062645996654e-05
14,learned,60,40.0,6,5,5,True,False,1.6234062645996654e-05
14,learned,61,40.0,6,5,5,True,False,1.6234062645996654e-05
14,learned,62,40.0,6,5,5,True,False,1.6234062645996654e-05
14,learned,63,40.0,6,5,5,True,False,1.6234062645996654e-05
14,learned,64,40.0,6,5,5,True,False,1.6234062645996654e-05
14,learned,65,40.0,6,5,5,True,False,1.6234062645996654e-05
14,learned,66,40.0,6,5,5,True,False,1.6234062645996654e-05
14,learned,67,40.0,6,5,5,True,False,1.6234062645996654e-05
14,learned,68,40.0,6,5,5,True,False,1.6234062645996654e-05
14,learned,69,40.0,6,5,5,True,False,1.6234062645996654e-05
14,learned,70,40.0,6,5,5,True,False,1.6234062645996654e-05
14,learned,71,40.0,6,5,5,True,False,1.6234062645996654e-05
14,learned,72,40.0,6,5,5,True,False,1.6234062645996654e-05
14,learned,73,40.0,6,5,5,True,False,1.6234062645996654e-05
14,learned,74,40.0,6,5,5,True,False,1.6234062645996654e-05
14,learned,75,40.0,6,5,5,True,False,1.6234062645996654e-05
14,learned,76,40.0,6,5,5,True,False,1.6234062645996654e-05
14,learned,77,40.0,6,5,5,True,False,1.6234062645996654e-05
14,learned,78,40.0,6,5,5,True,False,1.6234062645996654e-05
14,learned,79,40.0,6,5,5,True,False,1.6234062645996654e-05
14,learned,80,40.0,6,5,5,True,False,1.6234062645996654e-05
14,learned,81,40.0,6,5,5,True,False,1.6234062645996654e-05
14,learned,82,40.0,6,5,5,True,False,1.6234062645996654e-05
14,learned,83,40.0,6,5,5,True,False,1.6234062645996654e-05
14,learned,84,40.0,6,5,5,True,False,1.6234062645996654e-05
14,learned,85,40.0,6,5,5,True,False,1.6234062645996654e-05
14,learned,86,40.0,6,5,5,True,False,1.6234062645996654e-05
14,learned,87,40.0,6,5,5,True,False,1.6234062645996654e-05
14,learned,88,40.0,6,5,5,True,False,1.6234062645996654e-05
14,learned,89,40.0,6,5,5,True,False,1.6234062645996654e-05
14,learned,90,40.0,6,5,5,True,False,1.6234062645996654e-05
14,learned,91,40.0,6,5,5,True,False,1.6234062645996654e-05
14,learned,92,40.0,6,5,5,True,False,1.6234062645996654e-05
14,learned,93,40.0,6,5,5,True,False,1.6234062645996654e-05
14,learned,94,40.0,6,5,5,True,False,1.6234062645996654e-05
14,learned,95,40.0,6,5,5,True,False,1.6234062645996654e-05
14,learned,96,40.0,6,5,5,True,False,1.6234062645996654e-05
14,learned,97,40.0,6,5,5,True,False,1.6234062645996654e-05
14,learned,98,40.0,6,5,5,True,False,1.6234062645996654e-05
14,learned,99,40.0,6,5,5,True,False,1.6234062645996654e-05
14,learned,100,40.0,6,5,5,True,False,1.6234062645996654e-05
14,learned,101,40.0,6,5,5,True,False,1.6234062645996654e-05
14,learned,102,40.0,6,5,5,True,False,1.6234062645996654e-05
14,learned,103,40.0,6,5,5,True,False,1.6234062645996654e-05
14,learned,104,40.0,6,5,5,True,False,1.6234062645996654e-05
14,learned,105,40.0,6,5,5,True,False,1.6234062645996654e-05
14,learned,106,40.0,6,5,5,True,False,1.6234062645996654e-05
14,learned,107,40.0,6,5,5,True,False,1.6234062645996654e-05
14,learned,108,40.0,6,5,5,True,False,1.6234062645996654e-05
14,learned,109,40.0,6,5,5,True,False,1.6234062645996654e-05
14,learned,110,40.0,6,5,5,True,False,1.6234062645996654e-05
14,learned,111,40.0,6,5,5,True,False,1.6234062645996654e-05
14,learned,112,40.0,6,5,5,True,False,1.6234062645996654e-05
14,learned,113,40.0,6,5,5,True,False,1.6234062645996654e-05
14,learned,114,40.0,6,5,5,True,False,1.6234062645996654e-05
14,learned,115,40.0,6,5,5,True,False,1.6234062645996654e-05
14,learned,116,40.0,6,5,5,True,False,1.6234062645996654e-05
14,learned,117,40.0,6,5,5,True,False,1.6234062645996654e-05
14,learned,118,40.0,6,5,5,True,False,1.6234062645996654e-05
14,learned,119,40.0,6,5,5,True,False,1.6234062645996654e-05
14,learned,120,40.0,6,5,5,True,False,1.6234062645996654e-05
14,learned,121,40.0,6,5,5,True,False,1.6234062645996654e-05
14,learned,122,40.0,6,5,5,True,False,1.6234062645996654e-05
14,learned,123,40.0,6,5,5,True,False,1.6234062645996654e-05
14,learned,124,40.0,6,5,5,True,False,1.6234062645996654e-05
14,learned,125,40.0,6,5,5,True,False,1.6234062645996654e-05
14,learned,126,40.0,6,5,5,True,False,1.6234062645996654e-05
14,learned,127,40.0,6,5,5,True,False,1.6234062645996654e-05
14,learned,128,40.0,6,5,5,True,False,1.6234062645996654e-05
14,learned,129,40.0,6,5,5,True,False,1.6234062645996654e-05
14,learned,130,40.0,6,5,5,True,False,1.6234062645996654e-05
14,learned,131,40.0,6,5,5,True,False,1.6234062645996654e-05
14,learned,132,40.0,6,5,5,True,False,1.6234062645996654e-05
14,learned,133,40.0,6,5,5,True,False,1.6234062645996654e-05
14,learned,134,40.0,6,5,5,True,False,1.6234062645996654e-05
14,learned,135,40.0,6,5,5,True,False,1.6234062645996654e-05
14,learned,136,40.0,6,5,5,True,False,1.6234062645996654e-05
14,learned,137,40.0,6,5,5,True,False,1.6234062645996654e-05
14,learned,138,40.0,6,5,5,True,False,1.6234062645996654e-05
14,learned,139,40.0,6,5,5,True,False,1.6234062645996654e-05
14,learned,140,40.0,6,5,5,True,False,1.6234062645996654e-05
14,learned,141,40.0,6,5,5,True,False,1.6234062645996654e-05
14,learned,142,40.0,6,5,5,True,False,1.6234062645996654e-05
14,learned,143,40.0,6,5,5,True,False,1.6234062645996654e-05
14,learned,144,40.0,6,5,5,True,False,1.6234062645996654e-05
14,learned,145,40.0,6,5,5,True,False,1.6234062645996654e-05
14,learned,146,40.0,6,5,5,True,False,1.6234062645996654e-05
14,learned,147,40.0,6,5,5,True,False,1.6234062645996654e-05
14,learned,148,40.0,6,5,5,True,False,1.6234062645996654e-05
14,learned,149,40.0,6,5,5,True,False,1.6234062645996654e-05
14,learned,150,40.0,6,5,5,True,False,1.6234062645996654e-05
14,learned,151,40.0,6,5,5,True,False,1.6234062645996654e-05
14,learned,152,40.0,6,5,5,True,False,1.6234062645996654e-05
14,learned,153,40.0,6,5,5,True,False,1.6234062645996654e-05
14,learned,154,40.0,6,5,5,True,False,1.6234062645996654e-05
14,learned,155,40.0,6,5,5,True,False,1.6234062645996654e-05
14,learned,156,40.0,6,5,5,True,False,1.6234062645996654e-05
14,learned,157,40.0,6,5,5,True,False,1.6234062645996654e-05
14,learned,158,40.0,6,5,5,True,False,1.6234062645996654e-05
14,learned,159,40.0,6,5,5,True,False,1.6234062645996654e-05
14,learned,160,40.0,6,5,5,True,False,1.6234062645996654e-05
14,learned,161,40.0,6,5,5,True,False,1.6234062645996654e-05
14,learned,162,40.0,6,5,5,True,False,1.6234062645996654e-05
14,learned,163,40.0,6,5,5,True,False,1.6234062645996654e-05
14,learned,164,40.0,6,5,5,True,False,1.6234062645996654e-05
14,learned,165,40.0,6,5,5,True,False,1.6234062645996654e-05
14,learned,166,40.0,6,5,5,True,False,1.6234062645996654e-05
14,learned,167,40.0,6,5,5,True,False,1.6234062645996654e-05
14,learned,168,40.0,6,5,5,True,False,1.6234062645996654e-05
14,learned,169,40.0,6,5,5,True,False,1.6234062645996654e-05
14,learned,170,40.0,6,5,5,True,False,1.6234062645996654e-05
14,learned,171,40.0,6,5,5,True,False,1.6234062645996654e-05
14,learned,172,40.0,6,5,5,True,False,1.6234062645996654e-05
14,learned,173,40.0,6,5,5,True,False,1.6234062645996654e-05
14,learned,174,40.0,6,5,5,True,False,1.6234062645996654e-05
14,learned,175,40.0,6,5,5,True,False,1.6234062645996654e-05
14,learned,176,40.0,6,5,5,True,False,1.6234062645996654e-05
14,learned,177,40.0,6,5,5,True,False,1.6234062645996654e-05
14,learned,178,40.0,6,5,5,True,False,1.6234062645996654e-05
14,learned,179,40.0,6,5,5,True,False,1.6234062645996654e-05
14,learned,180,40.0,6,5,5,True,False,1.6234062645996654e-05
14,learned,181,40.0,6,5,5,True,False,1.6234062645996654e-05
14,learned,182,40.0,6,5,5,True,False,1.6234062645996654e-05
14,learned,183,40.0,6,5,5,True,False,1.6234062645996654e-05
14,learned,184,40.0,6,5,5,True,False,1.6234062645996654e-05
14,learned,185,40.0,6,5,5,True,False,1.6234062645996654e-05
14,learned,186,40.0,6,5,5,True,False,1.6234062645996654e-05
14,learned,187,40.0,6,5,5,True,False,1.6234062645996654e-05
14,learned,188,40.0,6,5,5,True,False,1.6234062645996654e-05
14,learned,189,40.0,6,5,5,True,False,1.6234062645996654e-05
14,learned,190,40.0,6,5,5,True,False,1.6234062645996654e-05
14,learned,191,40.0,6,5,5,True,False,1.6234062645996654e-05
14,learned,192,40.0,6,5,5,True,False,1.6234062645996654e-05
14,learned,193,40.0,6,5,5,True,False,1.6234062645996654e-05
14,learned,194,40.0,6,5,5,True,False,1.6234062645996654e-05
14,learned,195,40.0,6,5,5,True,False,1.6234062645996654e-05
14,learned,196,40.0,6,5,5,True,False,1.6234062645996654e-05
14,learned,197,40.0,6,5,5,True,False,1.6234062645996654e-05
14,learned,198,40.0,6,5,5,True,False,1.6234062645996654e-05
14,learned,199,40.0,6,5,5,True,False,1.6234062645996654e-05
14,learned,200,40.0,6,5,5,True,False,1.6234062645996654e-05
15,initial,0,30.0,3,3,5,False,False,0.0
15,greedy,0,30.0,3,3,5,False,False,0.0
15,greedy,1,40.0,4,4,5,False,False,0.0
15,greedy,2,50.0,5,5,5,True,True,0.00011262008936821493
15,random,0,30.0,3,3,5,False,False,0.0
15,random,1,40.0,4,4,5,False,False,0.0
15,random,2,40.0,4,4,5,False,False,0.0
15,random,3,40.0,4,4,5,False,False,0.0
15,random,4,40.0,4,4,5,False,False,0.0
15,random,5,40.0,4,4,5,False,False,0.0
15,random,6,50.0,5,5,5,True,True,0.00011855582423936649
15,random,7,50.0,5,5,5,True,True,0.00011855582423936649
15,random,8,50.0,5,5,5,True,True,0.00011855582423936649
15,random,9,40.0,6,5,5,True,False,0.00011857126790467231
15,random,10,40.0,6,5,5,True,False,0.00011857126790467231
15,random,11,40.0,6,5,5,True,False,0.00011857126790467231
15,random,12,40.0,6,5,5,True,False,0.00011857126790467231
15,random,13,40.0,6,5,5,True,False,0.00011857126790467231
15,random,14,50.0,5,5,5,True,True,1.7682207943030627e-05
15,random,15,50.0,5,5,5,True,True,1.7682207943030627e-05
15,random,16,50.0,5,5,5,True,True,1.7682207943030627e-05
15,random,17,40.0,4,4,5,False,False,0.0
15,random,18,50.0,5,5,5,True,True,0.00011262008936821493
15,random,19,40.0,6,5,5,True,False,0.00011542975640152767
15,random,20,40.0,6,5,5,True,False,0.00011542975640152767
15,random,21,40.0,6,5,5,True,False,0.00011542975640152767
15,random,22,40.0,6,5,5,True,False,0.00011542975640152767
15,random,23,40.0,6,5,5,True,False,0.00011542975640152767
15,random,24,40.0,6,5,5,True,False,0.00011542975640152767
15,random,25,40.0,6,5,5,True,False,0.00011542975640152767
15,random,26,30.0,7,5,5,True,False,0.00011857704613883266
15,random,27,40.0,6,5,5,True,False,7.86499377203602e-05
15,random,28,30.0,5,4,5,False,False,0.0
15,random,29,20.0,4,3,5,False,False,0.0
15,random,30,20.0,4,3,5,False,False,0.0
15,random,31,20.0,4,3,5,False,False,0.0
15,random,32,20.0,4,3,5,False,False,0.0
15,random,33,30.0,5,4,5,False,False,0.0
15,random,34,30.0,5,4,5,False,False,0.0
15,random,35,30.0,5,4,5,False,False,0.0
15,random,36,20.0,4,3,5,False,False,0.0
15,random,37,30.0,5,4,5,False,False,0.0
15,random,38,30.0,5,4,5,False,False,0.0
15,random,39,40.0,4,4,5,False,False,0.0
15,random,40,40.0,4,4,5,False,False,0.0
15,random,41,30.0,3,3,5,False,False,0.0
15,random,42,30.0,3,3,5,False,False,0.0
15,random,43,20.0,4,3,5,False,False,0.0
15,random,44,20.0,4,3,5,False,False,0.0
15,random,45,30.0,3,3,5,False,False,0.0
15,random,46,20.0,4,3,5,False,False,0.0
15,random,47,30.0,3,3,5,False,False,0.0
15,random,48,40.0,4,4,5,False,False,0.0
15,random,49,40.0,4,4,5,False,False,0.0
15,random,50,40.0,4,4,5,False,False,0.0
15,random,51,40.0,4,4,5,False,False,0.0
15,random,52,40.0,4,4,5,False,False,0.0
15,random,53,30.0,3,3,5,False,False,0.0
15,random,54,40.0,4,4,5,False,False,0.0
15,random,55,30.0,3,3,5,False,False,0.0
15,random,56,40.0,4,4,5,False,False,0.0
15,random,57,50.0,5,5,5,True,True,6.555053913000402e-05
15,random,58,40.0,4,4,5,False,False,0.0
15,random,59,30.0,3,3,5,False,False,0.0
15,random,60,20.0,4,3,5,False,False,0.0
15,random,61,20.0,4,3,5,False,False,0.0
15,random,62,20.0,4,3,5,False,False,0.0
15,random,63,20.0,4,3,5,False,False,0.0
15,random,64,20.0,4,3,5,False,False,0.0
15,random,65,20.0,4,3,5,False,False,0.0
15,random,66,10.0,5,3,5,False,False,0.0
15,random,67,10.0,5,3,5,False,False,0.0
15,random,68,20.0,6,4,5,False,False,0.0
15,random,69,10.0,5,3,5,False,False,0.0
15,random,70,0.0,6,3,5,False,False,0.0
15,random,71,0.0,6,3,5,False,False,0.0
15,random,72,0.0,6,3,5,False,False,0.0
15,random,73,0.0,6,3,5,False,False,0.0
15,random,74,10.0,7,4,5,False,False,0.0
15,random,75,20.0,8,5,5,True,False,0.00011258651467820104
15,random,76,30.0,7,5,5,True,False,0.00011053078727722135
15,random,77,20.0,8,5,5,True,False,0.00018764660323785404
15,random,78,10.0,9,5,5,True,False,0.0002098342449481936
15,random,79,0.0,10,5,5,True,False,0.00020984326651071143
15,random,80,0.0,10,5,5,True,False,0.00020984326651071143
15,random,81,0.0,10,5,5,True,False,0.00020984326651071143
15,random,82,-10.0,11,5,5,True,False,0.00023680490037357132
15,random,83,-10.0,11,5,5,True,False,0.00023680490037357132
15,random,84,-10.0,11,5,5,True,False,0.00023680490037357132
15,random,85,-10.0,11,5,5,True,False,0.00023680490037357132
15,random,86,-10.0,11,5,5,True,False,0.00023680490037357132
15,random,87,0.0,10,5,5,True,False,0.00020984326651071153
15,random,88,0.0,10,5,5,True,False,0.00020984326651071153
15,random,89,0.0,10,5,5,True,False,0.00020984326651071153
15,random,90,10.0,9,5,5,True,False,0.0002098342449481936
15,random,91,20.0,8,5,5,True,False,0.0002098342100532774
15,random,92,20.0,8,5,5,True,False,0.0002098342100532774
15,random,93,10.0,7,4,5,False,False,0.0
15,random,94,10.0,7,4,5,False,False,0.0
15,random,95,10.0,7,4,5,False,False,0.0
15,random,96,10.0,7,4,5,False,False,0.0
15,random,97,20.0,8,5,5,True,False,0.0002098342100532774
15,random,98,20.0,8,5,5,True,False,0.0002098342100532774
15,random,99,10.0,7,4,5,False,False,0.0
15,random,100,10.0,7,4,5,False,False,0.0
15,random,101,10.0,7,4,5,False,False,0.0
15,random,102,10.0,7,4,5,False,False,0.0
15,random,103,20.0,8,5,5,True,False,1.6396102937009082e-05
15,random,104,30.0,7,5,5,True,False,1.6131123164030087e-05
15,random,105,40.0,6,5,5,True,False,1.567138824877786e-05
15,random,106,30.0,7,5,5,True,False,0.00011857704613883284
15,random,107,30.0,7,5,5,True,False,0.00011857704613883284
15,random,108,30.0,7,5,5,True,False,0.00011857704613883284
15,random,109,20.0,8,5,5,True,False,0.00012995136216281593
15,random,110,30.0,7,5,5,True,False,0.00011892676657562663
15,random,111,40.0,6,5,5,True,False,0.0001154297564015274
15,random,112,40.0,6,5,5,True,False,0.0001154297564015274
15,random,113,40.0,6,5,5,True,False,0.0001154297564015274
15,random,114,40.0,6,5,5,True,False,0.0001154297564015274
15,random,115,40.0,6,5,5,True,False,0.0001154297564015274
15,random,116,30.0,7,5,5,True,False,0.00011892676657562663
15,random,117,30.0,7,5,5,True,False,0.00011892676657562663
15,random,118,20.0,8,5,5,True,False,0.00012995136216281577
15,random,119,20.0,8,5,5,True,False,0.00012995136216281577
15,random,120,30.0,7,5,5,True,False,6.85177833351535e-06
15,random,121,20.0,8,5,5,True,False,0.00012995136216281577
15,random,122,30.0,7,5,5,True,False,6.85177833351535e-06
15,random,123,30.0,7,5,5,True,False,6.85177833351535e-06
15,random,124,40.0,6,5,5,True,False,5.433909244009175e-06
15,random,125,30.0,5,4,5,False,False,0.0
15,random,126,20.0,6,4,5,False,False,0.0
15,random,127,20.0,6,4,5,False,False,0.0
15,random,128,30.0,7,5,5,True,False,6.85177833351535e-06
15,random,129,20.0,8,5,5,True,False,7.239591328063019e-06
15,random,130,20.0,8,5,5,True,False,7.239591328063019e-06
15,random,131,20.0,8,5,5,True,False,7.239591328063019e-06
15,random,132,30.0,7,5,5,True,False,6.85177833351535e-06
15,random,133,30.0,7,5,5,True,False,6.85177833351535e-06
15,random,134,20.0,8,5,5,True,False,6.952316875775536e-06
15,random,135,20.0,8,5,5,True,False,6.952316875775536e-06
15,random,136,10.0,7,4,5,False,False,0.0
15,random,137,20.0,6,4,5,False,False,0.0
15,random,138,20.0,6,4,5,False,False,0.0
15,random,139,30.0,5,4,5,False,False,0.0
15,random,140,20.0,6,4,5,False,False,0.0
15,random,141,20.0,6,4,5,False,False,0.0
15,random,142,30.0,5,4,5,False,False,0.0
15,random,143,30.0,5,4,5,False,False,0.0
15,random,144,20.0,4,3,5,False,False,0.0
15,random,145,20.0,4,3,5,False,False,0.0
15,random,146,20.0,4,3,5,False,False,0.0
15,random,147,20.0,4,3,5,False,False,0.0
15,random,148,10.0,5,3,5,False,False,0.0
15,random,149,10.0,5,3,5,False,False,0.0
15,random,150,10.0,5,3,5,False,False,0.0
15,random,151,20.0,6,4,5,False,False,0.0
15,random,152,20.0,6,4,5,False,False,0.0
15,random,153,20.0,6,4,5,False,False,0.0
15,random,154,10.0,7,4,5,False,False,0.0
15,random,155,0.0,6,3,5,False,False,0.0
15,random,156,0.0,6,3,5,False,False,0.0
15,random,157,10.0,7,4,5,False,False,0.0
15,random,158,20.0,8,5,5,True,False,0.00011168004975109926
15,random,159,20.0,8,5,5,True,False,0.00011168004975109926
15,random,160,20.0,8,5,5,True,False,0.00011168004975109926
15,random,161,20.0,8,5,5,True,False,0.00011168004975109926
15,random,162,20.0,8,5,5,True,False,0.00011168004975109926
15,random,163,10.0,9,5,5,True,False,0.0001879047146880949
15,random,164,10.0,9,5,5,True,False,0.0001879047146880949
15,random,165,10.0,9,5,5,True,False,0.0001879047146880949
15,random,166,20.0,8,5,5,True,False,0.00018751012039505493
15,random,167,30.0,7,5,5,True,False,0.0001185894841387715
15,random,168,30.0,7,5,5,True,False,0.0001185894841387715
15,random,169,30.0,7,5,5,True,False,0.0001185894841387715
15,random,170,40.0,6,5,5,True,False,0.00011856955414422163
15,random,171,30.0,7,5,5,True,False,0.0001185894841387715
15,random,172,40.0,6,5,5,True,False,6.577241560418924e-05
15,random,173,30.0,5,4,5,False,False,0.0
15,random,174,40.0,4,4,5,False,False,0.0
15,random,175,40.0,4,4,5,False,False,0.0
15,random,176,40.0,4,4,5,False,False,0.0
15,random,177,40.0,4,4,5,False,False,0.0
15,random,178,50.0,5,5,5,True,True,0.00011262008936821498
15,random,179,50.0,5,5,5,True,True,0.00011262008936821498
15,random,180,40.0,6,5,5,True,False,0.00011857126790467177
15,random,181,40.0,6,5,5,True,False,0.00011857126790467177
15,random,182,50.0,5,5,5,True,True,0.00011855582423936649
15,random,183,40.0,4,4,5,False,False,0.0
15,random,184,40.0,4,4,5,False,False,0.0
15,random,185,40.0,4,4,5,False,False,0.0
15,random,186,30.0,5,4,5,False,False,0.0
15,random,187,20.0,6,4,5,False,False,0.0
15,random,188,30.0,5,4,5,False,False,0.0
15,random,189,30.0,5,4,5,False,False,0.0
15,random,190,30.0,5,4,5,False,False,0.0
15,random,191,40.0,6,5,5,True,False,2.09160261018215e-05
15,random,192,40.0,6,5,5,True,False,2.09160261018215e-05
15,random,193,30.0,7,5,5,True,False,0.0001288802736206203
15,random,194,30.0,7,5,5,True,False,0.0001288802736206203
15,random,195,30.0,7,5,5,True,False,0.0001288802736206203
15,random,196,30.0,7,5,5,True,False,0.0001288802736206203
15,random,197,20.0,8,5,5,True,False,0.00012914992973048746
15,random,198,30.0,7,5,5,True,False,0.0001288802736206203
15,random,199,30.0,7,5,5,True,False,0.0001288802736206203
15,random,200,20.0,8,5,5,True,False,0.00013336530283906956
15,learned,0,30.0,3,3,5,False,False,0.0
15,learned,1,40.0,4,4,5,False,False,0.0
15,learned,2,50.0,5,5,5,True,True,0.00011262008936821493
15,learned,3,40.0,6,5,5,True,False,0.00011857126790467198
15,learned,4,40.0,6,5,5,True,False,0.00011857126790467198
15,learned,5,40.0,6,5,5,True,False,0.00011857126790467198
15,learned,6,40.0,6,5,5,True,False,0.00011857126790467198
15,learned,7,40.0,6,5,5,True,False,0.00011857126790467198
15,learned,8,40.0,6,5,5,True,False,0.00011857126790467198
15,learned,9,40.0,6,5,5,True,False,0.00011857126790467198
15,learned,10,40.0,6,5,5,True,False,0.00011857126790467198
15,learned,11,40.0,6,5,5,True,False,0.00011857126790467198
15,learned,12,40.0,6,5,5,True,False,0.00011857126790467198
15,learned,13,40.0,6,5,5,True,False,0.00011857126790467198
15,learned,14,40.0,6,5,5,True,False,0.00011857126790467198
15,learned,15,40.0,6,5,5,True,False,0.00011857126790467198
15,learned,16,40.0,6,5,5,True,False,0.00011857126790467198
15,learned,17,40.0,6,5,5,True,False,0.00011857126790467198
15,learned,18,40.0,6,5,5,True,False,0.00011857126790467198
15,learned,19,40.0,6,5,5,True,False,0.00011857126790467198
15,learned,20,40.0,6,5,5,True,False,0.00011857126790467198
15,learned,21,40.0,6,5,5,True,False,0.00011857126790467198
15,learned,22,40.0,6,5,5,True,False,0.00011857126790467198
15,learned,23,40.0,6,5,5,True,False,0.00011857126790467198
15,learned,24,40.0,6,5,5,True,False,0.00011857126790467198
15,learned,25,40.0,6,5,5,True,False,0.00011857126790467198
15,learned,26,40.0,6,5,5,True,False,0.00011857126790467198
15,learned,27,40.0,6,5,5,True,False,0.00011857126790467198
15,learned,28,40.0,6,5,5,True,False,0.00011857126790467198
15,learned,29,40.0,6,5,5,True,False,0.00011857126790467198
15,learned,30,40.0,6,5,5,True,False,0.00011857126790467198
15,learned,31,40.0,6,5,5,True,False,0.00011857126790467198
15,learned,32,40.0,6,5,5,True,False,0.00011857126790467198
15,learned,33,40.0,6,5,5,True,False,0.00011857126790467198
15,learned,34,40.0,6,5,5,True,False,0.00011857126790467198
15,learned,35,40.0,6,5,5,True,False,0.00011857126790467198
15,learned,36,40.0,6,5,5,True,False,0.00011857126790467198
15,learned,37,40.0,6,5,5,True,False,0.00011857126790467198
15,learned,38,40.0,6,5,5,True,False,0.00011857126790467198
15,learned,39,40.0,6,5,5,True,False,0.00011857126790467198
15,learned,40,40.0,6,5,5,True,False,0.00011857126790467198
15,learned,41,40.0,6,5,5,True,False,0.00011857126790467198
15,learned,42,40.0,6,5,5,True,False,0.00011857126790467198
15,learned,43,40.0,6,5,5,True,False,0.00011857126790467198
15,learned,44,40.0,6,5,5,True,False,0.00011857126790467198
15,learned,45,40.0,6,5,5,True,False,0.00011857126790467198
15,learned,46,40.0,6,5,5,True,False,0.00011857126790467198
15,learned,47,40.0,6,5,5,True,False,0.00011857126790467198
15,learned,48,40.0,6,5,5,True,False,0.00011857126790467198
15,learned,49,40.0,6,5,5,True,False,0.00011857126790467198
15,learned,50,40.0,6,5,5,True,False,0.00011857126790467198
15,learned,51,40.0,6,5,5,True,False,0.00011857126790467198
15,learned,52,40.0,6,5,5,True,False,0.00011857126790467198
15,learned,53,40.0,6,5,5,True,False,0.00011857126790467198
15,learned,54,40.0,6,5,5,True,False,0.00011857126790467198
15,learned,55,40.0,6,5,5,True,False,0.00011857126790467198
15,learned,56,40.0,6,5,5,True,False,0.00011857126790467198
15,learned,57,40.0,6,5,5,True,False,0.00011857126790467198
15,learned,58,40.0,6,5,5,True,False,0.00011857126790467198
15,learned,59,40.0,6,5,5,True,False,0.00011857126790467198
15,learned,60,40.0,6,5,5,True,False,0.00011857126790467198
15,learned,61,40.0,6,5,5,True,False,0.00011857126790467198
15,learned,62,40.0,6,5,5,True,False,0.00011857126790467198
15,learned,63,40.0,6,5,5,True,False,0.00011857126790467198
15,learned,64,40.0,6,5,5,True,False,0.00011857126790467198
15,learned,65,40.0,6,5,5,True,False,0.00011857126790467198
15,learned,66,40.0,6,5,5,True,False,0.00011857126790467198
15,learned,67,40.0,6,5,5,True,False,0.00011857126790467198
15,learned,68,40.0,6,5,5,True,False,0.00011857126790467198
15,learned,69,40.0,6,5,5,True,False,0.00011857126790467198
15,learned,70,40.0,6,5,5,True,False,0.00011857126790467198
15,learned,71,40.0,6,5,5,True,False,0.00011857126790467198
15,learned,72,40.0,6,5,5,True,False,0.00011857126790467198
15,learned,73,40.0,6,5,5,True,False,0.00011857126790467198
15,learned,74,40.0,6,5,5,True,False,0.00011857126790467198
15,learned,75,40.0,6,5,5,True,False,0.00011857126790467198
15,learned,76,40.0,6,5,5,True,False,0.00011857126790467198
15,learned,77,40.0,6,5,5,True,False,0.00011857126790467198
15,learned,78,40.0,6,5,5,True,False,0.00011857126790467198
15,learned,79,40.0,6,5,5,True,False,0.00011857126790467198
15,learned,80,40.0,6,5,5,True,False,0.00011857126790467198
15,learned,81,40.0,6,5,5,True,False,0.00011857126790467198
15,learned,82,40.0,6,5,5,True,False,0.00011857126790467198
15,learned,83,40.0,6,5,5,True,False,0.00011857126790467198
15,learned,84,40.0,6,5,5,True,False,0.00011857126790467198
15,learned,85,40.0,6,5,5,True,False,0.00011857126790467198
15,learned,86,40.0,6,5,5,True,False,0.00011857126790467198
15,learned,87,40.0,6,5,5,True,False,0.00011857126790467198
15,learned,88,40.0,6,5,5,True,False,0.00011857126790467198
15,learned,89,40.0,6,5,5,True,False,0.00011857126790467198
15,learned,90,40.0,6,5,5,True,False,0.00011857126790467198
15,learned,91,40.0,6,5,5,True,False,0.00011857126790467198
15,learned,92,40.0,6,5,5,True,False,0.00011857126790467198
15,learned,93,40.0,6,5,5,True,False,0.00011857126790467198
15,learned,94,40.0,6,5,5,True,False,0.00011857126790467198
15,learned,95,40.0,6,5,5,True,False,0.00011857126790467198
15,learned,96,40.0,6,5,5,True,False,0.00011857126790467198
15,learned,97,40.0,6,5,5,True,False,0.00011857126790467198
15,learned,98,40.0,6,5,5,True,False,0.00011857126790467198
15,learned,99,40.0,6,5,5,True,False,0.00011857126790467198
15,learned,100,40.0,6,5,5,True,False,0.00011857126790467198
15,learned,101,40.0,6,5,5,True,False,0.00011857126790467198
15,learned,102,40.0,6,5,5,True,False,0.00011857126790467198
15,learned,103,40.0,6,5,5,True,False,0.00011857126790467198
15,learned,104,40.0,6,5,5,True,False,0.00011857126790467198
15,learned,105,40.0,6,5,5,True,False,0.00011857126790467198
15,learned,106,40.0,6,5,5,True,False,0.00011857126790467198
15,learned,107,40.0,6,5,5,True,False,0.00011857126790467198
15,learned,108,40.0,6,5,5,True,False,0.00011857126790467198
15,learned,109,40.0,6,5,5,True,False,0.00011857126790467198
15,learned,110,40.0,6,5,5,True,False,0.00011857126790467198
15,learned,111,40.0,6,5,5,True,False,0.00011857126790467198
15,learned,112,40.0,6,5,5,True,False,0.00011857126790467198
15,learned,113,40.0,6,5,5,True,False,0.00011857126790467198
15,learned,114,40.0,6,5,5,True,False,0.00011857126790467198
15,learned,115,40.0,6,5,5,True,False,0.00011857126790467198
15,learned,116,40.0,6,5,5,True,False,0.00011857126790467198
15,learned,117,40.0,6,5,5,True,False,0.00011857126790467198
15,learned,118,40.0,6,5,5,True,False,0.00011857126790467198
15,learned,119,40.0,6,5,5,True,False,0.00011857126790467198
15,learned,120,40.0,6,5,5,True,False,0.00011857126790467198
15,learned,121,40.0,6,5,5,True,False,0.00011857126790467198
15,learned,122,40.0,6,5,5,True,False,0.00011857126790467198
15,learned,123,40.0,6,5,5,True,False,0.00011857126790467198
15,learned,124,40.0,6,5,5,True,False,0.00011857126790467198
15,learned,125,40.0,6,5,5,True,False,0.00011857126790467198
15,learned,126,40.0,6,5,5,True,False,0.00011857126790467198
15,learned,127,40.0,6,5,5,True,False,0.00011857126790467198
15,learned,128,40.0,6,5,5,True,False,0.00011857126790467198
15,learned,129,40.0,6,5,5,True,False,0.00011857126790467198
15,learned,130,40.0,6,5,5,True,False,0.00011857126790467198
15,learned,131,40.0,6,5,5,True,False,0.00011857126790467198
15,learned,132,40.0,6,5,5,True,False,0.00011857126790467198
15,learned,133,40.0,6,5,5,True,False,0.00011857126790467198
15,learned,134,40.0,6,5,5,True,False,0.00011857126790467198
15,learned,135,40.0,6,5,5,True,False,0.00011857126790467198
15,learned,136,40.0,6,5,5,True,False,0.00011857126790467198
15,learned,137,40.0,6,5,5,True,False,0.00011857126790467198
15,learned,138,40.0,6,5,5,True,False,0.00011857126790467198
15,learned,139,40.0,6,5,5,True,False,0.00011857126790467198
15,learned,140,40.0,6,5,5,True,False,0.00011857126790467198
15,learned,141,40.0,6,5,5,True,False,0.00011857126790467198
15,learned,142,40.0,6,5,5,True,False,0.00011857126790467198
15,learned,143,40.0,6,5,5,True,False,0.00011857126790467198
15,learned,144,40.0,6,5,5,True,False,0.00011857126790467198
15,learned,145,40.0,6,5,5,True,False,0.00011857126790467198
15,learned,146,40.0,6,5,5,True,False,0.00011857126790467198
15,learned,147,40.0,6,5,5,True,False,0.00011857126790467198
15,learned,148,40.0,6,5,5,True,False,0.00011857126790467198
15,learned,149,40.0,6,5,5,True,False,0.00011857126790467198
15,learned,150,40.0,6,5,5,True,False,0.00011857126790467198
15,learned,151,40.0,6,5,5,True,False,0.00011857126790467198
15,learned,152,40.0,6,5,5,True,False,0.00011857126790467198
15,learned,153,40.0,6,5,5,True,False,0.00011857126790467198
15,learned,154,40.0,6,5,5,True,False,0.00011857126790467198
15,learned,155,40.0,6,5,5,True,False,0.00011857126790467198
15,learned,156,40.0,6,5,5,True,False,0.00011857126790467198
15,learned,157,40.0,6,5,5,True,False,0.00011857126790467198
15,learned,158,40.0,6,5,5,True,False,0.00011857126790467198
15,learned,159,40.0,6,5,5,True,False,0.00011857126790467198
15,learned,160,40.0,6,5,5,True,False,0.00011857126790467198
15,learned,161,40.0,6,5,5,True,False,0.00011857126790467198
15,learned,162,40.0,6,5,5,True,False,0.00011857126790467198
15,learned,163,40.0,6,5,5,True,False,0.00011857126790467198
15,learned,164,40.0,6,5,5,True,False,0.00011857126790467198
15,learned,165,40.0,6,5,5,True,False,0.00011857126790467198
15,learned,166,40.0,6,5,5,True,False,0.00011857126790467198
15,learned,167,40.0,6,5,5,True,False,0.00011857126790467198
15,learned,168,40.0,6,5,5,True,False,0.00011857126790467198
15,learned,169,40.0,6,5,5,True,False,0.00011857126790467198
15,learned,170,40.0,6,5,5,True,False,0.00011857126790467198
15,learned,171,40.0,6,5,5,True,False,0.00011857126790467198
15,learned,172,40.0,6,5,5,True,False,0.00011857126790467198
15,learned,173,40.0,6,5,5,True,False,0.00011857126790467198
15,learned,174,40.0,6,5,5,True,False,0.00011857126790467198
15,learned,175,40.0,6,5,5,True,False,0.00011857126790467198
15,learned,176,40.0,6,5,5,True,False,0.00011857126790467198
15,learned,177,40.0,6,5,5,True,False,0.00011857126790467198
15,learned,178,40.0,6,5,5,True,False,0.00011857126790467198
15,learned,179,40.0,6,5,5,True,False,0.00011857126790467198
15,learned,180,40.0,6,5,5,True,False,0.00011857126790467198
15,learned,181,40.0,6,5,5,True,False,0.00011857126790467198
15,learned,182,40.0,6,5,5,True,False,0.00011857126790467198
15,learned,183,40.0,6,5,5,True,False,0.00011857126790467198
15,learned,184,40.0,6,5,5,True,False,0.00011857126790467198
15,learned,185,40.0,6,5,5,True,False,0.00011857126790467198
15,learned,186,40.0,6,5,5,True,False,0.00011857126790467198
15,learned,187,40.0,6,5,5,True,False,0.00011857126790467198
15,learned,188,40.0,6,5,5,True,False,0.00011857126790467198
15,learned,189,40.0,6,5,5,True,False,0.00011857126790467198
15,learned,190,40.0,6,5,5,True,False,0.00011857126790467198
15,learned,191,40.0,6,5,5,True,False,0.00011857126790467198
15,learned,192,40.0,6,5,5,True,False,0.00011857126790467198
15,learned,193,40.0,6,5,5,True,False,0.00011857126790467198
15,learned,194,40.0,6,5,5,True,False,0.00011857126790467198
15,learned,195,40.0,6,5,5,True,False,0.00011857126790467198
15,learned,196,40.0,6,5,5,True,False,0.00011857126790467198
15,learned,197,40.0,6,5,5,True,False,0.00011857126790467198
15,learned,198,40.0,6,5,5,True,False,0.00011857126790467198
15,learned,199,40.0,6,5,5,True,False,0.00011857126790467198
15,learned,200,40.0,6,5,5,True,False,0.00011857126790467198
16,initial,0,30.0,3,3,5,False,False,0.0
16,greedy,0,30.0,3,3,5,False,False,0.0
16,greedy,1,40.0,4,4,5,False,False,0.0
16,greedy,2,50.0,5,5,5,True,True,2.61606963534381e-05
16,random,0,30.0,3,3,5,False,False,0.0
16,random,1,30.0,3,3,5,False,False,0.0
16,random,2,30.0,3,3,5,False,False,0.0
16,random,3,30.0,3,3,5,False,False,0.0
16,random,4,30.0,3,3,5,False,False,0.0
16,random,5,30.0,3,3,5,False,False,0.0
16,random,6,30.0,3,3,5,False,False,0.0
16,random,7,30.0,3,3,5,False,False,0.0
16,random,8,30.0,3,3,5,False,False,0.0
16,random,9,40.0,4,4,5,False,False,0.0
16,random,10,30.0,3,3,5,False,False,0.0
16,random,11,30.0,3,3,5,False,False,0.0
16,random,12,30.0,3,3,5,False,False,0.0
16,random,13,20.0,4,3,5,False,False,0.0
16,random,14,20.0,4,3,5,False,False,0.0
16,random,15,20.0,4,3,5,False,False,0.0
16,random,16,20.0,4,3,5,False,False,0.0
16,random,17,10.0,3,2,5,False,False,0.0
16,random,18,10.0,3,2,5,False,False,0.0
16,random,19,20.0,4,3,5,False,False,0.0
16,random,20,20.0,4,3,5,False,False,0.0
16,random,21,30.0,5,4,5,False,False,0.0
16,random,22,30.0,5,4,5,False,False,0.0
16,random,23,20.0,4,3,5,False,False,0.0
16,random,24,30.0,3,3,5,False,False,0.0
16,random,25,30.0,3,3,5,False,False,0.0
16,random,26,30.0,3,3,5,False,False,0.0
16,random,27,30.0,3,3,5,False,False,0.0
16,random,28,30.0,3,3,5,False,False,0.0
16,random,29,30.0,3,3,5,False,False,0.0
16,random,30,20.0,2,2,5,False,False,0.0
16,random,31,20.0,2,2,5,False,False,0.0
16,random,32,30.0,3,3,5,False,False,0.0
16,random,33,40.0,4,4,5,False,False,0.0
16,random,34,50.0,5,5,5,True,True,2.2809720606156422e-05
16,random,35,50.0,5,5,5,True,True,2.2809720606156422e-05
16,random,36,40.0,6,5,5,True,False,2.303827088911726e-05
16,random,37,30.0,5,4,5,False,False,0.0
16,random,38,40.0,4,4,5,False,False,0.0
16,random,39,30.0,5,4,5,False,False,0.0
16,random,40,30.0,5,4,5,False,False,0.0
16,random,41,30.0,5,4,5,False,False,0.0
16,random,42,30.0,5,4,5,False,False,0.0
16,random,43,30.0,5,4,5,False,False,0.0
16,random,44,30.0,5,4,5,False,False,0.0
16,random,45,30.0,5,4,5,False,False,0.0
16,random,46,30.0,5,4,5,False,False,0.0
16,random,47,30.0,5,4,5,False,False,0.0
16,random,48,40.0,6,5,5,True,False,2.9234569101931455e-05
16,random,49,40.0,6,5,5,True,False,2.9234569101931455e-05
16,random,50,40.0,6,5,5,True,False,2.9234569101931455e-05
16,random,51,40.0,6,5,5,True,False,2.9234569101931455e-05
16,random,52,30.0,7,5,5,True,False,5.768895173701523e-05
16,random,53,40.0,6,5,5,True,False,2.4655832669923104e-05
16,random,54,40.0,6,5,5,True,False,2.4655832669923104e-05
16,random,55,30.0,7,5,5,True,False,5.768895173701523e-05
16,random,56,20.0,8,5,5,True,False,5.7734516803878555e-05
16,random,57,20.0,8,5,5,True,False,5.7734516803878555e-05
16,random,58,20.0,8,5,5,True,False,5.7734516803878555e-05
16,random,59,10.0,9,5,5,True,False,7.084678649693025e-05
16,random,60,20.0,8,5,5,True,False,5.7734516803878555e-05
16,random,61,20.0,8,5,5,True,False,5.7734516803878555e-05
16,random,62,20.0,8,5,5,True,False,5.7734516803878555e-05
16,random,63,20.0,8,5,5,True,False,5.7734516803878555e-05
16,random,64,10.0,9,5,5,True,False,7.084678649693025e-05
16,random,65,10.0,9,5,5,True,False,7.084678649693025e-05
16,random,66,20.0,8,5,5,True,False,5.7734516803878555e-05
16,random,67,20.0,8,5,5,True,False,5.7734516803878555e-05
16,random,68,20.0,8,5,5,True,False,5.7734516803878555e-05
16,random,69,20.0,8,5,5,True,False,5.7734516803878555e-05
16,random,70,20.0,8,5,5,True,False,5.7734516803878555e-05
16,random,71,30.0,7,5,5,True,False,5.759159156073836e-05
16,random,72,30.0,7,5,5,True,False,5.759159156073836e-05
16,random,73,30.0,7,5,5,True,False,5.759159156073836e-05
16,random,74,20.0,8,5,5,True,False,6.199249821837403e-05
16,random,75,20.0,8,5,5,True,False,6.199249821837403e-05
16,random,76,20.0,8,5,5,True,False,6.199249821837403e-05
16,random,77,20.0,8,5,5,True,False,6.199249821837403e-05
16,random,78,20.0,8,5,5,True,False,6.199249821837403e-05
16,random,79,10.0,9,5,5,True,False,7.387834650841908e-05
16,random,80,0.0,10,5,5,True,False,8.740563931226686e-05
16,random,81,0.0,10,5,5,True,False,8.740563931226686e-05
16,random,82,10.0,9,5,5,True,False,8.708649266430745e-05
16,random,83,10.0,9,5,5,True,False,8.708649266430745e-05
16,random,84,10.0,9,5,5,True,False,8.708649266430745e-05
16,random,85,10.0,9,5,5,True,False,8.708649266430745e-05
16,random,86,10.0,9,5,5,True,False,8.708649266430745e-05
16,random,87,10.0,9,5,5,True,False,8.708649266430745e-05
16,random,88,20.0,8,5,5,True,False,7.376477638492454e-05
16,random,89,10.0,9,5,5,True,False,8.708649266430745e-05
16,random,90,10.0,9,5,5,True,False,8.708649266430745e-05
16,random,91,10.0,9,5,5,True,False,8.708649266430745e-05
16,random,92,10.0,9,5,5,True,False,8.708649266430745e-05
16,random,93,20.0,8,5,5,True,False,6.755963426533776e-05
16,random,94,30.0,7,5,5,True,False,6.197097845375684e-05
16,random,95,20.0,8,5,5,True,False,8.461623906999388e-05
16,random,96,30.0,7,5,5,True,False,6.907528653214782e-05
16,random,97,40.0,6,5,5,True,False,6.695698086220881e-05
16,random,98,30.0,7,5,5,True,False,6.697746102054354e-05
16,random,99,30.0,7,5,5,True,False,6.697746102054354e-05
16,random,100,30.0,7,5,5,True,False,6.697746102054354e-05
16,random,101,30.0,7,5,5,True,False,6.697746102054354e-05
16,random,102,30.0,7,5,5,True,False,6.697746102054354e-05
16,random,103,30.0,7,5,5,True,False,6.697746102054354e-05
16,random,104,30.0,7,5,5,True,False,6.697746102054354e-05
16,random,105,30.0,7,5,5,True,False,6.697746102054354e-05
16,random,106,30.0,7,5,5,True,False,6.697746102054354e-05
16,random,107,20.0,6,4,5,False,False,0.0
16,random,108,20.0,6,4,5,False,False,0.0
16,random,109,20.0,6,4,5,False,False,0.0
16,random,110,20.0,6,4,5,False,False,0.0
16,random,111,20.0,6,4,5,False,False,0.0
16,random,112,30.0,5,4,5,False,False,0.0
16,random,113,40.0,4,4,5,False,False,0.0
16,random,114,40.0,4,4,5,False,False,0.0
16,random,115,50.0,5,5,5,True,True,2.4653836538075226e-05
16,random,116,50.0,5,5,5,True,True,2.4653836538075226e-05
16,random,117,40.0,4,4,5,False,False,0.0
16,random,118,40.0,4,4,5,False,False,0.0
16,random,119,30.0,5,4,5,False,False,0.0
16,random,120,30.0,5,4,5,False,False,0.0
16,random,121,30.0,5,4,5,False,False,0.0
16,random,122,30.0,5,4,5,False,False,0.0
16,random,123,30.0,5,4,5,False,False,0.0
16,random,124,20.0,6,4,5,False,False,0.0
16,random,125,30.0,7,5,5,True,False,5.823332274378471e-07
16,random,126,30.0,7,5,5,True,False,5.823332274378471e-07
16,random,127,20.0,6,4,5,False,False,0.0
16,random,128,20.0,6,4,5,False,False,0.0
16,random,129,20.0,6,4,5,False,False,0.0
16,random,130,20.0,6,4,5,False,False,0.0
16,random,131,20.0,6,4,5,False,False,0.0
16,random,132,20.0,6,4,5,False,False,0.0
16,random,133,20.0,6,4,5,False,False,0.0
16,random,134,30.0,5,4,5,False,False,0.0
16,random,135,20.0,4,3,5,False,False,0.0
16,random,136,30.0,5,4,5,False,False,0.0
16,random,137,40.0,4,4,5,False,False,0.0
16,random,138,40.0,4,4,5,False,False,0.0
16,random,139,30.0,3,3,5,False,False,0.0
16,random,140,30.0,3,3,5,False,False,0.0
16,random,141,20.0,4,3,5,False,False,0.0
16,random,142,20.0,4,3,5,False,False,0.0
16,random,143,20.0,4,3,5,False,False,0.0
16,random,144,20.0,4,3,5,False,False,0.0
16,random,145,20.0,4,3,5,False,False,0.0
16,random,146,20.0,4,3,5,False,False,0.0
16,random,147,20.0,4,3,5,False,False,0.0
16,random,148,20.0,4,3,5,False,False,0.0
16,random,149,30.0,3,3,5,False,False,0.0
16,random,150,30.0,3,3,5,False,False,0.0
16,random,151,30.0,3,3,5,False,False,0.0
16,random,152,20.0,2,2,5,False,False,0.0
16,random,153,20.0,2,2,5,False,False,0.0
16,random,154,30.0,3,3,5,False,False,0.0
16,random,155,30.0,3,3,5,False,False,0.0
16,random,156,30.0,3,3,5,False,False,0.0
16,random,157,30.0,3,3,5,False,False,0.0
16,random,158,30.0,3,3,5,False,False,0.0
16,random,159,40.0,4,4,5,False,False,0.0
16,random,160,50.0,5,5,5,True,True,2.2809720606156422e-05
16,random,161,50.0,5,5,5,True,True,2.2809720606156422e-05
16,random,162,40.0,6,5,5,True,False,2.303827088911726e-05
16,random,163,30.0,7,5,5,True,False,2.3888556080024027e-05
16,random,164,20.0,8,5,5,True,False,3.335392916215567e-05
16,random,165,20.0,8,5,5,True,False,3.335392916215567e-05
16,random,166,20.0,8,5,5,True,False,3.335392916215567e-05
16,random,167,20.0,8,5,5,True,False,3.335392916215567e-05
16,random,168,20.0,8,5,5,True,False,3.335392916215567e-05
16,random,169,10.0,7,4,5,False,False,0.0
16,random,170,20.0,6,4,5,False,False,0.0
16,random,171,20.0,6,4,5,False,False,0.0
16,random,172,30.0,7,5,5,True,False,3.286541325599094e-05
16,random,173,30.0,7,5,5,True,False,3.286541325599094e-05
16,random,174,30.0,7,5,5,True,False,3.286541325599094e-05
16,random,175,30.0,7,5,5,True,False,3.286541325599094e-05
16,random,176,30.0,7,5,5,True,False,3.286541325599094e-05
16,random,177,20.0,6,4,5,False,False,0.0
16,random,178,30.0,5,4,5,False,False,0.0
16,random,179,30.0,5,4,5,False,False,0.0
16,random,180,30.0,5,4,5,False,False,0.0
16,random,181,40.0,6,5,5,True,False,5.450695339432126e-05
16,random,182,40.0,6,5,5,True,False,5.450695339432126e-05
16,random,183,40.0,6,5,5,True,False,5.450695339432126e-05
16,random,184,30.0,7,5,5,True,False,7.028378525040278e-05
16,random,185,30.0,7,5,5,True,False,7.028378525040278e-05
16,random,186,20.0,8,5,5,True,False,7.37647763849245e-05
16,random,187,20.0,8,5,5,True,False,7.37647763849245e-05
16,random,188,30.0,7,5,5,True,False,6.197097845375685e-05
16,random,189,30.0,7,5,5,True,False,6.197097845375685e-05
16,random,190,20.0,8,5,5,True,False,6.23499125055538e-05
16,random,191,20.0,8,5,5,True,False,6.23499125055538e-05
16,random,192,30.0,7,5,5,True,False,2.3888556080024027e-05
16,random,193,40.0,6,5,5,True,False,2.303827088911726e-05
16,random,194,40.0,6,5,5,True,False,2.303827088911726e-05
16,random,195,30.0,7,5,5,True,False,2.7744363050724724e-05
16,random,196,30.0,7,5,5,True,False,2.7744363050724724e-05
16,random,197,20.0,6,4,5,False,False,0.0
16,random,198,30.0,5,4,5,False,False,0.0
16,random,199,40.0,6,5,5,True,False,5.168358835367431e-05
16,random,200,40.0,6,5,5,True,False,5.168358835367431e-05
16,learned,0,30.0,3,3,5,False,False,0.0
16,learned,1,40.0,4,4,5,False,False,0.0
16,learned,2,50.0,5,5,5,True,True,2.4653836538075226e-05
16,learned,3,40.0,6,5,5,True,False,5.7547102759005443e-05
16,learned,4,40.0,6,5,5,True,False,5.7547102759005443e-05
16,learned,5,40.0,6,5,5,True,False,5.7547102759005443e-05
16,learned,6,40.0,6,5,5,True,False,5.7547102759005443e-05
16,learned,7,40.0,6,5,5,True,False,5.7547102759005443e-05
16,learned,8,40.0,6,5,5,True,False,5.7547102759005443e-05
16,learned,9,40.0,6,5,5,True,False,5.7547102759005443e-05
16,learned,10,40.0,6,5,5,True,False,5.7547102759005443e-05
16,learned,11,40.0,6,5,5,True,False,5.7547102759005443e-05
16,learned,12,40.0,6,5,5,True,False,5.7547102759005443e-05
16,learned,13,40.0,6,5,5,True,False,5.7547102759005443e-05
16,learned,14,40.0,6,5,5,True,False,5.7547102759005443e-05
16,learned,15,40.0,6,5,5,True,False,5.7547102759005443e-05
16,learned,16,40.0,6,5,5,True,False,5.7547102759005443e-05
16,learned,17,40.0,6,5,5,True,False,5.7547102759005443e-05
16,learned,18,40.0,6,5,5,True,False,5.7547102759005443e-05
16,learned,19,40.0,6,5,5,True,False,5.7547102759005443e-05
16,learned,20,40.0,6,5,5,True,False,5.7547102759005443e-05
16,learned,21,40.0,6,5,5,True,False,5.7547102759005443e-05
16,learned,22,40.0,6,5,5,True,False,5.7547102759005443e-05
16,learned,23,40.0,6,5,5,True,False,5.7547102759005443e-05
16,learned,24,40.0,6,5,5,True,False,5.7547102759005443e-05
16,learned,25,40.0,6,5,5,True,False,5.7547102759005443e-05
16,learned,26,40.0,6,5,5,True,False,5.7547102759005443e-05
16,learned,27,40.0,6,5,5,True,False,5.7547102759005443e-05
16,learned,28,40.0,6,5,5,True,False,5.7547102759005443e-05
16,learned,29,40.0,6,5,5,True,False,5.7547102759005443e-05
16,learned,30,40.0,6,5,5,True,False,5.7547102759005443e-05
16,learned,31,40.0,6,5,5,True,False,5.7547102759005443e-05
16,learned,32,40.0,6,5,5,True,False,5.7547102759005443e-05
16,learned,33,40.0,6,5,5,True,False,5.7547102759005443e-05
16,learned,34,40.0,6,5,5,True,False,5.7547102759005443e-05
16,learned,35,40.0,6,5,5,True,False,5.7547102759005443e-05
16,learned,36,40.0,6,5,5,True,False,5.7547102759005443e-05
16,learned,37,40.0,6,5,5,True,False,5.7547102759005443e-05
16,learned,38,40.0,6,5,5,True,False,5.7547102759005443e-05
16,learned,39,40.0,6,5,5,True,False,5.7547102759005443e-05
16,learned,40,40.0,6,5,5,True,False,5.7547102759005443e-05
16,learned,41,40.0,6,5,5,True,False,5.7547102759005443e-05
16,learned,42,40.0,6,5,5,True,False,5.7547102759005443e-05
16,learned,43,40.0,6,5,5,True,False,5.7547102759005443e-05
16,learned,44,40.0,6,5,5,True,False,5.7547102759005443e-05
16,learned,45,40.0,6,5,5,True,False,5.7547102759005443e-05
16,learned,46,40.0,6,5,5,True,False,5.7547102759005443e-05
16,learned,47,40.0,6,5,5,True,False,5.7547102759005443e-05
16,learned,48,40.0,6,5,5,True,False,5.7547102759005443e-05
16,learned,49,40.0,6,5,5,True,False,5.7547102759005443e-05
16,learned,50,40.0,6,5,5,True,False,5.7547102759005443e-05
16,learned,51,40.0,6,5,5,True,False,5.7547102759005443e-05
16,learned,52,40.0,6,5,5,True,False,5.7547102759005443e-05
16,learned,53,40.0,6,5,5,True,False,5.7547102759005443e-05
16,learned,54,40.0,6,5,5,True,False,5.7547102759005443e-05
16,learned,55,40.0,6,5,5,True,False,5.7547102759005443e-05
16,learned,56,40.0,6,5,5,True,False,5.7547102759005443e-05
16,learned,57,40.0,6,5,5,True,False,5.7547102759005443e-05
16,learned,58,40.0,6,5,5,True,False,5.7547102759005443e-05
16,learned,59,40.0,6,5,5,True,False,5.7547102759005443e-05
16,learned,60,40.0,6,5,5,True,False,5.7547102759005443e-05
16,learned,61,40.0,6,5,5,True,False,5.7547102759005443e-05
16,learned,62,40.0,6,5,5,True,False,5.7547102759005443e-05
16,learned,63,40.0,6,5,5,True,False,5.7547102759005443e-05
16,learned,64,40.0,6,5,5,True,False,5.7547102759005443e-05
16,learned,65,40.0,6,5,5,True,False,5.7547102759005443e-05
16,learned,66,40.0,6,5,5,True,False,5.7547102759005443e-05
16,learned,67,40.0,6,5,5,True,False,5.7547102759005443e-05
16,learned,68,40.0,6,5,5,True,False,5.7547102759005443e-05
16,learned,69,40.0,6,5,5,True,False,5.7547102759005443e-05
16,learned,70,40.0,6,5,5,True,False,5.7547102759005443e-05
16,learned,71,40.0,6,5,5,True,False,5.7547102759005443e-05
16,learned,72,40.0,6,5,5,True,False,5.7547102759005443e-05
16,learned,73,40.0,6,5,5,True,False,5.7547102759005443e-05
16,learned,74,40.0,6,5,5,True,False,5.7547102759005443e-05
16,learned,75,40.0,6,5,5,True,False,5.7547102759005443e-05
16,learned,76,40.0,6,5,5,True,False,5.7547102759005443e-05
16,learned,77,40.0,6,5,5,True,False,5.7547102759005443e-05
16,learned,78,40.0,6,5,5,True,False,5.7547102759005443e-05
16,learned,79,40.0,6,5,5,True,False,5.7547102759005443e-05
16,learned,80,40.0,6,5,5,True,False,5.7547102759005443e-05
16,learned,81,40.0,6,5,5,True,False,5.7547102759005443e-05
16,learned,82,40.0,6,5,5,True,False,5.7547102759005443e-05
16,learned,83,40.0,6,5,5,True,False,5.7547102759005443e-05
16,learned,84,40.0,6,5,5,True,False,5.7547102759005443e-05
16,learned,85,40.0,6,5,5,True,False,5.7547102759005443e-05
16,learned,86,40.0,6,5,5,True,False,5.7547102759005443e-05
16,learned,87,40.0,6,5,5,True,False,5.7547102759005443e-05
16,learned,88,40.0,6,5,5,True,False,5.7547102759005443e-05
16,learned,89,40.0,6,5,5,True,False,5.7547102759005443e-05
16,learned,90,40.0,6,5,5,True,False,5.7547102759005443e-05
16,learned,91,40.0,6,5,5,True,False,5.7547102759005443e-05
16,learned,92,40.0,6,5,5,True,False,5.7547102759005443e-05
16,learned,93,40.0,6,5,5,True,False,5.7547102759005443e-05
16,learned,94,40.0,6,5,5,True,False,5.7547102759005443e-05
16,learned,95,40.0,6,5,5,True,False,5.7547102759005443e-05
16,learned,96,40.0,6,5,5,True,False,5.7547102759005443e-05
16,learned,97,40.0,6,5,5,True,False,5.7547102759005443e-05
16,learned,98,40.0,6,5,5,True,False,5.7547102759005443e-05
16,learned,99,40.0,6,5,5,True,False,5.7547102759005443e-05
16,learned,100,40.0,6,5,5,True,False,5.7547102759005443e-05
16,learned,101,40.0,6,5,5,True,False,5.7547102759005443e-05
16,learned,102,40.0,6,5,5,True,False,5.7547102759005443e-05
16,learned,103,40.0,6,5,5,True,False,5.7547102759005443e-05
16,learned,104,40.0,6,5,5,True,False,5.7547102759005443e-05
16,learned,105,40.0,6,5,5,True,False,5.7547102759005443e-05
16,learned,106,40.0,6,5,5,True,False,5.7547102759005443e-05
16,learned,107,40.0,6,5,5,True,False,5.7547102759005443e-05
16,learned,108,40.0,6,5,5,True,False,5.7547102759005443e-05
16,learned,109,40.0,6,5,5,True,False,5.7547102759005443e-05
16,learned,110,40.0,6,5,5,True,False,5.7547102759005443e-05
16,learned,111,40.0,6,5,5,True,False,5.7547102759005443e-05
16,learned,112,40.0,6,5,5,True,False,5.7547102759005443e-05
16,learned,113,40.0,6,5,5,True,False,5.7547102759005443e-05
16,learned,114,40.0,6,5,5,True,False,5.7547102759005443e-05
16,learned,115,40.0,6,5,5,True,False,5.7547102759005443e-05
16,learned,116,40.0,6,5,5,True,False,5.7547102759005443e-05
16,learned,117,40.0,6,5,5,True,False,5.7547102759005443e-05
16,learned,118,40.0,6,5,5,True,False,5.7547102759005443e-05
16,learned,119,40.0,6,5,5,True,False,5.7547102759005443e-05
16,learned,120,40.0,6,5,5,True,False,5.7547102759005443e-05
16,learned,121,40.0,6,5,5,True,False,5.7547102759005443e-05
16,learned,122,40.0,6,5,5,True,False,5.7547102759005443e-05
16,learned,123,40.0,6,5,5,True,False,5.7547102759005443e-05
16,learned,124,40.0,6,5,5,True,False,5.7547102759005443e-05
16,learned,125,40.0,6,5,5,True,False,5.7547102759005443e-05
16,learned,126,40.0,6,5,5,True,False,5.7547102759005443e-05
16,learned,127,40.0,6,5,5,True,False,5.7547102759005443e-05
16,learned,128,40.0,6,5,5,True,False,5.7547102759005443e-05
16,learned,129,40.0,6,5,5,True,False,5.7547102759005443e-05
16,learned,130,40.0,6,5,5,True,False,5.7547102759005443e-05
16,learned,131,40.0,6,5,5,True,False,5.7547102759005443e-05
16,learned,132,40.0,6,5,5,True,False,5.7547102759005443e-05
16,learned,133,40.0,6,5,5,True,False,5.7547102759005443e-05
16,learned,134,40.0,6,5,5,True,False,5.7547102759005443e-05
16,learned,135,40.0,6,5,5,True,False,5.7547102759005443e-05
16,learned,136,40.0,6,5,5,True,False,5.7547102759005443e-05
16,learned,137,40.0,6,5,5,True,False,5.7547102759005443e-05
16,learned,138,40.0,6,5,5,True,False,5.7547102759005443e-05
16,learned,139,40.0,6,5,5,True,False,5.7547102759005443e-05
16,learned,140,40.0,6,5,5,True,False,5.7547102759005443e-05
16,learned,141,40.0,6,5,5,True,False,5.7547102759005443e-05
16,learned,142,40.0,6,5,5,True,False,5.7547102759005443e-05
16,learned,143,40.0,6,5,5,True,False,5.7547102759005443e-05
16,learned,144,40.0,6,5,5,True,False,5.7547102759005443e-05
16,learned,145,40.0,6,5,5,True,False,5.7547102759005443e-05
16,learned,146,40.0,6,5,5,True,False,5.7547102759005443e-05
16,learned,147,40.0,6,5,5,True,False,5.7547102759005443e-05
16,learned,148,40.0,6,5,5,True,False,5.7547102759005443e-05
16,learned,149,40.0,6,5,5,True,False,5.7547102759005443e-05
16,learned,150,40.0,6,5,5,True,False,5.7547102759005443e-05
16,learned,151,40.0,6,5,5,True,False,5.7547102759005443e-05
16,learned,152,40.0,6,5,5,True,False,5.7547102759005443e-05
16,learned,153,40.0,6,5,5,True,False,5.7547102759005443e-05
16,learned,154,40.0,6,5,5,True,False,5.7547102759005443e-05
16,learned,155,40.0,6,5,5,True,False,5.7547102759005443e-05
16,learned,156,40.0,6,5,5,True,False,5.7547102759005443e-05
16,learned,157,40.0,6,5,5,True,False,5.7547102759005443e-05
16,learned,158,40.0,6,5,5,True,False,5.7547102759005443e-05
16,learned,159,40.0,6,5,5,True,False,5.7547102759005443e-05
16,learned,160,40.0,6,5,5,True,False,5.7547102759005443e-05
16,learned,161,40.0,6,5,5,True,False,5.7547102759005443e-05
16,learned,162,40.0,6,5,5,True,False,5.7547102759005443e-05
16,learned,163,40.0,6,5,5,True,False,5.7547102759005443e-05
16,learned,164,40.0,6,5,5,True,False,5.7547102759005443e-05
16,learned,165,40.0,6,5,5,True,False,5.7547102759005443e-05
16,learned,166,40.0,6,5,5,True,False,5.7547102759005443e-05
16,learned,167,40.0,6,5,5,True,False,5.7547102759005443e-05
16,learned,168,40.0,6,5,5,True,False,5.7547102759005443e-05
16,learned,169,40.0,6,5,5,True,False,5.7547102759005443e-05
16,learned,170,40.0,6,5,5,True,False,5.7547102759005443e-05
16,learned,171,40.0,6,5,5,True,False,5.7547102759005443e-05
16,learned,172,40.0,6,5,5,True,False,5.7547102759005443e-05
16,learned,173,40.0,6,5,5,True,False,5.7547102759005443e-05
16,learned,174,40.0,6,5,5,True,False,5.7547102759005443e-05
16,learned,175,40.0,6,5,5,True,False,5.7547102759005443e-05
16,learned,176,40.0,6,5,5,True,False,5.7547102759005443e-05
16,learned,177,40.0,6,5,5,True,False,5.7547102759005443e-05
16,learned,178,40.0,6,5,5,True,False,5.7547102759005443e-05
16,learned,179,40.0,6,5,5,True,False,5.7547102759005443e-05
16,learned,180,40.0,6,5,5,True,False,5.7547102759005443e-05
16,learned,181,40.0,6,5,5,True,False,5.7547102759005443e-05
16,learned,182,40.0,6,5,5,True,False,5.7547102759005443e-05
16,learned,183,40.0,6,5,5,True,False,5.7547102759005443e-05
16,learned,184,40.0,6,5,5,True,False,5.7547102759005443e-05
16,learned,185,40.0,6,5,5,True,False,5.7547102759005443e-05
16,learned,186,40.0,6,5,5,True,False,5.7547102759005443e-05
16,learned,187,40.0,6,5,5,True,False,5.7547102759005443e-05
16,learned,188,40.0,6,5,5,True,False,5.7547102759005443e-05
16,learned,189,40.0,6,5,5,True,False,5.7547102759005443e-05
16,learned,190,40.0,6,5,5,True,False,5.7547102759005443e-05
16,learned,191,40.0,6,5,5,True,False,5.7547102759005443e-05
16,learned,192,40.0,6,5,5,True,False,5.7547102759005443e-05
16,learned,193,40.0,6,5,5,True,False,5.7547102759005443e-05
16,learned,194,40.0,6,5,5,True,False,5.7547102759005443e-05
16,learned,195,40.0,6,5,5,True,False,5.7547102759005443e-05
16,learned,196,40.0,6,5,5,True,False,5.7547102759005443e-05
16,learned,197,40.0,6,5,5,True,False,5.7547102759005443e-05
16,learned,198,40.0,6,5,5,True,False,5.7547102759005443e-05
16,learned,199,40.0,6,5,5,True,False,5.7547102759005443e-05
16,learned,200,40.0,6,5,5,True,False,5.7547102759005443e-05
17,initial,0,40.0,4,4,5,False,False,0.0
17,greedy,0,40.0,4,4,5,False,False,0.0
17,greedy,1,50.0,5,5,5,True,True,7.995567265763079e-06
17,random,0,40.0,4,4,5,False,False,0.0
17,random,1,30.0,5,4,5,False,False,0.0
17,random,2,20.0,4,3,5,False,False,0.0
17,random,3,30.0,5,4,5,False,False,0.0
17,random,4,40.0,6,5,5,True,False,9.131203466546015e-06
17,random,5,40.0,6,5,5,True,False,9.131203466546015e-06
17,random,6,30.0,7,5,5,True,False,4.7802379725947464e-05
17,random,7,20.0,8,5,5,True,False,4.887422364783976e-05
17,random,8,20.0,8,5,5,True,False,4.887422364783976e-05
17,random,9,20.0,8,5,5,True,False,4.887422364783976e-05
17,random,10,20.0,8,5,5,True,False,4.887422364783976e-05
17,random,11,20.0,8,5,5,True,False,4.887422364783976e-05
17,random,12,20.0,8,5,5,True,False,4.887422364783976e-05
17,random,13,30.0,7,5,5,True,False,4.7360201405261494e-05
17,random,14,30.0,7,5,5,True,False,4.7360201405261494e-05
17,random,15,40.0,6,5,5,True,False,4.645886613413089e-05
17,random,16,40.0,6,5,5,True,False,4.645886613413089e-05
17,random,17,30.0,7,5,5,True,False,4.7802379725947464e-05
17,random,18,20.0,8,5,5,True,False,5.789705796492558e-05
17,random,19,20.0,8,5,5,True,False,5.789705796492558e-05
17,random,20,20.0,8,5,5,True,False,5.789705796492558e-05
17,random,21,30.0,7,5,5,True,False,8.139818795412075e-06
17,random,22,40.0,6,5,5,True,False,6.4186656637586e-06
17,random,23,30.0,7,5,5,True,False,6.449257503683012e-06
17,random,24,40.0,6,5,5,True,False,6.4186656637586e-06
17,random,25,30.0,7,5,5,True,False,6.449257503683012e-06
17,random,26,40.0,6,5,5,True,False,6.4186656637586075e-06
17,random,27,40.0,6,5,5,True,False,6.4186656637586075e-06
17,random,28,30.0,7,5,5,True,False,8.13981879541211e-06
17,random,29,20.0,8,5,5,True,False,8.187964490061273e-06
17,random,30,10.0,7,4,5,False,False,0.0
17,random,31,20.0,6,4,5,False,False,0.0
17,random,32,10.0,5,3,5,False,False,0.0
17,random,33,10.0,5,3,5,False,False,0.0
17,random,34,10.0,5,3,5,False,False,0.0
17,random,35,20.0,6,4,5,False,False,0.0
17,random,36,30.0,7,5,5,True,False,4.4610613095068076e-05
17,random,37,20.0,6,4,5,False,False,0.0
17,random,38,10.0,5,3,5,False,False,0.0
17,random,39,10.0,5,3,5,False,False,0.0
17,random,40,10.0,5,3,5,False,False,0.0
17,random,41,20.0,4,3,5,False,False,0.0
17,random,42,10.0,3,2,5,False,False,0.0
17,random,43,10.0,3,2,5,False,False,0.0
17,random,44,10.0,3,2,5,False,False,0.0
17,random,45,10.0,3,2,5,False,False,0.0
17,random,46,20.0,2,2,5,False,False,0.0
17,random,47,20.0,2,2,5,False,False,0.0
17,random,48,10.0,3,2,5,False,False,0.0
17,random,49,10.0,3,2,5,False,False,0.0
17,random,50,20.0,4,3,5,False,False,0.0
17,random,51,30.0,5,4,5,False,False,0.0
17,random,52,40.0,4,4,5,False,False,0.0
17,random,53,40.0,4,4,5,False,False,0.0
17,random,54,40.0,4,4,5,False,False,0.0
17,random,55,50.0,5,5,5,True,True,2.6986517568535043e-05
17,random,56,50.0,5,5,5,True,True,2.6986517568535043e-05
17,random,57,50.0,5,5,5,True,True,2.6986517568535043e-05
17,random,58,50.0,5,5,5,True,True,2.6986517568535043e-05
17,random,59,40.0,6,5,5,True,False,2.774036825165465e-05
17,random,60,40.0,6,5,5,True,False,2.774036825165465e-05
17,random,61,40.0,6,5,5,True,False,2.774036825165465e-05
17,random,62,30.0,5,4,5,False,False,0.0
17,random,63,40.0,6,5,5,True,False,4.460897854374006e-05
17,random,64,30.0,7,5,5,True,False,4.9673080370487314e-05
17,random,65,30.0,7,5,5,True,False,4.9673080370487314e-05
17,random,66,20.0,8,5,5,True,False,5.015850070455337e-05
17,random,67,10.0,9,5,5,True,False,8.257664384633556e-05
17,random,68,0.0,8,4,5,False,False,0.0
17,random,69,10.0,7,4,5,False,False,0.0
17,random,70,20.0,8,5,5,True,False,6.5325535144143055e-06
17,random,71,20.0,8,5,5,True,False,6.5325535144143055e-06
17,random,72,20.0,8,5,5,True,False,6.5325535144143055e-06
17,random,73,20.0,8,5,5,True,False,6.5325535144143055e-06
17,random,74,10.0,9,5,5,True,False,8.325741585286436e-05
17,random,75,20.0,8,5,5,True,False,6.5325535144143055e-06
17,random,76,10.0,7,4,5,False,False,0.0
17,random,77,20.0,8,5,5,True,False,7.503080722421029e-05
17,random,78,20.0,8,5,5,True,False,7.503080722421029e-05
17,random,79,20.0,8,5,5,True,False,7.503080722421029e-05
17,random,80,10.0,9,5,5,True,False,8.325741585286441e-05
17,random,81,20.0,8,5,5,True,False,6.379936042266637e-05
17,random,82,20.0,8,5,5,True,False,6.379936042266637e-05
17,random,83,20.0,8,5,5,True,False,6.379936042266637e-05
17,random,84,30.0,7,5,5,True,False,4.9673080370487314e-05
17,random,85,20.0,8,5,5,True,False,5.100219776502612e-05
17,random,86,20.0,8,5,5,True,False,5.100219776502612e-05
17,random,87,30.0,7,5,5,True,False,4.585375542305435e-05
17,random,88,20.0,8,5,5,True,False,4.907685080003972e-05
17,random,89,10.0,9,5,5,True,False,6.825408790345567e-05
17,random,90,20.0,8,5,5,True,False,6.609747403983122e-05
17,random,91,30.0,7,5,5,True,False,8.004229496679866e-06
17,random,92,30.0,7,5,5,True,False,8.004229496679866e-06
17,random,93,20.0,6,4,5,False,False,0.0
17,random,94,20.0,6,4,5,False,False,0.0
17,random,95,20.0,6,4,5,False,False,0.0
17,random,96,30.0,7,5,5,True,False,8.004229496679866e-06
17,random,97,30.0,7,5,5,True,False,8.004229496679866e-06
17,random,98,30.0,7,5,5,True,False,8.004229496679866e-06
17,random,99,40.0,6,5,5,True,False,7.997877304270754e-06
17,random,100,40.0,6,5,5,True,False,7.997877304270754e-06
17,random,101,30.0,7,5,5,True,False,6.188898467402014e-05
17,random,102,20.0,8,5,5,True,False,6.60001152262384e-05
17,random,103,20.0,8,5,5,True,False,6.60001152262384e-05
17,random,104,20.0,8,5,5,True,False,6.60001152262384e-05
17,random,105,20.0,8,5,5,True,False,6.60001152262384e-05
17,random,106,20.0,8,5,5,True,False,6.60001152262384e-05
17,random,107,20.0,8,5,5,True,False,6.60001152262384e-05
17,random,108,20.0,8,5,5,True,False,6.60001152262384e-05
17,random,109,20.0,8,5,5,True,False,6.60001152262384e-05
17,random,110,30.0,7,5,5,True,False,5.357876200700789e-06
17,random,111,20.0,8,5,5,True,False,5.66224554615015e-06
17,random,112,20.0,8,5,5,True,False,5.66224554615015e-06
17,random,113,10.0,7,4,5,False,False,0.0
17,random,114,10.0,7,4,5,False,False,0.0
17,random,115,20.0,6,4,5,False,False,0.0
17,random,116,20.0,6,4,5,False,False,0.0
17,random,117,20.0,6,4,5,False,False,0.0
17,random,118,30.0,7,5,5,True,False,5.357876200700789e-06
17,random,119,20.0,6,4,5,False,False,0.0
17,random,120,30.0,7,5,5,True,False,4.986579931675942e-05
17,random,121,30.0,7,5,5,True,False,4.986579931675942e-05
17,random,122,20.0,8,5,5,True,False,5.0158500704553214e-05
17,random,123,10.0,9,5,5,True,False,6.857208287508831e-05
17,random,124,10.0,9,5,5,True,False,6.857208287508831e-05
17,random,125,20.0,8,5,5,True,False,4.88742236478398e-05
17,random,126,30.0,7,5,5,True,False,4.4610613095068076e-05
17,random,127,30.0,7,5,5,True,False,4.4610613095068076e-05
17,random,128,30.0,7,5,5,True,False,4.4610613095068076e-05
17,random,129,30.0,7,5,5,True,False,4.4610613095068076e-05
17,random,130,40.0,6,5,5,True,False,4.460897854373979e-05
17,random,131,50.0,5,5,5,True,True,4.4182414844960485e-05
17,random,132,50.0,5,5,5,True,True,4.4182414844960485e-05
17,random,133,40.0,4,4,5,False,False,0.0
17,random,134,40.0,4,4,5,False,False,0.0
17,random,135,40.0,4,4,5,False,False,0.0
17,random,136,40.0,4,4,5,False,False,0.0
17,random,137,40.0,4,4,5,False,False,0.0
17,random,138,30.0,5,4,5,False,False,0.0
17,random,139,40.0,4,4,5,False,False,0.0
17,random,140,40.0,4,4,5,False,False,0.0
17,random,141,40.0,4,4,5,False,False,0.0
17,random,142,50.0,5,5,5,True,True,3.64607844876528e-06
17,random,143,40.0,4,4,5,False,False,0.0
17,random,144,30.0,5,4,5,False,False,0.0
17,random,145,30.0,5,4,5,False,False,0.0
17,random,146,40.0,6,5,5,True,False,2.800602804974319e-05
17,random,147,40.0,6,5,5,True,False,2.800602804974319e-05
17,random,148,30.0,7,5,5,True,False,3.593444261251337e-05
17,random,149,30.0,7,5,5,True,False,3.593444261251337e-05
17,random,150,40.0,6,5,5,True,False,3.4127533131199635e-05
17,random,151,40.0,6,5,5,True,False,3.4127533131199635e-05
17,random,152,40.0,6,5,5,True,False,3.4127533131199635e-05
17,random,153,30.0,7,5,5,True,False,3.650614465410015e-05
17,random,154,30.0,7,5,5,True,False,3.650614465410015e-05
17,random,155,40.0,6,5,5,True,False,3.4127533131199635e-05
17,random,156,40.0,6,5,5,True,False,3.4127533131199635e-05
17,random,157,50.0,5,5,5,True,True,2.6986517568535043e-05
17,random,158,40.0,4,4,5,False,False,0.0
17,random,159,40.0,4,4,5,False,False,0.0
17,random,160,30.0,3,3,5,False,False,0.0
17,random,161,40.0,4,4,5,False,False,0.0
17,random,162,40.0,4,4,5,False,False,0.0
17,random,163,40.0,4,4,5,False,False,0.0
17,random,164,40.0,4,4,5,False,False,0.0
17,random,165,40.0,4,4,5,False,False,0.0
17,random,166,30.0,5,4,5,False,False,0.0
17,random,167,30.0,5,4,5,False,False,0.0
17,random,168,30.0,5,4,5,False,False,0.0
17,random,169,30.0,5,4,5,False,False,0.0
17,random,170,30.0,5,4,5,False,False,0.0
17,random,171,40.0,4,4,5,False,False,0.0
17,random,172,40.0,4,4,5,False,False,0.0
17,random,173,30.0,3,3,5,False,False,0.0
17,random,174,40.0,4,4,5,False,False,0.0
17,random,175,40.0,4,4,5,False,False,0.0
17,random,176,40.0,4,4,5,False,False,0.0
17,random,177,30.0,5,4,5,False,False,0.0
17,random,178,30.0,5,4,5,False,False,0.0
17,random,179,20.0,4,3,5,False,False,0.0
17,random,180,30.0,3,3,5,False,False,0.0
17,random,181,30.0,3,3,5,False,False,0.0
17,random,182,20.0,4,3,5,False,False,0.0
17,random,183,30.0,5,4,5,False,False,0.0
17,random,184,30.0,5,4,5,False,False,0.0
17,random,185,40.0,6,5,5,True,False,5.238057635832761e-06
17,random,186,40.0,6,5,5,True,False,5.238057635832761e-06
17,random,187,40.0,6,5,5,True,False,5.238057635832761e-06
17,random,188,30.0,5,4,5,False,False,0.0
17,random,189,40.0,6,5,5,True,False,5.6917680134275347e-05
17,random,190,30.0,7,5,5,True,False,5.7614331220150924e-05
17,random,191,30.0,7,5,5,True,False,5.7614331220150924e-05
17,random,192,20.0,8,5,5,True,False,7.503080722421029e-05
17,random,193,20.0,8,5,5,True,False,7.503080722421029e-05
17,random,194,20.0,8,5,5,True,False,7.503080722421029e-05
17,random,195,30.0,7,5,5,True,False,4.4451988700624123e-05
17,random,196,30.0,7,5,5,True,False,4.4451988700624123e-05
17,random,197,20.0,6,4,5,False,False,0.0
17,random,198,20.0,6,4,5,False,False,0.0
17,random,199,30.0,5,4,5,False,False,0.0
17,random,200,30.0,5,4,5,False,False,0.0
17,learned,0,40.0,4,4,5,False,False,0.0
17,learned,1,50.0,5,5,5,True,True,7.995567265763079e-06
17,learned,2,50.0,5,5,5,True,True,7.995567265763079e-06
17,learned,3,50.0,5,5,5,True,True,7.995567265763079e-06
17,learned,4,50.0,5,5,5,True,True,7.995567265763079e-06
17,learned,5,50.0,5,5,5,True,True,7.995567265763079e-06
17,learned,6,50.0,5,5,5,True,True,7.995567265763079e-06
17,learned,7,50.0,5,5,5,True,True,7.995567265763079e-06
17,learned,8,50.0,5,5,5,True,True,7.995567265763079e-06
17,learned,9,50.0,5,5,5,True,True,7.995567265763079e-06
17,learned,10,50.0,5,5,5,True,True,7.995567265763079e-06
17,learned,11,50.0,5,5,5,True,True,7.995567265763079e-06
17,learned,12,50.0,5,5,5,True,True,7.995567265763079e-06
17,learned,13,50.0,5,5,5,True,True,7.995567265763079e-06
17,learned,14,50.0,5,5,5,True,True,7.995567265763079e-06
17,learned,15,50.0,5,5,5,True,True,7.995567265763079e-06
17,learned,16,50.0,5,5,5,True,True,7.995567265763079e-06
17,learned,17,50.0,5,5,5,True,True,7.995567265763079e-06
17,learned,18,50.0,5,5,5,True,True,7.995567265763079e-06
17,learned,19,50.0,5,5,5,True,True,7.995567265763079e-06
17,learned,20,50.0,5,5,5,True,True,7.995567265763079e-06
17,learned,21,50.0,5,5,5,True,True,7.995567265763079e-06
17,learned,22,50.0,5,5,5,True,True,7.995567265763079e-06
17,learned,23,50.0,5,5,5,True,True,7.995567265763079e-06
17,learned,24,50.0,5,5,5,True,True,7.995567265763079e-06
17,learned,25,50.0,5,5,5,True,True,7.995567265763079e-06
17,learned,26,50.0,5,5,5,True,True,7.995567265763079e-06
17,learned,27,50.0,5,5,5,True,True,7.995567265763079e-06
17,learned,28,50.0,5,5,5,True,True,7.995567265763079e-06
17,learned,29,50.0,5,5,5,True,True,7.995567265763079e-06
17,learned,30,50.0,5,5,5,True,True,7.995567265763079e-06
17,learned,31,50.0,5,5,5,True,True,7.995567265763079e-06
17,learned,32,50.0,5,5,5,True,True,7.995567265763079e-06
17,learned,33,50.0,5,5,5,True,True,7.995567265763079e-06
17,learned,34,50.0,5,5,5,True,True,7.995567265763079e-06
17,learned,35,50.0,5,5,5,True,True,7.995567265763079e-06
17,learned,36,50.0,5,5,5,True,True,7.995567265763079e-06
17,learned,37,50.0,5,5,5,True,True,7.995567265763079e-06
17,learned,38,50.0,5,5,5,True,True,7.995567265763079e-06
17,learned,39,50.0,5,5,5,True,True,7.995567265763079e-06
17,learned,40,50.0,5,5,5,True,True,7.995567265763079e-06
17,learned,41,50.0,5,5,5,True,True,7.995567265763079e-06
17,learned,42,50.0,5,5,5,True,True,7.995567265763079e-06
17,learned,43,50.0,5,5,5,True,True,7.995567265763079e-06
17,learned,44,50.0,5,5,5,True,True,7.995567265763079e-06
17,learned,45,50.0,5,5,5,True,True,7.995567265763079e-06
17,learned,46,50.0,5,5,5,True,True,7.995567265763079e-06
17,learned,47,50.0,5,5,5,True,True,7.995567265763079e-06
17,learned,48,50.0,5,5,5,True,True,7.995567265763079e-06
17,learned,49,50.0,5,5,5,True,True,7.995567265763079e-06
17,learned,50,50.0,5,5,5,True,True,7.995567265763079e-06
17,learned,51,50.0,5,5,5,True,True,7.995567265763079e-06
17,learned,52,50.0,5,5,5,True,True,7.995567265763079e-06
17,learned,53,50.0,5,5,5,True,True,7.995567265763079e-06
17,learned,54,50.0,5,5,5,True,True,7.995567265763079e-06
17,learned,55,50.0,5,5,5,True,True,7.995567265763079e-06
17,learned,56,50.0,5,5,5,True,True,7.995567265763079e-06
17,learned,57,50.0,5,5,5,True,True,7.995567265763079e-06
17,learned,58,50.0,5,5,5,True,True,7.995567265763079e-06
17,learned,59,50.0,5,5,5,True,True,7.995567265763079e-06
17,learned,60,50.0,5,5,5,True,True,7.995567265763079e-06
17,learned,61,50.0,5,5,5,True,True,7.995567265763079e-06
17,learned,62,50.0,5,5,5,True,True,7.995567265763079e-06
17,learned,63,50.0,5,5,5,True,True,7.995567265763079e-06
17,learned,64,50.0,5,5,5,True,True,7.995567265763079e-06
17,learned,65,50.0,5,5,5,True,True,7.995567265763079e-06
17,learned,66,50.0,5,5,5,True,True,7.995567265763079e-06
17,learned,67,50.0,5,5,5,True,True,7.995567265763079e-06
17,learned,68,50.0,5,5,5,True,True,7.995567265763079e-06
17,learned,69,50.0,5,5,5,True,True,7.995567265763079e-06
17,learned,70,50.0,5,5,5,True,True,7.995567265763079e-06
17,learned,71,50.0,5,5,5,True,True,7.995567265763079e-06
17,learned,72,50.0,5,5,5,True,True,7.995567265763079e-06
17,learned,73,50.0,5,5,5,True,True,7.995567265763079e-06
17,learned,74,50.0,5,5,5,True,True,7.995567265763079e-06
17,learned,75,50.0,5,5,5,True,True,7.995567265763079e-06
17,learned,76,50.0,5,5,5,True,True,7.995567265763079e-06
17,learned,77,50.0,5,5,5,True,True,7.995567265763079e-06
17,learned,78,50.0,5,5,5,True,True,7.995567265763079e-06
17,learned,79,50.0,5,5,5,True,True,7.995567265763079e-06
17,learned,80,50.0,5,5,5,True,True,7.995567265763079e-06
17,learned,81,50.0,5,5,5,True,True,7.995567265763079e-06
17,learned,82,50.0,5,5,5,True,True,7.995567265763079e-06
17,learned,83,50.0,5,5,5,True,True,7.995567265763079e-06
17,learned,84,50.0,5,5,5,True,True,7.995567265763079e-06
17,learned,85,50.0,5,5,5,True,True,7.995567265763079e-06
17,learned,86,50.0,5,5,5,True,True,7.995567265763079e-06
17,learned,87,50.0,5,5,5,True,True,7.995567265763079e-06
17,learned,88,50.0,5,5,5,True,True,7.995567265763079e-06
17,learned,89,50.0,5,5,5,True,True,7.995567265763079e-06
17,learned,90,50.0,5,5,5,True,True,7.995567265763079e-06
17,learned,91,50.0,5,5,5,True,True,7.995567265763079e-06
17,learned,92,50.0,5,5,5,True,True,7.995567265763079e-06
17,learned,93,50.0,5,5,5,True,True,7.995567265763079e-06
17,learned,94,50.0,5,5,5,True,True,7.995567265763079e-06
17,learned,95,50.0,5,5,5,True,True,7.995567265763079e-06
17,learned,96,50.0,5,5,5,True,True,7.995567265763079e-06
17,learned,97,50.0,5,5,5,True,True,7.995567265763079e-06
17,learned,98,50.0,5,5,5,True,True,7.995567265763079e-06
17,learned,99,50.0,5,5,5,True,True,7.995567265763079e-06
17,learned,100,50.0,5,5,5,True,True,7.995567265763079e-06
17,learned,101,50.0,5,5,5,True,True,7.995567265763079e-06
17,learned,102,50.0,5,5,5,True,True,7.995567265763079e-06
17,learned,103,50.0,5,5,5,True,True,7.995567265763079e-06
17,learned,104,50.0,5,5,5,True,True,7.995567265763079e-06
17,learned,105,50.0,5,5,5,True,True,7.995567265763079e-06
17,learned,106,50.0,5,5,5,True,True,7.995567265763079e-06
17,learned,107,50.0,5,5,5,True,True,7.995567265763079e-06
17,learned,108,50.0,5,5,5,True,True,7.995567265763079e-06
17,learned,109,50.0,5,5,5,True,True,7.995567265763079e-06
17,learned,110,50.0,5,5,5,True,True,7.995567265763079e-06
17,learned,111,50.0,5,5,5,True,True,7.995567265763079e-06
17,learned,112,50.0,5,5,5,True,True,7.995567265763079e-06
17,learned,113,50.0,5,5,5,True,True,7.995567265763079e-06
17,learned,114,50.0,5,5,5,True,True,7.995567265763079e-06
17,learned,115,50.0,5,5,5,True,True,7.995567265763079e-06
17,learned,116,50.0,5,5,5,True,True,7.995567265763079e-06
17,learned,117,50.0,5,5,5,True,True,7.995567265763079e-06
17,learned,118,50.0,5,5,5,True,True,7.995567265763079e-06
17,learned,119,50.0,5,5,5,True,True,7.995567265763079e-06
17,learned,120,50.0,5,5,5,True,True,7.995567265763079e-06
17,learned,121,50.0,5,5,5,True,True,7.995567265763079e-06
17,learned,122,50.0,5,5,5,True,True,7.995567265763079e-06
17,learned,123,50.0,5,5,5,True,True,7.995567265763079e-06
17,learned,124,50.0,5,5,5,True,True,7.995567265763079e-06
17,learned,125,50.0,5,5,5,True,True,7.995567265763079e-06
17,learned,126,50.0,5,5,5,True,True,7.995567265763079e-06
17,learned,127,50.0,5,5,5,True,True,7.995567265763079e-06
17,learned,128,50.0,5,5,5,True,True,7.995567265763079e-06
17,learned,129,50.0,5,5,5,True,True,7.995567265763079e-06
17,learned,130,50.0,5,5,5,True,True,7.995567265763079e-06
17,learned,131,50.0,5,5,5,True,True,7.995567265763079e-06
17,learned,132,50.0,5,5,5,True,True,7.995567265763079e-06
17,learned,133,50.0,5,5,5,True,True,7.995567265763079e-06
17,learned,134,50.0,5,5,5,True,True,7.995567265763079e-06
17,learned,135,50.0,5,5,5,True,True,7.995567265763079e-06
17,learned,136,50.0,5,5,5,True,True,7.995567265763079e-06
17,learned,137,50.0,5,5,5,True,True,7.995567265763079e-06
17,learned,138,50.0,5,5,5,True,True,7.995567265763079e-06
17,learned,139,50.0,5,5,5,True,True,7.995567265763079e-06
17,learned,140,50.0,5,5,5,True,True,7.995567265763079e-06
17,learned,141,50.0,5,5,5,True,True,7.995567265763079e-06
17,learned,142,50.0,5,5,5,True,True,7.995567265763079e-06
17,learned,143,50.0,5,5,5,True,True,7.995567265763079e-06
17,learned,144,50.0,5,5,5,True,True,7.995567265763079e-06
17,learned,145,50.0,5,5,5,True,True,7.995567265763079e-06
17,learned,146,50.0,5,5,5,True,True,7.995567265763079e-06
17,learned,147,50.0,5,5,5,True,True,7.995567265763079e-06
17,learned,148,50.0,5,5,5,True,True,7.995567265763079e-06
17,learned,149,50.0,5,5,5,True,True,7.995567265763079e-06
17,learned,150,50.0,5,5,5,True,True,7.995567265763079e-06
17,learned,151,50.0,5,5,5,True,True,7.995567265763079e-06
17,learned,152,50.0,5,5,5,True,True,7.995567265763079e-06
17,learned,153,50.0,5,5,5,True,True,7.995567265763079e-06
17,learned,154,50.0,5,5,5,True,True,7.995567265763079e-06
17,learned,155,50.0,5,5,5,True,True,7.995567265763079e-06
17,learned,156,50.0,5,5,5,True,True,7.995567265763079e-06
17,learned,157,50.0,5,5,5,True,True,7.995567265763079e-06
17,learned,158,50.0,5,5,5,True,True,7.995567265763079e-06
17,learned,159,50.0,5,5,5,True,True,7.995567265763079e-06
17,learned,160,50.0,5,5,5,True,True,7.995567265763079e-06
17,learned,161,50.0,5,5,5,True,True,7.995567265763079e-06
17,learned,162,50.0,5,5,5,True,True,7.995567265763079e-06
17,learned,163,50.0,5,5,5,True,True,7.995567265763079e-06
17,learned,164,50.0,5,5,5,True,True,7.995567265763079e-06
17,learned,165,50.0,5,5,5,True,True,7.995567265763079e-06
17,learned,166,50.0,5,5,5,True,True,7.995567265763079e-06
17,learned,167,50.0,5,5,5,True,True,7.995567265763079e-06
17,learned,168,50.0,5,5,5,True,True,7.995567265763079e-06
17,learned,169,50.0,5,5,5,True,True,7.995567265763079e-06
17,learned,170,50.0,5,5,5,True,True,7.995567265763079e-06
17,learned,171,50.0,5,5,5,True,True,7.995567265763079e-06
17,learned,172,50.0,5,5,5,True,True,7.995567265763079e-06
17,learned,173,50.0,5,5,5,True,True,7.995567265763079e-06
17,learned,174,50.0,5,5,5,True,True,7.995567265763079e-06
17,learned,175,50.0,5,5,5,True,True,7.995567265763079e-06
17,learned,176,50.0,5,5,5,True,True,7.995567265763079e-06
17,learned,177,50.0,5,5,5,True,True,7.995567265763079e-06
17,learned,178,50.0,5,5,5,True,True,7.995567265763079e-06
17,learned,179,50.0,5,5,5,True,True,7.995567265763079e-06
17,learned,180,50.0,5,5,5,True,True,7.995567265763079e-06
17,learned,181,50.0,5,5,5,True,True,7.995567265763079e-06
17,learned,182,50.0,5,5,5,True,True,7.995567265763079e-06
17,learned,183,50.0,5,5,5,True,True,7.995567265763079e-06
17,learned,184,50.0,5,5,5,True,True,7.995567265763079e-06
17,learned,185,50.0,5,5,5,True,True,7.995567265763079e-06
17,learned,186,50.0,5,5,5,True,True,7.995567265763079e-06
17,learned,187,50.0,5,5,5,True,True,7.995567265763079e-06
17,learned,188,50.0,5,5,5,True,True,7.995567265763079e-06
17,learned,189,50.0,5,5,5,True,True,7.995567265763079e-06
17,learned,190,50.0,5,5,5,True,True,7.995567265763079e-06
17,learned,191,50.0,5,5,5,True,True,7.995567265763079e-06
17,learned,192,50.0,5,5,5,True,True,7.995567265763079e-06
17,learned,193,50.0,5,5,5,True,True,7.995567265763079e-06
17,learned,194,50.0,5,5,5,True,True,7.995567265763079e-06
17,learned,195,50.0,5,5,5,True,True,7.995567265763079e-06
17,learned,196,50.0,5,5,5,True,True,7.995567265763079e-06
17,learned,197,50.0,5,5,5,True,True,7.995567265763079e-06
17,learned,198,50.0,5,5,5,True,True,7.995567265763079e-06
17,learned,199,50.0,5,5,5,True,True,7.995567265763079e-06
17,learned,200,50.0,5,5,5,True,True,7.995567265763079e-06
18,initial,0,40.0,4,4,5,False,False,0.0
18,greedy,0,40.0,4,4,5,False,False,0.0
18,greedy,1,50.0,5,5,5,True,True,2.296288670384505e-06
18,random,0,40.0,4,4,5,False,False,0.0
18,random,1,40.0,4,4,5,False,False,0.0
18,random,2,40.0,4,4,5,False,False,0.0
18,random,3,50.0,5,5,5,True,True,2.6197220635629555e-05
18,random,4,40.0,4,4,5,False,False,0.0
18,random,5,50.0,5,5,5,True,True,2.6197220635629555e-05
18,random,6,50.0,5,5,5,True,True,2.6197220635629555e-05
18,random,7,40.0,4,4,5,False,False,0.0
18,random,8,50.0,5,5,5,True,True,2.6197220635629555e-05
18,random,9,50.0,5,5,5,True,True,2.6197220635629555e-05
18,random,10,50.0,5,5,5,True,True,2.6197220635629555e-05
18,random,11,50.0,5,5,5,True,True,2.6197220635629555e-05
18,random,12,50.0,5,5,5,True,True,2.6197220635629555e-05
18,random,13,50.0,5,5,5,True,True,2.6197220635629555e-05
18,random,14,50.0,5,5,5,True,True,2.6197220635629555e-05
18,random,15,50.0,5,5,5,True,True,2.6197220635629555e-05
18,random,16,40.0,4,4,5,False,False,0.0
18,random,17,40.0,4,4,5,False,False,0.0
18,random,18,40.0,4,4,5,False,False,0.0
18,random,19,40.0,4,4,5,False,False,0.0
18,random,20,40.0,4,4,5,False,False,0.0
18,random,21,40.0,4,4,5,False,False,0.0
18,random,22,50.0,5,5,5,True,True,2.6197220635629538e-05
18,random,23,40.0,6,5,5,True,False,2.622131910940065e-05
18,random,24,30.0,7,5,5,True,False,3.846030558443459e-05
18,random,25,30.0,7,5,5,True,False,3.846030558443459e-05
18,random,26,30.0,7,5,5,True,False,3.846030558443459e-05
18,random,27,20.0,6,4,5,False,False,0.0
18,random,28,20.0,6,4,5,False,False,0.0
18,random,29,10.0,5,3,5,False,False,0.0
18,random,30,10.0,5,3,5,False,False,0.0
18,random,31,20.0,6,4,5,False,False,0.0
18,random,32,30.0,7,5,5,True,False,2.84893270619713e-06
18,random,33,40.0,6,5,5,True,False,2.29963155022393e-06
18,random,34,40.0,6,5,5,True,False,2.29963155022393e-06
18,random,35,30.0,7,5,5,True,False,2.3284373830534103e-06
18,random,36,30.0,7,5,5,True,False,2.3284373830534103e-06
18,random,37,20.0,8,5,5,True,False,2.3285736493049755e-06
18,random,38,20.0,8,5,5,True,False,2.3285736493049755e-06
18,random,39,10.0,7,4,5,False,False,0.0
18,random,40,0.0,6,3,5,False,False,0.0
18,random,41,10.0,5,3,5,False,False,0.0
18,random,42,20.0,4,3,5,False,False,0.0
18,random,43,20.0,4,3,5,False,False,0.0
18,random,44,30.0,5,4,5,False,False,0.0
18,random,45,20.0,6,4,5,False,False,0.0
18,random,46,20.0,6,4,5,False,False,0.0
18,random,47,30.0,7,5,5,True,False,2.299764554762966e-06
18,random,48,30.0,7,5,5,True,False,2.299764554762966e-06
18,random,49,20.0,8,5,5,True,False,3.5545852986986355e-05
18,random,50,20.0,8,5,5,True,False,3.5545852986986355e-05
18,random,51,20.0,8,5,5,True,False,3.5545852986986355e-05
18,random,52,10.0,9,5,5,True,False,3.5859239282701946e-05
18,random,53,20.0,8,5,5,True,False,3.583435808415514e-05
18,random,54,20.0,8,5,5,True,False,3.583435808415514e-05
18,random,55,30.0,7,5,5,True,False,2.2446463200103325e-06
18,random,56,40.0,6,5,5,True,False,2.221565948543301e-06
18,random,57,50.0,5,5,5,True,True,2.213867211734142e-06
18,random,58,50.0,5,5,5,True,True,2.213867211734142e-06
18,random,59,40.0,6,5,5,True,False,2.5661638497942244e-06
18,random,60,40.0,6,5,5,True,False,2.5661638497942244e-06
18,random,61,40.0,6,5,5,True,False,2.5661638497942244e-06
18,random,62,40.0,6,5,5,True,False,2.5661638497942244e-06
18,random,63,50.0,5,5,5,True,True,2.213867211734278e-06
18,random,64,40.0,6,5,5,True,False,3.347940635013351e-06
18,random,65,40.0,6,5,5,True,False,3.347940635013351e-06
18,random,66,30.0,7,5,5,True,False,4.270924421983246e-06
18,random,67,30.0,7,5,5,True,False,4.270924421983246e-06
18,random,68,30.0,7,5,5,True,False,4.270924421983246e-06
18,random,69,30.0,7,5,5,True,False,4.270924421983246e-06
18,random,70,30.0,7,5,5,True,False,4.270924421983246e-06
18,random,71,30.0,7,5,5,True,False,4.270924421983246e-06
18,random,72,30.0,7,5,5,True,False,4.270924421983246e-06
18,random,73,30.0,7,5,5,True,False,4.270924421983246e-06
18,random,74,40.0,6,5,5,True,False,2.5661638497942244e-06
18,random,75,30.0,7,5,5,True,False,4.270924421983246e-06
18,random,76,20.0,8,5,5,True,False,4.308337103338066e-06
18,random,77,20.0,8,5,5,True,False,4.308337103338066e-06
18,random,78,10.0,9,5,5,True,False,4.4865719627021064e-05
18,random,79,0.0,10,5,5,True,False,4.4873086864695784e-05
18,random,80,-10.0,11,5,5,True,False,4.5351064456208254e-05
18,random,81,0.0,10,5,5,True,False,4.534829703875774e-05
18,random,82,10.0,9,5,5,True,False,4.035205734603858e-05
18,random,83,20.0,8,5,5,True,False,8.695772624410791e-07
18,random,84,20.0,8,5,5,True,False,8.695772624410791e-07
18,random,85,30.0,7,5,5,True,False,8.559513826216721e-07
18,random,86,30.0,7,5,5,True,False,8.559513826216721e-07
18,random,87,30.0,7,5,5,True,False,8.559513826216721e-07
18,random,88,20.0,6,4,5,False,False,0.0
18,random,89,20.0,6,4,5,False,False,0.0
18,random,90,20.0,6,4,5,False,False,0.0
18,random,91,30.0,5,4,5,False,False,0.0
18,random,92,30.0,5,4,5,False,False,0.0
18,random,93,30.0,5,4,5,False,False,0.0
18,random,94,20.0,6,4,5,False,False,0.0
18,random,95,30.0,7,5,5,True,False,8.559513826216721e-07
18,random,96,30.0,7,5,5,True,False,8.559513826216721e-07
18,random,97,20.0,8,5,5,True,False,3.9788006130445516e-05
18,random,98,20.0,8,5,5,True,False,3.9788006130445516e-05
18,random,99,30.0,7,5,5,True,False,3.248208615779883e-05
18,random,100,30.0,7,5,5,True,False,3.248208615779883e-05
18,random,101,30.0,7,5,5,True,False,3.248208615779883e-05
18,random,102,20.0,8,5,5,True,False,3.625924551011688e-05
18,random,103,30.0,7,5,5,True,False,3.2832959569691616e-05
18,random,104,30.0,7,5,5,True,False,3.2832959569691616e-05
18,random,105,40.0,6,5,5,True,False,3.0406769781806257e-05
18,random,106,40.0,6,5,5,True,False,3.0406769781806257e-05
18,random,107,50.0,5,5,5,True,True,1.1957601437071394e-05
18,random,108,50.0,5,5,5,True,True,1.1957601437071394e-05
18,random,109,50.0,5,5,5,True,True,1.1957601437071394e-05
18,random,110,40.0,4,4,5,False,False,0.0
18,random,111,30.0,3,3,5,False,False,0.0
18,random,112,30.0,3,3,5,False,False,0.0
18,random,113,40.0,4,4,5,False,False,0.0
18,random,114,40.0,4,4,5,False,False,0.0
18,random,115,40.0,4,4,5,False,False,0.0
18,random,116,30.0,3,3,5,False,False,0.0
18,random,117,20.0,2,2,5,False,False,0.0
18,random,118,20.0,2,2,5,False,False,0.0
18,random,119,10.0,3,2,5,False,False,0.0
18,random,120,20.0,4,3,5,False,False,0.0
18,random,121,20.0,4,3,5,False,False,0.0
18,random,122,20.0,4,3,5,False,False,0.0
18,random,123,10.0,5,3,5,False,False,0.0
18,random,124,20.0,6,4,5,False,False,0.0
18,random,125,30.0,7,5,5,True,False,1.2704211563646834e-05
18,random,126,30.0,7,5,5,True,False,1.2704211563646834e-05
18,random,127,30.0,7,5,5,True,False,1.2704211563646834e-05
18,random,128,20.0,8,5,5,True,False,2.0829793626710024e-05
18,random,129,10.0,7,4,5,False,False,0.0
18,random,130,10.0,7,4,5,False,False,0.0
18,random,131,10.0,7,4,5,False,False,0.0
18,random,132,10.0,7,4,5,False,False,0.0
18,random,133,20.0,8,5,5,True,False,2.0829793626710024e-05
18,random,134,10.0,9,5,5,True,False,2.3894259092961128e-05
18,random,135,20.0,8,5,5,True,False,2.1134381856287267e-05
18,random,136,30.0,7,5,5,True,False,1.872464673928666e-05
18,random,137,20.0,8,5,5,True,False,2.0829793626710024e-05
18,random,138,20.0,8,5,5,True,False,2.0829793626710024e-05
18,random,139,20.0,8,5,5,True,False,2.0829793626710024e-05
18,random,140,30.0,7,5,5,True,False,2.0717513190277486e-05
18,random,141,30.0,7,5,5,True,False,2.0717513190277486e-05
18,random,142,30.0,7,5,5,True,False,2.0717513190277486e-05
18,random,143,20.0,8,5,5,True,False,3.625924551011688e-05
18,random,144,20.0,8,5,5,True,False,3.625924551011688e-05
18,random,145,10.0,9,5,5,True,False,3.641363035841982e-05
18,random,146,20.0,8,5,5,True,False,6.549477780274666e-07
18,random,147,10.0,9,5,5,True,False,6.601705457371251e-07
18,random,148,10.0,9,5,5,True,False,6.601705457371251e-07
18,random,149,10.0,9,5,5,True,False,6.601705457371251e-07
18,random,150,10.0,9,5,5,True,False,6.601705457371251e-07
18,random,151,10.0,9,5,5,True,False,6.601705457371251e-07
18,random,152,10.0,9,5,5,True,False,6.601705457371251e-07
18,random,153,10.0,9,5,5,True,False,6.601705457371251e-07
18,random,154,10.0,9,5,5,True,False,6.601705457371251e-07
18,random,155,10.0,9,5,5,True,False,6.601705457371251e-07
18,random,156,10.0,9,5,5,True,False,6.601705457371251e-07
18,random,157,10.0,9,5,5,True,False,6.601705457371251e-07
18,random,158,10.0,9,5,5,True,False,6.601705457371251e-07
18,random,159,20.0,8,5,5,True,False,6.54947778027466e-07
18,random,160,20.0,8,5,5,True,False,6.54947778027466e-07
18,random,161,20.0,8,5,5,True,False,6.54947778027466e-07
18,random,162,10.0,9,5,5,True,False,6.601705457371251e-07
18,random,163,10.0,9,5,5,True,False,6.601705457371251e-07
18,random,164,20.0,8,5,5,True,False,6.549477780274666e-07
18,random,165,20.0,8,5,5,True,False,6.549477780274666e-07
18,random,166,20.0,8,5,5,True,False,6.549477780274666e-07
18,random,167,30.0,7,5,5,True,False,6.465027942808656e-07
18,random,168,40.0,6,5,5,True,False,6.389260715668975e-07
18,random,169,30.0,7,5,5,True,False,3.248208615779883e-05
18,random,170,20.0,8,5,5,True,False,3.268195518872497e-05
18,random,171,20.0,8,5,5,True,False,3.268195518872497e-05
18,random,172,10.0,9,5,5,True,False,3.2738561114356494e-05
18,random,173,0.0,10,5,5,True,False,3.643433558511024e-05
18,random,174,10.0,9,5,5,True,False,3.628420735050046e-05
18,random,175,10.0,9,5,5,True,False,3.628420735050046e-05
18,random,176,10.0,9,5,5,True,False,3.628420735050046e-05
18,random,177,10.0,9,5,5,True,False,3.628420735050046e-05
18,random,178,10.0,9,5,5,True,False,3.628420735050046e-05
18,random,179,20.0,8,5,5,True,False,3.254528648324365e-05
18,random,180,20.0,8,5,5,True,False,3.254528648324365e-05
18,random,181,10.0,9,5,5,True,False,3.273856111435661e-05
18,random,182,10.0,9,5,5,True,False,3.273856111435661e-05
18,random,183,10.0,9,5,5,True,False,3.273856111435661e-05
18,random,184,10.0,9,5,5,True,False,3.273856111435661e-05
18,random,185,20.0,8,5,5,True,False,1.873074992747011e-05
18,random,186,20.0,8,5,5,True,False,1.873074992747011e-05
18,random,187,30.0,7,5,5,True,False,1.8607202415555505e-05
18,random,188,30.0,7,5,5,True,False,1.8607202415555505e-05
18,random,189,30.0,7,5,5,True,False,1.8607202415555505e-05
18,random,190,20.0,8,5,5,True,False,3.268195518872498e-05
18,random,191,20.0,8,5,5,True,False,3.268195518872498e-05
18,random,192,20.0,8,5,5,True,False,3.268195518872498e-05
18,random,193,20.0,8,5,5,True,False,3.268195518872498e-05
18,random,194,20.0,8,5,5,True,False,3.268195518872498e-05
18,random,195,20.0,8,5,5,True,False,3.268195518872498e-05
18,random,196,20.0,8,5,5,True,False,3.268195518872498e-05
18,random,197,30.0,7,5,5,True,False,3.401549496474129e-06
18,random,198,30.0,7,5,5,True,False,3.401549496474129e-06
18,random,199,30.0,7,5,5,True,False,3.401549496474129e-06
18,random,200,20.0,8,5,5,True,False,3.416646786977401e-06
18,learned,0,40.0,4,4,5,False,False,0.0
18,learned,1,50.0,5,5,5,True,True,2.6197220635629555e-05
18,learned,2,40.0,6,5,5,True,False,3.040676978180626e-05
18,learned,3,40.0,6,5,5,True,False,3.040676978180626e-05
18,learned,4,40.0,6,5,5,True,False,3.040676978180626e-05
18,learned,5,40.0,6,5,5,True,False,3.040676978180626e-05
18,learned,6,40.0,6,5,5,True,False,3.040676978180626e-05
18,learned,7,40.0,6,5,5,True,False,3.040676978180626e-05
18,learned,8,40.0,6,5,5,True,False,3.040676978180626e-05
18,learned,9,40.0,6,5,5,True,False,3.040676978180626e-05
18,learned,10,40.0,6,5,5,True,False,3.040676978180626e-05
18,learned,11,40.0,6,5,5,True,False,3.040676978180626e-05
18,learned,12,40.0,6,5,5,True,False,3.040676978180626e-05
18,learned,13,40.0,6,5,5,True,False,3.040676978180626e-05
18,learned,14,40.0,6,5,5,True,False,3.040676978180626e-05
18,learned,15,40.0,6,5,5,True,False,3.040676978180626e-05
18,learned,16,40.0,6,5,5,True,False,3.040676978180626e-05
18,learned,17,40.0,6,5,5,True,False,3.040676978180626e-05
18,learned,18,40.0,6,5,5,True,False,3.040676978180626e-05
18,learned,19,40.0,6,5,5,True,False,3.040676978180626e-05
18,learned,20,40.0,6,5,5,True,False,3.040676978180626e-05
18,learned,21,40.0,6,5,5,True,False,3.040676978180626e-05
18,learned,22,40.0,6,5,5,True,False,3.040676978180626e-05
18,learned,23,40.0,6,5,5,True,False,3.040676978180626e-05
18,learned,24,40.0,6,5,5,True,False,3.040676978180626e-05
18,learned,25,40.0,6,5,5,True,False,3.040676978180626e-05
18,learned,26,40.0,6,5,5,True,False,3.040676978180626e-05
18,learned,27,40.0,6,5,5,True,False,3.040676978180626e-05
18,learned,28,40.0,6,5,5,True,False,3.040676978180626e-05
18,learned,29,40.0,6,5,5,True,False,3.040676978180626e-05
18,learned,30,40.0,6,5,5,True,False,3.040676978180626e-05
18,learned,31,40.0,6,5,5,True,False,3.040676978180626e-05
18,learned,32,40.0,6,5,5,True,False,3.040676978180626e-05
18,learned,33,40.0,6,5,5,True,False,3.040676978180626e-05
18,learned,34,40.0,6,5,5,True,False,3.040676978180626e-05
18,learned,35,40.0,6,5,5,True,False,3.040676978180626e-05
18,learned,36,40.0,6,5,5,True,False,3.040676978180626e-05
18,learned,37,40.0,6,5,5,True,False,3.040676978180626e-05
18,learned,38,40.0,6,5,5,True,False,3.040676978180626e-05
18,learned,39,40.0,6,5,5,True,False,3.040676978180626e-05
18,learned,40,40.0,6,5,5,True,False,3.040676978180626e-05
18,learned,41,40.0,6,5,5,True,False,3.040676978180626e-05
18,learned,42,40.0,6,5,5,True,False,3.040676978180626e-05
18,learned,43,40.0,6,5,5,True,False,3.040676978180626e-05
18,learned,44,40.0,6,5,5,True,False,3.040676978180626e-05
18,learned,45,40.0,6,5,5,True,False,3.040676978180626e-05
18,learned,46,40.0,6,5,5,True,False,3.040676978180626e-05
18,learned,47,40.0,6,5,5,True,False,3.040676978180626e-05
18,learned,48,40.0,6,5,5,True,False,3.040676978180626e-05
18,learned,49,40.0,6,5,5,True,False,3.040676978180626e-05
18,learned,50,40.0,6,5,5,True,False,3.040676978180626e-05
18,learned,51,40.0,6,5,5,True,False,3.040676978180626e-05
18,learned,52,40.0,6,5,5,True,False,3.040676978180626e-05
18,learned,53,40.0,6,5,5,True,False,3.040676978180626e-05
18,learned,54,40.0,6,5,5,True,False,3.040676978180626e-05
18,learned,55,40.0,6,5,5,True,False,3.040676978180626e-05
18,learned,56,40.0,6,5,5,True,False,3.040676978180626e-05
18,learned,57,40.0,6,5,5,True,False,3.040676978180626e-05
18,learned,58,40.0,6,5,5,True,False,3.040676978180626e-05
18,learned,59,40.0,6,5,5,True,False,3.040676978180626e-05
18,learned,60,40.0,6,5,5,True,False,3.040676978180626e-05
18,learned,61,40.0,6,5,5,True,False,3.040676978180626e-05
18,learned,62,40.0,6,5,5,True,False,3.040676978180626e-05
18,learned,63,40.0,6,5,5,True,False,3.040676978180626e-05
18,learned,64,40.0,6,5,5,True,False,3.040676978180626e-05
18,learned,65,40.0,6,5,5,True,False,3.040676978180626e-05
18,learned,66,40.0,6,5,5,True,False,3.040676978180626e-05
18,learned,67,40.0,6,5,5,True,False,3.040676978180626e-05
18,learned,68,40.0,6,5,5,True,False,3.040676978180626e-05
18,learned,69,40.0,6,5,5,True,False,3.040676978180626e-05
18,learned,70,40.0,6,5,5,True,False,3.040676978180626e-05
18,learned,71,40.0,6,5,5,True,False,3.040676978180626e-05
18,learned,72,40.0,6,5,5,True,False,3.040676978180626e-05
18,learned,73,40.0,6,5,5,True,False,3.040676978180626e-05
18,learned,74,40.0,6,5,5,True,False,3.040676978180626e-05
18,learned,75,40.0,6,5,5,True,False,3.040676978180626e-05
18,learned,76,40.0,6,5,5,True,False,3.040676978180626e-05
18,learned,77,40.0,6,5,5,True,False,3.040676978180626e-05
18,learned,78,40.0,6,5,5,True,False,3.040676978180626e-05
18,learned,79,40.0,6,5,5,True,False,3.040676978180626e-05
18,learned,80,40.0,6,5,5,True,False,3.040676978180626e-05
18,learned,81,40.0,6,5,5,True,False,3.040676978180626e-05
18,learned,82,40.0,6,5,5,True,False,3.040676978180626e-05
18,learned,83,40.0,6,5,5,True,False,3.040676978180626e-05
18,learned,84,40.0,6,5,5,True,False,3.040676978180626e-05
18,learned,85,40.0,6,5,5,True,False,3.040676978180626e-05
18,learned,86,40.0,6,5,5,True,False,3.040676978180626e-05
18,learned,87,40.0,6,5,5,True,False,3.040676978180626e-05
18,learned,88,40.0,6,5,5,True,False,3.040676978180626e-05
18,learned,89,40.0,6,5,5,True,False,3.040676978180626e-05
18,learned,90,40.0,6,5,5,True,False,3.040676978180626e-05
18,learned,91,40.0,6,5,5,True,False,3.040676978180626e-05
18,learned,92,40.0,6,5,5,True,False,3.040676978180626e-05
18,learned,93,40.0,6,5,5,True,False,3.040676978180626e-05
18,learned,94,40.0,6,5,5,True,False,3.040676978180626e-05
18,learned,95,40.0,6,5,5,True,False,3.040676978180626e-05
18,learned,96,40.0,6,5,5,True,False,3.040676978180626e-05
18,learned,97,40.0,6,5,5,True,False,3.040676978180626e-05
18,learned,98,40.0,6,5,5,True,False,3.040676978180626e-05
18,learned,99,40.0,6,5,5,True,False,3.040676978180626e-05
18,learned,100,40.0,6,5,5,True,False,3.040676978180626e-05
18,learned,101,40.0,6,5,5,True,False,3.040676978180626e-05
18,learned,102,40.0,6,5,5,True,False,3.040676978180626e-05
18,learned,103,40.0,6,5,5,True,False,3.040676978180626e-05
18,learned,104,40.0,6,5,5,True,False,3.040676978180626e-05
18,learned,105,40.0,6,5,5,True,False,3.040676978180626e-05
18,learned,106,40.0,6,5,5,True,False,3.040676978180626e-05
18,learned,107,40.0,6,5,5,True,False,3.040676978180626e-05
18,learned,108,40.0,6,5,5,True,False,3.040676978180626e-05
18,learned,109,40.0,6,5,5,True,False,3.040676978180626e-05
18,learned,110,40.0,6,5,5,True,False,3.040676978180626e-05
18,learned,111,40.0,6,5,5,True,False,3.040676978180626e-05
18,learned,112,40.0,6,5,5,True,False,3.040676978180626e-05
18,learned,113,40.0,6,5,5,True,False,3.040676978180626e-05
18,learned,114,40.0,6,5,5,True,False,3.040676978180626e-05
18,learned,115,40.0,6,5,5,True,False,3.040676978180626e-05
18,learned,116,40.0,6,5,5,True,False,3.040676978180626e-05
18,learned,117,40.0,6,5,5,True,False,3.040676978180626e-05
18,learned,118,40.0,6,5,5,True,False,3.040676978180626e-05
18,learned,119,40.0,6,5,5,True,False,3.040676978180626e-05
18,learned,120,40.0,6,5,5,True,False,3.040676978180626e-05
18,learned,121,40.0,6,5,5,True,False,3.040676978180626e-05
18,learned,122,40.0,6,5,5,True,False,3.040676978180626e-05
18,learned,123,40.0,6,5,5,True,False,3.040676978180626e-05
18,learned,124,40.0,6,5,5,True,False,3.040676978180626e-05
18,learned,125,40.0,6,5,5,True,False,3.040676978180626e-05
18,learned,126,40.0,6,5,5,True,False,3.040676978180626e-05
18,learned,127,40.0,6,5,5,True,False,3.040676978180626e-05
18,learned,128,40.0,6,5,5,True,False,3.040676978180626e-05
18,learned,129,40.0,6,5,5,True,False,3.040676978180626e-05
18,learned,130,40.0,6,5,5,True,False,3.040676978180626e-05
18,learned,131,40.0,6,5,5,True,False,3.040676978180626e-05
18,learned,132,40.0,6,5,5,True,False,3.040676978180626e-05
18,learned,133,40.0,6,5,5,True,False,3.040676978180626e-05
18,learned,134,40.0,6,5,5,True,False,3.040676978180626e-05
18,learned,135,40.0,6,5,5,True,False,3.040676978180626e-05
18,learned,136,40.0,6,5,5,True,False,3.040676978180626e-05
18,learned,137,40.0,6,5,5,True,False,3.040676978180626e-05
18,learned,138,40.0,6,5,5,True,False,3.040676978180626e-05
18,learned,139,40.0,6,5,5,True,False,3.040676978180626e-05
18,learned,140,40.0,6,5,5,True,False,3.040676978180626e-05
18,learned,141,40.0,6,5,5,True,False,3.040676978180626e-05
18,learned,142,40.0,6,5,5,True,False,3.040676978180626e-05
18,learned,143,40.0,6,5,5,True,False,3.040676978180626e-05
18,learned,144,40.0,6,5,5,True,False,3.040676978180626e-05
18,learned,145,40.0,6,5,5,True,False,3.040676978180626e-05
18,learned,146,40.0,6,5,5,True,False,3.040676978180626e-05
18,learned,147,40.0,6,5,5,True,False,3.040676978180626e-05
18,learned,148,40.0,6,5,5,True,False,3.040676978180626e-05
18,learned,149,40.0,6,5,5,True,False,3.040676978180626e-05
18,learned,150,40.0,6,5,5,True,False,3.040676978180626e-05
18,learned,151,40.0,6,5,5,True,False,3.040676978180626e-05
18,learned,152,40.0,6,5,5,True,False,3.040676978180626e-05
18,learned,153,40.0,6,5,5,True,False,3.040676978180626e-05
18,learned,154,40.0,6,5,5,True,False,3.040676978180626e-05
18,learned,155,40.0,6,5,5,True,False,3.040676978180626e-05
18,learned,156,40.0,6,5,5,True,False,3.040676978180626e-05
18,learned,157,40.0,6,5,5,True,False,3.040676978180626e-05
18,learned,158,40.0,6,5,5,True,False,3.040676978180626e-05
18,learned,159,40.0,6,5,5,True,False,3.040676978180626e-05
18,learned,160,40.0,6,5,5,True,False,3.040676978180626e-05
18,learned,161,40.0,6,5,5,True,False,3.040676978180626e-05
18,learned,162,40.0,6,5,5,True,False,3.040676978180626e-05
18,learned,163,40.0,6,5,5,True,False,3.040676978180626e-05
18,learned,164,40.0,6,5,5,True,False,3.040676978180626e-05
18,learned,165,40.0,6,5,5,True,False,3.040676978180626e-05
18,learned,166,40.0,6,5,5,True,False,3.040676978180626e-05
18,learned,167,40.0,6,5,5,True,False,3.040676978180626e-05
18,learned,168,40.0,6,5,5,True,False,3.040676978180626e-05
18,learned,169,40.0,6,5,5,True,False,3.040676978180626e-05
18,learned,170,40.0,6,5,5,True,False,3.040676978180626e-05
18,learned,171,40.0,6,5,5,True,False,3.040676978180626e-05
18,learned,172,40.0,6,5,5,True,False,3.040676978180626e-05
18,learned,173,40.0,6,5,5,True,False,3.040676978180626e-05
18,learned,174,40.0,6,5,5,True,False,3.040676978180626e-05
18,learned,175,40.0,6,5,5,True,False,3.040676978180626e-05
18,learned,176,40.0,6,5,5,True,False,3.040676978180626e-05
18,learned,177,40.0,6,5,5,True,False,3.040676978180626e-05
18,learned,178,40.0,6,5,5,True,False,3.040676978180626e-05
18,learned,179,40.0,6,5,5,True,False,3.040676978180626e-05
18,learned,180,40.0,6,5,5,True,False,3.040676978180626e-05
18,learned,181,40.0,6,5,5,True,False,3.040676978180626e-05
18,learned,182,40.0,6,5,5,True,False,3.040676978180626e-05
18,learned,183,40.0,6,5,5,True,False,3.040676978180626e-05
18,learned,184,40.0,6,5,5,True,False,3.040676978180626e-05
18,learned,185,40.0,6,5,5,True,False,3.040676978180626e-05
18,learned,186,40.0,6,5,5,True,False,3.040676978180626e-05
18,learned,187,40.0,6,5,5,True,False,3.040676978180626e-05
18,learned,188,40.0,6,5,5,True,False,3.040676978180626e-05
18,learned,189,40.0,6,5,5,True,False,3.040676978180626e-05
18,learned,190,40.0,6,5,5,True,False,3.040676978180626e-05
18,learned,191,40.0,6,5,5,True,False,3.040676978180626e-05
18,learned,192,40.0,6,5,5,True,False,3.040676978180626e-05
18,learned,193,40.0,6,5,5,True,False,3.040676978180626e-05
18,learned,194,40.0,6,5,5,True,False,3.040676978180626e-05
18,learned,195,40.0,6,5,5,True,False,3.040676978180626e-05
18,learned,196,40.0,6,5,5,True,False,3.040676978180626e-05
18,learned,197,40.0,6,5,5,True,False,3.040676978180626e-05
18,learned,198,40.0,6,5,5,True,False,3.040676978180626e-05
18,learned,199,40.0,6,5,5,True,False,3.040676978180626e-05
18,learned,200,40.0,6,5,5,True,False,3.040676978180626e-05
19,initial,0,20.0,4,3,5,False,False,0.0
19,greedy,0,20.0,4,3,5,False,False,0.0
19,greedy,1,30.0,3,3,5,False,False,0.0
19,greedy,2,40.0,4,4,5,False,False,0.0
19,greedy,3,50.0,5,5,5,True,True,1.2752634371180407e-05
19,random,0,20.0,4,3,5,False,False,0.0
19,random,1,20.0,4,3,5,False,False,0.0
19,random,2,30.0,5,4,5,False,False,0.0
19,random,3,30.0,5,4,5,False,False,0.0
19,random,4,30.0,5,4,5,False,False,0.0
19,random,5,40.0,6,5,5,True,False,1.3212546807569284e-05
19,random,6,40.0,6,5,5,True,False,1.3212546807569284e-05
19,random,7,40.0,6,5,5,True,False,1.3212546807569284e-05
19,random,8,40.0,6,5,5,True,False,1.3212546807569284e-05
19,random,9,30.0,7,5,5,True,False,1.41449806555276e-05
19,random,10,30.0,7,5,5,True,False,1.41449806555276e-05
19,random,11,20.0,8,5,5,True,False,1.4157052554467692e-05
19,random,12,10.0,9,5,5,True,False,1.4161237182266495e-05
19,random,13,10.0,9,5,5,True,False,1.4161237182266495e-05
19,random,14,10.0,9,5,5,True,False,1.4161237182266495e-05
19,random,15,10.0,9,5,5,True,False,1.4161237182266495e-05
19,random,16,20.0,8,5,5,True,False,8.779721744285961e-06
19,random,17,20.0,8,5,5,True,False,8.779721744285961e-06
19,random,18,20.0,8,5,5,True,False,8.779721744285961e-06
19,random,19,10.0,9,5,5,True,False,1.4161237182266495e-05
19,random,20,10.0,9,5,5,True,False,1.4161237182266495e-05
19,random,21,20.0,8,5,5,True,False,1.4149157956674912e-05
19,random,22,10.0,9,5,5,True,False,1.4161237182266495e-05
19,random,23,20.0,8,5,5,True,False,1.3619831269388332e-05
19,random,24,30.0,7,5,5,True,False,1.2761864835195847e-05
19,random,25,30.0,7,5,5,True,False,1.2761864835195847e-05
19,random,26,40.0,6,5,5,True,False,1.2755956410424908e-05
19,random,27,40.0,6,5,5,True,False,1.2755956410424908e-05
19,random,28,30.0,7,5,5,True,False,1.360834433806463e-05
19,random,29,30.0,7,5,5,True,False,1.360834433806463e-05
19,random,30,30.0,7,5,5,True,False,1.360834433806463e-05
19,random,31,20.0,8,5,5,True,False,2.1127477060442354e-05
19,random,32,20.0,8,5,5,True,False,2.1127477060442354e-05
19,random,33,20.0,8,5,5,True,False,2.1127477060442354e-05
19,random,34,20.0,8,5,5,True,False,2.1127477060442354e-05
19,random,35,30.0,7,5,5,True,False,1.8842237900389235e-05
19,random,36,40.0,6,5,5,True,False,1.8834698341334334e-05
19,random,37,50.0,5,5,5,True,True,1.2752634371180395e-05
19,random,38,50.0,5,5,5,True,True,1.2752634371180395e-05
19,random,39,50.0,5,5,5,True,True,1.2752634371180395e-05
19,random,40,50.0,5,5,5,True,True,1.2752634371180395e-05
19,random,41,40.0,4,4,5,False,False,0.0
19,random,42,40.0,4,4,5,False,False,0.0
19,random,43,40.0,4,4,5,False,False,0.0
19,random,44,40.0,4,4,5,False,False,0.0
19,random,45,40.0,4,4,5,False,False,0.0
19,random,46,30.0,5,4,5,False,False,0.0
19,random,47,20.0,6,4,5,False,False,0.0
19,random,48,30.0,7,5,5,True,False,1.1047821362649865e-05
19,random,49,20.0,6,4,5,False,False,0.0
19,random,50,20.0,6,4,5,False,False,0.0
19,random,51,20.0,6,4,5,False,False,0.0
19,random,52,20.0,6,4,5,False,False,0.0
19,random,53,30.0,7,5,5,True,False,2.1131248863693906e-05
19,random,54,20.0,8,5,5,True,False,2.1140869320408377e-05
19,random,55,30.0,7,5,5,True,False,2.1131248863693906e-05
19,random,56,20.0,8,5,5,True,False,2.635874517780464e-05
19,random,57,20.0,8,5,5,True,False,2.635874517780464e-05
19,random,58,20.0,8,5,5,True,False,2.635874517780464e-05
19,random,59,10.0,9,5,5,True,False,2.6373529952640327e-05
19,random,60,10.0,9,5,5,True,False,2.6373529952640327e-05
19,random,61,10.0,9,5,5,True,False,2.6373529952640327e-05
19,random,62,10.0,9,5,5,True,False,2.6373529952640327e-05
19,random,63,20.0,8,5,5,True,False,1.5592950376500305e-05
19,random,64,20.0,8,5,5,True,False,1.5592950376500305e-05
19,random,65,20.0,8,5,5,True,False,1.5592950376500305e-05
19,random,66,30.0,7,5,5,True,False,1.3748452690919873e-05
19,random,67,30.0,7,5,5,True,False,1.3748452690919873e-05
19,random,68,30.0,7,5,5,True,False,1.3748452690919873e-05
19,random,69,40.0,6,5,5,True,False,1.32316245899745e-05
19,random,70,30.0,7,5,5,True,False,1.360834433806463e-05
19,random,71,30.0,7,5,5,True,False,1.360834433806463e-05
19,random,72,30.0,7,5,5,True,False,1.360834433806463e-05
19,random,73,30.0,7,5,5,True,False,1.360834433806463e-05
19,random,74,40.0,6,5,5,True,False,1.3604371371926348e-05
19,random,75,40.0,6,5,5,True,False,1.3604371371926348e-05
19,random,76,40.0,6,5,5,True,False,1.3604371371926348e-05
19,random,77,50.0,5,5,5,True,True,2.209906695647059e-08
19,random,78,50.0,5,5,5,True,True,2.209906695647059e-08
19,random,79,50.0,5,5,5,True,True,2.209906695647059e-08
19,random,80,40.0,6,5,5,True,False,2.2099080977875547e-08
19,random,81,50.0,5,5,5,True,True,2.209906695647091e-08
19,random,82,40.0,4,4,5,False,False,0.0
19,random,83,50.0,5,5,5,True,True,8.38481873698407e-06
19,random,84,50.0,5,5,5,True,True,8.38481873698407e-06
19,random,85,50.0,5,5,5,True,True,8.38481873698407e-06
19,random,86,40.0,4,4,5,False,False,0.0
19,random,87,50.0,5,5,5,True,True,8.384818736984132e-06
19,random,88,50.0,5,5,5,True,True,8.384818736984132e-06
19,random,89,40.0,6,5,5,True,False,1.0871795678053965e-05
19,random,90,40.0,6,5,5,True,False,1.0871795678053965e-05
19,random,91,30.0,7,5,5,True,False,1.1155149384782028e-05
19,random,92,20.0,8,5,5,True,False,1.1543275500613152e-05
19,random,93,30.0,7,5,5,True,False,1.1241876606835277e-05
19,random,94,20.0,8,5,5,True,False,1.4633406131731297e-05
19,random,95,30.0,7,5,5,True,False,1.1241876606835277e-05
19,random,96,30.0,7,5,5,True,False,1.1241876606835277e-05
19,random,97,20.0,6,4,5,False,False,0.0
19,random,98,20.0,6,4,5,False,False,0.0
19,random,99,20.0,6,4,5,False,False,0.0
19,random,100,20.0,6,4,5,False,False,0.0
19,random,101,20.0,6,4,5,False,False,0.0
19,random,102,30.0,7,5,5,True,False,1.1241876606835279e-05
19,random,103,20.0,6,4,5,False,False,0.0
19,random,104,20.0,6,4,5,False,False,0.0
19,random,105,30.0,7,5,5,True,False,1.3761029444491637e-05
19,random,106,20.0,8,5,5,True,False,1.4633406131731427e-05
19,random,107,10.0,9,5,5,True,False,1.4637973335837463e-05
19,random,108,20.0,8,5,5,True,False,1.405283085954196e-05
19,random,109,30.0,7,5,5,True,False,1.324586340496995e-05
19,random,110,30.0,7,5,5,True,False,1.324586340496995e-05
19,random,111,30.0,7,5,5,True,False,1.324586340496995e-05
19,random,112,30.0,7,5,5,True,False,1.324586340496995e-05
19,random,113,20.0,8,5,5,True,False,1.3764942970730326e-05
19,random,114,20.0,8,5,5,True,False,1.3764942970730326e-05
19,random,115,10.0,9,5,5,True,False,1.5637866484848234e-05
19,random,116,20.0,8,5,5,True,False,1.3764942970730321e-05
19,random,117,30.0,7,5,5,True,False,1.324586340496995e-05
19,random,118,20.0,8,5,5,True,False,1.9914053706367132e-05
19,random,119,10.0,9,5,5,True,False,2.456202929444359e-05
19,random,120,0.0,10,5,5,True,False,2.645583674407778e-05
19,random,121,0.0,10,5,5,True,False,2.645583674407778e-05
19,random,122,10.0,9,5,5,True,False,2.456202929444359e-05
19,random,123,10.0,9,5,5,True,False,2.456202929444359e-05
19,random,124,20.0,8,5,5,True,False,1.4983812655372122e-05
19,random,125,10.0,9,5,5,True,False,1.5637866484848234e-05
19,random,126,0.0,10,5,5,True,False,1.5784190017008198e-05
19,random,127,0.0,10,5,5,True,False,1.5784190017008198e-05
19,random,128,0.0,10,5,5,True,False,1.5784190017008198e-05
19,random,129,10.0,9,5,5,True,False,1.577910088591452e-05
19,random,130,10.0,9,5,5,True,False,1.577910088591452e-05
19,random,131,10.0,9,5,5,True,False,1.577910088591452e-05
19,random,132,10.0,9,5,5,True,False,1.577910088591452e-05
19,random,133,10.0,9,5,5,True,False,1.577910088591452e-05
19,random,134,10.0,9,5,5,True,False,1.577910088591452e-05
19,random,135,20.0,8,5,5,True,False,1.560744600793874e-05
19,random,136,10.0,9,5,5,True,False,1.577910088591452e-05
19,random,137,10.0,9,5,5,True,False,1.577910088591452e-05
19,random,138,10.0,9,5,5,True,False,1.577910088591452e-05
19,random,139,0.0,10,5,5,True,False,2.715070460116781e-05
19,random,140,0.0,10,5,5,True,False,2.715070460116781e-05
19,random,141,10.0,9,5,5,True,False,1.5779100885914442e-05
19,random,142,10.0,9,5,5,True,False,1.5779100885914442e-05
19,random,143,10.0,9,5,5,True,False,1.5779100885914442e-05
19,random,144,20.0,8,5,5,True,False,2.3870433945338754e-08
19,random,145,30.0,7,5,5,True,False,1.4845502290675348e-08
19,random,146,20.0,8,5,5,True,False,1.5493426840876026e-08
19,random,147,30.0,7,5,5,True,False,1.4845502290675348e-08
19,random,148,30.0,7,5,5,True,False,1.4845502290675348e-08
19,random,149,20.0,6,4,5,False,False,0.0
19,random,150,20.0,6,4,5,False,False,0.0
19,random,151,10.0,5,3,5,False,False,0.0
19,random,152,20.0,4,3,5,False,False,0.0
19,random,153,20.0,4,3,5,False,False,0.0
19,random,154,10.0,3,2,5,False,False,0.0
19,random,155,10.0,3,2,5,False,False,0.0
19,random,156,20.0,4,3,5,False,False,0.0
19,random,157,30.0,5,4,5,False,False,0.0
19,random,158,40.0,6,5,5,True,False,1.2802423776692686e-08
19,random,159,40.0,6,5,5,True,False,1.2802423776692686e-08
19,random,160,30.0,7,5,5,True,False,1.2805564896995929e-08
19,random,161,20.0,8,5,5,True,False,1.3284777532462857e-08
19,random,162,10.0,9,5,5,True,False,2.0076857589443775e-08
19,random,163,10.0,9,5,5,True,False,2.0076857589443775e-08
19,random,164,20.0,8,5,5,True,False,1.9002226856617287e-08
19,random,165,20.0,8,5,5,True,False,1.9002226856617287e-08
19,random,166,20.0,8,5,5,True,False,1.9002226856617287e-08
19,random,167,20.0,8,5,5,True,False,1.9002226856617287e-08
19,random,168,10.0,7,4,5,False,False,0.0
19,random,169,10.0,7,4,5,False,False,0.0
19,random,170,10.0,7,4,5,False,False,0.0
19,random,171,20.0,8,5,5,True,False,1.6111716277052948e-05
19,random,172,10.0,9,5,5,True,False,1.6118273995647193e-05
19,random,173,10.0,9,5,5,True,False,1.6118273995647193e-05
19,random,174,0.0,10,5,5,True,False,2.398450624395501e-05
19,random,175,0.0,10,5,5,True,False,2.398450624395501e-05
19,random,176,10.0,9,5,5,True,False,2.2407905905049486e-05
19,random,177,10.0,9,5,5,True,False,2.2407905905049486e-05
19,random,178,10.0,9,5,5,True,False,2.2407905905049486e-05
19,random,179,10.0,9,5,5,True,False,2.2407905905049486e-05
19,random,180,20.0,8,5,5,True,False,1.5363213045116445e-05
19,random,181,10.0,9,5,5,True,False,1.6118273995647193e-05
19,random,182,20.0,8,5,5,True,False,1.1050839345697948e-05
19,random,183,20.0,8,5,5,True,False,1.1050839345697948e-05
19,random,184,10.0,9,5,5,True,False,2.2494162949709666e-05
19,random,185,20.0,8,5,5,True,False,2.114086932040837e-05
19,random,186,30.0,7,5,5,True,False,1.3748452690919907e-05
19,random,187,30.0,7,5,5,True,False,1.3748452690919907e-05
19,random,188,30.0,7,5,5,True,False,1.3748452690919907e-05
19,random,189,20.0,8,5,5,True,False,1.3764942970730321e-05
19,random,190,20.0,8,5,5,True,False,1.3764942970730321e-05
19,random,191,10.0,9,5,5,True,False,2.1147323431858172e-05
19,random,192,10.0,9,5,5,True,False,2.1147323431858172e-05
19,random,193,20.0,8,5,5,True,False,1.3764942970730321e-05
19,random,194,20.0,8,5,5,True,False,1.3764942970730321e-05
19,random,195,10.0,9,5,5,True,False,1.4637973335837278e-05
19,random,196,10.0,9,5,5,True,False,1.4637973335837278e-05
19,random,197,10.0,9,5,5,True,False,1.4637973335837278e-05
19,random,198,0.0,10,5,5,True,False,1.4683801080861957e-05
19,random,199,0.0,10,5,5,True,False,1.4683801080861957e-05
19,random,200,0.0,10,5,5,True,False,1.4683801080861957e-05
19,learned,0,20.0,4,3,5,False,False,0.0
19,learned,1,30.0,5,4,5,False,False,0.0
19,learned,2,40.0,4,4,5,False,False,0.0
19,learned,3,50.0,5,5,5,True,True,1.2752634371180395e-05
19,learned,4,50.0,5,5,5,True,True,1.2752634371180395e-05
19,learned,5,50.0,5,5,5,True,True,1.2752634371180395e-05
19,learned,6,50.0,5,5,5,True,True,1.2752634371180395e-05
19,learned,7,50.0,5,5,5,True,True,1.2752634371180395e-05
19,learned,8,50.0,5,5,5,True,True,1.2752634371180395e-05
19,learned,9,50.0,5,5,5,True,True,1.2752634371180395e-05
19,learned,10,50.0,5,5,5,True,True,1.2752634371180395e-05
19,learned,11,50.0,5,5,5,True,True,1.2752634371180395e-05
19,learned,12,50.0,5,5,5,True,True,1.2752634371180395e-05
19,learned,13,50.0,5,5,5,True,True,1.2752634371180395e-05
19,learned,14,50.0,5,5,5,True,True,1.2752634371180395e-05
19,learned,15,50.0,5,5,5,True,True,1.2752634371180395e-05
19,learned,16,50.0,5,5,5,True,True,1.2752634371180395e-05
19,learned,17,50.0,5,5,5,True,True,1.2752634371180395e-05
19,learned,18,50.0,5,5,5,True,True,1.2752634371180395e-05
19,learned,19,50.0,5,5,5,True,True,1.2752634371180395e-05
19,learned,20,50.0,5,5,5,True,True,1.2752634371180395e-05
19,learned,21,50.0,5,5,5,True,True,1.2752634371180395e-05
19,learned,22,50.0,5,5,5,True,True,1.2752634371180395e-05
19,learned,23,50.0,5,5,5,True,True,1.2752634371180395e-05
19,learned,24,50.0,5,5,5,True,True,1.2752634371180395e-05
19,learned,25,50.0,5,5,5,True,True,1.2752634371180395e-05
19,learned,26,50.0,5,5,5,True,True,1.2752634371180395e-05
19,learned,27,50.0,5,5,5,True,True,1.2752634371180395e-05
19,learned,28,50.0,5,5,5,True,True,1.2752634371180395e-05
19,learned,29,50.0,5,5,5,True,True,1.2752634371180395e-05
19,learned,30,50.0,5,5,5,True,True,1.2752634371180395e-05
19,learned,31,50.0,5,5,5,True,True,1.2752634371180395e-05
19,learned,32,50.0,5,5,5,True,True,1.2752634371180395e-05
19,learned,33,50.0,5,5,5,True,True,1.2752634371180395e-05
19,learned,34,50.0,5,5,5,True,True,1.2752634371180395e-05
19,learned,35,50.0,5,5,5,True,True,1.2752634371180395e-05
19,learned,36,50.0,5,5,5,True,True,1.2752634371180395e-05
19,learned,37,50.0,5,5,5,True,True,1.2752634371180395e-05
19,learned,38,50.0,5,5,5,True,True,1.2752634371180395e-05
19,learned,39,50.0,5,5,5,True,True,1.2752634371180395e-05
19,learned,40,50.0,5,5,5,True,True,1.2752634371180395e-05
19,learned,41,50.0,5,5,5,True,True,1.2752634371180395e-05
19,learned,42,50.0,5,5,5,True,True,1.2752634371180395e-05
19,learned,43,50.0,5,5,5,True,True,1.2752634371180395e-05
19,learned,44,50.0,5,5,5,True,True,1.2752634371180395e-05
19,learned,45,50.0,5,5,5,True,True,1.2752634371180395e-05
19,learned,46,50.0,5,5,5,True,True,1.2752634371180395e-05
19,learned,47,50.0,5,5,5,True,True,1.2752634371180395e-05
19,learned,48,50.0,5,5,5,True,True,1.2752634371180395e-05
19,learned,49,50.0,5,5,5,True,True,1.2752634371180395e-05
19,learned,50,50.0,5,5,5,True,True,1.2752634371180395e-05
19,learned,51,50.0,5,5,5,True,True,1.2752634371180395e-05
19,learned,52,50.0,5,5,5,True,True,1.2752634371180395e-05
19,learned,53,50.0,5,5,5,True,True,1.2752634371180395e-05
19,learned,54,50.0,5,5,5,True,True,1.2752634371180395e-05
19,learned,55,50.0,5,5,5,True,True,1.2752634371180395e-05
19,learned,56,50.0,5,5,5,True,True,1.2752634371180395e-05
19,learned,57,50.0,5,5,5,True,True,1.2752634371180395e-05
19,learned,58,50.0,5,5,5,True,True,1.2752634371180395e-05
19,learned,59,50.0,5,5,5,True,True,1.2752634371180395e-05
19,learned,60,50.0,5,5,5,True,True,1.2752634371180395e-05
19,learned,61,50.0,5,5,5,True,True,1.2752634371180395e-05
19,learned,62,50.0,5,5,5,True,True,1.2752634371180395e-05
19,learned,63,50.0,5,5,5,True,True,1.2752634371180395e-05
19,learned,64,50.0,5,5,5,True,True,1.2752634371180395e-05
19,learned,65,50.0,5,5,5,True,True,1.2752634371180395e-05
19,learned,66,50.0,5,5,5,True,True,1.2752634371180395e-05
19,learned,67,50.0,5,5,5,True,True,1.2752634371180395e-05
19,learned,68,50.0,5,5,5,True,True,1.2752634371180395e-05
19,learned,69,50.0,5,5,5,True,True,1.2752634371180395e-05
19,learned,70,50.0,5,5,5,True,True,1.2752634371180395e-05
19,learned,71,50.0,5,5,5,True,True,1.2752634371180395e-05
19,learned,72,50.0,5,5,5,True,True,1.2752634371180395e-05
19,learned,73,50.0,5,5,5,True,True,1.2752634371180395e-05
19,learned,74,50.0,5,5,5,True,True,1.2752634371180395e-05
19,learned,75,50.0,5,5,5,True,True,1.2752634371180395e-05
19,learned,76,50.0,5,5,5,True,True,1.2752634371180395e-05
19,learned,77,50.0,5,5,5,True,True,1.2752634371180395e-05
19,learned,78,50.0,5,5,5,True,True,1.2752634371180395e-05
19,learned,79,50.0,5,5,5,True,True,1.2752634371180395e-05
19,learned,80,50.0,5,5,5,True,True,1.2752634371180395e-05
19,learned,81,50.0,5,5,5,True,True,1.2752634371180395e-05
19,learned,82,50.0,5,5,5,True,True,1.2752634371180395e-05
19,learned,83,50.0,5,5,5,True,True,1.2752634371180395e-05
19,learned,84,50.0,5,5,5,True,True,1.2752634371180395e-05
19,learned,85,50.0,5,5,5,True,True,1.2752634371180395e-05
19,learned,86,50.0,5,5,5,True,True,1.2752634371180395e-05
19,learned,87,50.0,5,5,5,True,True,1.2752634371180395e-05
19,learned,88,50.0,5,5,5,True,True,1.2752634371180395e-05
19,learned,89,50.0,5,5,5,True,True,1.2752634371180395e-05
19,learned,90,50.0,5,5,5,True,True,1.2752634371180395e-05
19,learned,91,50.0,5,5,5,True,True,1.2752634371180395e-05
19,learned,92,50.0,5,5,5,True,True,1.2752634371180395e-05
19,learned,93,50.0,5,5,5,True,True,1.2752634371180395e-05
19,learned,94,50.0,5,5,5,True,True,1.2752634371180395e-05
19,learned,95,50.0,5,5,5,True,True,1.2752634371180395e-05
19,learned,96,50.0,5,5,5,True,True,1.2752634371180395e-05
19,learned,97,50.0,5,5,5,True,True,1.2752634371180395e-05
19,learned,98,50.0,5,5,5,True,True,1.2752634371180395e-05
19,learned,99,50.0,5,5,5,True,True,1.2752634371180395e-05
19,learned,100,50.0,5,5,5,True,True,1.2752634371180395e-05
19,learned,101,50.0,5,5,5,True,True,1.2752634371180395e-05
19,learned,102,50.0,5,5,5,True,True,1.2752634371180395e-05
19,learned,103,50.0,5,5,5,True,True,1.2752634371180395e-05
19,learned,104,50.0,5,5,5,True,True,1.2752634371180395e-05
19,learned,105,50.0,5,5,5,True,True,1.2752634371180395e-05
19,learned,106,50.0,5,5,5,True,True,1.2752634371180395e-05
19,learned,107,50.0,5,5,5,True,True,1.2752634371180395e-05
19,learned,108,50.0,5,5,5,True,True,1.2752634371180395e-05
19,learned,109,50.0,5,5,5,True,True,1.2752634371180395e-05
19,learned,110,50.0,5,5,5,True,True,1.2752634371180395e-05
19,learned,111,50.0,5,5,5,True,True,1.2752634371180395e-05
19,learned,112,50.0,5,5,5,True,True,1.2752634371180395e-05
19,learned,113,50.0,5,5,5,True,True,1.2752634371180395e-05
19,learned,114,50.0,5,5,5,True,True,1.2752634371180395e-05
19,learned,115,50.0,5,5,5,True,True,1.2752634371180395e-05
19,learned,116,50.0,5,5,5,True,True,1.2752634371180395e-05
19,learned,117,50.0,5,5,5,True,True,1.2752634371180395e-05
19,learned,118,50.0,5,5,5,True,True,1.2752634371180395e-05
19,learned,119,50.0,5,5,5,True,True,1.2752634371180395e-05
19,learned,120,50.0,5,5,5,True,True,1.2752634371180395e-05
19,learned,121,50.0,5,5,5,True,True,1.2752634371180395e-05
19,learned,122,50.0,5,5,5,True,True,1.2752634371180395e-05
19,learned,123,50.0,5,5,5,True,True,1.2752634371180395e-05
19,learned,124,50.0,5,5,5,True,True,1.2752634371180395e-05
19,learned,125,50.0,5,5,5,True,True,1.2752634371180395e-05
19,learned,126,50.0,5,5,5,True,True,1.2752634371180395e-05
19,learned,127,50.0,5,5,5,True,True,1.2752634371180395e-05
19,learned,128,50.0,5,5,5,True,True,1.2752634371180395e-05
19,learned,129,50.0,5,5,5,True,True,1.2752634371180395e-05
19,learned,130,50.0,5,5,5,True,True,1.2752634371180395e-05
19,learned,131,50.0,5,5,5,True,True,1.2752634371180395e-05
19,learned,132,50.0,5,5,5,True,True,1.2752634371180395e-05
19,learned,133,50.0,5,5,5,True,True,1.2752634371180395e-05
19,learned,134,50.0,5,5,5,True,True,1.2752634371180395e-05
19,learned,135,50.0,5,5,5,True,True,1.2752634371180395e-05
19,learned,136,50.0,5,5,5,True,True,1.2752634371180395e-05
19,learned,137,50.0,5,5,5,True,True,1.2752634371180395e-05
19,learned,138,50.0,5,5,5,True,True,1.2752634371180395e-05
19,learned,139,50.0,5,5,5,True,True,1.2752634371180395e-05
19,learned,140,50.0,5,5,5,True,True,1.2752634371180395e-05
19,learned,141,50.0,5,5,5,True,True,1.2752634371180395e-05
19,learned,142,50.0,5,5,5,True,True,1.2752634371180395e-05
19,learned,143,50.0,5,5,5,True,True,1.2752634371180395e-05
19,learned,144,50.0,5,5,5,True,True,1.2752634371180395e-05
19,learned,145,50.0,5,5,5,True,True,1.2752634371180395e-05
19,learned,146,50.0,5,5,5,True,True,1.2752634371180395e-05
19,learned,147,50.0,5,5,5,True,True,1.2752634371180395e-05
19,learned,148,50.0,5,5,5,True,True,1.2752634371180395e-05
19,learned,149,50.0,5,5,5,True,True,1.2752634371180395e-05
19,learned,150,50.0,5,5,5,True,True,1.2752634371180395e-05
19,learned,151,50.0,5,5,5,True,True,1.2752634371180395e-05
19,learned,152,50.0,5,5,5,True,True,1.2752634371180395e-05
19,learned,153,50.0,5,5,5,True,True,1.2752634371180395e-05
19,learned,154,50.0,5,5,5,True,True,1.2752634371180395e-05
19,learned,155,50.0,5,5,5,True,True,1.2752634371180395e-05
19,learned,156,50.0,5,5,5,True,True,1.2752634371180395e-05
19,learned,157,50.0,5,5,5,True,True,1.2752634371180395e-05
19,learned,158,50.0,5,5,5,True,True,1.2752634371180395e-05
19,learned,159,50.0,5,5,5,True,True,1.2752634371180395e-05
19,learned,160,50.0,5,5,5,True,True,1.2752634371180395e-05
19,learned,161,50.0,5,5,5,True,True,1.2752634371180395e-05
19,learned,162,50.0,5,5,5,True,True,1.2752634371180395e-05
19,learned,163,50.0,5,5,5,True,True,1.2752634371180395e-05
19,learned,164,50.0,5,5,5,True,True,1.2752634371180395e-05
19,learned,165,50.0,5,5,5,True,True,1.2752634371180395e-05
19,learned,166,50.0,5,5,5,True,True,1.2752634371180395e-05
19,learned,167,50.0,5,5,5,True,True,1.2752634371180395e-05
19,learned,168,50.0,5,5,5,True,True,1.2752634371180395e-05
19,learned,169,50.0,5,5,5,True,True,1.2752634371180395e-05
19,learned,170,50.0,5,5,5,True,True,1.2752634371180395e-05
19,learned,171,50.0,5,5,5,True,True,1.2752634371180395e-05
19,learned,172,50.0,5,5,5,True,True,1.2752634371180395e-05
19,learned,173,50.0,5,5,5,True,True,1.2752634371180395e-05
19,learned,174,50.0,5,5,5,True,True,1.2752634371180395e-05
19,learned,175,50.0,5,5,5,True,True,1.2752634371180395e-05
19,learned,176,50.0,5,5,5,True,True,1.2752634371180395e-05
19,learned,177,50.0,5,5,5,True,True,1.2752634371180395e-05
19,learned,178,50.0,5,5,5,True,True,1.2752634371180395e-05
19,learned,179,50.0,5,5,5,True,True,1.2752634371180395e-05
19,learned,180,50.0,5,5,5,True,True,1.2752634371180395e-05
19,learned,181,50.0,5,5,5,True,True,1.2752634371180395e-05
19,learned,182,50.0,5,5,5,True,True,1.2752634371180395e-05
19,learned,183,50.0,5,5,5,True,True,1.2752634371180395e-05
19,learned,184,50.0,5,5,5,True,True,1.2752634371180395e-05
19,learned,185,50.0,5,5,5,True,True,1.2752634371180395e-05
19,learned,186,50.0,5,5,5,True,True,1.2752634371180395e-05
19,learned,187,50.0,5,5,5,True,True,1.2752634371180395e-05
19,learned,188,50.0,5,5,5,True,True,1.2752634371180395e-05
19,learned,189,50.0,5,5,5,True,True,1.2752634371180395e-05
19,learned,190,50.0,5,5,5,True,True,1.2752634371180395e-05
19,learned,191,50.0,5,5,5,True,True,1.2752634371180395e-05
19,learned,192,50.0,5,5,5,True,True,1.2752634371180395e-05
19,learned,193,50.0,5,5,5,True,True,1.2752634371180395e-05
19,learned,194,50.0,5,5,5,True,True,1.2752634371180395e-05
19,learned,195,50.0,5,5,5,True,True,1.2752634371180395e-05
19,learned,196,50.0,5,5,5,True,True,1.2752634371180395e-05
19,learned,197,50.0,5,5,5,True,True,1.2752634371180395e-05
19,learned,198,50.0,5,5,5,True,True,1.2752634371180395e-05
19,learned,199,50.0,5,5,5,True,True,1.2752634371180395e-05
19,learned,200,50.0,5,5,5,True,True,1.2752634371180395e-05
