episode,method,step,score,edges,rank,rank_K,is_IBR,is_MBR,min_eig
0,initial,0,30.0,37,20,20,True,False,0.00013766969898312497
0,greedy,0,30.0,37,20,20,True,False,0.00013766969898312497
0,greedy,1,40.0,36,20,20,True,False,0.00013279942531066962
0,greedy,2,50.0,35,20,20,True,False,0.00011333867908623395
0,greedy,3,60.0,34,20,20,True,False,0.00010028341980164352
0,greedy,4,70.0,33,20,20,True,False,8.594916694522305e-05
0,greedy,5,80.0,32,20,20,True,False,3.923008845500206e-05
0,greedy,6,90.0,31,20,20,True,False,3.8943216729295456e-05
0,greedy,7,100.0,30,20,20,True,False,3.7862072519714244e-05
0,greedy,8,110.0,29,20,20,True,False,3.7749313965775105e-05
0,greedy,9,120.0,28,20,20,True,False,3.763701868368861e-05
0,greedy,10,130.0,27,20,20,True,False,3.749385202276125e-05
0,greedy,11,140.0,26,20,20,True,False,1.3006421204606108e-05
0,greedy,12,150.0,25,20,20,True,False,1.2937240411632127e-05
0,greedy,13,160.0,24,20,20,True,False,1.0956704867236178e-05
0,greedy,14,170.0,23,20,20,True,False,1.066985680966054e-05
0,greedy,15,180.0,22,20,20,True,False,1.0668420669841255e-05
0,greedy,16,190.0,21,20,20,True,False,1.0514000129742855e-05
0,greedy,17,200.0,20,20,20,True,False,1.0445784477030345e-05
0,greedy,18,210.0,19,20,20,True,False,7.773994053903861e-06
0,greedy,19,220.0,18,20,20,True,False,7.457323855406287e-06
0,greedy,20,230.0,17,20,20,True,False,6.432660579418452e-06
0,greedy,21,240.0,16,20,20,True,False,6.238046718665635e-06
0,greedy,22,250.0,15,20,20,True,False,6.160523246843549e-06
0,greedy,23,260.0,14,20,20,True,False,5.830873422634567e-06
0,greedy,24,270.0,13,20,20,True,False,2.0458135945516636e-06
0,greedy,25,280.0,12,20,20,True,False,1.8936417037704348e-06
0,greedy,26,290.0,11,20,20,True,False,1.795158140714493e-06
0,greedy,27,300.0,10,20,20,True,True,3.654257543039137e-09
0,random,0,30.0,37,20,20,True,False,0.00013766969898312497
0,random,1,30.0,37,20,20,True,False,0.00013766969898312497
0,random,2,40.0,36,20,20,True,False,0.00013086401844360798
0,random,3,50.0,35,20,20,True,False,0.0001279782026249015
0,random,4,50.0,35,20,20,True,False,0.0001279782026249015
0,random,5,50.0,35,20,20,True,False,0.0001279782026249015
0,random,6,50.0,35,20,20,True,False,0.0001279782026249015
0,random,7,50.0,35,20,20,True,False,0.0001279782026249015
0,random,8,40.0,36,20,20,True,False,0.00013086401844360798
0,random,9,40.0,36,20,20,True,False,0.00013086401844360798
0,random,10,40.0,36,20,20,True,False,0.00013086401844360798
0,random,11,50.0,35,20,20,True,False,0.00012986396944204308
0,random,12,50.0,35,20,20,True,False,0.00012986396944204308
0,random,13,50.0,35,20,20,True,False,0.00012986396944204308
0,random,14,60.0,34,20,20,True,False,0.00011351115516628273
0,random,15,70.0,33,20,20,True,False,0.00011288601179143534
0,random,16,70.0,33,20,20,True,False,0.00011288601179143534
0,random,17,70.0,33,20,20,True,False,0.00011288601179143534
0,random,18,70.0,33,20,20,True,False,0.00011288601179143534
0,random,19,70.0,33,20,20,True,False,0.00011288601179143534
0,random,20,70.0,33,20,20,True,False,0.00011288601179143534
0,random,21,60.0,34,20,20,True,False,0.0001144157653786865
0,random,22,70.0,33,20,20,True,False,0.00011209654077094933
0,random,23,80.0,32,20,20,True,False,0.0001086543405653317
0,random,24,70.0,33,20,20,True,False,0.00011152854729672822
0,random,25,70.0,33,20,20,True,False,0.00011152854729672822
0,random,26,70.0,33,20,20,True,False,0.00011152854729672822
0,random,27,80.0,32,20,20,True,False,0.00010384710817464202
0,random,28,80.0,32,20,20,True,False,0.00010384710817464202
0,random,29,90.0,31,20,20,True,False,0.00010180882020987697
0,random,30,90.0,31,20,20,True,False,0.00010180882020987697
0,random,31,100.0,30,20,20,True,False,9.970935070871312e-05
0,random,32,90.0,31,20,20,True,False,0.00010139207998163173
0,random,33,90.0,31,20,20,True,False,0.00010139207998163173
0,random,34,100.0,30,20,20,True,False,0.0001012962422920405
0,random,35,100.0,30,20,20,True,False,0.0001012962422920405
0,random,36,100.0,30,20,20,True,False,0.0001012962422920405
0,random,37,100.0,30,20,20,True,False,0.0001012962422920405
0,random,38,100.0,30,20,20,True,False,0.0001012962422920405
0,random,39,100.0,30,20,20,True,False,0.0001012962422920405
0,random,40,90.0,31,20,20,True,False,0.00010566045161749855
0,random,41,80.0,32,20,20,True,False,0.00010962795563873225
0,random,42,80.0,32,20,20,True,False,0.00010962795563873225
0,random,43,80.0,32,20,20,True,False,0.00010962795563873225
0,random,44,80.0,32,20,20,True,False,0.00010962795563873225
0,random,45,80.0,32,20,20,True,False,0.00010962795563873225
0,random,46,90.0,31,20,20,True,False,0.00010894125406146113
0,random,47,100.0,30,20,20,True,False,0.00010751552719366625
0,random,48,100.0,30,20,20,True,False,0.00010751552719366625
0,random,49,90.0,31,20,20,True,False,0.00010801109346268982
0,random,50,100.0,30,20,20,True,False,0.00010670931566200402
0,random,51,100.0,30,20,20,True,False,0.00010670931566200402
0,random,52,100.0,30,20,20,True,False,0.00010670931566200402
0,random,53,100.0,30,20,20,True,False,0.00010670931566200402
0,random,54,100.0,30,20,20,True,False,0.00010670931566200402
0,random,55,110.0,29,20,20,True,False,9.496157264953894e-05
0,random,56,120.0,28,20,20,True,False,8.90621540542464e-05
0,random,57,120.0,28,20,20,True,False,8.90621540542464e-05
0,random,58,130.0,27,20,20,True,False,8.371196193834645e-05
0,random,59,140.0,26,20,20,True,False,8.334679384783556e-05
0,random,60,140.0,26,20,20,True,False,8.334679384783556e-05
0,random,61,140.0,26,20,20,True,False,8.334679384783556e-05
0,random,62,140.0,26,20,20,True,False,8.334679384783556e-05
0,random,63,140.0,26,20,20,True,False,8.334679384783556e-05
0,random,64,140.0,26,20,20,True,False,8.334679384783556e-05
0,random,65,150.0,25,20,20,True,False,6.745108617826812e-05
0,random,66,140.0,26,20,20,True,False,7.318510556882466e-05
0,random,67,150.0,25,20,20,True,False,7.271866189400666e-05
0,random,68,150.0,25,20,20,True,False,7.271866189400666e-05
0,random,69,150.0,25,20,20,True,False,7.271866189400666e-05
0,random,70,150.0,25,20,20,True,False,7.271866189400666e-05
0,random,71,140.0,26,20,20,True,False,9.051642498379461e-05
0,random,72,130.0,27,20,20,True,False,9.098167103491144e-05
0,random,73,130.0,27,20,20,True,False,9.098167103491144e-05
0,random,74,120.0,28,20,20,True,False,9.542992561466136e-05
0,random,75,120.0,28,20,20,True,False,9.542992561466136e-05
0,random,76,130.0,27,20,20,True,False,9.229794475093333e-05
0,random,77,130.0,27,20,20,True,False,9.229794475093333e-05
0,random,78,130.0,27,20,20,True,False,9.229794475093333e-05
0,random,79,140.0,26,20,20,True,False,9.024040800776443e-05
0,random,80,130.0,27,20,20,True,False,9.05834933622312e-05
0,random,81,140.0,26,20,20,True,False,8.688980416802479e-05
0,random,82,150.0,25,20,20,True,False,8.268775582251997e-05
0,random,83,140.0,26,20,20,True,False,8.431735792380603e-05
0,random,84,130.0,27,20,20,True,False,8.73857619767656e-05
0,random,85,130.0,27,20,20,True,False,8.73857619767656e-05
0,random,86,130.0,27,20,20,True,False,8.73857619767656e-05
0,random,87,140.0,26,20,20,True,False,5.1536432614363064e-05
0,random,88,130.0,27,20,20,True,False,5.1698182880599253e-05
0,random,89,140.0,26,20,20,True,False,5.079459568237612e-05
0,random,90,130.0,27,20,20,True,False,5.08131572030323e-05
0,random,91,130.0,27,20,20,True,False,5.08131572030323e-05
0,random,92,140.0,26,20,20,True,False,5.079459568237612e-05
0,random,93,130.0,27,20,20,True,False,5.1698182880599253e-05
0,random,94,120.0,28,20,20,True,False,5.1778580319827746e-05
0,random,95,130.0,27,20,20,True,False,5.1747918118268326e-05
0,random,96,140.0,26,20,20,True,False,4.88608587650451e-05
0,random,97,130.0,27,20,20,True,False,4.898099310745574e-05
0,random,98,120.0,28,20,20,True,False,5.0825488364784365e-05
0,random,99,120.0,28,20,20,True,False,5.0825488364784365e-05
0,random,100,130.0,27,20,20,True,False,5.074860431666712e-05
0,random,101,130.0,27,20,20,True,False,5.074860431666712e-05
0,random,102,140.0,26,20,20,True,False,5.071238694538368e-05
0,random,103,140.0,26,20,20,True,False,5.071238694538368e-05
0,random,104,130.0,27,20,20,True,False,5.334331628891635e-05
0,random,105,140.0,26,20,20,True,False,5.329007948727575e-05
0,random,106,150.0,25,20,20,True,False,5.2764245379480256e-05
0,random,107,140.0,26,20,20,True,False,5.543495908711858e-05
0,random,108,130.0,27,20,20,True,False,0.00010929104626539952
0,random,109,130.0,27,20,20,True,False,0.00010929104626539952
0,random,110,130.0,27,20,20,True,False,0.00010929104626539952
0,random,111,140.0,26,20,20,True,False,0.00010312452958899603
0,random,112,140.0,26,20,20,True,False,0.00010312452958899603
0,random,113,140.0,26,20,20,True,False,0.00010312452958899603
0,random,114,140.0,26,20,20,True,False,0.00010312452958899603
0,random,115,150.0,25,20,20,True,False,6.285631466757048e-05
0,random,116,150.0,25,20,20,True,False,6.285631466757048e-05
0,random,117,150.0,25,20,20,True,False,6.285631466757048e-05
0,random,118,140.0,26,20,20,True,False,0.00010312452958899584
0,random,119,140.0,26,20,20,True,False,0.00010312452958899584
0,random,120,140.0,26,20,20,True,False,0.00010312452958899584
0,random,121,140.0,26,20,20,True,False,0.00010312452958899584
0,random,122,130.0,27,20,20,True,False,0.00010399173212162595
0,random,123,130.0,27,20,20,True,False,0.00010399173212162595
0,random,124,130.0,27,20,20,True,False,0.00010399173212162595
0,random,125,140.0,26,20,20,True,False,4.144333689566917e-05
0,random,126,140.0,26,20,20,True,False,4.144333689566917e-05
0,random,127,140.0,26,20,20,True,False,4.144333689566917e-05
0,random,128,150.0,25,20,20,True,False,3.8322622724230014e-05
0,random,129,160.0,24,20,20,True,False,3.818245004741348e-05
0,random,130,150.0,25,20,20,True,False,3.8349856644794e-05
0,random,131,150.0,25,20,20,True,False,3.8349856644794e-05
0,random,132,150.0,25,20,20,True,False,3.8349856644794e-05
0,random,133,150.0,25,20,20,True,False,3.8349856644794e-05
0,random,134,150.0,25,20,20,True,False,3.8349856644794e-05
0,random,135,160.0,24,20,20,True,False,3.608665402069031e-05
0,random,136,160.0,24,20,20,True,False,3.608665402069031e-05
0,random,137,160.0,24,20,20,True,False,3.608665402069031e-05
0,random,138,150.0,25,20,20,True,False,3.742288714148103e-05
0,random,139,160.0,24,20,20,True,False,2.2603728884402687e-05
0,random,140,150.0,25,20,20,True,False,3.358407375003336e-05
0,random,141,160.0,24,20,20,True,False,3.287334402762601e-05
0,random,142,160.0,24,20,20,True,False,3.287334402762601e-05
0,random,143,160.0,24,20,20,True,False,3.287334402762601e-05
0,random,144,160.0,24,20,20,True,False,3.287334402762601e-05
0,random,145,160.0,24,20,20,True,False,3.287334402762601e-05
0,random,146,150.0,25,20,20,True,False,3.295734246792785e-05
0,random,147,140.0,26,20,20,True,False,3.331624309131941e-05
0,random,148,140.0,26,20,20,True,False,3.331624309131941e-05
0,random,149,140.0,26,20,20,True,False,3.331624309131941e-05
0,random,150,140.0,26,20,20,True,False,3.331624309131941e-05
0,random,151,140.0,26,20,20,True,False,3.331624309131941e-05
0,random,152,130.0,27,20,20,True,False,3.3392953374804105e-05
0,random,153,130.0,27,20,20,True,False,3.3392953374804105e-05
0,random,154,130.0,27,20,20,True,False,3.3392953374804105e-05
0,random,155,120.0,28,20,20,True,False,3.343051913398586e-05
0,random,156,120.0,28,20,20,True,False,3.343051913398586e-05
0,random,157,120.0,28,20,20,True,False,3.343051913398586e-05
0,random,158,120.0,28,20,20,True,False,3.343051913398586e-05
0,random,159,110.0,29,20,20,True,False,3.4084579304610366e-05
0,random,160,100.0,30,20,20,True,False,3.464359144174491e-05
0,random,161,100.0,30,20,20,True,False,3.464359144174491e-05
0,random,162,100.0,30,20,20,True,False,3.464359144174491e-05
0,random,163,100.0,30,20,20,True,False,3.464359144174491e-05
0,random,164,100.0,30,20,20,True,False,3.464359144174491e-05
0,random,165,100.0,30,20,20,True,False,3.464359144174491e-05
0,random,166,100.0,30,20,20,True,False,3.464359144174491e-05
0,random,167,100.0,30,20,20,True,False,3.464359144174491e-05
0,random,168,100.0,30,20,20,True,False,3.464359144174491e-05
0,random,169,90.0,31,20,20,True,False,4.734384478523469e-05
0,random,170,90.0,31,20,20,True,False,4.734384478523469e-05
0,random,171,90.0,31,20,20,True,False,4.734384478523469e-05
0,random,172,100.0,30,20,20,True,False,4.542443850486964e-05
0,random,173,110.0,29,20,20,True,False,4.3664258921397534e-05
0,random,174,110.0,29,20,20,True,False,4.3664258921397534e-05
0,random,175,120.0,28,20,20,True,False,4.276776827531978e-05
0,random,176,130.0,27,20,20,True,False,4.2368336860610666e-05
0,random,177,120.0,28,20,20,True,False,4.266914309835943e-05
0,random,178,110.0,29,20,20,True,False,4.5079026692973434e-05
0,random,179,100.0,30,20,20,True,False,4.5297274496076e-05
0,random,180,100.0,30,20,20,True,False,4.5297274496076e-05
0,random,181,110.0,29,20,20,True,False,4.412353123989857e-05
0,random,182,110.0,29,20,20,True,False,4.412353123989857e-05
0,random,183,110.0,29,20,20,True,False,4.412353123989857e-05
0,random,184,110.0,29,20,20,True,False,4.412353123989857e-05
0,random,185,120.0,28,20,20,True,False,4.389777403975393e-05
0,random,186,120.0,28,20,20,True,False,4.389777403975393e-05
0,random,187,110.0,29,20,20,True,False,7.812355976052835e-05
0,random,188,120.0,28,20,20,True,False,7.80269785979962e-05
0,random,189,110.0,29,20,20,True,False,7.862704084877326e-05
0,random,190,120.0,28,20,20,True,False,7.83728877163457e-05
0,random,191,130.0,27,20,20,True,False,7.837244686143022e-05
0,random,192,140.0,26,20,20,True,False,7.826173052183745e-05
0,random,193,140.0,26,20,20,True,False,7.826173052183745e-05
0,random,194,140.0,26,20,20,True,False,7.826173052183745e-05
0,random,195,150.0,25,20,20,True,False,3.785326528932817e-05
0,random,196,150.0,25,20,20,True,False,3.785326528932817e-05
0,random,197,140.0,26,20,20,True,False,3.8090348717988536e-05
0,random,198,140.0,26,20,20,True,False,3.8090348717988536e-05
0,random,199,130.0,27,20,20,True,False,4.2452026811091934e-05
0,random,200,140.0,26,20,20,True,False,4.2399526438533735e-05
0,learned,0,30.0,37,20,20,True,False,0.00013766969898312497
0,learned,1,40.0,36,20,20,True,False,0.00013598034628353753
0,learned,2,50.0,35,20,20,True,False,0.00013596548635275352
0,learned,3,60.0,34,20,20,True,False,0.00013429369656141194
0,learned,4,70.0,33,20,20,True,False,0.00012644815568178263
0,learned,5,80.0,32,20,20,True,False,0.00012626716174074482
0,learned,6,90.0,31,20,20,True,False,8.965619891595461e-05
0,learned,7,100.0,30,20,20,True,False,8.905848095207714e-05
0,learned,8,110.0,29,20,20,True,False,8.830029811086006e-05
0,learned,9,120.0,28,20,20,True,False,7.871698385448974e-05
0,learned,10,130.0,27,20,20,True,False,7.823334073953695e-05
0,learned,11,140.0,26,20,20,True,False,7.807991996120554e-05
0,learned,12,150.0,25,20,20,True,False,7.745295277033458e-05
0,learned,13,160.0,24,20,20,True,False,7.315027076303301e-05
0,learned,14,170.0,23,20,20,True,False,5.6071411169122525e-05
0,learned,15,180.0,22,20,20,True,False,5.5801400408877777e-05
0,learned,16,190.0,21,20,20,True,False,4.953731204430255e-05
0,learned,17,200.0,20,20,20,True,False,4.114357935205016e-05
0,learned,18,190.0,21,20,20,True,False,4.911491189842615e-05
0,learned,19,200.0,20,20,20,True,False,4.911275493187695e-05
0,learned,20,210.0,19,20,20,True,False,3.0270706612734636e-05
0,learned,21,220.0,18,20,20,True,False,1.2959389294821496e-05
0,learned,22,230.0,17,20,20,True,False,1.2922548293006523e-05
0,learned,23,240.0,16,20,20,True,False,1.2901915933170298e-05
0,learned,24,250.0,15,20,20,True,False,1.2751556909610398e-05
0,learned,25,260.0,14,20,20,True,False,1.0093570985937171e-05
0,learned,26,270.0,13,20,20,True,False,4.002339230564532e-06
0,learned,27,260.0,14,20,20,True,False,4.424489424250161e-06
0,learned,28,270.0,13,20,20,True,False,3.7673168353425423e-06
0,learned,29,260.0,14,20,20,True,False,1.92769789840294e-05
0,learned,30,270.0,13,20,20,True,False,2.775283302522259e-06
0,learned,31,280.0,12,20,20,True,False,2.512468283447395e-06
0,learned,32,270.0,13,20,20,True,False,2.775283302522259e-06
0,learned,33,280.0,12,20,20,True,False,2.512468283447395e-06
0,learned,34,270.0,13,20,20,True,False,2.775283302522259e-06
0,learned,35,280.0,12,20,20,True,False,2.512468283447395e-06
0,learned,36,270.0,13,20,20,True,False,2.775283302522259e-06
0,learned,37,280.0,12,20,20,True,False,2.512468283447395e-06
0,learned,38,270.0,13,20,20,True,False,2.775283302522259e-06
0,learned,39,280.0,12,20,20,True,False,2.512468283447395e-06
0,learned,40,270.0,13,20,20,True,False,2.775283302522259e-06
0,learned,41,280.0,12,20,20,True,False,2.512468283447395e-06
0,learned,42,270.0,13,20,20,True,False,2.775283302522259e-06
0,learned,43,280.0,12,20,20,True,False,2.512468283447395e-06
0,learned,44,270.0,13,20,20,True,False,2.775283302522259e-06
0,learned,45,280.0,12,20,20,True,False,2.512468283447395e-06
0,learned,46,270.0,13,20,20,True,False,2.775283302522259e-06
0,learned,47,280.0,12,20,20,True,False,2.512468283447395e-06
0,learned,48,270.0,13,20,20,True,False,2.775283302522259e-06
0,learned,49,280.0,12,20,20,True,False,2.512468283447395e-06
0,learned,50,270.0,13,20,20,True,False,2.775283302522259e-06
0,learned,51,280.0,12,20,20,True,False,2.512468283447395e-06
0,learned,52,270.0,13,20,20,True,False,2.775283302522259e-06
0,learned,53,280.0,12,20,20,True,False,2.512468283447395e-06
0,learned,54,270.0,13,20,20,True,False,2.775283302522259e-06
0,learned,55,280.0,12,20,20,True,False,2.512468283447395e-06
0,learned,56,270.0,13,20,20,True,False,2.775283302522259e-06
0,learned,57,280.0,12,20,20,True,False,2.512468283447395e-06
0,learned,58,270.0,13,20,20,True,False,2.775283302522259e-06
0,learned,59,280.0,12,20,20,True,False,2.512468283447395e-06
0,learned,60,270.0,13,20,20,True,False,2.775283302522259e-06
0,learned,61,280.0,12,20,20,True,False,2.512468283447395e-06
0,learned,62,270.0,13,20,20,True,False,2.775283302522259e-06
0,learned,63,280.0,12,20,20,True,False,2.512468283447395e-06
0,learned,64,270.0,13,20,20,True,False,2.775283302522259e-06
0,learned,65,280.0,12,20,20,True,False,2.512468283447395e-06
0,learned,66,270.0,13,20,20,True,False,2.775283302522259e-06
0,learned,67,280.0,12,20,20,True,False,2.512468283447395e-06
0,learned,68,270.0,13,20,20,True,False,2.775283302522259e-06
0,learned,69,280.0,12,20,20,True,False,2.512468283447395e-06
0,learned,70,270.0,13,20,20,True,False,2.775283302522259e-06
0,learned,71,280.0,12,20,20,True,False,2.512468283447395e-06
0,learned,72,270.0,13,20,20,True,False,2.775283302522259e-06
0,learned,73,280.0,12,20,20,True,False,2.512468283447395e-06
0,learned,74,270.0,13,20,20,True,False,2.775283302522259e-06
0,learned,75,280.0,12,20,20,True,False,2.512468283447395e-06
0,learned,76,270.0,13,20,20,True,False,2.775283302522259e-06
0,learned,77,280.0,12,20,20,True,False,2.512468283447395e-06
0,learned,78,270.0,13,20,20,True,False,2.775283302522259e-06
0,learned,79,280.0,12,20,20,True,False,2.512468283447395e-06
0,learned,80,270.0,13,20,20,True,False,2.775283302522259e-06
0,learned,81,280.0,12,20,20,True,False,2.512468283447395e-06
0,learned,82,270.0,13,20,20,True,False,2.775283302522259e-06
0,learned,83,280.0,12,20,20,True,False,2.512468283447395e-06
0,learned,84,270.0,13,20,20,True,False,2.775283302522259e-06
0,learned,85,280.0,12,20,20,True,False,2.512468283447395e-06
0,learned,86,270.0,13,20,20,True,False,2.775283302522259e-06
0,learned,87,280.0,12,20,20,True,False,2.512468283447395e-06
0,learned,88,270.0,13,20,20,True,False,2.775283302522259e-06
0,learned,89,280.0,12,20,20,True,False,2.512468283447395e-06
0,learned,90,270.0,13,20,20,True,False,2.775283302522259e-06
0,learned,91,280.0,12,20,20,True,False,2.512468283447395e-06
0,learned,92,270.0,13,20,20,True,False,2.775283302522259e-06
0,learned,93,280.0,12,20,20,True,False,2.512468283447395e-06
0,learned,94,270.0,13,20,20,True,False,2.775283302522259e-06
0,learned,95,280.0,12,20,20,True,False,2.512468283447395e-06
0,learned,96,270.0,13,20,20,True,False,2.775283302522259e-06
0,learned,97,280.0,12,20,20,True,False,2.512468283447395e-06
0,learned,98,270.0,13,20,20,True,False,2.775283302522259e-06
0,learned,99,280.0,12,20,20,True,False,2.512468283447395e-06
0,learned,100,270.0,13,20,20,True,False,2.775283302522259e-06
0,learned,101,280.0,12,20,20,True,False,2.512468283447395e-06
0,learned,102,270.0,13,20,20,True,False,2.775283302522259e-06
0,learned,103,280.0,12,20,20,True,False,2.512468283447395e-06
0,learned,104,270.0,13,20,20,True,False,2.775283302522259e-06
0,learned,105,280.0,12,20,20,True,False,2.512468283447395e-06
0,learned,106,270.0,13,20,20,True,False,2.775283302522259e-06
0,learned,107,280.0,12,20,20,True,False,2.512468283447395e-06
0,learned,108,270.0,13,20,20,True,False,2.775283302522259e-06
0,learned,109,280.0,12,20,20,True,False,2.512468283447395e-06
0,learned,110,270.0,13,20,20,True,False,2.775283302522259e-06
0,learned,111,280.0,12,20,20,True,False,2.512468283447395e-06
0,learned,112,270.0,13,20,20,True,False,2.775283302522259e-06
0,learned,113,280.0,12,20,20,True,False,2.512468283447395e-06
0,learned,114,270.0,13,20,20,True,False,2.775283302522259e-06
0,learned,115,280.0,12,20,20,True,False,2.512468283447395e-06
0,learned,116,270.0,13,20,20,True,False,2.775283302522259e-06
0,learned,117,280.0,12,20,20,True,False,2.512468283447395e-06
0,learned,118,270.0,13,20,20,True,False,2.775283302522259e-06
0,learned,119,280.0,12,20,20,True,False,2.512468283447395e-06
0,learned,120,270.0,13,20,20,True,False,2.775283302522259e-06
0,learned,121,280.0,12,20,20,True,False,2.512468283447395e-06
0,learned,122,270.0,13,20,20,True,False,2.775283302522259e-06
0,learned,123,280.0,12,20,20,True,False,2.512468283447395e-06
0,learned,124,270.0,13,20,20,True,False,2.775283302522259e-06
0,learned,125,280.0,12,20,20,True,False,2.512468283447395e-06
0,learned,126,270.0,13,20,20,True,False,2.775283302522259e-06
0,learned,127,280.0,12,20,20,True,False,2.512468283447395e-06
0,learned,128,270.0,13,20,20,True,False,2.775283302522259e-06
0,learned,129,280.0,12,20,20,True,False,2.512468283447395e-06
0,learned,130,270.0,13,20,20,True,False,2.775283302522259e-06
0,learned,131,280.0,12,20,20,True,False,2.512468283447395e-06
0,learned,132,270.0,13,20,20,True,False,2.775283302522259e-06
0,learned,133,280.0,12,20,20,True,False,2.512468283447395e-06
0,learned,134,270.0,13,20,20,True,False,2.775283302522259e-06
0,learned,135,280.0,12,20,20,True,False,2.512468283447395e-06
0,learned,136,270.0,13,20,20,True,False,2.775283302522259e-06
0,learned,137,280.0,12,20,20,True,False,2.512468283447395e-06
0,learned,138,270.0,13,20,20,True,False,2.775283302522259e-06
0,learned,139,280.0,12,20,20,True,False,2.512468283447395e-06
0,learned,140,270.0,13,20,20,True,False,2.775283302522259e-06
0,learned,141,280.0,12,20,20,True,False,2.512468283447395e-06
0,learned,142,270.0,13,20,20,True,False,2.775283302522259e-06
0,learned,143,280.0,12,20,20,True,False,2.512468283447395e-06
0,learned,144,270.0,13,20,20,True,False,2.775283302522259e-06
0,learned,145,280.0,12,20,20,True,False,2.512468283447395e-06
0,learned,146,270.0,13,20,20,True,False,2.775283302522259e-06
0,learned,147,280.0,12,20,20,True,False,2.512468283447395e-06
0,learned,148,270.0,13,20,20,True,False,2.775283302522259e-06
0,learned,149,280.0,12,20,20,True,False,2.512468283447395e-06
0,learned,150,270.0,13,20,20,True,False,2.775283302522259e-06
0,learned,151,280.0,12,20,20,True,False,2.512468283447395e-06
0,learned,152,270.0,13,20,20,True,False,2.775283302522259e-06
0,learned,153,280.0,12,20,20,True,False,2.512468283447395e-06
0,learned,154,270.0,13,20,20,True,False,2.775283302522259e-06
0,learned,155,280.0,12,20,20,True,False,2.512468283447395e-06
0,learned,156,270.0,13,20,20,True,False,2.775283302522259e-06
0,learned,157,280.0,12,20,20,True,False,2.512468283447395e-06
0,learned,158,270.0,13,20,20,True,False,2.775283302522259e-06
0,learned,159,280.0,12,20,20,True,False,2.512468283447395e-06
0,learned,160,270.0,13,20,20,True,False,2.775283302522259e-06
0,learned,161,280.0,12,20,20,True,False,2.512468283447395e-06
0,learned,162,270.0,13,20,20,True,False,2.775283302522259e-06
0,learned,163,280.0,12,20,20,True,False,2.512468283447395e-06
0,learned,164,270.0,13,20,20,True,False,2.775283302522259e-06
0,learned,165,280.0,12,20,20,True,False,2.512468283447395e-06
0,learned,166,270.0,13,20,20,True,False,2.775283302522259e-06
0,learned,167,280.0,12,20,20,True,False,2.512468283447395e-06
0,learned,168,270.0,13,20,20,True,False,2.775283302522259e-06
0,learned,169,280.0,12,20,20,True,False,2.512468283447395e-06
0,learned,170,270.0,13,20,20,True,False,2.775283302522259e-06
0,learned,171,280.0,12,20,20,True,False,2.512468283447395e-06
0,learned,172,270.0,13,20,20,True,False,2.775283302522259e-06
0,learned,173,280.0,12,20,20,True,False,2.512468283447395e-06
0,learned,174,270.0,13,20,20,True,False,2.775283302522259e-06
0,learned,175,280.0,12,20,20,True,False,2.512468283447395e-06
0,learned,176,270.0,13,20,20,True,False,2.775283302522259e-06
0,learned,177,280.0,12,20,20,True,False,2.512468283447395e-06
0,learned,178,270.0,13,20,20,True,False,2.775283302522259e-06
0,learned,179,280.0,12,20,20,True,False,2.512468283447395e-06
0,learned,180,270.0,13,20,20,True,False,2.775283302522259e-06
0,learned,181,280.0,12,20,20,True,False,2.512468283447395e-06
0,learned,182,270.0,13,20,20,True,False,2.775283302522259e-06
0,learned,183,280.0,12,20,20,True,False,2.512468283447395e-06
0,learned,184,270.0,13,20,20,True,False,2.775283302522259e-06
0,learned,185,280.0,12,20,20,True,False,2.512468283447395e-06
0,learned,186,270.0,13,20,20,True,False,2.775283302522259e-06
0,learned,187,280.0,12,20,20,True,False,2.512468283447395e-06
0,learned,188,270.0,13,20,20,True,False,2.775283302522259e-06
0,learned,189,280.0,12,20,20,True,False,2.512468283447395e-06
0,learned,190,270.0,13,20,20,True,False,2.775283302522259e-06
0,learned,191,280.0,12,20,20,True,False,2.512468283447395e-06
0,learned,192,270.0,13,20,20,True,False,2.775283302522259e-06
0,learned,193,280.0,12,20,20,True,False,2.512468283447395e-06
0,learned,194,270.0,13,20,20,True,False,2.775283302522259e-06
0,learned,195,280.0,12,20,20,True,False,2.512468283447395e-06
0,learned,196,270.0,13,20,20,True,False,2.775283302522259e-06
0,learned,197,280.0,12,20,20,True,False,2.512468283447395e-06
0,learned,198,270.0,13,20,20,True,False,2.775283302522259e-06
0,learned,199,280.0,12,20,20,True,False,2.512468283447395e-06
0,learned,200,270.0,13,20,20,True,False,2.775283302522259e-06
1,initial,0,240.0,16,20,20,True,False,1.8367748579515085e-05
1,greedy,0,240.0,16,20,20,True,False,1.8367748579515085e-05
1,greedy,1,250.0,15,20,20,True,False,1.4249145685765935e-05
1,greedy,2,260.0,14,20,20,True,False,3.7235675736318423e-06
1,greedy,3,270.0,13,20,20,True,False,8.034794691618345e-07
1,greedy,4,280.0,12,20,20,True,False,7.69374138415331e-08
1,greedy,5,290.0,11,20,20,True,False,7.691428373139083e-08
1,random,0,240.0,16,20,20,True,False,1.8367748579515085e-05
1,random,1,240.0,16,20,20,True,False,1.8367748579515085e-05
1,random,2,240.0,16,20,20,True,False,1.8367748579515085e-05
1,random,3,240.0,16,20,20,True,False,1.8367748579515085e-05
1,random,4,230.0,17,20,20,True,False,1.8729450790013495e-05
1,random,5,230.0,17,20,20,True,False,1.8729450790013495e-05
1,random,6,230.0,17,20,20,True,False,1.8729450790013495e-05
1,random,7,220.0,18,20,20,True,False,2.58963090441928e-05
1,random,8,220.0,18,20,20,True,False,2.58963090441928e-05
1,random,9,220.0,18,20,20,True,False,2.58963090441928e-05
1,random,10,210.0,19,20,20,True,False,3.2452825890098715e-05
1,random,11,200.0,20,20,20,True,False,3.286833310657677e-05
1,random,12,210.0,19,20,20,True,False,2.8831600697769713e-05
1,random,13,220.0,18,20,20,True,False,2.533663768856201e-05
1,random,14,210.0,19,20,20,True,False,2.577533787535806e-05
1,random,15,200.0,20,20,20,True,False,4.23414368264215e-05
1,random,16,200.0,20,20,20,True,False,4.23414368264215e-05
1,random,17,200.0,20,20,20,True,False,4.23414368264215e-05
1,random,18,190.0,21,20,20,True,False,4.50069000573552e-05
1,random,19,200.0,20,20,20,True,False,2.009986360637447e-05
1,random,20,210.0,19,20,20,True,False,1.8601400994238235e-05
1,random,21,200.0,20,20,20,True,False,1.874104790821577e-05
1,random,22,210.0,19,20,20,True,False,1.8673257559173488e-05
1,random,23,210.0,19,20,20,True,False,1.8673257559173488e-05
1,random,24,200.0,20,20,20,True,False,1.881165817221096e-05
1,random,25,210.0,19,20,20,True,False,1.8445998129093913e-05
1,random,26,220.0,18,20,20,True,False,1.5020795242443198e-05
1,random,27,210.0,19,20,20,True,False,1.6475347615981627e-05
1,random,28,200.0,20,20,20,True,False,1.649446529760003e-05
1,random,29,190.0,21,20,20,True,False,1.6722568183996194e-05
1,random,30,200.0,20,20,20,True,False,1.649446529760018e-05
1,random,31,200.0,20,20,20,True,False,1.649446529760018e-05
1,random,32,210.0,19,20,20,True,False,1.6475347615981678e-05
1,random,33,210.0,19,20,20,True,False,1.6475347615981678e-05
1,random,34,210.0,19,20,20,True,False,1.6475347615981678e-05
1,random,35,210.0,19,20,20,True,False,1.6475347615981678e-05
1,random,36,210.0,19,20,20,True,False,1.6475347615981678e-05
1,random,37,200.0,20,20,20,True,False,1.6652131560958314e-05
1,random,38,210.0,19,20,20,True,False,1.0124712967849e-05
1,random,39,220.0,18,20,20,True,False,7.486334626181944e-06
1,random,40,220.0,18,20,20,True,False,7.486334626181944e-06
1,random,41,220.0,18,20,20,True,False,7.486334626181944e-06
1,random,42,210.0,19,20,20,True,False,9.887028781443126e-06
1,random,43,200.0,20,20,20,True,False,1.0006500615127557e-05
1,random,44,190.0,21,20,20,True,False,1.001018775171353e-05
1,random,45,200.0,20,20,20,True,False,9.857142575677814e-06
1,random,46,200.0,20,20,20,True,False,9.857142575677814e-06
1,random,47,200.0,20,20,20,True,False,9.857142575677814e-06
1,random,48,210.0,19,20,20,True,False,4.511186771829894e-06
1,random,49,220.0,18,20,20,True,False,3.3025884025336214e-06
1,random,50,210.0,19,20,20,True,False,4.102553455060989e-06
1,random,51,200.0,20,20,20,True,False,5.407279570286349e-06
1,random,52,200.0,20,20,20,True,False,5.407279570286349e-06
1,random,53,190.0,21,20,20,True,False,6.299597487188528e-06
1,random,54,190.0,21,20,20,True,False,6.299597487188528e-06
1,random,55,180.0,22,20,20,True,False,8.298877636206333e-06
1,random,56,180.0,22,20,20,True,False,8.298877636206333e-06
1,random,57,170.0,23,20,20,True,False,1.4984385381687253e-05
1,random,58,170.0,23,20,20,True,False,1.4984385381687253e-05
1,random,59,170.0,23,20,20,True,False,1.4984385381687253e-05
1,random,60,160.0,24,20,20,True,False,2.5197464592797823e-05
1,random,61,160.0,24,20,20,True,False,2.5197464592797823e-05
1,random,62,170.0,23,20,20,True,False,2.5005308656610076e-05
1,random,63,170.0,23,20,20,True,False,2.5005308656610076e-05
1,random,64,180.0,22,20,20,True,False,1.464876803124079e-05
1,random,65,190.0,21,20,20,True,False,1.293642476774729e-05
1,random,66,200.0,20,20,20,True,False,1.2246022276485499e-05
1,random,67,190.0,21,20,20,True,False,2.068724839733089e-05
1,random,68,190.0,21,20,20,True,False,2.068724839733089e-05
1,random,69,180.0,22,20,20,True,False,2.0766251604223703e-05
1,random,70,180.0,22,20,20,True,False,2.0766251604223703e-05
1,random,71,180.0,22,20,20,True,False,2.0766251604223703e-05
1,random,72,170.0,23,20,20,True,False,2.14600882800882e-05
1,random,73,170.0,23,20,20,True,False,2.14600882800882e-05
1,random,74,170.0,23,20,20,True,False,2.14600882800882e-05
1,random,75,170.0,23,20,20,True,False,2.14600882800882e-05
1,random,76,180.0,22,20,20,True,False,8.755883271659899e-06
1,random,77,190.0,21,20,20,True,False,7.967768027163919e-06
1,random,78,190.0,21,20,20,True,False,7.967768027163919e-06
1,random,79,200.0,20,20,20,True,False,8.175743538548108e-07
1,random,80,190.0,21,20,20,True,False,8.73424077866218e-07
1,random,81,180.0,22,20,20,True,False,9.71733692531099e-07
1,random,82,190.0,21,20,20,True,False,9.510558140674292e-07
1,random,83,180.0,22,20,20,True,False,9.857451454393332e-07
1,random,84,180.0,22,20,20,True,False,9.857451454393332e-07
1,random,85,170.0,23,20,20,True,False,1.047510469899725e-06
1,random,86,170.0,23,20,20,True,False,1.047510469899725e-06
1,random,87,180.0,22,20,20,True,False,1.0443520027949566e-06
1,random,88,180.0,22,20,20,True,False,1.0443520027949566e-06
1,random,89,180.0,22,20,20,True,False,1.0443520027949566e-06
1,random,90,170.0,23,20,20,True,False,1.0551017622097335e-06
1,random,91,170.0,23,20,20,True,False,1.0551017622097335e-06
1,random,92,180.0,22,20,20,True,False,1.0510865698500667e-06
1,random,93,180.0,22,20,20,True,False,1.0510865698500667e-06
1,random,94,180.0,22,20,20,True,False,1.0510865698500667e-06
1,random,95,180.0,22,20,20,True,False,1.0510865698500667e-06
1,random,96,180.0,22,20,20,True,False,1.0510865698500667e-06
1,random,97,180.0,22,20,20,True,False,1.0510865698500667e-06
1,random,98,170.0,23,20,20,True,False,1.0551017622097335e-06
1,random,99,180.0,22,20,20,True,False,1.0498301469301535e-06
1,random,100,180.0,22,20,20,True,False,1.0498301469301535e-06
1,random,101,180.0,22,20,20,True,False,1.0498301469301535e-06
1,random,102,170.0,23,20,20,True,False,1.2122162681979089e-05
1,random,103,160.0,24,20,20,True,False,1.3156596103174694e-05
1,random,104,150.0,25,20,20,True,False,1.316256582441228e-05
1,random,105,150.0,25,20,20,True,False,1.316256582441228e-05
1,random,106,140.0,26,20,20,True,False,2.8384483376790358e-05
1,random,107,140.0,26,20,20,True,False,2.8384483376790358e-05
1,random,108,140.0,26,20,20,True,False,2.8384483376790358e-05
1,random,109,150.0,25,20,20,True,False,2.6765711039268736e-05
1,random,110,140.0,26,20,20,True,False,5.874103684208706e-05
1,random,111,150.0,25,20,20,True,False,5.79327937164601e-05
1,random,112,160.0,24,20,20,True,False,5.6944591475198886e-05
1,random,113,160.0,24,20,20,True,False,5.6944591475198886e-05
1,random,114,160.0,24,20,20,True,False,5.6944591475198886e-05
1,random,115,170.0,23,20,20,True,False,5.445574386626025e-05
1,random,116,160.0,24,20,20,True,False,5.52140696875591e-05
1,random,117,160.0,24,20,20,True,False,5.52140696875591e-05
1,random,118,170.0,23,20,20,True,False,5.51561023694976e-05
1,random,119,170.0,23,20,20,True,False,5.51561023694976e-05
1,random,120,160.0,24,20,20,True,False,6.276171606971545e-05
1,random,121,150.0,25,20,20,True,False,6.405332289486672e-05
1,random,122,140.0,26,20,20,True,False,6.405440584599633e-05
1,random,123,140.0,26,20,20,True,False,6.405440584599633e-05
1,random,124,140.0,26,20,20,True,False,6.405440584599633e-05
1,random,125,130.0,27,20,20,True,False,6.480948148327169e-05
1,random,126,130.0,27,20,20,True,False,6.480948148327169e-05
1,random,127,130.0,27,20,20,True,False,6.480948148327169e-05
1,random,128,140.0,26,20,20,True,False,6.426220841126888e-05
1,random,129,140.0,26,20,20,True,False,6.426220841126888e-05
1,random,130,140.0,26,20,20,True,False,6.426220841126888e-05
1,random,131,130.0,27,20,20,True,False,6.56982876466187e-05
1,random,132,120.0,28,20,20,True,False,6.651368065132094e-05
1,random,133,130.0,27,20,20,True,False,6.646117499053248e-05
1,random,134,130.0,27,20,20,True,False,6.646117499053248e-05
1,random,135,140.0,26,20,20,True,False,6.61778680555105e-05
1,random,136,140.0,26,20,20,True,False,6.61778680555105e-05
1,random,137,150.0,25,20,20,True,False,6.398843649264045e-05
1,random,138,160.0,24,20,20,True,False,6.395954656442108e-05
1,random,139,150.0,25,20,20,True,False,6.929505969825747e-05
1,random,140,150.0,25,20,20,True,False,6.929505969825747e-05
1,random,141,150.0,25,20,20,True,False,6.929505969825747e-05
1,random,142,150.0,25,20,20,True,False,6.929505969825747e-05
1,random,143,160.0,24,20,20,True,False,6.674116467669717e-05
1,random,144,160.0,24,20,20,True,False,6.674116467669717e-05
1,random,145,170.0,23,20,20,True,False,6.184619106767265e-05
1,random,146,170.0,23,20,20,True,False,6.184619106767265e-05
1,random,147,160.0,24,20,20,True,False,6.268267859304915e-05
1,random,148,160.0,24,20,20,True,False,6.268267859304915e-05
1,random,149,160.0,24,20,20,True,False,6.268267859304915e-05
1,random,150,160.0,24,20,20,True,False,6.268267859304915e-05
1,random,151,160.0,24,20,20,True,False,6.268267859304915e-05
1,random,152,170.0,23,20,20,True,False,6.242807009528153e-05
1,random,153,170.0,23,20,20,True,False,6.242807009528153e-05
1,random,154,170.0,23,20,20,True,False,6.242807009528153e-05
1,random,155,170.0,23,20,20,True,False,6.242807009528153e-05
1,random,156,170.0,23,20,20,True,False,6.242807009528153e-05
1,random,157,170.0,23,20,20,True,False,6.242807009528153e-05
1,random,158,180.0,22,20,20,True,False,2.3088028125955788e-05
1,random,159,180.0,22,20,20,True,False,2.3088028125955788e-05
1,random,160,190.0,21,20,20,True,False,2.1809317239837634e-05
1,random,161,190.0,21,20,20,True,False,2.1809317239837634e-05
1,random,162,190.0,21,20,20,True,False,2.1809317239837634e-05
1,random,163,190.0,21,20,20,True,False,2.1809317239837634e-05
1,random,164,180.0,22,20,20,True,False,2.4930475671071122e-05
1,random,165,190.0,21,20,20,True,False,2.4388386589997893e-05
1,random,166,180.0,22,20,20,True,False,2.512876863336203e-05
1,random,167,180.0,22,20,20,True,False,2.512876863336203e-05
1,random,168,180.0,22,20,20,True,False,2.512876863336203e-05
1,random,169,170.0,23,20,20,True,False,2.5316764252530093e-05
1,random,170,170.0,23,20,20,True,False,2.5316764252530093e-05
1,random,171,170.0,23,20,20,True,False,2.5316764252530093e-05
1,random,172,170.0,23,20,20,True,False,2.5316764252530093e-05
1,random,173,180.0,22,20,20,True,False,2.3349012391257917e-05
1,random,174,170.0,23,20,20,True,False,2.4548111831597713e-05
1,random,175,180.0,22,20,20,True,False,2.3349012391257917e-05
1,random,176,190.0,21,20,20,True,False,2.057506261331004e-05
1,random,177,200.0,20,20,20,True,False,2.047414478940982e-05
1,random,178,200.0,20,20,20,True,False,2.047414478940982e-05
1,random,179,200.0,20,20,20,True,False,2.047414478940982e-05
1,random,180,200.0,20,20,20,True,False,2.047414478940982e-05
1,random,181,200.0,20,20,20,True,False,2.047414478940982e-05
1,random,182,190.0,21,20,20,True,False,2.1566598443404837e-05
1,random,183,190.0,21,20,20,True,False,2.1566598443404837e-05
1,random,184,190.0,21,20,20,True,False,2.1566598443404837e-05
1,random,185,190.0,21,20,20,True,False,2.1566598443404837e-05
1,random,186,190.0,21,20,20,True,False,2.1566598443404837e-05
1,random,187,190.0,21,20,20,True,False,2.1566598443404837e-05
1,random,188,180.0,22,20,20,True,False,2.180935895486703e-05
1,random,189,180.0,22,20,20,True,False,2.180935895486703e-05
1,random,190,180.0,22,20,20,True,False,2.180935895486703e-05
1,random,191,180.0,22,20,20,True,False,2.180935895486703e-05
1,random,192,180.0,22,20,20,True,False,2.180935895486703e-05
1,random,193,170.0,23,20,20,True,False,2.4264794919586746e-05
1,random,194,170.0,23,20,20,True,False,2.4264794919586746e-05
1,random,195,180.0,22,20,20,True,False,2.417764097065719e-05
1,random,196,180.0,22,20,20,True,False,2.417764097065719e-05
1,random,197,190.0,21,20,20,True,False,1.920195650355211e-05
1,random,198,190.0,21,20,20,True,False,1.920195650355211e-05
1,random,199,190.0,21,20,20,True,False,1.920195650355211e-05
1,random,200,200.0,20,20,20,True,False,1.8943963323360275e-05
1,learned,0,240.0,16,20,20,True,False,1.8367748579515085e-05
1,learned,1,250.0,15,20,20,True,False,1.0708938986324767e-05
1,learned,2,260.0,14,20,20,True,False,2.7949501869171947e-06
1,learned,3,250.0,15,20,20,True,False,4.139801027962163e-06
1,learned,4,240.0,16,20,20,True,False,1.4626953593897809e-05
1,learned,5,230.0,17,20,20,True,False,1.5791081376081643e-05
1,learned,6,220.0,18,20,20,True,False,1.5795015856750978e-05
1,learned,7,230.0,17,20,20,True,False,1.5471522912179748e-05
1,learned,8,240.0,16,20,20,True,False,9.8411245522003e-07
1,learned,9,250.0,15,20,20,True,False,9.497457833356609e-07
1,learned,10,240.0,16,20,20,True,False,1.533155122950082e-05
1,learned,11,250.0,15,20,20,True,False,9.497457833356609e-07
1,learned,12,240.0,16,20,20,True,False,1.533155122950082e-05
1,learned,13,250.0,15,20,20,True,False,9.497457833356609e-07
1,learned,14,240.0,16,20,20,True,False,1.533155122950082e-05
1,learned,15,250.0,15,20,20,True,False,9.497457833356609e-07
1,learned,16,240.0,16,20,20,True,False,1.533155122950082e-05
1,learned,17,250.0,15,20,20,True,False,9.497457833356609e-07
1,learned,18,240.0,16,20,20,True,False,1.533155122950082e-05
1,learned,19,250.0,15,20,20,True,False,9.497457833356609e-07
1,learned,20,240.0,16,20,20,True,False,1.533155122950082e-05
1,learned,21,250.0,15,20,20,True,False,9.497457833356609e-07
1,learned,22,240.0,16,20,20,True,False,1.533155122950082e-05
1,learned,23,250.0,15,20,20,True,False,9.497457833356609e-07
1,learned,24,240.0,16,20,20,True,False,1.533155122950082e-05
1,learned,25,250.0,15,20,20,True,False,9.497457833356609e-07
1,learned,26,240.0,16,20,20,True,False,1.533155122950082e-05
1,learned,27,250.0,15,20,20,True,False,9.497457833356609e-07
1,learned,28,240.0,16,20,20,True,False,1.533155122950082e-05
1,learned,29,250.0,15,20,20,True,False,9.497457833356609e-07
1,learned,30,240.0,16,20,20,True,False,1.533155122950082e-05
1,learned,31,250.0,15,20,20,True,False,9.497457833356609e-07
1,learned,32,240.0,16,20,20,True,False,1.533155122950082e-05
1,learned,33,250.0,15,20,20,True,False,9.497457833356609e-07
1,learned,34,240.0,16,20,20,True,False,1.533155122950082e-05
1,learned,35,250.0,15,20,20,True,False,9.497457833356609e-07
1,learned,36,240.0,16,20,20,True,False,1.533155122950082e-05
1,learned,37,250.0,15,20,20,True,False,9.497457833356609e-07
1,learned,38,240.0,16,20,20,True,False,1.533155122950082e-05
1,learned,39,250.0,15,20,20,True,False,9.497457833356609e-07
1,learned,40,240.0,16,20,20,True,False,1.533155122950082e-05
1,learned,41,250.0,15,20,20,True,False,9.497457833356609e-07
1,learned,42,240.0,16,20,20,True,False,1.533155122950082e-05
1,learned,43,250.0,15,20,20,True,False,9.497457833356609e-07
1,learned,44,240.0,16,20,20,True,False,1.533155122950082e-05
1,learned,45,250.0,15,20,20,True,False,9.497457833356609e-07
1,learned,46,240.0,16,20,20,True,False,1.533155122950082e-05
1,learned,47,250.0,15,20,20,True,False,9.497457833356609e-07
1,learned,48,240.0,16,20,20,True,False,1.533155122950082e-05
1,learned,49,250.0,15,20,20,True,False,9.497457833356609e-07
1,learned,50,240.0,16,20,20,True,False,1.533155122950082e-05
1,learned,51,250.0,15,20,20,True,False,9.497457833356609e-07
1,learned,52,240.0,16,20,20,True,False,1.533155122950082e-05
1,learned,53,250.0,15,20,20,True,False,9.497457833356609e-07
1,learned,54,240.0,16,20,20,True,False,1.533155122950082e-05
1,learned,55,250.0,15,20,20,True,False,9.497457833356609e-07
1,learned,56,240.0,16,20,20,True,False,1.533155122950082e-05
1,learned,57,250.0,15,20,20,True,False,9.497457833356609e-07
1,learned,58,240.0,16,20,20,True,False,1.533155122950082e-05
1,learned,59,250.0,15,20,20,True,False,9.497457833356609e-07
1,learned,60,240.0,16,20,20,True,False,1.533155122950082e-05
1,learned,61,250.0,15,20,20,True,False,9.497457833356609e-07
1,learned,62,240.0,16,20,20,True,False,1.533155122950082e-05
1,learned,63,250.0,15,20,20,True,False,9.497457833356609e-07
1,learned,64,240.0,16,20,20,True,False,1.533155122950082e-05
1,learned,65,250.0,15,20,20,True,False,9.497457833356609e-07
1,learned,66,240.0,16,20,20,True,False,1.533155122950082e-05
1,learned,67,250.0,15,20,20,True,False,9.497457833356609e-07
1,learned,68,240.0,16,20,20,True,False,1.533155122950082e-05
1,learned,69,250.0,15,20,20,True,False,9.497457833356609e-07
1,learned,70,240.0,16,20,20,True,False,1.533155122950082e-05
1,learned,71,250.0,15,20,20,True,False,9.497457833356609e-07
1,learned,72,240.0,16,20,20,True,False,1.533155122950082e-05
1,learned,73,250.0,15,20,20,True,False,9.497457833356609e-07
1,learned,74,240.0,16,20,20,True,False,1.533155122950082e-05
1,learned,75,250.0,15,20,20,True,False,9.497457833356609e-07
1,learned,76,240.0,16,20,20,True,False,1.533155122950082e-05
1,learned,77,250.0,15,20,20,True,False,9.497457833356609e-07
1,learned,78,240.0,16,20,20,True,False,1.533155122950082e-05
1,learned,79,250.0,15,20,20,True,False,9.497457833356609e-07
1,learned,80,240.0,16,20,20,True,False,1.533155122950082e-05
1,learned,81,250.0,15,20,20,True,False,9.497457833356609e-07
1,learned,82,240.0,16,20,20,True,False,1.533155122950082e-05
1,learned,83,250.0,15,20,20,True,False,9.497457833356609e-07
1,learned,84,240.0,16,20,20,True,False,1.533155122950082e-05
1,learned,85,250.0,15,20,20,True,False,9.497457833356609e-07
1,learned,86,240.0,16,20,20,True,False,1.533155122950082e-05
1,learned,87,250.0,15,20,20,True,False,9.497457833356609e-07
1,learned,88,240.0,16,20,20,True,False,1.533155122950082e-05
1,learned,89,250.0,15,20,20,True,False,9.497457833356609e-07
1,learned,90,240.0,16,20,20,True,False,1.533155122950082e-05
1,learned,91,250.0,15,20,20,True,False,9.497457833356609e-07
1,learned,92,240.0,16,20,20,True,False,1.533155122950082e-05
1,learned,93,250.0,15,20,20,True,False,9.497457833356609e-07
1,learned,94,240.0,16,20,20,True,False,1.533155122950082e-05
1,learned,95,250.0,15,20,20,True,False,9.497457833356609e-07
1,learned,96,240.0,16,20,20,True,False,1.533155122950082e-05
1,learned,97,250.0,15,20,20,True,False,9.497457833356609e-07
1,learned,98,240.0,16,20,20,True,False,1.533155122950082e-05
1,learned,99,250.0,15,20,20,True,False,9.497457833356609e-07
1,learned,100,240.0,16,20,20,True,False,1.533155122950082e-05
1,learned,101,250.0,15,20,20,True,False,9.497457833356609e-07
1,learned,102,240.0,16,20,20,True,False,1.533155122950082e-05
1,learned,103,250.0,15,20,20,True,False,9.497457833356609e-07
1,learned,104,240.0,16,20,20,True,False,1.533155122950082e-05
1,learned,105,250.0,15,20,20,True,False,9.497457833356609e-07
1,learned,106,240.0,16,20,20,True,False,1.533155122950082e-05
1,learned,107,250.0,15,20,20,True,False,9.497457833356609e-07
1,learned,108,240.0,16,20,20,True,False,1.533155122950082e-05
1,learned,109,250.0,15,20,20,True,False,9.497457833356609e-07
1,learned,110,240.0,16,20,20,True,False,1.533155122950082e-05
1,learned,111,250.0,15,20,20,True,False,9.497457833356609e-07
1,learned,112,240.0,16,20,20,True,False,1.533155122950082e-05
1,learned,113,250.0,15,20,20,True,False,9.497457833356609e-07
1,learned,114,240.0,16,20,20,True,False,1.533155122950082e-05
1,learned,115,250.0,15,20,20,True,False,9.497457833356609e-07
1,learned,116,240.0,16,20,20,True,False,1.533155122950082e-05
1,learned,117,250.0,15,20,20,True,False,9.497457833356609e-07
1,learned,118,240.0,16,20,20,True,False,1.533155122950082e-05
1,learned,119,250.0,15,20,20,True,False,9.497457833356609e-07
1,learned,120,240.0,16,20,20,True,False,1.533155122950082e-05
1,learned,121,250.0,15,20,20,True,False,9.497457833356609e-07
1,learned,122,240.0,16,20,20,True,False,1.533155122950082e-05
1,learned,123,250.0,15,20,20,True,False,9.497457833356609e-07
1,learned,124,240.0,16,20,20,True,False,1.533155122950082e-05
1,learned,125,250.0,15,20,20,True,False,9.497457833356609e-07
1,learned,126,240.0,16,20,20,True,False,1.533155122950082e-05
1,learned,127,250.0,15,20,20,True,False,9.497457833356609e-07
1,learned,128,240.0,16,20,20,True,False,1.533155122950082e-05
1,learned,129,250.0,15,20,20,True,False,9.497457833356609e-07
1,learned,130,240.0,16,20,20,True,False,1.533155122950082e-05
1,learned,131,250.0,15,20,20,True,False,9.497457833356609e-07
1,learned,132,240.0,16,20,20,True,False,1.533155122950082e-05
1,learned,133,250.0,15,20,20,True,False,9.497457833356609e-07
1,learned,134,240.0,16,20,20,True,False,1.533155122950082e-05
1,learned,135,250.0,15,20,20,True,False,9.497457833356609e-07
1,learned,136,240.0,16,20,20,True,False,1.533155122950082e-05
1,learned,137,250.0,15,20,20,True,False,9.497457833356609e-07
1,learned,138,240.0,16,20,20,True,False,1.533155122950082e-05
1,learned,139,250.0,15,20,20,True,False,9.497457833356609e-07
1,learned,140,240.0,16,20,20,True,False,1.533155122950082e-05
1,learned,141,250.0,15,20,20,True,False,9.497457833356609e-07
1,learned,142,240.0,16,20,20,True,False,1.533155122950082e-05
1,learned,143,250.0,15,20,20,True,False,9.497457833356609e-07
1,learned,144,240.0,16,20,20,True,False,1.533155122950082e-05
1,learned,145,250.0,15,20,20,True,False,9.497457833356609e-07
1,learned,146,240.0,16,20,20,True,False,1.533155122950082e-05
1,learned,147,250.0,15,20,20,True,False,9.497457833356609e-07
1,learned,148,240.0,16,20,20,True,False,1.533155122950082e-05
1,learned,149,250.0,15,20,20,True,False,9.497457833356609e-07
1,learned,150,240.0,16,20,20,True,False,1.533155122950082e-05
1,learned,151,250.0,15,20,20,True,False,9.497457833356609e-07
1,learned,152,240.0,16,20,20,True,False,1.533155122950082e-05
1,learned,153,250.0,15,20,20,True,False,9.497457833356609e-07
1,learned,154,240.0,16,20,20,True,False,1.533155122950082e-05
1,learned,155,250.0,15,20,20,True,False,9.497457833356609e-07
1,learned,156,240.0,16,20,20,True,False,1.533155122950082e-05
1,learned,157,250.0,15,20,20,True,False,9.497457833356609e-07
1,learned,158,240.0,16,20,20,True,False,1.533155122950082e-05
1,learned,159,250.0,15,20,20,True,False,9.497457833356609e-07
1,learned,160,240.0,16,20,20,True,False,1.533155122950082e-05
1,learned,161,250.0,15,20,20,True,False,9.497457833356609e-07
1,learned,162,240.0,16,20,20,True,False,1.533155122950082e-05
1,learned,163,250.0,15,20,20,True,False,9.497457833356609e-07
1,learned,164,240.0,16,20,20,True,False,1.533155122950082e-05
1,learned,165,250.0,15,20,20,True,False,9.497457833356609e-07
1,learned,166,240.0,16,20,20,True,False,1.533155122950082e-05
1,learned,167,250.0,15,20,20,True,False,9.497457833356609e-07
1,learned,168,240.0,16,20,20,True,False,1.533155122950082e-05
1,learned,169,250.0,15,20,20,True,False,9.497457833356609e-07
1,learned,170,240.0,16,20,20,True,False,1.533155122950082e-05
1,learned,171,250.0,15,20,20,True,False,9.497457833356609e-07
1,learned,172,240.0,16,20,20,True,False,1.533155122950082e-05
1,learned,173,250.0,15,20,20,True,False,9.497457833356609e-07
1,learned,174,240.0,16,20,20,True,False,1.533155122950082e-05
1,learned,175,250.0,15,20,20,True,False,9.497457833356609e-07
1,learned,176,240.0,16,20,20,True,False,1.533155122950082e-05
1,learned,177,250.0,15,20,20,True,False,9.497457833356609e-07
1,learned,178,240.0,16,20,20,True,False,1.533155122950082e-05
1,learned,179,250.0,15,20,20,True,False,9.497457833356609e-07
1,learned,180,240.0,16,20,20,True,False,1.533155122950082e-05
1,learned,181,250.0,15,20,20,True,False,9.497457833356609e-07
1,learned,182,240.0,16,20,20,True,False,1.533155122950082e-05
1,learned,183,250.0,15,20,20,True,False,9.497457833356609e-07
1,learned,184,240.0,16,20,20,True,False,1.533155122950082e-05
1,learned,185,250.0,15,20,20,True,False,9.497457833356609e-07
1,learned,186,240.0,16,20,20,True,False,1.533155122950082e-05
1,learned,187,250.0,15,20,20,True,False,9.497457833356609e-07
1,learned,188,240.0,16,20,20,True,False,1.533155122950082e-05
1,learned,189,250.0,15,20,20,True,False,9.497457833356609e-07
1,learned,190,240.0,16,20,20,True,False,1.533155122950082e-05
1,learned,191,250.0,15,20,20,True,False,9.497457833356609e-07
1,learned,192,240.0,16,20,20,True,False,1.533155122950082e-05
1,learned,193,250.0,15,20,20,True,False,9.497457833356609e-07
1,learned,194,240.0,16,20,20,True,False,1.533155122950082e-05
1,learned,195,250.0,15,20,20,True,False,9.497457833356609e-07
1,learned,196,240.0,16,20,20,True,False,1.533155122950082e-05
1,learned,197,250.0,15,20,20,True,False,9.497457833356609e-07
1,learned,198,240.0,16,20,20,True,False,1.533155122950082e-05
1,learned,199,250.0,15,20,20,True,False,9.497457833356609e-07
1,learned,200,240.0,16,20,20,True,False,1.533155122950082e-05
2,initial,0,30.0,1,2,20,False,False,0.0
2,greedy,0,30.0,1,2,20,False,False,0.0
2,greedy,1,60.0,2,4,20,False,False,0.0
2,greedy,2,90.0,3,6,20,False,False,0.0
2,greedy,3,120.0,4,8,20,False,False,0.0
2,greedy,4,150.0,5,10,20,False,False,0.0
2,greedy,5,180.0,6,12,20,False,False,0.0
2,greedy,6,210.0,7,14,20,False,False,0.0
2,greedy,7,240.0,8,16,20,False,False,0.0
2,greedy,8,250.0,9,17,20,False,False,0.0
2,greedy,9,260.0,10,18,20,False,False,0.0
2,greedy,10,270.0,9,18,20,False,False,0.0
2,greedy,11,280.0,10,19,20,False,False,0.0
2,greedy,12,290.0,11,20,20,True,False,1.1389078017675725e-08
2,random,0,30.0,1,2,20,False,False,0.0
2,random,1,30.0,1,2,20,False,False,0.0
2,random,2,60.0,2,4,20,False,False,0.0
2,random,3,60.0,2,4,20,False,False,0.0
2,random,4,90.0,3,6,20,False,False,0.0
2,random,5,120.0,4,8,20,False,False,0.0
2,random,6,120.0,4,8,20,False,False,0.0
2,random,7,120.0,4,8,20,False,False,0.0
2,random,8,150.0,5,10,20,False,False,0.0
2,random,9,150.0,5,10,20,False,False,0.0
2,random,10,150.0,5,10,20,False,False,0.0
2,random,11,150.0,5,10,20,False,False,0.0
2,random,12,150.0,5,10,20,False,False,0.0
2,random,13,150.0,5,10,20,False,False,0.0
2,random,14,150.0,5,10,20,False,False,0.0
2,random,15,140.0,6,10,20,False,False,0.0
2,random,16,170.0,7,12,20,False,False,0.0
2,random,17,170.0,7,12,20,False,False,0.0
2,random,18,170.0,7,12,20,False,False,0.0
2,random,19,170.0,7,12,20,False,False,0.0
2,random,20,170.0,7,12,20,False,False,0.0
2,random,21,200.0,8,14,20,False,False,0.0
2,random,22,230.0,9,16,20,False,False,0.0
2,random,23,200.0,8,14,20,False,False,0.0
2,random,24,210.0,9,15,20,False,False,0.0
2,random,25,210.0,9,15,20,False,False,0.0
2,random,26,200.0,10,15,20,False,False,0.0
2,random,27,200.0,10,15,20,False,False,0.0
2,random,28,200.0,10,15,20,False,False,0.0
2,random,29,210.0,11,16,20,False,False,0.0
2,random,30,210.0,11,16,20,False,False,0.0
2,random,31,210.0,11,16,20,False,False,0.0
2,random,32,220.0,12,17,20,False,False,0.0
2,random,33,220.0,12,17,20,False,False,0.0
2,random,34,220.0,12,17,20,False,False,0.0
2,random,35,210.0,13,17,20,False,False,0.0
2,random,36,240.0,14,19,20,False,False,0.0
2,random,37,240.0,14,19,20,False,False,0.0
2,random,38,240.0,14,19,20,False,False,0.0
2,random,39,230.0,15,19,20,False,False,0.0
2,random,40,220.0,14,18,20,False,False,0.0
2,random,41,220.0,14,18,20,False,False,0.0
2,random,42,220.0,14,18,20,False,False,0.0
2,random,43,230.0,15,19,20,False,False,0.0
2,random,44,220.0,16,19,20,False,False,0.0
2,random,45,220.0,16,19,20,False,False,0.0
2,random,46,220.0,16,19,20,False,False,0.0
2,random,47,220.0,16,19,20,False,False,0.0
2,random,48,220.0,16,19,20,False,False,0.0
2,random,49,210.0,17,19,20,False,False,0.0
2,random,50,210.0,17,19,20,False,False,0.0
2,random,51,210.0,17,19,20,False,False,0.0
2,random,52,220.0,16,19,20,False,False,0.0
2,random,53,220.0,16,19,20,False,False,0.0
2,random,54,220.0,16,19,20,False,False,0.0
2,random,55,210.0,17,19,20,False,False,0.0
2,random,56,200.0,18,19,20,False,False,0.0
2,random,57,200.0,18,19,20,False,False,0.0
2,random,58,200.0,18,19,20,False,False,0.0
2,random,59,200.0,18,19,20,False,False,0.0
2,random,60,200.0,18,19,20,False,False,0.0
2,random,61,190.0,19,19,20,False,False,0.0
2,random,62,190.0,19,19,20,False,False,0.0
2,random,63,180.0,20,19,20,False,False,0.0
2,random,64,190.0,21,20,20,True,False,1.3998814880956937e-05
2,random,65,190.0,21,20,20,True,False,1.3998814880956937e-05
2,random,66,190.0,21,20,20,True,False,1.3998814880956937e-05
2,random,67,200.0,20,20,20,True,False,1.3713537818607522e-05
2,random,68,200.0,20,20,20,True,False,1.3713537818607522e-05
2,random,69,190.0,21,20,20,True,False,1.5649062721269163e-05
2,random,70,180.0,22,20,20,True,False,1.8910381094399294e-05
2,random,71,170.0,23,20,20,True,False,3.1867079103371665e-05
2,random,72,180.0,22,20,20,True,False,3.150652480788367e-05
2,random,73,180.0,22,20,20,True,False,3.150652480788367e-05
2,random,74,180.0,22,20,20,True,False,3.150652480788367e-05
2,random,75,180.0,22,20,20,True,False,3.150652480788367e-05
2,random,76,190.0,21,20,20,True,False,3.0409587852451704e-05
2,random,77,190.0,21,20,20,True,False,3.0409587852451704e-05
2,random,78,180.0,22,20,20,True,False,4.027410347868191e-05
2,random,79,180.0,22,20,20,True,False,4.027410347868191e-05
2,random,80,190.0,21,20,20,True,False,3.0409587852451704e-05
2,random,81,190.0,21,20,20,True,False,3.0409587852451704e-05
2,random,82,180.0,22,20,20,True,False,3.401588909442925e-05
2,random,83,170.0,23,20,20,True,False,3.4525365817278846e-05
2,random,84,180.0,22,20,20,True,False,2.2528870682956572e-05
2,random,85,180.0,22,20,20,True,False,2.2528870682956572e-05
2,random,86,180.0,22,20,20,True,False,2.2528870682956572e-05
2,random,87,180.0,22,20,20,True,False,2.2528870682956572e-05
2,random,88,170.0,23,20,20,True,False,3.0784109262094485e-05
2,random,89,170.0,23,20,20,True,False,3.0784109262094485e-05
2,random,90,170.0,23,20,20,True,False,3.0784109262094485e-05
2,random,91,160.0,24,20,20,True,False,3.133900369192712e-05
2,random,92,170.0,23,20,20,True,False,3.011898582095205e-05
2,random,93,170.0,23,20,20,True,False,3.011898582095205e-05
2,random,94,180.0,22,20,20,True,False,2.9709467753303514e-05
2,random,95,180.0,22,20,20,True,False,2.9709467753303514e-05
2,random,96,180.0,22,20,20,True,False,2.9709467753303514e-05
2,random,97,190.0,21,20,20,True,False,1.8541678923309534e-05
2,random,98,190.0,21,20,20,True,False,1.8541678923309534e-05
2,random,99,190.0,21,20,20,True,False,1.8541678923309534e-05
2,random,100,190.0,21,20,20,True,False,1.8541678923309534e-05
2,random,101,180.0,22,20,20,True,False,1.8581449775740487e-05
2,random,102,170.0,23,20,20,True,False,2.9788736340430846e-05
2,random,103,170.0,23,20,20,True,False,2.9788736340430846e-05
2,random,104,170.0,23,20,20,True,False,2.9788736340430846e-05
2,random,105,180.0,22,20,20,True,False,2.9709467753303487e-05
2,random,106,180.0,22,20,20,True,False,2.9709467753303487e-05
2,random,107,170.0,23,20,20,True,False,3.376223450524531e-05
2,random,108,170.0,23,20,20,True,False,3.376223450524531e-05
2,random,109,160.0,24,20,20,True,False,3.422936757830168e-05
2,random,110,160.0,24,20,20,True,False,3.422936757830168e-05
2,random,111,150.0,25,20,20,True,False,3.439669666165996e-05
2,random,112,140.0,26,20,20,True,False,3.608687656194584e-05
2,random,113,130.0,27,20,20,True,False,3.613707571155527e-05
2,random,114,140.0,26,20,20,True,False,2.1732534020629415e-05
2,random,115,150.0,25,20,20,True,False,2.0263147060013712e-05
2,random,116,150.0,25,20,20,True,False,2.0263147060013712e-05
2,random,117,160.0,24,20,20,True,False,1.917665474671392e-05
2,random,118,160.0,24,20,20,True,False,1.917665474671392e-05
2,random,119,150.0,25,20,20,True,False,2.3890239338811895e-05
2,random,120,160.0,24,20,20,True,False,1.917665474671392e-05
2,random,121,160.0,24,20,20,True,False,1.917665474671392e-05
2,random,122,160.0,24,20,20,True,False,1.917665474671392e-05
2,random,123,160.0,24,20,20,True,False,1.917665474671392e-05
2,random,124,150.0,25,20,20,True,False,2.0263147060013712e-05
2,random,125,150.0,25,20,20,True,False,2.0263147060013712e-05
2,random,126,150.0,25,20,20,True,False,2.0263147060013712e-05
2,random,127,150.0,25,20,20,True,False,2.0263147060013712e-05
2,random,128,150.0,25,20,20,True,False,2.0263147060013712e-05
2,random,129,140.0,26,20,20,True,False,2.397056775808679e-05
2,random,130,140.0,26,20,20,True,False,2.397056775808679e-05
2,random,131,140.0,26,20,20,True,False,2.397056775808679e-05
2,random,132,140.0,26,20,20,True,False,2.397056775808679e-05
2,random,133,140.0,26,20,20,True,False,2.397056775808679e-05
2,random,134,140.0,26,20,20,True,False,2.397056775808679e-05
2,random,135,150.0,25,20,20,True,False,2.3462933277967027e-05
2,random,136,140.0,26,20,20,True,False,2.4083847280609913e-05
2,random,137,140.0,26,20,20,True,False,2.4083847280609913e-05
2,random,138,130.0,27,20,20,True,False,2.4100102578651526e-05
2,random,139,120.0,28,20,20,True,False,2.412464192600023e-05
2,random,140,120.0,28,20,20,True,False,2.412464192600023e-05
2,random,141,120.0,28,20,20,True,False,2.412464192600023e-05
2,random,142,130.0,27,20,20,True,False,1.6301557819110004e-05
2,random,143,120.0,28,20,20,True,False,1.823032414517196e-05
2,random,144,130.0,27,20,20,True,False,1.8037340667029132e-05
2,random,145,120.0,28,20,20,True,False,1.870691397213194e-05
2,random,146,110.0,29,20,20,True,False,1.873258746149265e-05
2,random,147,110.0,29,20,20,True,False,1.873258746149265e-05
2,random,148,120.0,28,20,20,True,False,1.145596768575169e-05
2,random,149,120.0,28,20,20,True,False,1.145596768575169e-05
2,random,150,130.0,27,20,20,True,False,1.1104149190100048e-05
2,random,151,130.0,27,20,20,True,False,1.1104149190100048e-05
2,random,152,140.0,26,20,20,True,False,9.292249312979741e-06
2,random,153,130.0,27,20,20,True,False,1.1871019135340365e-05
2,random,154,130.0,27,20,20,True,False,1.1871019135340365e-05
2,random,155,130.0,27,20,20,True,False,1.1871019135340365e-05
2,random,156,130.0,27,20,20,True,False,1.1871019135340365e-05
2,random,157,120.0,28,20,20,True,False,2.175068071057878e-05
2,random,158,120.0,28,20,20,True,False,2.175068071057878e-05
2,random,159,120.0,28,20,20,True,False,2.175068071057878e-05
2,random,160,120.0,28,20,20,True,False,2.175068071057878e-05
2,random,161,120.0,28,20,20,True,False,2.175068071057878e-05
2,random,162,130.0,27,20,20,True,False,2.172190501103432e-05
2,random,163,130.0,27,20,20,True,False,2.172190501103432e-05
2,random,164,140.0,26,20,20,True,False,2.160196214658213e-05
2,random,165,150.0,25,20,20,True,False,2.1551727130873054e-05
2,random,166,160.0,24,20,20,True,False,1.9735113755160568e-05
2,random,167,150.0,25,20,20,True,False,1.985472572055135e-05
2,random,168,140.0,26,20,20,True,False,2.056948732309522e-05
2,random,169,130.0,27,20,20,True,False,2.2460917802754202e-05
2,random,170,140.0,26,20,20,True,False,2.2221227070358904e-05
2,random,171,140.0,26,20,20,True,False,2.2221227070358904e-05
2,random,172,140.0,26,20,20,True,False,2.2221227070358904e-05
2,random,173,140.0,26,20,20,True,False,2.2221227070358904e-05
2,random,174,140.0,26,20,20,True,False,2.2221227070358904e-05
2,random,175,140.0,26,20,20,True,False,2.2221227070358904e-05
2,random,176,140.0,26,20,20,True,False,2.2221227070358904e-05
2,random,177,150.0,25,20,20,True,False,2.107597232167625e-05
2,random,178,160.0,24,20,20,True,False,2.0498434310796107e-05
2,random,179,160.0,24,20,20,True,False,2.0498434310796107e-05
2,random,180,150.0,25,20,20,True,False,2.154243686738905e-05
2,random,181,140.0,26,20,20,True,False,2.947021488577837e-05
2,random,182,140.0,26,20,20,True,False,2.947021488577837e-05
2,random,183,140.0,26,20,20,True,False,2.947021488577837e-05
2,random,184,130.0,27,20,20,True,False,2.9577469684312525e-05
2,random,185,120.0,28,20,20,True,False,2.9756047518112032e-05
2,random,186,120.0,28,20,20,True,False,2.9756047518112032e-05
2,random,187,110.0,29,20,20,True,False,2.9854173168613532e-05
2,random,188,100.0,30,20,20,True,False,2.9865958681384806e-05
2,random,189,100.0,30,20,20,True,False,2.9865958681384806e-05
2,random,190,90.0,31,20,20,True,False,4.387961229958614e-05
2,random,191,90.0,31,20,20,True,False,4.387961229958614e-05
2,random,192,100.0,30,20,20,True,False,4.131729357822539e-05
2,random,193,100.0,30,20,20,True,False,4.131729357822539e-05
2,random,194,100.0,30,20,20,True,False,4.131729357822539e-05
2,random,195,90.0,31,20,20,True,False,4.750847594494525e-05
2,random,196,100.0,30,20,20,True,False,4.727757265349925e-05
2,random,197,100.0,30,20,20,True,False,4.727757265349925e-05
2,random,198,110.0,29,20,20,True,False,4.7056008219435804e-05
2,random,199,100.0,30,20,20,True,False,5.111564010663831e-05
2,random,200,100.0,30,20,20,True,False,5.111564010663831e-05
2,learned,0,30.0,1,2,20,False,False,0.0
2,learned,1,60.0,2,4,20,False,False,0.0
2,learned,2,90.0,3,6,20,False,False,0.0
2,learned,3,120.0,4,8,20,False,False,0.0
2,learned,4,150.0,5,10,20,False,False,0.0
2,learned,5,180.0,6,12,20,False,False,0.0
2,learned,6,170.0,7,12,20,False,False,0.0
2,learned,7,200.0,8,14,20,False,False,0.0
2,learned,8,210.0,9,15,20,False,False,0.0
2,learned,9,220.0,10,16,20,False,False,0.0
2,learned,10,230.0,11,17,20,False,False,0.0
2,learned,11,240.0,12,18,20,False,False,0.0
2,learned,12,250.0,13,19,20,False,False,0.0
2,learned,13,260.0,14,20,20,True,False,1.1024690391372937e-06
2,learned,14,270.0,13,20,20,True,False,1.0717802750041216e-06
2,learned,15,280.0,12,20,20,True,False,9.468683012840453e-07
2,learned,16,270.0,13,20,20,True,False,9.522691847558284e-07
2,learned,17,260.0,14,20,20,True,False,1.8191347386989984e-06
2,learned,18,250.0,15,20,20,True,False,5.905828930064757e-06
2,learned,19,240.0,16,20,20,True,False,8.517506949188233e-06
2,learned,20,230.0,17,20,20,True,False,9.866162269941875e-06
2,learned,21,240.0,16,20,20,True,False,9.722716798183232e-06
2,learned,22,250.0,15,20,20,True,False,7.653058613951808e-06
2,learned,23,260.0,14,20,20,True,False,4.388863067380686e-06
2,learned,24,250.0,15,20,20,True,False,4.9555978454432085e-06
2,learned,25,260.0,14,20,20,True,False,4.388863067380686e-06
2,learned,26,250.0,15,20,20,True,False,4.9555978454432085e-06
2,learned,27,260.0,14,20,20,True,False,4.388863067380686e-06
2,learned,28,250.0,15,20,20,True,False,4.9555978454432085e-06
2,learned,29,260.0,14,20,20,True,False,4.388863067380686e-06
2,learned,30,250.0,15,20,20,True,False,4.9555978454432085e-06
2,learned,31,260.0,14,20,20,True,False,4.388863067380686e-06
2,learned,32,250.0,15,20,20,True,False,4.9555978454432085e-06
2,learned,33,260.0,14,20,20,True,False,4.388863067380686e-06
2,learned,34,250.0,15,20,20,True,False,4.9555978454432085e-06
2,learned,35,260.0,14,20,20,True,False,4.388863067380686e-06
2,learned,36,250.0,15,20,20,True,False,4.9555978454432085e-06
2,learned,37,260.0,14,20,20,True,False,4.388863067380686e-06
2,learned,38,250.0,15,20,20,True,False,4.9555978454432085e-06
2,learned,39,260.0,14,20,20,True,False,4.388863067380686e-06
2,learned,40,250.0,15,20,20,True,False,4.9555978454432085e-06
2,learned,41,260.0,14,20,20,True,False,4.388863067380686e-06
2,learned,42,250.0,15,20,20,True,False,4.9555978454432085e-06
2,learned,43,260.0,14,20,20,True,False,4.388863067380686e-06
2,learned,44,250.0,15,20,20,True,False,4.9555978454432085e-06
2,learned,45,260.0,14,20,20,True,False,4.388863067380686e-06
2,learned,46,250.0,15,20,20,True,False,4.9555978454432085e-06
2,learned,47,260.0,14,20,20,True,False,4.388863067380686e-06
2,learned,48,250.0,15,20,20,True,False,4.9555978454432085e-06
2,learned,49,260.0,14,20,20,True,False,4.388863067380686e-06
2,learned,50,250.0,15,20,20,True,False,4.9555978454432085e-06
2,learned,51,260.0,14,20,20,True,False,4.388863067380686e-06
2,learned,52,250.0,15,20,20,True,False,4.9555978454432085e-06
2,learned,53,260.0,14,20,20,True,False,4.388863067380686e-06
2,learned,54,250.0,15,20,20,True,False,4.9555978454432085e-06
2,learned,55,260.0,14,20,20,True,False,4.388863067380686e-06
2,learned,56,250.0,15,20,20,True,False,4.9555978454432085e-06
2,learned,57,260.0,14,20,20,True,False,4.388863067380686e-06
2,learned,58,250.0,15,20,20,True,False,4.9555978454432085e-06
2,learned,59,260.0,14,20,20,True,False,4.388863067380686e-06
2,learned,60,250.0,15,20,20,True,False,4.9555978454432085e-06
2,learned,61,260.0,14,20,20,True,False,4.388863067380686e-06
2,learned,62,250.0,15,20,20,True,False,4.9555978454432085e-06
2,learned,63,260.0,14,20,20,True,False,4.388863067380686e-06
2,learned,64,250.0,15,20,20,True,False,4.9555978454432085e-06
2,learned,65,260.0,14,20,20,True,False,4.388863067380686e-06
2,learned,66,250.0,15,20,20,True,False,4.9555978454432085e-06
2,learned,67,260.0,14,20,20,True,False,4.388863067380686e-06
2,learned,68,250.0,15,20,20,True,False,4.9555978454432085e-06
2,learned,69,260.0,14,20,20,True,False,4.388863067380686e-06
2,learned,70,250.0,15,20,20,True,False,4.9555978454432085e-06
2,learned,71,260.0,14,20,20,True,False,4.388863067380686e-06
2,learned,72,250.0,15,20,20,True,False,4.9555978454432085e-06
2,learned,73,260.0,14,20,20,True,False,4.388863067380686e-06
2,learned,74,250.0,15,20,20,True,False,4.9555978454432085e-06
2,learned,75,260.0,14,20,20,True,False,4.388863067380686e-06
2,learned,76,250.0,15,20,20,True,False,4.9555978454432085e-06
2,learned,77,260.0,14,20,20,True,False,4.388863067380686e-06
2,learned,78,250.0,15,20,20,True,False,4.9555978454432085e-06
2,learned,79,260.0,14,20,20,True,False,4.388863067380686e-06
2,learned,80,250.0,15,20,20,True,False,4.9555978454432085e-06
2,learned,81,260.0,14,20,20,True,False,4.388863067380686e-06
2,learned,82,250.0,15,20,20,True,False,4.9555978454432085e-06
2,learned,83,260.0,14,20,20,True,False,4.388863067380686e-06
2,learned,84,250.0,15,20,20,True,False,4.9555978454432085e-06
2,learned,85,260.0,14,20,20,True,False,4.388863067380686e-06
2,learned,86,250.0,15,20,20,True,False,4.9555978454432085e-06
2,learned,87,260.0,14,20,20,True,False,4.388863067380686e-06
2,learned,88,250.0,15,20,20,True,False,4.9555978454432085e-06
2,learned,89,260.0,14,20,20,True,False,4.388863067380686e-06
2,learned,90,250.0,15,20,20,True,False,4.9555978454432085e-06
2,learned,91,260.0,14,20,20,True,False,4.388863067380686e-06
2,learned,92,250.0,15,20,20,True,False,4.9555978454432085e-06
2,learned,93,260.0,14,20,20,True,False,4.388863067380686e-06
2,learned,94,250.0,15,20,20,True,False,4.9555978454432085e-06
2,learned,95,260.0,14,20,20,True,False,4.388863067380686e-06
2,learned,96,250.0,15,20,20,True,False,4.9555978454432085e-06
2,learned,97,260.0,14,20,20,True,False,4.388863067380686e-06
2,learned,98,250.0,15,20,20,True,False,4.9555978454432085e-06
2,learned,99,260.0,14,20,20,True,False,4.388863067380686e-06
2,learned,100,250.0,15,20,20,True,False,4.9555978454432085e-06
2,learned,101,260.0,14,20,20,True,False,4.388863067380686e-06
2,learned,102,250.0,15,20,20,True,False,4.9555978454432085e-06
2,learned,103,260.0,14,20,20,True,False,4.388863067380686e-06
2,learned,104,250.0,15,20,20,True,False,4.9555978454432085e-06
2,learned,105,260.0,14,20,20,True,False,4.388863067380686e-06
2,learned,106,250.0,15,20,20,True,False,4.9555978454432085e-06
2,learned,107,260.0,14,20,20,True,False,4.388863067380686e-06
2,learned,108,250.0,15,20,20,True,False,4.9555978454432085e-06
2,learned,109,260.0,14,20,20,True,False,4.388863067380686e-06
2,learned,110,250.0,15,20,20,True,False,4.9555978454432085e-06
2,learned,111,260.0,14,20,20,True,False,4.388863067380686e-06
2,learned,112,250.0,15,20,20,True,False,4.9555978454432085e-06
2,learned,113,260.0,14,20,20,True,False,4.388863067380686e-06
2,learned,114,250.0,15,20,20,True,False,4.9555978454432085e-06
2,learned,115,260.0,14,20,20,True,False,4.388863067380686e-06
2,learned,116,250.0,15,20,20,True,False,4.9555978454432085e-06
2,learned,117,260.0,14,20,20,True,False,4.388863067380686e-06
2,learned,118,250.0,15,20,20,True,False,4.9555978454432085e-06
2,learned,119,260.0,14,20,20,True,False,4.388863067380686e-06
2,learned,120,250.0,15,20,20,True,False,4.9555978454432085e-06
2,learned,121,260.0,14,20,20,True,False,4.388863067380686e-06
2,learned,122,250.0,15,20,20,True,False,4.9555978454432085e-06
2,learned,123,260.0,14,20,20,True,False,4.388863067380686e-06
2,learned,124,250.0,15,20,20,True,False,4.9555978454432085e-06
2,learned,125,260.0,14,20,20,True,False,4.388863067380686e-06
2,learned,126,250.0,15,20,20,True,False,4.9555978454432085e-06
2,learned,127,260.0,14,20,20,True,False,4.388863067380686e-06
2,learned,128,250.0,15,20,20,True,False,4.9555978454432085e-06
2,learned,129,260.0,14,20,20,True,False,4.388863067380686e-06
2,learned,130,250.0,15,20,20,True,False,4.9555978454432085e-06
2,learned,131,260.0,14,20,20,True,False,4.388863067380686e-06
2,learned,132,250.0,15,20,20,True,False,4.9555978454432085e-06
2,learned,133,260.0,14,20,20,True,False,4.388863067380686e-06
2,learned,134,250.0,15,20,20,True,False,4.9555978454432085e-06
2,learned,135,260.0,14,20,20,True,False,4.388863067380686e-06
2,learned,136,250.0,15,20,20,True,False,4.9555978454432085e-06
2,learned,137,260.0,14,20,20,True,False,4.388863067380686e-06
2,learned,138,250.0,15,20,20,True,False,4.9555978454432085e-06
2,learned,139,260.0,14,20,20,True,False,4.388863067380686e-06
2,learned,140,250.0,15,20,20,True,False,4.9555978454432085e-06
2,learned,141,260.0,14,20,20,True,False,4.388863067380686e-06
2,learned,142,250.0,15,20,20,True,False,4.9555978454432085e-06
2,learned,143,260.0,14,20,20,True,False,4.388863067380686e-06
2,learned,144,250.0,15,20,20,True,False,4.9555978454432085e-06
2,learned,145,260.0,14,20,20,True,False,4.388863067380686e-06
2,learned,146,250.0,15,20,20,True,False,4.9555978454432085e-06
2,learned,147,260.0,14,20,20,True,False,4.388863067380686e-06
2,learned,148,250.0,15,20,20,True,False,4.9555978454432085e-06
2,learned,149,260.0,14,20,20,True,False,4.388863067380686e-06
2,learned,150,250.0,15,20,20,True,False,4.9555978454432085e-06
2,learned,151,260.0,14,20,20,True,False,4.388863067380686e-06
2,learned,152,250.0,15,20,20,True,False,4.9555978454432085e-06
2,learned,153,260.0,14,20,20,True,False,4.388863067380686e-06
2,learned,154,250.0,15,20,20,True,False,4.9555978454432085e-06
2,learned,155,260.0,14,20,20,True,False,4.388863067380686e-06
2,learned,156,250.0,15,20,20,True,False,4.9555978454432085e-06
2,learned,157,260.0,14,20,20,True,False,4.388863067380686e-06
2,learned,158,250.0,15,20,20,True,False,4.9555978454432085e-06
2,learned,159,260.0,14,20,20,True,False,4.388863067380686e-06
2,learned,160,250.0,15,20,20,True,False,4.9555978454432085e-06
2,learned,161,260.0,14,20,20,True,False,4.388863067380686e-06
2,learned,162,250.0,15,20,20,True,False,4.9555978454432085e-06
2,learned,163,260.0,14,20,20,True,False,4.388863067380686e-06
2,learned,164,250.0,15,20,20,True,False,4.9555978454432085e-06
2,learned,165,260.0,14,20,20,True,False,4.388863067380686e-06
2,learned,166,250.0,15,20,20,True,False,4.9555978454432085e-06
2,learned,167,260.0,14,20,20,True,False,4.388863067380686e-06
2,learned,168,250.0,15,20,20,True,False,4.9555978454432085e-06
2,learned,169,260.0,14,20,20,True,False,4.388863067380686e-06
2,learned,170,250.0,15,20,20,True,False,4.9555978454432085e-06
2,learned,171,260.0,14,20,20,True,False,4.388863067380686e-06
2,learned,172,250.0,15,20,20,True,False,4.9555978454432085e-06
2,learned,173,260.0,14,20,20,True,False,4.388863067380686e-06
2,learned,174,250.0,15,20,20,True,False,4.9555978454432085e-06
2,learned,175,260.0,14,20,20,True,False,4.388863067380686e-06
2,learned,176,250.0,15,20,20,True,False,4.9555978454432085e-06
2,learned,177,260.0,14,20,20,True,False,4.388863067380686e-06
2,learned,178,250.0,15,20,20,True,False,4.9555978454432085e-06
2,learned,179,260.0,14,20,20,True,False,4.388863067380686e-06
2,learned,180,250.0,15,20,20,True,False,4.9555978454432085e-06
2,learned,181,260.0,14,20,20,True,False,4.388863067380686e-06
2,learned,182,250.0,15,20,20,True,False,4.9555978454432085e-06
2,learned,183,260.0,14,20,20,True,False,4.388863067380686e-06
2,learned,184,250.0,15,20,20,True,False,4.9555978454432085e-06
2,learned,185,260.0,14,20,20,True,False,4.388863067380686e-06
2,learned,186,250.0,15,20,20,True,False,4.9555978454432085e-06
2,learned,187,260.0,14,20,20,True,False,4.388863067380686e-06
2,learned,188,250.0,15,20,20,True,False,4.9555978454432085e-06
2,learned,189,260.0,14,20,20,True,False,4.388863067380686e-06
2,learned,190,250.0,15,20,20,True,False,4.9555978454432085e-06
2,learned,191,260.0,14,20,20,True,False,4.388863067380686e-06
2,learned,192,250.0,15,20,20,True,False,4.9555978454432085e-06
2,learned,193,260.0,14,20,20,True,False,4.388863067380686e-06
2,learned,194,250.0,15,20,20,True,False,4.9555978454432085e-06
2,learned,195,260.0,14,20,20,True,False,4.388863067380686e-06
2,learned,196,250.0,15,20,20,True,False,4.9555978454432085e-06
2,learned,197,260.0,14,20,20,True,False,4.388863067380686e-06
2,learned,198,250.0,15,20,20,True,False,4.9555978454432085e-06
2,learned,199,260.0,14,20,20,True,False,4.388863067380686e-06
2,learned,200,250.0,15,20,20,True,False,4.9555978454432085e-06
3,initial,0,60.0,2,4,20,False,False,0.0
3,greedy,0,60.0,2,4,20,False,False,0.0
3,greedy,1,90.0,3,6,20,False,False,0.0
3,greedy,2,120.0,4,8,20,False,False,0.0
3,greedy,3,150.0,5,10,20,False,False,0.0
3,greedy,4,180.0,6,12,20,False,False,0.0
3,greedy,5,210.0,7,14,20,False,False,0.0
3,greedy,6,240.0,8,16,20,False,False,0.0
3,greedy,7,250.0,9,17,20,False,False,0.0
3,greedy,8,260.0,10,18,20,False,False,0.0
3,greedy,9,270.0,9,18,20,False,False,0.0
3,greedy,10,280.0,10,19,20,False,False,0.0
3,greedy,11,290.0,11,20,20,True,False,4.761177265361705e-06
3,random,0,60.0,2,4,20,False,False,0.0
3,random,1,60.0,2,4,20,False,False,0.0
3,random,2,60.0,2,4,20,False,False,0.0
3,random,3,60.0,2,4,20,False,False,0.0
3,random,4,60.0,2,4,20,False,False,0.0
3,random,5,90.0,3,6,20,False,False,0.0
3,random,6,120.0,4,8,20,False,False,0.0
3,random,7,150.0,5,10,20,False,False,0.0
3,random,8,150.0,5,10,20,False,False,0.0
3,random,9,150.0,5,10,20,False,False,0.0
3,random,10,150.0,5,10,20,False,False,0.0
3,random,11,150.0,5,10,20,False,False,0.0
3,random,12,150.0,5,10,20,False,False,0.0
3,random,13,150.0,5,10,20,False,False,0.0
3,random,14,120.0,4,8,20,False,False,0.0
3,random,15,150.0,5,10,20,False,False,0.0
3,random,16,150.0,5,10,20,False,False,0.0
3,random,17,150.0,5,10,20,False,False,0.0
3,random,18,150.0,5,10,20,False,False,0.0
3,random,19,180.0,6,12,20,False,False,0.0
3,random,20,210.0,7,14,20,False,False,0.0
3,random,21,210.0,7,14,20,False,False,0.0
3,random,22,240.0,8,16,20,False,False,0.0
3,random,23,270.0,9,18,20,False,False,0.0
3,random,24,260.0,10,18,20,False,False,0.0
3,random,25,260.0,10,18,20,False,False,0.0
3,random,26,260.0,10,18,20,False,False,0.0
3,random,27,260.0,10,18,20,False,False,0.0
3,random,28,260.0,10,18,20,False,False,0.0
3,random,29,230.0,9,16,20,False,False,0.0
3,random,30,230.0,9,16,20,False,False,0.0
3,random,31,200.0,8,14,20,False,False,0.0
3,random,32,230.0,9,16,20,False,False,0.0
3,random,33,220.0,10,16,20,False,False,0.0
3,random,34,220.0,10,16,20,False,False,0.0
3,random,35,250.0,11,18,20,False,False,0.0
3,random,36,280.0,12,20,20,True,False,1.6178534730137978e-07
3,random,37,280.0,12,20,20,True,False,1.6178534730137978e-07
3,random,38,270.0,13,20,20,True,False,1.66758604257698e-07
3,random,39,270.0,13,20,20,True,False,1.66758604257698e-07
3,random,40,270.0,13,20,20,True,False,1.66758604257698e-07
3,random,41,260.0,14,20,20,True,False,1.693090927735511e-07
3,random,42,260.0,14,20,20,True,False,1.693090927735511e-07
3,random,43,260.0,14,20,20,True,False,1.693090927735511e-07
3,random,44,250.0,15,20,20,True,False,3.3432032830889323e-06
3,random,45,250.0,15,20,20,True,False,3.3432032830889323e-06
3,random,46,250.0,15,20,20,True,False,3.3432032830889323e-06
3,random,47,260.0,14,20,20,True,False,3.003039537570059e-06
3,random,48,250.0,15,20,20,True,False,3.4676180677251077e-06
3,random,49,240.0,16,20,20,True,False,3.5941306014518963e-06
3,random,50,250.0,15,20,20,True,False,3.0784215253840457e-06
3,random,51,240.0,16,20,20,True,False,3.247007365483067e-06
3,random,52,230.0,17,20,20,True,False,3.3559325020397596e-06
3,random,53,230.0,17,20,20,True,False,3.3559325020397596e-06
3,random,54,230.0,17,20,20,True,False,3.3559325020397596e-06
3,random,55,230.0,17,20,20,True,False,3.3559325020397596e-06
3,random,56,240.0,16,20,20,True,False,3.2953526909058314e-06
3,random,57,230.0,17,20,20,True,False,3.320641282482987e-06
3,random,58,220.0,18,20,20,True,False,3.433192549047298e-06
3,random,59,230.0,17,20,20,True,False,3.4148765284083322e-06
3,random,60,230.0,17,20,20,True,False,3.4148765284083322e-06
3,random,61,240.0,16,20,20,True,False,2.8627942224134854e-06
3,random,62,240.0,16,20,20,True,False,2.8627942224134854e-06
3,random,63,230.0,17,20,20,True,False,2.9214434894184497e-06
3,random,64,220.0,18,20,20,True,False,3.3701175766265066e-06
3,random,65,210.0,19,20,20,True,False,3.3702272244813375e-06
3,random,66,210.0,19,20,20,True,False,3.3702272244813375e-06
3,random,67,210.0,19,20,20,True,False,3.3702272244813375e-06
3,random,68,200.0,20,20,20,True,False,3.3718337086501295e-06
3,random,69,200.0,20,20,20,True,False,3.3718337086501295e-06
3,random,70,200.0,20,20,20,True,False,3.3718337086501295e-06
3,random,71,200.0,20,20,20,True,False,3.3718337086501295e-06
3,random,72,200.0,20,20,20,True,False,3.3718337086501295e-06
3,random,73,200.0,20,20,20,True,False,3.3718337086501295e-06
3,random,74,200.0,20,20,20,True,False,3.3718337086501295e-06
3,random,75,190.0,21,20,20,True,False,3.3734654866725166e-06
3,random,76,190.0,21,20,20,True,False,3.3734654866725166e-06
3,random,77,200.0,20,20,20,True,False,3.2468491767887216e-06
3,random,78,200.0,20,20,20,True,False,3.2468491767887216e-06
3,random,79,210.0,19,20,20,True,False,3.2466036159069928e-06
3,random,80,210.0,19,20,20,True,False,3.2466036159069928e-06
3,random,81,200.0,20,20,20,True,False,3.2492686459763758e-06
3,random,82,190.0,21,20,20,True,False,4.1269541057818244e-06
3,random,83,180.0,22,20,20,True,False,1.090175992981021e-05
3,random,84,180.0,22,20,20,True,False,1.090175992981021e-05
3,random,85,170.0,23,20,20,True,False,1.4061097829630035e-05
3,random,86,170.0,23,20,20,True,False,1.4061097829630035e-05
3,random,87,170.0,23,20,20,True,False,1.4061097829630035e-05
3,random,88,170.0,23,20,20,True,False,1.4061097829630035e-05
3,random,89,170.0,23,20,20,True,False,1.4061097829630035e-05
3,random,90,170.0,23,20,20,True,False,1.4061097829630035e-05
3,random,91,160.0,24,20,20,True,False,1.4087389495971013e-05
3,random,92,150.0,25,20,20,True,False,1.4994426733478907e-05
3,random,93,150.0,25,20,20,True,False,1.4994426733478907e-05
3,random,94,140.0,26,20,20,True,False,1.616139385728229e-05
3,random,95,130.0,27,20,20,True,False,7.166722828667487e-05
3,random,96,140.0,26,20,20,True,False,5.479163145252804e-05
3,random,97,140.0,26,20,20,True,False,5.479163145252804e-05
3,random,98,140.0,26,20,20,True,False,5.479163145252804e-05
3,random,99,150.0,25,20,20,True,False,2.0324789117994534e-05
3,random,100,150.0,25,20,20,True,False,2.0324789117994534e-05
3,random,101,150.0,25,20,20,True,False,2.0324789117994534e-05
3,random,102,150.0,25,20,20,True,False,2.0324789117994534e-05
3,random,103,140.0,26,20,20,True,False,2.7434906438709446e-05
3,random,104,130.0,27,20,20,True,False,2.7529295527050057e-05
3,random,105,130.0,27,20,20,True,False,2.7529295527050057e-05
3,random,106,130.0,27,20,20,True,False,2.7529295527050057e-05
3,random,107,140.0,26,20,20,True,False,2.73451276015457e-05
3,random,108,140.0,26,20,20,True,False,2.73451276015457e-05
3,random,109,140.0,26,20,20,True,False,2.73451276015457e-05
3,random,110,130.0,27,20,20,True,False,5.7336661322107103e-05
3,random,111,120.0,28,20,20,True,False,5.821923756541477e-05
3,random,112,120.0,28,20,20,True,False,5.821923756541477e-05
3,random,113,120.0,28,20,20,True,False,5.821923756541477e-05
3,random,114,120.0,28,20,20,True,False,5.821923756541477e-05
3,random,115,110.0,29,20,20,True,False,5.8246020571036666e-05
3,random,116,120.0,28,20,20,True,False,5.763650741098147e-05
3,random,117,110.0,29,20,20,True,False,5.7890613678616736e-05
3,random,118,100.0,30,20,20,True,False,5.796091564488265e-05
3,random,119,100.0,30,20,20,True,False,5.796091564488265e-05
3,random,120,100.0,30,20,20,True,False,5.796091564488265e-05
3,random,121,110.0,29,20,20,True,False,5.7890613678616736e-05
3,random,122,120.0,28,20,20,True,False,4.996051939581746e-05
3,random,123,120.0,28,20,20,True,False,4.996051939581746e-05
3,random,124,120.0,28,20,20,True,False,4.996051939581746e-05
3,random,125,120.0,28,20,20,True,False,4.996051939581746e-05
3,random,126,110.0,29,20,20,True,False,5.435400013816387e-05
3,random,127,110.0,29,20,20,True,False,5.435400013816387e-05
3,random,128,110.0,29,20,20,True,False,5.435400013816387e-05
3,random,129,110.0,29,20,20,True,False,5.435400013816387e-05
3,random,130,100.0,30,20,20,True,False,6.154391351820183e-05
3,random,131,110.0,29,20,20,True,False,5.435400013816403e-05
3,random,132,110.0,29,20,20,True,False,5.435400013816403e-05
3,random,133,100.0,30,20,20,True,False,6.062094372613525e-05
3,random,134,110.0,29,20,20,True,False,3.781197486328018e-05
3,random,135,100.0,30,20,20,True,False,4.0730968960894165e-05
3,random,136,100.0,30,20,20,True,False,4.0730968960894165e-05
3,random,137,110.0,29,20,20,True,False,4.03086267731755e-05
3,random,138,120.0,28,20,20,True,False,3.589051579795897e-05
3,random,139,130.0,27,20,20,True,False,2.7750832273123222e-05
3,random,140,120.0,28,20,20,True,False,5.400200730913562e-05
3,random,141,120.0,28,20,20,True,False,5.400200730913562e-05
3,random,142,110.0,29,20,20,True,False,6.041680875488428e-05
3,random,143,100.0,30,20,20,True,False,6.085850297319081e-05
3,random,144,100.0,30,20,20,True,False,6.085850297319081e-05
3,random,145,100.0,30,20,20,True,False,6.085850297319081e-05
3,random,146,90.0,31,20,20,True,False,6.0974331353494016e-05
3,random,147,90.0,31,20,20,True,False,6.0974331353494016e-05
3,random,148,100.0,30,20,20,True,False,6.088869886210172e-05
3,random,149,100.0,30,20,20,True,False,6.088869886210172e-05
3,random,150,100.0,30,20,20,True,False,6.088869886210172e-05
3,random,151,100.0,30,20,20,True,False,6.088869886210172e-05
3,random,152,110.0,29,20,20,True,False,6.015268920033299e-05
3,random,153,100.0,30,20,20,True,False,6.04717672504398e-05
3,random,154,90.0,31,20,20,True,False,6.096064891647559e-05
3,random,155,90.0,31,20,20,True,False,6.096064891647559e-05
3,random,156,90.0,31,20,20,True,False,6.096064891647559e-05
3,random,157,90.0,31,20,20,True,False,6.096064891647559e-05
3,random,158,100.0,30,20,20,True,False,5.9798299002596146e-05
3,random,159,100.0,30,20,20,True,False,5.9798299002596146e-05
3,random,160,90.0,31,20,20,True,False,6.0832228565423495e-05
3,random,161,100.0,30,20,20,True,False,5.9716311874209836e-05
3,random,162,90.0,31,20,20,True,False,6.563187176918757e-05
3,random,163,80.0,32,20,20,True,False,6.666682917363686e-05
3,random,164,80.0,32,20,20,True,False,6.666682917363686e-05
3,random,165,70.0,33,20,20,True,False,6.697824007322563e-05
3,random,166,70.0,33,20,20,True,False,6.697824007322563e-05
3,random,167,60.0,34,20,20,True,False,7.052036624076858e-05
3,random,168,60.0,34,20,20,True,False,7.052036624076858e-05
3,random,169,60.0,34,20,20,True,False,7.052036624076858e-05
3,random,170,70.0,33,20,20,True,False,7.00558668741325e-05
3,random,171,60.0,34,20,20,True,False,8.715488010758676e-05
3,random,172,70.0,33,20,20,True,False,8.437067532380544e-05
3,random,173,80.0,32,20,20,True,False,8.431635166267996e-05
3,random,174,70.0,33,20,20,True,False,8.625541211162608e-05
3,random,175,70.0,33,20,20,True,False,8.625541211162608e-05
3,random,176,70.0,33,20,20,True,False,8.625541211162608e-05
3,random,177,80.0,32,20,20,True,False,8.239737581122431e-05
3,random,178,90.0,31,20,20,True,False,7.197950610032802e-05
3,random,179,90.0,31,20,20,True,False,7.197950610032802e-05
3,random,180,100.0,30,20,20,True,False,7.142185773626876e-05
3,random,181,100.0,30,20,20,True,False,7.142185773626876e-05
3,random,182,100.0,30,20,20,True,False,7.142185773626876e-05
3,random,183,100.0,30,20,20,True,False,7.142185773626876e-05
3,random,184,100.0,30,20,20,True,False,7.142185773626876e-05
3,random,185,100.0,30,20,20,True,False,7.142185773626876e-05
3,random,186,100.0,30,20,20,True,False,7.142185773626876e-05
3,random,187,100.0,30,20,20,True,False,7.142185773626876e-05
3,random,188,110.0,29,20,20,True,False,7.025661160129404e-05
3,random,189,110.0,29,20,20,True,False,7.025661160129404e-05
3,random,190,110.0,29,20,20,True,False,7.025661160129404e-05
3,random,191,100.0,30,20,20,True,False,7.298342607777189e-05
3,random,192,90.0,31,20,20,True,False,7.376989382055113e-05
3,random,193,90.0,31,20,20,True,False,7.376989382055113e-05
3,random,194,90.0,31,20,20,True,False,7.376989382055113e-05
3,random,195,100.0,30,20,20,True,False,7.29834260777722e-05
3,random,196,100.0,30,20,20,True,False,7.29834260777722e-05
3,random,197,110.0,29,20,20,True,False,7.184932117099149e-05
3,random,198,110.0,29,20,20,True,False,7.184932117099149e-05
3,random,199,110.0,29,20,20,True,False,7.184932117099149e-05
3,random,200,110.0,29,20,20,True,False,7.184932117099149e-05
3,learned,0,60.0,2,4,20,False,False,0.0
3,learned,1,90.0,3,6,20,False,False,0.0
3,learned,2,120.0,4,8,20,False,False,0.0
3,learned,3,150.0,5,10,20,False,False,0.0
3,learned,4,180.0,6,12,20,False,False,0.0
3,learned,5,210.0,7,14,20,False,False,0.0
3,learned,6,200.0,8,14,20,False,False,0.0
3,learned,7,210.0,9,15,20,False,False,0.0
3,learned,8,220.0,10,16,20,False,False,0.0
3,learned,9,230.0,11,17,20,False,False,0.0
3,learned,10,240.0,12,18,20,False,False,0.0
3,learned,11,250.0,13,19,20,False,False,0.0
3,learned,12,260.0,14,20,20,True,False,4.145603468910527e-06
3,learned,13,250.0,15,20,20,True,False,4.423388691556732e-06
3,learned,14,260.0,14,20,20,True,False,4.402151696086348e-06
3,learned,15,250.0,15,20,20,True,False,4.41769181151768e-06
3,learned,16,260.0,14,20,20,True,False,4.37427994691943e-06
3,learned,17,250.0,15,20,20,True,False,4.467940506375035e-06
3,learned,18,240.0,16,20,20,True,False,4.48486045934834e-06
3,learned,19,230.0,17,20,20,True,False,7.182799715648219e-06
3,learned,20,220.0,18,20,20,True,False,7.226142928167238e-06
3,learned,21,210.0,19,20,20,True,False,1.0763566054353366e-05
3,learned,22,220.0,18,20,20,True,False,1.0354013108044402e-05
3,learned,23,230.0,17,20,20,True,False,5.1533472329287145e-06
3,learned,24,240.0,16,20,20,True,False,4.98954275812543e-06
3,learned,25,250.0,15,20,20,True,False,4.081264207468964e-06
3,learned,26,260.0,14,20,20,True,False,3.331738967795758e-06
3,learned,27,250.0,15,20,20,True,False,5.691222053291136e-06
3,learned,28,260.0,14,20,20,True,False,4.2255241137249155e-06
3,learned,29,270.0,13,20,20,True,False,3.7824944882835025e-06
3,learned,30,260.0,14,20,20,True,False,5.371770140283224e-06
3,learned,31,270.0,13,20,20,True,False,3.7824944882835025e-06
3,learned,32,260.0,14,20,20,True,False,5.371770140283224e-06
3,learned,33,270.0,13,20,20,True,False,3.7824944882835025e-06
3,learned,34,260.0,14,20,20,True,False,5.371770140283224e-06
3,learned,35,270.0,13,20,20,True,False,3.7824944882835025e-06
3,learned,36,260.0,14,20,20,True,False,5.371770140283224e-06
3,learned,37,270.0,13,20,20,True,False,3.7824944882835025e-06
3,learned,38,260.0,14,20,20,True,False,5.371770140283224e-06
3,learned,39,270.0,13,20,20,True,False,3.7824944882835025e-06
3,learned,40,260.0,14,20,20,True,False,5.371770140283224e-06
3,learned,41,270.0,13,20,20,True,False,3.7824944882835025e-06
3,learned,42,260.0,14,20,20,True,False,5.371770140283224e-06
3,learned,43,270.0,13,20,20,True,False,3.7824944882835025e-06
3,learned,44,260.0,14,20,20,True,False,5.371770140283224e-06
3,learned,45,270.0,13,20,20,True,False,3.7824944882835025e-06
3,learned,46,260.0,14,20,20,True,False,5.371770140283224e-06
3,learned,47,270.0,13,20,20,True,False,3.7824944882835025e-06
3,learned,48,260.0,14,20,20,True,False,5.371770140283224e-06
3,learned,49,270.0,13,20,20,True,False,3.7824944882835025e-06
3,learned,50,260.0,14,20,20,True,False,5.371770140283224e-06
3,learned,51,270.0,13,20,20,True,False,3.7824944882835025e-06
3,learned,52,260.0,14,20,20,True,False,5.371770140283224e-06
3,learned,53,270.0,13,20,20,True,False,3.7824944882835025e-06
3,learned,54,260.0,14,20,20,True,False,5.371770140283224e-06
3,learned,55,270.0,13,20,20,True,False,3.7824944882835025e-06
3,learned,56,260.0,14,20,20,True,False,5.371770140283224e-06
3,learned,57,270.0,13,20,20,True,False,3.7824944882835025e-06
3,learned,58,260.0,14,20,20,True,False,5.371770140283224e-06
3,learned,59,270.0,13,20,20,True,False,3.7824944882835025e-06
3,learned,60,260.0,14,20,20,True,False,5.371770140283224e-06
3,learned,61,270.0,13,20,20,True,False,3.7824944882835025e-06
3,learned,62,260.0,14,20,20,True,False,5.371770140283224e-06
3,learned,63,270.0,13,20,20,True,False,3.7824944882835025e-06
3,learned,64,260.0,14,20,20,True,False,5.371770140283224e-06
3,learned,65,270.0,13,20,20,True,False,3.7824944882835025e-06
3,learned,66,260.0,14,20,20,True,False,5.371770140283224e-06
3,learned,67,270.0,13,20,20,True,False,3.7824944882835025e-06
3,learned,68,260.0,14,20,20,True,False,5.371770140283224e-06
3,learned,69,270.0,13,20,20,True,False,3.7824944882835025e-06
3,learned,70,260.0,14,20,20,True,False,5.371770140283224e-06
3,learned,71,270.0,13,20,20,True,False,3.7824944882835025e-06
3,learned,72,260.0,14,20,20,True,False,5.371770140283224e-06
3,learned,73,270.0,13,20,20,True,False,3.7824944882835025e-06
3,learned,74,260.0,14,20,20,True,False,5.371770140283224e-06
3,learned,75,270.0,13,20,20,True,False,3.7824944882835025e-06
3,learned,76,260.0,14,20,20,True,False,5.371770140283224e-06
3,learned,77,270.0,13,20,20,True,False,3.7824944882835025e-06
3,learned,78,260.0,14,20,20,True,False,5.371770140283224e-06
3,learned,79,270.0,13,20,20,True,False,3.7824944882835025e-06
3,learned,80,260.0,14,20,20,True,False,5.371770140283224e-06
3,learned,81,270.0,13,20,20,True,False,3.7824944882835025e-06
3,learned,82,260.0,14,20,20,True,False,5.371770140283224e-06
3,learned,83,270.0,13,20,20,True,False,3.7824944882835025e-06
3,learned,84,260.0,14,20,20,True,False,5.371770140283224e-06
3,learned,85,270.0,13,20,20,True,False,3.7824944882835025e-06
3,learned,86,260.0,14,20,20,True,False,5.371770140283224e-06
3,learned,87,270.0,13,20,20,True,False,3.7824944882835025e-06
3,learned,88,260.0,14,20,20,True,False,5.371770140283224e-06
3,learned,89,270.0,13,20,20,True,False,3.7824944882835025e-06
3,learned,90,260.0,14,20,20,True,False,5.371770140283224e-06
3,learned,91,270.0,13,20,20,True,False,3.7824944882835025e-06
3,learned,92,260.0,14,20,20,True,False,5.371770140283224e-06
3,learned,93,270.0,13,20,20,True,False,3.7824944882835025e-06
3,learned,94,260.0,14,20,20,True,False,5.371770140283224e-06
3,learned,95,270.0,13,20,20,True,False,3.7824944882835025e-06
3,learned,96,260.0,14,20,20,True,False,5.371770140283224e-06
3,learned,97,270.0,13,20,20,True,False,3.7824944882835025e-06
3,learned,98,260.0,14,20,20,True,False,5.371770140283224e-06
3,learned,99,270.0,13,20,20,True,False,3.7824944882835025e-06
3,learned,100,260.0,14,20,20,True,False,5.371770140283224e-06
3,learned,101,270.0,13,20,20,True,False,3.7824944882835025e-06
3,learned,102,260.0,14,20,20,True,False,5.371770140283224e-06
3,learned,103,270.0,13,20,20,True,False,3.7824944882835025e-06
3,learned,104,260.0,14,20,20,True,False,5.371770140283224e-06
3,learned,105,270.0,13,20,20,True,False,3.7824944882835025e-06
3,learned,106,260.0,14,20,20,True,False,5.371770140283224e-06
3,learned,107,270.0,13,20,20,True,False,3.7824944882835025e-06
3,learned,108,260.0,14,20,20,True,False,5.371770140283224e-06
3,learned,109,270.0,13,20,20,True,False,3.7824944882835025e-06
3,learned,110,260.0,14,20,20,True,False,5.371770140283224e-06
3,learned,111,270.0,13,20,20,True,False,3.7824944882835025e-06
3,learned,112,260.0,14,20,20,True,False,5.371770140283224e-06
3,learned,113,270.0,13,20,20,True,False,3.7824944882835025e-06
3,learned,114,260.0,14,20,20,True,False,5.371770140283224e-06
3,learned,115,270.0,13,20,20,True,False,3.7824944882835025e-06
3,learned,116,260.0,14,20,20,True,False,5.371770140283224e-06
3,learned,117,270.0,13,20,20,True,False,3.7824944882835025e-06
3,learned,118,260.0,14,20,20,True,False,5.371770140283224e-06
3,learned,119,270.0,13,20,20,True,False,3.7824944882835025e-06
3,learned,120,260.0,14,20,20,True,False,5.371770140283224e-06
3,learned,121,270.0,13,20,20,True,False,3.7824944882835025e-06
3,learned,122,260.0,14,20,20,True,False,5.371770140283224e-06
3,learned,123,270.0,13,20,20,True,False,3.7824944882835025e-06
3,learned,124,260.0,14,20,20,True,False,5.371770140283224e-06
3,learned,125,270.0,13,20,20,True,False,3.7824944882835025e-06
3,learned,126,260.0,14,20,20,True,False,5.371770140283224e-06
3,learned,127,270.0,13,20,20,True,False,3.7824944882835025e-06
3,learned,128,260.0,14,20,20,True,False,5.371770140283224e-06
3,learned,129,270.0,13,20,20,True,False,3.7824944882835025e-06
3,learned,130,260.0,14,20,20,True,False,5.371770140283224e-06
3,learned,131,270.0,13,20,20,True,False,3.7824944882835025e-06
3,learned,132,260.0,14,20,20,True,False,5.371770140283224e-06
3,learned,133,270.0,13,20,20,True,False,3.7824944882835025e-06
3,learned,134,260.0,14,20,20,True,False,5.371770140283224e-06
3,learned,135,270.0,13,20,20,True,False,3.7824944882835025e-06
3,learned,136,260.0,14,20,20,True,False,5.371770140283224e-06
3,learned,137,270.0,13,20,20,True,False,3.7824944882835025e-06
3,learned,138,260.0,14,20,20,True,False,5.371770140283224e-06
3,learned,139,270.0,13,20,20,True,False,3.7824944882835025e-06
3,learned,140,260.0,14,20,20,True,False,5.371770140283224e-06
3,learned,141,270.0,13,20,20,True,False,3.7824944882835025e-06
3,learned,142,260.0,14,20,20,True,False,5.371770140283224e-06
3,learned,143,270.0,13,20,20,True,False,3.7824944882835025e-06
3,learned,144,260.0,14,20,20,True,False,5.371770140283224e-06
3,learned,145,270.0,13,20,20,True,False,3.7824944882835025e-06
3,learned,146,260.0,14,20,20,True,False,5.371770140283224e-06
3,learned,147,270.0,13,20,20,True,False,3.7824944882835025e-06
3,learned,148,260.0,14,20,20,True,False,5.371770140283224e-06
3,learned,149,270.0,13,20,20,True,False,3.7824944882835025e-06
3,learned,150,260.0,14,20,20,True,False,5.371770140283224e-06
3,learned,151,270.0,13,20,20,True,False,3.7824944882835025e-06
3,learned,152,260.0,14,20,20,True,False,5.371770140283224e-06
3,learned,153,270.0,13,20,20,True,False,3.7824944882835025e-06
3,learned,154,260.0,14,20,20,True,False,5.371770140283224e-06
3,learned,155,270.0,13,20,20,True,False,3.7824944882835025e-06
3,learned,156,260.0,14,20,20,True,False,5.371770140283224e-06
3,learned,157,270.0,13,20,20,True,False,3.7824944882835025e-06
3,learned,158,260.0,14,20,20,True,False,5.371770140283224e-06
3,learned,159,270.0,13,20,20,True,False,3.7824944882835025e-06
3,learned,160,260.0,14,20,20,True,False,5.371770140283224e-06
3,learned,161,270.0,13,20,20,True,False,3.7824944882835025e-06
3,learned,162,260.0,14,20,20,True,False,5.371770140283224e-06
3,learned,163,270.0,13,20,20,True,False,3.7824944882835025e-06
3,learned,164,260.0,14,20,20,True,False,5.371770140283224e-06
3,learned,165,270.0,13,20,20,True,False,3.7824944882835025e-06
3,learned,166,260.0,14,20,20,True,False,5.371770140283224e-06
3,learned,167,270.0,13,20,20,True,False,3.7824944882835025e-06
3,learned,168,260.0,14,20,20,True,False,5.371770140283224e-06
3,learned,169,270.0,13,20,20,True,False,3.7824944882835025e-06
3,learned,170,260.0,14,20,20,True,False,5.371770140283224e-06
3,learned,171,270.0,13,20,20,True,False,3.7824944882835025e-06
3,learned,172,260.0,14,20,20,True,False,5.371770140283224e-06
3,learned,173,270.0,13,20,20,True,False,3.7824944882835025e-06
3,learned,174,260.0,14,20,20,True,False,5.371770140283224e-06
3,learned,175,270.0,13,20,20,True,False,3.7824944882835025e-06
3,learned,176,260.0,14,20,20,True,False,5.371770140283224e-06
3,learned,177,270.0,13,20,20,True,False,3.7824944882835025e-06
3,learned,178,260.0,14,20,20,True,False,5.371770140283224e-06
3,learned,179,270.0,13,20,20,True,False,3.7824944882835025e-06
3,learned,180,260.0,14,20,20,True,False,5.371770140283224e-06
3,learned,181,270.0,13,20,20,True,False,3.7824944882835025e-06
3,learned,182,260.0,14,20,20,True,False,5.371770140283224e-06
3,learned,183,270.0,13,20,20,True,False,3.7824944882835025e-06
3,learned,184,260.0,14,20,20,True,False,5.371770140283224e-06
3,learned,185,270.0,13,20,20,True,False,3.7824944882835025e-06
3,learned,186,260.0,14,20,20,True,False,5.371770140283224e-06
3,learned,187,270.0,13,20,20,True,False,3.7824944882835025e-06
3,learned,188,260.0,14,20,20,True,False,5.371770140283224e-06
3,learned,189,270.0,13,20,20,True,False,3.7824944882835025e-06
3,learned,190,260.0,14,20,20,True,False,5.371770140283224e-06
3,learned,191,270.0,13,20,20,True,False,3.7824944882835025e-06
3,learned,192,260.0,14,20,20,True,False,5.371770140283224e-06
3,learned,193,270.0,13,20,20,True,False,3.7824944882835025e-06
3,learned,194,260.0,14,20,20,True,False,5.371770140283224e-06
3,learned,195,270.0,13,20,20,True,False,3.7824944882835025e-06
3,learned,196,260.0,14,20,20,True,False,5.371770140283224e-06
3,learned,197,270.0,13,20,20,True,False,3.7824944882835025e-06
3,learned,198,260.0,14,20,20,True,False,5.371770140283224e-06
3,learned,199,270.0,13,20,20,True,False,3.7824944882835025e-06
3,learned,200,260.0,14,20,20,True,False,5.371770140283224e-06
4,initial,0,30.0,1,2,20,False,False,0.0
4,greedy,0,30.0,1,2,20,False,False,0.0
4,greedy,1,60.0,2,4,20,False,False,0.0
4,greedy,2,90.0,3,6,20,False,False,0.0
4,greedy,3,120.0,4,8,20,False,False,0.0
4,greedy,4,150.0,5,10,20,False,False,0.0
4,greedy,5,180.0,6,12,20,False,False,0.0
4,greedy,6,210.0,7,14,20,False,False,0.0
4,greedy,7,240.0,8,16,20,False,False,0.0
4,greedy,8,250.0,9,17,20,False,False,0.0
4,greedy,9,260.0,10,18,20,False,False,0.0
4,greedy,10,270.0,9,18,20,False,False,0.0
4,greedy,11,280.0,10,19,20,False,False,0.0
4,greedy,12,290.0,11,20,20,True,False,3.1728040314013575e-07
4,random,0,30.0,1,2,20,False,False,0.0
4,random,1,30.0,1,2,20,False,False,0.0
4,random,2,60.0,2,4,20,False,False,0.0
4,random,3,90.0,3,6,20,False,False,0.0
4,random,4,90.0,3,6,20,False,False,0.0
4,random,5,90.0,3,6,20,False,False,0.0
4,random,6,120.0,4,8,20,False,False,0.0
4,random,7,150.0,5,10,20,False,False,0.0
4,random,8,180.0,6,12,20,False,False,0.0
4,random,9,180.0,6,12,20,False,False,0.0
4,random,10,190.0,7,13,20,False,False,0.0
4,random,11,190.0,7,13,20,False,False,0.0
4,random,12,190.0,7,13,20,False,False,0.0
4,random,13,180.0,6,12,20,False,False,0.0
4,random,14,170.0,7,12,20,False,False,0.0
4,random,15,200.0,8,14,20,False,False,0.0
4,random,16,200.0,8,14,20,False,False,0.0
4,random,17,230.0,9,16,20,False,False,0.0
4,random,18,220.0,10,16,20,False,False,0.0
4,random,19,220.0,10,16,20,False,False,0.0
4,random,20,230.0,9,16,20,False,False,0.0
4,random,21,230.0,9,16,20,False,False,0.0
4,random,22,230.0,9,16,20,False,False,0.0
4,random,23,230.0,9,16,20,False,False,0.0
4,random,24,230.0,9,16,20,False,False,0.0
4,random,25,230.0,9,16,20,False,False,0.0
4,random,26,230.0,9,16,20,False,False,0.0
4,random,27,230.0,9,16,20,False,False,0.0
4,random,28,230.0,9,16,20,False,False,0.0
4,random,29,240.0,8,16,20,False,False,0.0
4,random,30,210.0,7,14,20,False,False,0.0
4,random,31,240.0,8,16,20,False,False,0.0
4,random,32,240.0,8,16,20,False,False,0.0
4,random,33,250.0,9,17,20,False,False,0.0
4,random,34,240.0,8,16,20,False,False,0.0
4,random,35,250.0,9,17,20,False,False,0.0
4,random,36,220.0,8,15,20,False,False,0.0
4,random,37,230.0,9,16,20,False,False,0.0
4,random,38,230.0,9,16,20,False,False,0.0
4,random,39,240.0,10,17,20,False,False,0.0
4,random,40,250.0,11,18,20,False,False,0.0
4,random,41,240.0,12,18,20,False,False,0.0
4,random,42,240.0,12,18,20,False,False,0.0
4,random,43,240.0,12,18,20,False,False,0.0
4,random,44,230.0,13,18,20,False,False,0.0
4,random,45,240.0,14,19,20,False,False,0.0
4,random,46,240.0,14,19,20,False,False,0.0
4,random,47,230.0,15,19,20,False,False,0.0
4,random,48,220.0,16,19,20,False,False,0.0
4,random,49,210.0,17,19,20,False,False,0.0
4,random,50,210.0,17,19,20,False,False,0.0
4,random,51,220.0,16,19,20,False,False,0.0
4,random,52,220.0,16,19,20,False,False,0.0
4,random,53,210.0,17,19,20,False,False,0.0
4,random,54,220.0,16,19,20,False,False,0.0
4,random,55,210.0,17,19,20,False,False,0.0
4,random,56,220.0,16,19,20,False,False,0.0
4,random,57,230.0,15,19,20,False,False,0.0
4,random,58,230.0,15,19,20,False,False,0.0
4,random,59,220.0,16,19,20,False,False,0.0
4,random,60,220.0,16,19,20,False,False,0.0
4,random,61,210.0,17,19,20,False,False,0.0
4,random,62,200.0,18,19,20,False,False,0.0
4,random,63,190.0,19,19,20,False,False,0.0
4,random,64,190.0,19,19,20,False,False,0.0
4,random,65,190.0,19,19,20,False,False,0.0
4,random,66,200.0,18,19,20,False,False,0.0
4,random,67,200.0,18,19,20,False,False,0.0
4,random,68,210.0,17,19,20,False,False,0.0
4,random,69,210.0,17,19,20,False,False,0.0
4,random,70,210.0,17,19,20,False,False,0.0
4,random,71,220.0,16,19,20,False,False,0.0
4,random,72,220.0,16,19,20,False,False,0.0
4,random,73,220.0,16,19,20,False,False,0.0
4,random,74,230.0,17,20,20,True,False,3.7819618504825376e-06
4,random,75,230.0,17,20,20,True,False,3.7819618504825376e-06
4,random,76,220.0,18,20,20,True,False,3.7914555709516623e-06
4,random,77,210.0,19,20,20,True,False,1.2950204087012746e-05
4,random,78,210.0,19,20,20,True,False,1.2950204087012746e-05
4,random,79,210.0,19,20,20,True,False,1.2950204087012746e-05
4,random,80,210.0,19,20,20,True,False,1.2950204087012746e-05
4,random,81,220.0,18,20,20,True,False,1.2798995543955465e-05
4,random,82,220.0,18,20,20,True,False,1.2798995543955465e-05
4,random,83,220.0,18,20,20,True,False,1.2798995543955465e-05
4,random,84,210.0,19,20,20,True,False,1.3229179948413671e-05
4,random,85,210.0,19,20,20,True,False,1.3229179948413671e-05
4,random,86,210.0,19,20,20,True,False,1.3229179948413671e-05
4,random,87,210.0,19,20,20,True,False,1.3229179948413671e-05
4,random,88,220.0,18,20,20,True,False,1.1798075937451215e-05
4,random,89,210.0,19,20,20,True,False,1.1880472644206242e-05
4,random,90,210.0,19,20,20,True,False,1.1880472644206242e-05
4,random,91,200.0,20,20,20,True,False,1.1889691378264497e-05
4,random,92,210.0,19,20,20,True,False,1.1813710497729974e-05
4,random,93,220.0,18,20,20,True,False,1.1807206227270457e-05
4,random,94,210.0,19,20,20,True,False,2.017759532504149e-05
4,random,95,210.0,19,20,20,True,False,2.017759532504149e-05
4,random,96,200.0,20,20,20,True,False,4.2020487165655134e-05
4,random,97,200.0,20,20,20,True,False,4.2020487165655134e-05
4,random,98,190.0,21,20,20,True,False,4.250706340164406e-05
4,random,99,190.0,21,20,20,True,False,4.250706340164406e-05
4,random,100,180.0,22,20,20,True,False,4.289664099593428e-05
4,random,101,180.0,22,20,20,True,False,4.289664099593428e-05
4,random,102,190.0,21,20,20,True,False,2.4342565527066777e-05
4,random,103,190.0,21,20,20,True,False,2.4342565527066777e-05
4,random,104,190.0,21,20,20,True,False,2.4342565527066777e-05
4,random,105,190.0,21,20,20,True,False,2.4342565527066777e-05
4,random,106,190.0,21,20,20,True,False,2.4342565527066777e-05
4,random,107,190.0,21,20,20,True,False,2.4342565527066777e-05
4,random,108,180.0,22,20,20,True,False,2.4678199865861406e-05
4,random,109,180.0,22,20,20,True,False,2.4678199865861406e-05
4,random,110,190.0,21,20,20,True,False,2.4462364030829126e-05
4,random,111,190.0,21,20,20,True,False,2.4462364030829126e-05
4,random,112,190.0,21,20,20,True,False,2.4462364030829126e-05
4,random,113,180.0,22,20,20,True,False,2.4602229487494877e-05
4,random,114,180.0,22,20,20,True,False,2.4602229487494877e-05
4,random,115,190.0,21,20,20,True,False,2.4539682136701562e-05
4,random,116,180.0,22,20,20,True,False,2.5663408454506113e-05
4,random,117,180.0,22,20,20,True,False,2.5663408454506113e-05
4,random,118,170.0,23,20,20,True,False,2.59130680986046e-05
4,random,119,180.0,22,20,20,True,False,2.5852241153438834e-05
4,random,120,190.0,21,20,20,True,False,2.4813351406094525e-05
4,random,121,190.0,21,20,20,True,False,2.4813351406094525e-05
4,random,122,190.0,21,20,20,True,False,2.4813351406094525e-05
4,random,123,180.0,22,20,20,True,False,2.5324352306711877e-05
4,random,124,170.0,23,20,20,True,False,2.6579080067386495e-05
4,random,125,170.0,23,20,20,True,False,2.6579080067386495e-05
4,random,126,170.0,23,20,20,True,False,2.6579080067386495e-05
4,random,127,170.0,23,20,20,True,False,2.6579080067386495e-05
4,random,128,170.0,23,20,20,True,False,2.6579080067386495e-05
4,random,129,170.0,23,20,20,True,False,2.6579080067386495e-05
4,random,130,180.0,22,20,20,True,False,2.6473078515361922e-05
4,random,131,170.0,23,20,20,True,False,2.6823875085124562e-05
4,random,132,180.0,22,20,20,True,False,2.190385171944579e-05
4,random,133,180.0,22,20,20,True,False,2.190385171944579e-05
4,random,134,180.0,22,20,20,True,False,2.190385171944579e-05
4,random,135,170.0,23,20,20,True,False,2.975068858015311e-05
4,random,136,160.0,24,20,20,True,False,2.980109764903377e-05
4,random,137,170.0,23,20,20,True,False,2.9643139847864775e-05
4,random,138,170.0,23,20,20,True,False,2.9643139847864775e-05
4,random,139,170.0,23,20,20,True,False,2.9643139847864775e-05
4,random,140,180.0,22,20,20,True,False,2.9474001789854004e-05
4,random,141,180.0,22,20,20,True,False,2.9474001789854004e-05
4,random,142,170.0,23,20,20,True,False,6.85782938720077e-05
4,random,143,160.0,24,20,20,True,False,6.859923547425541e-05
4,random,144,150.0,25,20,20,True,False,6.907289324254657e-05
4,random,145,160.0,24,20,20,True,False,4.650501260177525e-05
4,random,146,160.0,24,20,20,True,False,4.650501260177525e-05
4,random,147,160.0,24,20,20,True,False,4.650501260177525e-05
4,random,148,160.0,24,20,20,True,False,4.650501260177525e-05
4,random,149,160.0,24,20,20,True,False,4.650501260177525e-05
4,random,150,160.0,24,20,20,True,False,4.650501260177525e-05
4,random,151,160.0,24,20,20,True,False,4.650501260177525e-05
4,random,152,160.0,24,20,20,True,False,4.650501260177525e-05
4,random,153,170.0,23,20,20,True,False,2.9950617575902858e-05
4,random,154,170.0,23,20,20,True,False,2.9950617575902858e-05
4,random,155,170.0,23,20,20,True,False,2.9950617575902858e-05
4,random,156,170.0,23,20,20,True,False,2.9950617575902858e-05
4,random,157,170.0,23,20,20,True,False,2.9950617575902858e-05
4,random,158,160.0,24,20,20,True,False,3.1109593481561966e-05
4,random,159,150.0,25,20,20,True,False,3.241956263046737e-05
4,random,160,140.0,26,20,20,True,False,6.051914528525235e-05
4,random,161,150.0,25,20,20,True,False,6.044188324828975e-05
4,random,162,140.0,26,20,20,True,False,6.779971108544032e-05
4,random,163,140.0,26,20,20,True,False,6.779971108544032e-05
4,random,164,140.0,26,20,20,True,False,6.779971108544032e-05
4,random,165,150.0,25,20,20,True,False,6.146490055853246e-05
4,random,166,160.0,24,20,20,True,False,5.7183878549428185e-05
4,random,167,160.0,24,20,20,True,False,5.7183878549428185e-05
4,random,168,160.0,24,20,20,True,False,5.7183878549428185e-05
4,random,169,170.0,23,20,20,True,False,5.6613877585321065e-05
4,random,170,180.0,22,20,20,True,False,4.8020115979878124e-05
4,random,171,190.0,21,20,20,True,False,3.8231032881268624e-05
4,random,172,200.0,20,20,20,True,False,3.735441090257795e-05
4,random,173,200.0,20,20,20,True,False,3.735441090257795e-05
4,random,174,210.0,19,20,20,True,False,2.4518581353314302e-05
4,random,175,200.0,20,20,20,True,False,4.209425862509586e-05
4,random,176,190.0,21,20,20,True,False,4.9573307957535606e-05
4,random,177,190.0,21,20,20,True,False,4.9573307957535606e-05
4,random,178,190.0,21,20,20,True,False,4.9573307957535606e-05
4,random,179,190.0,21,20,20,True,False,4.9573307957535606e-05
4,random,180,190.0,21,20,20,True,False,4.9573307957535606e-05
4,random,181,190.0,21,20,20,True,False,4.9573307957535606e-05
4,random,182,190.0,21,20,20,True,False,4.9573307957535606e-05
4,random,183,190.0,21,20,20,True,False,4.9573307957535606e-05
4,random,184,180.0,22,20,20,True,False,5.703031703136451e-05
4,random,185,170.0,23,20,20,True,False,5.988456898988119e-05
4,random,186,180.0,22,20,20,True,False,2.8858040499495803e-05
4,random,187,180.0,22,20,20,True,False,2.8858040499495803e-05
4,random,188,180.0,22,20,20,True,False,2.8858040499495803e-05
4,random,189,180.0,22,20,20,True,False,2.8858040499495803e-05
4,random,190,180.0,22,20,20,True,False,2.8858040499495803e-05
4,random,191,190.0,21,20,20,True,False,2.615555855310677e-05
4,random,192,180.0,22,20,20,True,False,2.8858040499495803e-05
4,random,193,170.0,23,20,20,True,False,2.895769339874644e-05
4,random,194,170.0,23,20,20,True,False,2.895769339874644e-05
4,random,195,170.0,23,20,20,True,False,2.895769339874644e-05
4,random,196,170.0,23,20,20,True,False,2.895769339874644e-05
4,random,197,160.0,24,20,20,True,False,3.128896004263357e-05
4,random,198,150.0,25,20,20,True,False,4.0543908349679777e-05
4,random,199,140.0,26,20,20,True,False,4.529966571572864e-05
4,random,200,140.0,26,20,20,True,False,4.529966571572864e-05
4,learned,0,30.0,1,2,20,False,False,0.0
4,learned,1,60.0,2,4,20,False,False,0.0
4,learned,2,90.0,3,6,20,False,False,0.0
4,learned,3,120.0,4,8,20,False,False,0.0
4,learned,4,150.0,5,10,20,False,False,0.0
4,learned,5,180.0,6,12,20,False,False,0.0
4,learned,6,170.0,7,12,20,False,False,0.0
4,learned,7,200.0,8,14,20,False,False,0.0
4,learned,8,210.0,9,15,20,False,False,0.0
4,learned,9,220.0,10,16,20,False,False,0.0
4,learned,10,230.0,11,17,20,False,False,0.0
4,learned,11,240.0,12,18,20,False,False,0.0
4,learned,12,250.0,13,19,20,False,False,0.0
4,learned,13,260.0,14,20,20,True,False,1.702700100738291e-06
4,learned,14,270.0,13,20,20,True,False,1.6871484679351715e-06
4,learned,15,280.0,12,20,20,True,False,1.5727743708415952e-06
4,learned,16,270.0,13,20,20,True,False,1.5766960792047325e-06
4,learned,17,260.0,14,20,20,True,False,1.9958055484971675e-06
4,learned,18,250.0,15,20,20,True,False,6.349770759088641e-06
4,learned,19,240.0,16,20,20,True,False,6.3736189627970184e-06
4,learned,20,230.0,17,20,20,True,False,7.329426431898653e-06
4,learned,21,240.0,16,20,20,True,False,6.337290747937096e-06
4,learned,22,250.0,15,20,20,True,False,3.909939471664337e-06
4,learned,23,260.0,14,20,20,True,False,3.3408899523950875e-06
4,learned,24,250.0,15,20,20,True,False,3.3587534071330413e-06
4,learned,25,260.0,14,20,20,True,False,3.3408899523950875e-06
4,learned,26,250.0,15,20,20,True,False,3.3587534071330413e-06
4,learned,27,260.0,14,20,20,True,False,3.3408899523950875e-06
4,learned,28,250.0,15,20,20,True,False,3.3587534071330413e-06
4,learned,29,260.0,14,20,20,True,False,3.3408899523950875e-06
4,learned,30,250.0,15,20,20,True,False,3.3587534071330413e-06
4,learned,31,260.0,14,20,20,True,False,3.3408899523950875e-06
4,learned,32,250.0,15,20,20,True,False,3.3587534071330413e-06
4,learned,33,260.0,14,20,20,True,False,3.3408899523950875e-06
4,learned,34,250.0,15,20,20,True,False,3.3587534071330413e-06
4,learned,35,260.0,14,20,20,True,False,3.3408899523950875e-06
4,learned,36,250.0,15,20,20,True,False,3.3587534071330413e-06
4,learned,37,260.0,14,20,20,True,False,3.3408899523950875e-06
4,learned,38,250.0,15,20,20,True,False,3.3587534071330413e-06
4,learned,39,260.0,14,20,20,True,False,3.3408899523950875e-06
4,learned,40,250.0,15,20,20,True,False,3.3587534071330413e-06
4,learned,41,260.0,14,20,20,True,False,3.3408899523950875e-06
4,learned,42,250.0,15,20,20,True,False,3.3587534071330413e-06
4,learned,43,260.0,14,20,20,True,False,3.3408899523950875e-06
4,learned,44,250.0,15,20,20,True,False,3.3587534071330413e-06
4,learned,45,260.0,14,20,20,True,False,3.3408899523950875e-06
4,learned,46,250.0,15,20,20,True,False,3.3587534071330413e-06
4,learned,47,260.0,14,20,20,True,False,3.3408899523950875e-06
4,learned,48,250.0,15,20,20,True,False,3.3587534071330413e-06
4,learned,49,260.0,14,20,20,True,False,3.3408899523950875e-06
4,learned,50,250.0,15,20,20,True,False,3.3587534071330413e-06
4,learned,51,260.0,14,20,20,True,False,3.3408899523950875e-06
4,learned,52,250.0,15,20,20,True,False,3.3587534071330413e-06
4,learned,53,260.0,14,20,20,True,False,3.3408899523950875e-06
4,learned,54,250.0,15,20,20,True,False,3.3587534071330413e-06
4,learned,55,260.0,14,20,20,True,False,3.3408899523950875e-06
4,learned,56,250.0,15,20,20,True,False,3.3587534071330413e-06
4,learned,57,260.0,14,20,20,True,False,3.3408899523950875e-06
4,learned,58,250.0,15,20,20,True,False,3.3587534071330413e-06
4,learned,59,260.0,14,20,20,True,False,3.3408899523950875e-06
4,learned,60,250.0,15,20,20,True,False,3.3587534071330413e-06
4,learned,61,260.0,14,20,20,True,False,3.3408899523950875e-06
4,learned,62,250.0,15,20,20,True,False,3.3587534071330413e-06
4,learned,63,260.0,14,20,20,True,False,3.3408899523950875e-06
4,learned,64,250.0,15,20,20,True,False,3.3587534071330413e-06
4,learned,65,260.0,14,20,20,True,False,3.3408899523950875e-06
4,learned,66,250.0,15,20,20,True,False,3.3587534071330413e-06
4,learned,67,260.0,14,20,20,True,False,3.3408899523950875e-06
4,learned,68,250.0,15,20,20,True,False,3.3587534071330413e-06
4,learned,69,260.0,14,20,20,True,False,3.3408899523950875e-06
4,learned,70,250.0,15,20,20,True,False,3.3587534071330413e-06
4,learned,71,260.0,14,20,20,True,False,3.3408899523950875e-06
4,learned,72,250.0,15,20,20,True,False,3.3587534071330413e-06
4,learned,73,260.0,14,20,20,True,False,3.3408899523950875e-06
4,learned,74,250.0,15,20,20,True,False,3.3587534071330413e-06
4,learned,75,260.0,14,20,20,True,False,3.3408899523950875e-06
4,learned,76,250.0,15,20,20,True,False,3.3587534071330413e-06
4,learned,77,260.0,14,20,20,True,False,3.3408899523950875e-06
4,learned,78,250.0,15,20,20,True,False,3.3587534071330413e-06
4,learned,79,260.0,14,20,20,True,False,3.3408899523950875e-06
4,learned,80,250.0,15,20,20,True,False,3.3587534071330413e-06
4,learned,81,260.0,14,20,20,True,False,3.3408899523950875e-06
4,learned,82,250.0,15,20,20,True,False,3.3587534071330413e-06
4,learned,83,260.0,14,20,20,True,False,3.3408899523950875e-06
4,learned,84,250.0,15,20,20,True,False,3.3587534071330413e-06
4,learned,85,260.0,14,20,20,True,False,3.3408899523950875e-06
4,learned,86,250.0,15,20,20,True,False,3.3587534071330413e-06
4,learned,87,260.0,14,20,20,True,False,3.3408899523950875e-06
4,learned,88,250.0,15,20,20,True,False,3.3587534071330413e-06
4,learned,89,260.0,14,20,20,True,False,3.3408899523950875e-06
4,learned,90,250.0,15,20,20,True,False,3.3587534071330413e-06
4,learned,91,260.0,14,20,20,True,False,3.3408899523950875e-06
4,learned,92,250.0,15,20,20,True,False,3.3587534071330413e-06
4,learned,93,260.0,14,20,20,True,False,3.3408899523950875e-06
4,learned,94,250.0,15,20,20,True,False,3.3587534071330413e-06
4,learned,95,260.0,14,20,20,True,False,3.3408899523950875e-06
4,learned,96,250.0,15,20,20,True,False,3.3587534071330413e-06
4,learned,97,260.0,14,20,20,True,False,3.3408899523950875e-06
4,learned,98,250.0,15,20,20,True,False,3.3587534071330413e-06
4,learned,99,260.0,14,20,20,True,False,3.3408899523950875e-06
4,learned,100,250.0,15,20,20,True,False,3.3587534071330413e-06
4,learned,101,260.0,14,20,20,True,False,3.3408899523950875e-06
4,learned,102,250.0,15,20,20,True,False,3.3587534071330413e-06
4,learned,103,260.0,14,20,20,True,False,3.3408899523950875e-06
4,learned,104,250.0,15,20,20,True,False,3.3587534071330413e-06
4,learned,105,260.0,14,20,20,True,False,3.3408899523950875e-06
4,learned,106,250.0,15,20,20,True,False,3.3587534071330413e-06
4,learned,107,260.0,14,20,20,True,False,3.3408899523950875e-06
4,learned,108,250.0,15,20,20,True,False,3.3587534071330413e-06
4,learned,109,260.0,14,20,20,True,False,3.3408899523950875e-06
4,learned,110,250.0,15,20,20,True,False,3.3587534071330413e-06
4,learned,111,260.0,14,20,20,True,False,3.3408899523950875e-06
4,learned,112,250.0,15,20,20,True,False,3.3587534071330413e-06
4,learned,113,260.0,14,20,20,True,False,3.3408899523950875e-06
4,learned,114,250.0,15,20,20,True,False,3.3587534071330413e-06
4,learned,115,260.0,14,20,20,True,False,3.3408899523950875e-06
4,learned,116,250.0,15,20,20,True,False,3.3587534071330413e-06
4,learned,117,260.0,14,20,20,True,False,3.3408899523950875e-06
4,learned,118,250.0,15,20,20,True,False,3.3587534071330413e-06
4,learned,119,260.0,14,20,20,True,False,3.3408899523950875e-06
4,learned,120,250.0,15,20,20,True,False,3.3587534071330413e-06
4,learned,121,260.0,14,20,20,True,False,3.3408899523950875e-06
4,learned,122,250.0,15,20,20,True,False,3.3587534071330413e-06
4,learned,123,260.0,14,20,20,True,False,3.3408899523950875e-06
4,learned,124,250.0,15,20,20,True,False,3.3587534071330413e-06
4,learned,125,260.0,14,20,20,True,False,3.3408899523950875e-06
4,learned,126,250.0,15,20,20,True,False,3.3587534071330413e-06
4,learned,127,260.0,14,20,20,True,False,3.3408899523950875e-06
4,learned,128,250.0,15,20,20,True,False,3.3587534071330413e-06
4,learned,129,260.0,14,20,20,True,False,3.3408899523950875e-06
4,learned,130,250.0,15,20,20,True,False,3.3587534071330413e-06
4,learned,131,260.0,14,20,20,True,False,3.3408899523950875e-06
4,learned,132,250.0,15,20,20,True,False,3.3587534071330413e-06
4,learned,133,260.0,14,20,20,True,False,3.3408899523950875e-06
4,learned,134,250.0,15,20,20,True,False,3.3587534071330413e-06
4,learned,135,260.0,14,20,20,True,False,3.3408899523950875e-06
4,learned,136,250.0,15,20,20,True,False,3.3587534071330413e-06
4,learned,137,260.0,14,20,20,True,False,3.3408899523950875e-06
4,learned,138,250.0,15,20,20,True,False,3.3587534071330413e-06
4,learned,139,260.0,14,20,20,True,False,3.3408899523950875e-06
4,learned,140,250.0,15,20,20,True,False,3.3587534071330413e-06
4,learned,141,260.0,14,20,20,True,False,3.3408899523950875e-06
4,learned,142,250.0,15,20,20,True,False,3.3587534071330413e-06
4,learned,143,260.0,14,20,20,True,False,3.3408899523950875e-06
4,learned,144,250.0,15,20,20,True,False,3.3587534071330413e-06
4,learned,145,260.0,14,20,20,True,False,3.3408899523950875e-06
4,learned,146,250.0,15,20,20,True,False,3.3587534071330413e-06
4,learned,147,260.0,14,20,20,True,False,3.3408899523950875e-06
4,learned,148,250.0,15,20,20,True,False,3.3587534071330413e-06
4,learned,149,260.0,14,20,20,True,False,3.3408899523950875e-06
4,learned,150,250.0,15,20,20,True,False,3.3587534071330413e-06
4,learned,151,260.0,14,20,20,True,False,3.3408899523950875e-06
4,learned,152,250.0,15,20,20,True,False,3.3587534071330413e-06
4,learned,153,260.0,14,20,20,True,False,3.3408899523950875e-06
4,learned,154,250.0,15,20,20,True,False,3.3587534071330413e-06
4,learned,155,260.0,14,20,20,True,False,3.3408899523950875e-06
4,learned,156,250.0,15,20,20,True,False,3.3587534071330413e-06
4,learned,157,260.0,14,20,20,True,False,3.3408899523950875e-06
4,learned,158,250.0,15,20,20,True,False,3.3587534071330413e-06
4,learned,159,260.0,14,20,20,True,False,3.3408899523950875e-06
4,learned,160,250.0,15,20,20,True,False,3.3587534071330413e-06
4,learned,161,260.0,14,20,20,True,False,3.3408899523950875e-06
4,learned,162,250.0,15,20,20,True,False,3.3587534071330413e-06
4,learned,163,260.0,14,20,20,True,False,3.3408899523950875e-06
4,learned,164,250.0,15,20,20,True,False,3.3587534071330413e-06
4,learned,165,260.0,14,20,20,True,False,3.3408899523950875e-06
4,learned,166,250.0,15,20,20,True,False,3.3587534071330413e-06
4,learned,167,260.0,14,20,20,True,False,3.3408899523950875e-06
4,learned,168,250.0,15,20,20,True,False,3.3587534071330413e-06
4,learned,169,260.0,14,20,20,True,False,3.3408899523950875e-06
4,learned,170,250.0,15,20,20,True,False,3.3587534071330413e-06
4,learned,171,260.0,14,20,20,True,False,3.3408899523950875e-06
4,learned,172,250.0,15,20,20,True,False,3.3587534071330413e-06
4,learned,173,260.0,14,20,20,True,False,3.3408899523950875e-06
4,learned,174,250.0,15,20,20,True,False,3.3587534071330413e-06
4,learned,175,260.0,14,20,20,True,False,3.3408899523950875e-06
4,learned,176,250.0,15,20,20,True,False,3.3587534071330413e-06
4,learned,177,260.0,14,20,20,True,False,3.3408899523950875e-06
4,learned,178,250.0,15,20,20,True,False,3.3587534071330413e-06
4,learned,179,260.0,14,20,20,True,False,3.3408899523950875e-06
4,learned,180,250.0,15,20,20,True,False,3.3587534071330413e-06
4,learned,181,260.0,14,20,20,True,False,3.3408899523950875e-06
4,learned,182,250.0,15,20,20,True,False,3.3587534071330413e-06
4,learned,183,260.0,14,20,20,True,False,3.3408899523950875e-06
4,learned,184,250.0,15,20,20,True,False,3.3587534071330413e-06
4,learned,185,260.0,14,20,20,True,False,3.3408899523950875e-06
4,learned,186,250.0,15,20,20,True,False,3.3587534071330413e-06
4,learned,187,260.0,14,20,20,True,False,3.3408899523950875e-06
4,learned,188,250.0,15,20,20,True,False,3.3587534071330413e-06
4,learned,189,260.0,14,20,20,True,False,3.3408899523950875e-06
4,learned,190,250.0,15,20,20,True,False,3.3587534071330413e-06
4,learned,191,260.0,14,20,20,True,False,3.3408899523950875e-06
4,learned,192,250.0,15,20,20,True,False,3.3587534071330413e-06
4,learned,193,260.0,14,20,20,True,False,3.3408899523950875e-06
4,learned,194,250.0,15,20,20,True,False,3.3587534071330413e-06
4,learned,195,260.0,14,20,20,True,False,3.3408899523950875e-06
4,learned,196,250.0,15,20,20,True,False,3.3587534071330413e-06
4,learned,197,260.0,14,20,20,True,False,3.3408899523950875e-06
4,learned,198,250.0,15,20,20,True,False,3.3587534071330413e-06
4,learned,199,260.0,14,20,20,True,False,3.3408899523950875e-06
4,learned,200,250.0,15,20,20,True,False,3.3587534071330413e-06
5,initial,0,30.0,1,2,20,False,False,0.0
5,greedy,0,30.0,1,2,20,False,False,0.0
5,greedy,1,60.0,2,4,20,False,False,0.0
5,greedy,2,90.0,3,6,20,False,False,0.0
5,greedy,3,120.0,4,8,20,False,False,0.0
5,greedy,4,150.0,5,10,20,False,False,0.0
5,greedy,5,180.0,6,12,20,False,False,0.0
5,greedy,6,210.0,7,14,20,False,False,0.0
5,greedy,7,240.0,8,16,20,False,False,0.0
5,greedy,8,250.0,9,17,20,False,False,0.0
5,greedy,9,260.0,10,18,20,False,False,0.0
5,greedy,10,270.0,9,18,20,False,False,0.0
5,greedy,11,280.0,10,19,20,False,False,0.0
5,greedy,12,290.0,11,20,20,True,False,3.86765213570133e-06
5,random,0,30.0,1,2,20,False,False,0.0
5,random,1,30.0,1,2,20,False,False,0.0
5,random,2,60.0,2,4,20,False,False,0.0
5,random,3,90.0,3,6,20,False,False,0.0
5,random,4,90.0,3,6,20,False,False,0.0
5,random,5,120.0,4,8,20,False,False,0.0
5,random,6,90.0,3,6,20,False,False,0.0
5,random,7,120.0,4,8,20,False,False,0.0
5,random,8,110.0,5,8,20,False,False,0.0
5,random,9,110.0,5,8,20,False,False,0.0
5,random,10,140.0,6,10,20,False,False,0.0
5,random,11,170.0,7,12,20,False,False,0.0
5,random,12,200.0,8,14,20,False,False,0.0
5,random,13,230.0,9,16,20,False,False,0.0
5,random,14,230.0,9,16,20,False,False,0.0
5,random,15,230.0,9,16,20,False,False,0.0
5,random,16,230.0,9,16,20,False,False,0.0
5,random,17,230.0,9,16,20,False,False,0.0
5,random,18,230.0,9,16,20,False,False,0.0
5,random,19,230.0,9,16,20,False,False,0.0
5,random,20,230.0,9,16,20,False,False,0.0
5,random,21,260.0,10,18,20,False,False,0.0
5,random,22,260.0,10,18,20,False,False,0.0
5,random,23,260.0,10,18,20,False,False,0.0
5,random,24,260.0,10,18,20,False,False,0.0
5,random,25,260.0,10,18,20,False,False,0.0
5,random,26,260.0,10,18,20,False,False,0.0
5,random,27,270.0,11,19,20,False,False,0.0
5,random,28,240.0,10,17,20,False,False,0.0
5,random,29,230.0,11,17,20,False,False,0.0
5,random,30,260.0,12,19,20,False,False,0.0
5,random,31,270.0,13,20,20,True,False,1.2254610837439307e-07
5,random,32,270.0,13,20,20,True,False,1.2254610837439307e-07
5,random,33,270.0,13,20,20,True,False,1.2254610837439307e-07
5,random,34,260.0,14,20,20,True,False,1.2350420357509706e-07
5,random,35,250.0,15,20,20,True,False,2.2407480164004743e-06
5,random,36,250.0,15,20,20,True,False,2.2407480164004743e-06
5,random,37,260.0,14,20,20,True,False,2.209039890486883e-06
5,random,38,260.0,14,20,20,True,False,2.209039890486883e-06
5,random,39,260.0,14,20,20,True,False,2.209039890486883e-06
5,random,40,260.0,14,20,20,True,False,2.209039890486883e-06
5,random,41,260.0,14,20,20,True,False,2.209039890486883e-06
5,random,42,250.0,15,20,20,True,False,6.171137306916078e-06
5,random,43,250.0,15,20,20,True,False,6.171137306916078e-06
5,random,44,250.0,15,20,20,True,False,6.171137306916078e-06
5,random,45,240.0,16,20,20,True,False,6.407810260154773e-06
5,random,46,230.0,17,20,20,True,False,6.501932183368826e-06
5,random,47,220.0,18,20,20,True,False,6.850607164797213e-06
5,random,48,220.0,18,20,20,True,False,6.850607164797213e-06
5,random,49,220.0,18,20,20,True,False,6.850607164797213e-06
5,random,50,220.0,18,20,20,True,False,6.850607164797213e-06
5,random,51,210.0,19,20,20,True,False,7.273558563822841e-06
5,random,52,210.0,19,20,20,True,False,7.273558563822841e-06
5,random,53,200.0,20,20,20,True,False,7.339282030780553e-06
5,random,54,200.0,20,20,20,True,False,7.339282030780553e-06
5,random,55,200.0,20,20,20,True,False,7.339282030780553e-06
5,random,56,200.0,20,20,20,True,False,7.339282030780553e-06
5,random,57,200.0,20,20,20,True,False,7.339282030780553e-06
5,random,58,200.0,20,20,20,True,False,7.339282030780553e-06
5,random,59,210.0,19,20,20,True,False,7.309016151198137e-06
5,random,60,210.0,19,20,20,True,False,7.309016151198137e-06
5,random,61,210.0,19,20,20,True,False,7.309016151198137e-06
5,random,62,210.0,19,20,20,True,False,7.309016151198137e-06
5,random,63,210.0,19,20,20,True,False,7.309016151198137e-06
5,random,64,210.0,19,20,20,True,False,7.309016151198137e-06
5,random,65,200.0,20,20,20,True,False,7.65740897650361e-06
5,random,66,200.0,20,20,20,True,False,7.65740897650361e-06
5,random,67,210.0,19,20,20,True,False,6.0857352721995526e-06
5,random,68,210.0,19,20,20,True,False,6.0857352721995526e-06
5,random,69,220.0,18,20,20,True,False,6.060378950290679e-06
5,random,70,210.0,19,20,20,True,False,6.341593358058969e-06
5,random,71,210.0,19,20,20,True,False,6.341593358058969e-06
5,random,72,200.0,20,20,20,True,False,7.380541948843615e-06
5,random,73,190.0,21,20,20,True,False,7.480760030500821e-06
5,random,74,190.0,21,20,20,True,False,7.480760030500821e-06
5,random,75,180.0,22,20,20,True,False,7.575733660006244e-06
5,random,76,190.0,21,20,20,True,False,7.4204461009154445e-06
5,random,77,180.0,22,20,20,True,False,7.636736126726918e-06
5,random,78,170.0,23,20,20,True,False,8.501316012683636e-06
5,random,79,160.0,24,20,20,True,False,8.510464776847707e-06
5,random,80,160.0,24,20,20,True,False,8.510464776847707e-06
5,random,81,150.0,25,20,20,True,False,2.15411688808342e-05
5,random,82,150.0,25,20,20,True,False,2.15411688808342e-05
5,random,83,150.0,25,20,20,True,False,2.15411688808342e-05
5,random,84,140.0,26,20,20,True,False,2.172093419759626e-05
5,random,85,130.0,27,20,20,True,False,2.1755090646249046e-05
5,random,86,130.0,27,20,20,True,False,2.1755090646249046e-05
5,random,87,120.0,28,20,20,True,False,2.1762879240785037e-05
5,random,88,120.0,28,20,20,True,False,2.1762879240785037e-05
5,random,89,110.0,29,20,20,True,False,3.053606556076289e-05
5,random,90,110.0,29,20,20,True,False,3.053606556076289e-05
5,random,91,110.0,29,20,20,True,False,3.053606556076289e-05
5,random,92,100.0,30,20,20,True,False,3.053894411105779e-05
5,random,93,90.0,31,20,20,True,False,3.0843545291588646e-05
5,random,94,80.0,32,20,20,True,False,3.08626623768566e-05
5,random,95,80.0,32,20,20,True,False,3.08626623768566e-05
5,random,96,90.0,31,20,20,True,False,2.9545743308884373e-05
5,random,97,90.0,31,20,20,True,False,2.9545743308884373e-05
5,random,98,100.0,30,20,20,True,False,2.826799795276893e-05
5,random,99,100.0,30,20,20,True,False,2.826799795276893e-05
5,random,100,100.0,30,20,20,True,False,2.826799795276893e-05
5,random,101,110.0,29,20,20,True,False,2.8237711483252645e-05
5,random,102,110.0,29,20,20,True,False,2.8237711483252645e-05
5,random,103,110.0,29,20,20,True,False,2.8237711483252645e-05
5,random,104,100.0,30,20,20,True,False,2.933286438647441e-05
5,random,105,100.0,30,20,20,True,False,2.933286438647441e-05
5,random,106,90.0,31,20,20,True,False,2.934305784600817e-05
5,random,107,100.0,30,20,20,True,False,2.924152623406521e-05
5,random,108,90.0,31,20,20,True,False,2.9994989166299825e-05
5,random,109,90.0,31,20,20,True,False,2.9994989166299825e-05
5,random,110,100.0,30,20,20,True,False,2.9347477019599916e-05
5,random,111,110.0,29,20,20,True,False,2.884873568032506e-05
5,random,112,110.0,29,20,20,True,False,2.884873568032506e-05
5,random,113,110.0,29,20,20,True,False,2.884873568032506e-05
5,random,114,120.0,28,20,20,True,False,2.877120352174756e-05
5,random,115,110.0,29,20,20,True,False,2.9231422825261794e-05
5,random,116,100.0,30,20,20,True,False,2.9829876228938736e-05
5,random,117,100.0,30,20,20,True,False,2.9829876228938736e-05
5,random,118,110.0,29,20,20,True,False,2.981987787541413e-05
5,random,119,110.0,29,20,20,True,False,2.981987787541413e-05
5,random,120,110.0,29,20,20,True,False,2.981987787541413e-05
5,random,121,120.0,28,20,20,True,False,2.972978706256303e-05
5,random,122,120.0,28,20,20,True,False,2.972978706256303e-05
5,random,123,120.0,28,20,20,True,False,2.972978706256303e-05
5,random,124,130.0,27,20,20,True,False,2.9023453677180116e-05
5,random,125,140.0,26,20,20,True,False,1.9891958899366482e-05
5,random,126,140.0,26,20,20,True,False,1.9891958899366482e-05
5,random,127,150.0,25,20,20,True,False,1.9806986668433757e-05
5,random,128,150.0,25,20,20,True,False,1.9806986668433757e-05
5,random,129,160.0,24,20,20,True,False,1.9282395319568468e-05
5,random,130,160.0,24,20,20,True,False,1.9282395319568468e-05
5,random,131,160.0,24,20,20,True,False,1.9282395319568468e-05
5,random,132,150.0,25,20,20,True,False,2.9181866547883695e-05
5,random,133,160.0,24,20,20,True,False,2.6717193779785206e-05
5,random,134,170.0,23,20,20,True,False,2.6153349564321654e-05
5,random,135,170.0,23,20,20,True,False,2.6153349564321654e-05
5,random,136,170.0,23,20,20,True,False,2.6153349564321654e-05
5,random,137,160.0,24,20,20,True,False,2.6159899224729002e-05
5,random,138,170.0,23,20,20,True,False,2.3235106761059615e-05
5,random,139,170.0,23,20,20,True,False,2.3235106761059615e-05
5,random,140,160.0,24,20,20,True,False,2.3876040940390617e-05
5,random,141,150.0,25,20,20,True,False,2.4094847147241906e-05
5,random,142,150.0,25,20,20,True,False,2.4094847147241906e-05
5,random,143,140.0,26,20,20,True,False,2.4476284408706798e-05
5,random,144,130.0,27,20,20,True,False,2.448283173047638e-05
5,random,145,120.0,28,20,20,True,False,2.5570940443834828e-05
5,random,146,120.0,28,20,20,True,False,2.5570940443834828e-05
5,random,147,120.0,28,20,20,True,False,2.5570940443834828e-05
5,random,148,110.0,29,20,20,True,False,2.7595034056727835e-05
5,random,149,100.0,30,20,20,True,False,2.8412904366183457e-05
5,random,150,90.0,31,20,20,True,False,2.8415674428956162e-05
5,random,151,100.0,30,20,20,True,False,2.8414369765767846e-05
5,random,152,90.0,31,20,20,True,False,2.8438213763862562e-05
5,random,153,90.0,31,20,20,True,False,2.8438213763862562e-05
5,random,154,100.0,30,20,20,True,False,2.5197056387349613e-05
5,random,155,100.0,30,20,20,True,False,2.5197056387349613e-05
5,random,156,100.0,30,20,20,True,False,2.5197056387349613e-05
5,random,157,90.0,31,20,20,True,False,4.330479742196751e-05
5,random,158,90.0,31,20,20,True,False,4.330479742196751e-05
5,random,159,90.0,31,20,20,True,False,4.330479742196751e-05
5,random,160,100.0,30,20,20,True,False,4.3293181104222914e-05
5,random,161,110.0,29,20,20,True,False,4.3283967255046287e-05
5,random,162,120.0,28,20,20,True,False,3.874479063024677e-05
5,random,163,120.0,28,20,20,True,False,3.874479063024677e-05
5,random,164,130.0,27,20,20,True,False,3.6244058040603235e-05
5,random,165,130.0,27,20,20,True,False,3.6244058040603235e-05
5,random,166,130.0,27,20,20,True,False,3.6244058040603235e-05
5,random,167,120.0,28,20,20,True,False,4.010783697395337e-05
5,random,168,130.0,27,20,20,True,False,4.00747642576459e-05
5,random,169,140.0,26,20,20,True,False,3.886907818034445e-05
5,random,170,150.0,25,20,20,True,False,3.858547043976942e-05
5,random,171,140.0,26,20,20,True,False,4.403413007983486e-05
5,random,172,150.0,25,20,20,True,False,3.862916034061152e-05
5,random,173,150.0,25,20,20,True,False,3.862916034061152e-05
5,random,174,150.0,25,20,20,True,False,3.862916034061152e-05
5,random,175,160.0,24,20,20,True,False,3.651513399835508e-05
5,random,176,160.0,24,20,20,True,False,3.651513399835508e-05
5,random,177,150.0,25,20,20,True,False,3.7462490528226e-05
5,random,178,140.0,26,20,20,True,False,3.746266940135614e-05
5,random,179,140.0,26,20,20,True,False,3.746266940135614e-05
5,random,180,140.0,26,20,20,True,False,3.746266940135614e-05
5,random,181,150.0,25,20,20,True,False,3.743523434880124e-05
5,random,182,150.0,25,20,20,True,False,3.743523434880124e-05
5,random,183,150.0,25,20,20,True,False,3.743523434880124e-05
5,random,184,150.0,25,20,20,True,False,3.743523434880124e-05
5,random,185,160.0,24,20,20,True,False,3.742658406293487e-05
5,random,186,160.0,24,20,20,True,False,3.742658406293487e-05
5,random,187,150.0,25,20,20,True,False,3.742793624298203e-05
5,random,188,150.0,25,20,20,True,False,3.742793624298203e-05
5,random,189,140.0,26,20,20,True,False,4.3306751160221204e-05
5,random,190,140.0,26,20,20,True,False,4.3306751160221204e-05
5,random,191,150.0,25,20,20,True,False,4.148711994971132e-05
5,random,192,140.0,26,20,20,True,False,4.1808704784459834e-05
5,random,193,140.0,26,20,20,True,False,4.1808704784459834e-05
5,random,194,150.0,25,20,20,True,False,4.156167690838839e-05
5,random,195,140.0,26,20,20,True,False,4.167420959825499e-05
5,random,196,140.0,26,20,20,True,False,4.167420959825499e-05
5,random,197,130.0,27,20,20,True,False,4.190533911083318e-05
5,random,198,130.0,27,20,20,True,False,4.190533911083318e-05
5,random,199,130.0,27,20,20,True,False,4.190533911083318e-05
5,random,200,130.0,27,20,20,True,False,4.190533911083318e-05
5,learned,0,30.0,1,2,20,False,False,0.0
5,learned,1,60.0,2,4,20,False,False,0.0
5,learned,2,90.0,3,6,20,False,False,0.0
5,learned,3,120.0,4,8,20,False,False,0.0
5,learned,4,150.0,5,10,20,False,False,0.0
5,learned,5,180.0,6,12,20,False,False,0.0
5,learned,6,170.0,7,12,20,False,False,0.0
5,learned,7,200.0,8,14,20,False,False,0.0
5,learned,8,210.0,9,15,20,False,False,0.0
5,learned,9,220.0,10,16,20,False,False,0.0
5,learned,10,230.0,11,17,20,False,False,0.0
5,learned,11,240.0,12,18,20,False,False,0.0
5,learned,12,250.0,13,19,20,False,False,0.0
5,learned,13,260.0,14,20,20,True,False,3.3538150240273624e-07
5,learned,14,270.0,13,20,20,True,False,3.3304433623501996e-07
5,learned,15,280.0,12,20,20,True,False,3.180113011104231e-07
5,learned,16,270.0,13,20,20,True,False,2.495986469826125e-06
5,learned,17,260.0,14,20,20,True,False,5.293066614603593e-06
5,learned,18,250.0,15,20,20,True,False,1.276340964928743e-05
5,learned,19,240.0,16,20,20,True,False,1.6317767254427865e-05
5,learned,20,230.0,17,20,20,True,False,1.8606991636745694e-05
5,learned,21,240.0,16,20,20,True,False,1.760014870233132e-05
5,learned,22,250.0,15,20,20,True,False,5.764968433728101e-06
5,learned,23,260.0,14,20,20,True,False,5.084518392950585e-06
5,learned,24,250.0,15,20,20,True,False,7.481146312118613e-06
5,learned,25,260.0,14,20,20,True,False,5.084518392950585e-06
5,learned,26,250.0,15,20,20,True,False,7.481146312118613e-06
5,learned,27,260.0,14,20,20,True,False,5.084518392950585e-06
5,learned,28,250.0,15,20,20,True,False,7.481146312118613e-06
5,learned,29,260.0,14,20,20,True,False,5.084518392950585e-06
5,learned,30,250.0,15,20,20,True,False,7.481146312118613e-06
5,learned,31,260.0,14,20,20,True,False,5.084518392950585e-06
5,learned,32,250.0,15,20,20,True,False,7.481146312118613e-06
5,learned,33,260.0,14,20,20,True,False,5.084518392950585e-06
5,learned,34,250.0,15,20,20,True,False,7.481146312118613e-06
5,learned,35,260.0,14,20,20,True,False,5.084518392950585e-06
5,learned,36,250.0,15,20,20,True,False,7.481146312118613e-06
5,learned,37,260.0,14,20,20,True,False,5.084518392950585e-06
5,learned,38,250.0,15,20,20,True,False,7.481146312118613e-06
5,learned,39,260.0,14,20,20,True,False,5.084518392950585e-06
5,learned,40,250.0,15,20,20,True,False,7.481146312118613e-06
5,learned,41,260.0,14,20,20,True,False,5.084518392950585e-06
5,learned,42,250.0,15,20,20,True,False,7.481146312118613e-06
5,learned,43,260.0,14,20,20,True,False,5.084518392950585e-06
5,learned,44,250.0,15,20,20,True,False,7.481146312118613e-06
5,learned,45,260.0,14,20,20,True,False,5.084518392950585e-06
5,learned,46,250.0,15,20,20,True,False,7.481146312118613e-06
5,learned,47,260.0,14,20,20,True,False,5.084518392950585e-06
5,learned,48,250.0,15,20,20,True,False,7.481146312118613e-06
5,learned,49,260.0,14,20,20,True,False,5.084518392950585e-06
5,learned,50,250.0,15,20,20,True,False,7.481146312118613e-06
5,learned,51,260.0,14,20,20,True,False,5.084518392950585e-06
5,learned,52,250.0,15,20,20,True,False,7.481146312118613e-06
5,learned,53,260.0,14,20,20,True,False,5.084518392950585e-06
5,learned,54,250.0,15,20,20,True,False,7.481146312118613e-06
5,learned,55,260.0,14,20,20,True,False,5.084518392950585e-06
5,learned,56,250.0,15,20,20,True,False,7.481146312118613e-06
5,learned,57,260.0,14,20,20,True,False,5.084518392950585e-06
5,learned,58,250.0,15,20,20,True,False,7.481146312118613e-06
5,learned,59,260.0,14,20,20,True,False,5.084518392950585e-06
5,learned,60,250.0,15,20,20,True,False,7.481146312118613e-06
5,learned,61,260.0,14,20,20,True,False,5.084518392950585e-06
5,learned,62,250.0,15,20,20,True,False,7.481146312118613e-06
5,learned,63,260.0,14,20,20,True,False,5.084518392950585e-06
5,learned,64,250.0,15,20,20,True,False,7.481146312118613e-06
5,learned,65,260.0,14,20,20,True,False,5.084518392950585e-06
5,learned,66,250.0,15,20,20,True,False,7.481146312118613e-06
5,learned,67,260.0,14,20,20,True,False,5.084518392950585e-06
5,learned,68,250.0,15,20,20,True,False,7.481146312118613e-06
5,learned,69,260.0,14,20,20,True,False,5.084518392950585e-06
5,learned,70,250.0,15,20,20,True,False,7.481146312118613e-06
5,learned,71,260.0,14,20,20,True,False,5.084518392950585e-06
5,learned,72,250.0,15,20,20,True,False,7.481146312118613e-06
5,learned,73,260.0,14,20,20,True,False,5.084518392950585e-06
5,learned,74,250.0,15,20,20,True,False,7.481146312118613e-06
5,learned,75,260.0,14,20,20,True,False,5.084518392950585e-06
5,learned,76,250.0,15,20,20,True,False,7.481146312118613e-06
5,learned,77,260.0,14,20,20,True,False,5.084518392950585e-06
5,learned,78,250.0,15,20,20,True,False,7.481146312118613e-06
5,learned,79,260.0,14,20,20,True,False,5.084518392950585e-06
5,learned,80,250.0,15,20,20,True,False,7.481146312118613e-06
5,learned,81,260.0,14,20,20,True,False,5.084518392950585e-06
5,learned,82,250.0,15,20,20,True,False,7.481146312118613e-06
5,learned,83,260.0,14,20,20,True,False,5.084518392950585e-06
5,learned,84,250.0,15,20,20,True,False,7.481146312118613e-06
5,learned,85,260.0,14,20,20,True,False,5.084518392950585e-06
5,learned,86,250.0,15,20,20,True,False,7.481146312118613e-06
5,learned,87,260.0,14,20,20,True,False,5.084518392950585e-06
5,learned,88,250.0,15,20,20,True,False,7.481146312118613e-06
5,learned,89,260.0,14,20,20,True,False,5.084518392950585e-06
5,learned,90,250.0,15,20,20,True,False,7.481146312118613e-06
5,learned,91,260.0,14,20,20,True,False,5.084518392950585e-06
5,learned,92,250.0,15,20,20,True,False,7.481146312118613e-06
5,learned,93,260.0,14,20,20,True,False,5.084518392950585e-06
5,learned,94,250.0,15,20,20,True,False,7.481146312118613e-06
5,learned,95,260.0,14,20,20,True,False,5.084518392950585e-06
5,learned,96,250.0,15,20,20,True,False,7.481146312118613e-06
5,learned,97,260.0,14,20,20,True,False,5.084518392950585e-06
5,learned,98,250.0,15,20,20,True,False,7.481146312118613e-06
5,learned,99,260.0,14,20,20,True,False,5.084518392950585e-06
5,learned,100,250.0,15,20,20,True,False,7.481146312118613e-06
5,learned,101,260.0,14,20,20,True,False,5.084518392950585e-06
5,learned,102,250.0,15,20,20,True,False,7.481146312118613e-06
5,learned,103,260.0,14,20,20,True,False,5.084518392950585e-06
5,learned,104,250.0,15,20,20,True,False,7.481146312118613e-06
5,learned,105,260.0,14,20,20,True,False,5.084518392950585e-06
5,learned,106,250.0,15,20,20,True,False,7.481146312118613e-06
5,learned,107,260.0,14,20,20,True,False,5.084518392950585e-06
5,learned,108,250.0,15,20,20,True,False,7.481146312118613e-06
5,learned,109,260.0,14,20,20,True,False,5.084518392950585e-06
5,learned,110,250.0,15,20,20,True,False,7.481146312118613e-06
5,learned,111,260.0,14,20,20,True,False,5.084518392950585e-06
5,learned,112,250.0,15,20,20,True,False,7.481146312118613e-06
5,learned,113,260.0,14,20,20,True,False,5.084518392950585e-06
5,learned,114,250.0,15,20,20,True,False,7.481146312118613e-06
5,learned,115,260.0,14,20,20,True,False,5.084518392950585e-06
5,learned,116,250.0,15,20,20,True,False,7.481146312118613e-06
5,learned,117,260.0,14,20,20,True,False,5.084518392950585e-06
5,learned,118,250.0,15,20,20,True,False,7.481146312118613e-06
5,learned,119,260.0,14,20,20,True,False,5.084518392950585e-06
5,learned,120,250.0,15,20,20,True,False,7.481146312118613e-06
5,learned,121,260.0,14,20,20,True,False,5.084518392950585e-06
5,learned,122,250.0,15,20,20,True,False,7.481146312118613e-06
5,learned,123,260.0,14,20,20,True,False,5.084518392950585e-06
5,learned,124,250.0,15,20,20,True,False,7.481146312118613e-06
5,learned,125,260.0,14,20,20,True,False,5.084518392950585e-06
5,learned,126,250.0,15,20,20,True,False,7.481146312118613e-06
5,learned,127,260.0,14,20,20,True,False,5.084518392950585e-06
5,learned,128,250.0,15,20,20,True,False,7.481146312118613e-06
5,learned,129,260.0,14,20,20,True,False,5.084518392950585e-06
5,learned,130,250.0,15,20,20,True,False,7.481146312118613e-06
5,learned,131,260.0,14,20,20,True,False,5.084518392950585e-06
5,learned,132,250.0,15,20,20,True,False,7.481146312118613e-06
5,learned,133,260.0,14,20,20,True,False,5.084518392950585e-06
5,learned,134,250.0,15,20,20,True,False,7.481146312118613e-06
5,learned,135,260.0,14,20,20,True,False,5.084518392950585e-06
5,learned,136,250.0,15,20,20,True,False,7.481146312118613e-06
5,learned,137,260.0,14,20,20,True,False,5.084518392950585e-06
5,learned,138,250.0,15,20,20,True,False,7.481146312118613e-06
5,learned,139,260.0,14,20,20,True,False,5.084518392950585e-06
5,learned,140,250.0,15,20,20,True,False,7.481146312118613e-06
5,learned,141,260.0,14,20,20,True,False,5.084518392950585e-06
5,learned,142,250.0,15,20,20,True,False,7.481146312118613e-06
5,learned,143,260.0,14,20,20,True,False,5.084518392950585e-06
5,learned,144,250.0,15,20,20,True,False,7.481146312118613e-06
5,learned,145,260.0,14,20,20,True,False,5.084518392950585e-06
5,learned,146,250.0,15,20,20,True,False,7.481146312118613e-06
5,learned,147,260.0,14,20,20,True,False,5.084518392950585e-06
5,learned,148,250.0,15,20,20,True,False,7.481146312118613e-06
5,learned,149,260.0,14,20,20,True,False,5.084518392950585e-06
5,learned,150,250.0,15,20,20,True,False,7.481146312118613e-06
5,learned,151,260.0,14,20,20,True,False,5.084518392950585e-06
5,learned,152,250.0,15,20,20,True,False,7.481146312118613e-06
5,learned,153,260.0,14,20,20,True,False,5.084518392950585e-06
5,learned,154,250.0,15,20,20,True,False,7.481146312118613e-06
5,learned,155,260.0,14,20,20,True,False,5.084518392950585e-06
5,learned,156,250.0,15,20,20,True,False,7.481146312118613e-06
5,learned,157,260.0,14,20,20,True,False,5.084518392950585e-06
5,learned,158,250.0,15,20,20,True,False,7.481146312118613e-06
5,learned,159,260.0,14,20,20,True,False,5.084518392950585e-06
5,learned,160,250.0,15,20,20,True,False,7.481146312118613e-06
5,learned,161,260.0,14,20,20,True,False,5.084518392950585e-06
5,learned,162,250.0,15,20,20,True,False,7.481146312118613e-06
5,learned,163,260.0,14,20,20,True,False,5.084518392950585e-06
5,learned,164,250.0,15,20,20,True,False,7.481146312118613e-06
5,learned,165,260.0,14,20,20,True,False,5.084518392950585e-06
5,learned,166,250.0,15,20,20,True,False,7.481146312118613e-06
5,learned,167,260.0,14,20,20,True,False,5.084518392950585e-06
5,learned,168,250.0,15,20,20,True,False,7.481146312118613e-06
5,learned,169,260.0,14,20,20,True,False,5.084518392950585e-06
5,learned,170,250.0,15,20,20,True,False,7.481146312118613e-06
5,learned,171,260.0,14,20,20,True,False,5.084518392950585e-06
5,learned,172,250.0,15,20,20,True,False,7.481146312118613e-06
5,learned,173,260.0,14,20,20,True,False,5.084518392950585e-06
5,learned,174,250.0,15,20,20,True,False,7.481146312118613e-06
5,learned,175,260.0,14,20,20,True,False,5.084518392950585e-06
5,learned,176,250.0,15,20,20,True,False,7.481146312118613e-06
5,learned,177,260.0,14,20,20,True,False,5.084518392950585e-06
5,learned,178,250.0,15,20,20,True,False,7.481146312118613e-06
5,learned,179,260.0,14,20,20,True,False,5.084518392950585e-06
5,learned,180,250.0,15,20,20,True,False,7.481146312118613e-06
5,learned,181,260.0,14,20,20,True,False,5.084518392950585e-06
5,learned,182,250.0,15,20,20,True,False,7.481146312118613e-06
5,learned,183,260.0,14,20,20,True,False,5.084518392950585e-06
5,learned,184,250.0,15,20,20,True,False,7.481146312118613e-06
5,learned,185,260.0,14,20,20,True,False,5.084518392950585e-06
5,learned,186,250.0,15,20,20,True,False,7.481146312118613e-06
5,learned,187,260.0,14,20,20,True,False,5.084518392950585e-06
5,learned,188,250.0,15,20,20,True,False,7.481146312118613e-06
5,learned,189,260.0,14,20,20,True,False,5.084518392950585e-06
5,learned,190,250.0,15,20,20,True,False,7.481146312118613e-06
5,learned,191,260.0,14,20,20,True,False,5.084518392950585e-06
5,learned,192,250.0,15,20,20,True,False,7.481146312118613e-06
5,learned,193,260.0,14,20,20,True,False,5.084518392950585e-06
5,learned,194,250.0,15,20,20,True,False,7.481146312118613e-06
5,learned,195,260.0,14,20,20,True,False,5.084518392950585e-06
5,learned,196,250.0,15,20,20,True,False,7.481146312118613e-06
5,learned,197,260.0,14,20,20,True,False,5.084518392950585e-06
5,learned,198,250.0,15,20,20,True,False,7.481146312118613e-06
5,learned,199,260.0,14,20,20,True,False,5.084518392950585e-06
5,learned,200,250.0,15,20,20,True,False,7.481146312118613e-06
6,initial,0,240.0,14,19,20,False,False,0.0
6,greedy,0,240.0,14,19,20,False,False,0.0
6,greedy,1,250.0,15,20,20,True,False,4.748565378194781e-06
6,greedy,2,260.0,14,20,20,True,False,2.62465878405918e-06
6,greedy,3,270.0,13,20,20,True,False,2.1321005810426055e-06
6,greedy,4,280.0,12,20,20,True,False,2.0731968302426136e-06
6,greedy,5,290.0,11,20,20,True,False,1.6414181249214043e-06
6,greedy,6,300.0,10,20,20,True,True,1.6121231891782506e-06
6,random,0,240.0,14,19,20,False,False,0.0
6,random,1,240.0,14,19,20,False,False,0.0
6,random,2,250.0,15,20,20,True,False,4.748565378194781e-06
6,random,3,240.0,16,20,20,True,False,4.759470450280986e-06
6,random,4,240.0,16,20,20,True,False,4.759470450280986e-06
6,random,5,240.0,16,20,20,True,False,4.759470450280986e-06
6,random,6,240.0,16,20,20,True,False,4.759470450280986e-06
6,random,7,230.0,17,20,20,True,False,5.6962633212720986e-06
6,random,8,230.0,17,20,20,True,False,5.6962633212720986e-06
6,random,9,230.0,17,20,20,True,False,5.6962633212720986e-06
6,random,10,230.0,17,20,20,True,False,5.6962633212720986e-06
6,random,11,220.0,18,20,20,True,False,1.0652228848000583e-05
6,random,12,220.0,18,20,20,True,False,1.0652228848000583e-05
6,random,13,210.0,19,20,20,True,False,1.0860660838796861e-05
6,random,14,200.0,20,20,20,True,False,1.1164727839208164e-05
6,random,15,200.0,20,20,20,True,False,1.1164727839208164e-05
6,random,16,200.0,20,20,20,True,False,1.1164727839208164e-05
6,random,17,200.0,20,20,20,True,False,1.1164727839208164e-05
6,random,18,200.0,20,20,20,True,False,1.1164727839208164e-05
6,random,19,200.0,20,20,20,True,False,1.1164727839208164e-05
6,random,20,190.0,21,20,20,True,False,1.2954034387153894e-05
6,random,21,200.0,20,20,20,True,False,1.1800461581965177e-05
6,random,22,200.0,20,20,20,True,False,1.1800461581965177e-05
6,random,23,200.0,20,20,20,True,False,1.1800461581965177e-05
6,random,24,190.0,21,20,20,True,False,1.2751613829467843e-05
6,random,25,200.0,20,20,20,True,False,1.2662840547372045e-05
6,random,26,200.0,20,20,20,True,False,1.2662840547372045e-05
6,random,27,200.0,20,20,20,True,False,1.2662840547372045e-05
6,random,28,190.0,21,20,20,True,False,1.2719915982811569e-05
6,random,29,190.0,21,20,20,True,False,1.2719915982811569e-05
6,random,30,200.0,20,20,20,True,False,1.2606675876770486e-05
6,random,31,210.0,19,20,20,True,False,1.1099374005406853e-05
6,random,32,200.0,20,20,20,True,False,1.2606675876770486e-05
6,random,33,200.0,20,20,20,True,False,1.2606675876770486e-05
6,random,34,200.0,20,20,20,True,False,1.2606675876770486e-05
6,random,35,200.0,20,20,20,True,False,1.2606675876770486e-05
6,random,36,190.0,21,20,20,True,False,3.484006988924759e-05
6,random,37,200.0,20,20,20,True,False,3.382986649926864e-05
6,random,38,200.0,20,20,20,True,False,3.382986649926864e-05
6,random,39,200.0,20,20,20,True,False,3.382986649926864e-05
6,random,40,200.0,20,20,20,True,False,3.382986649926864e-05
6,random,41,190.0,21,20,20,True,False,3.484006988924759e-05
6,random,42,190.0,21,20,20,True,False,3.484006988924759e-05
6,random,43,190.0,21,20,20,True,False,3.484006988924759e-05
6,random,44,190.0,21,20,20,True,False,3.484006988924759e-05
6,random,45,180.0,22,20,20,True,False,3.484889476181103e-05
6,random,46,180.0,22,20,20,True,False,3.484889476181103e-05
6,random,47,180.0,22,20,20,True,False,3.484889476181103e-05
6,random,48,180.0,22,20,20,True,False,3.484889476181103e-05
6,random,49,180.0,22,20,20,True,False,3.484889476181103e-05
6,random,50,180.0,22,20,20,True,False,3.484889476181103e-05
6,random,51,190.0,21,20,20,True,False,3.484006988924759e-05
6,random,52,180.0,22,20,20,True,False,3.544478040601258e-05
6,random,53,170.0,23,20,20,True,False,5.85433268613295e-05
6,random,54,180.0,22,20,20,True,False,3.544478040601258e-05
6,random,55,170.0,23,20,20,True,False,3.6378490074862286e-05
6,random,56,160.0,24,20,20,True,False,3.649762359429451e-05
6,random,57,170.0,23,20,20,True,False,3.637849007486231e-05
6,random,58,170.0,23,20,20,True,False,3.637849007486231e-05
6,random,59,180.0,22,20,20,True,False,3.62653582474047e-05
6,random,60,190.0,21,20,20,True,False,3.53303590648607e-05
6,random,61,180.0,22,20,20,True,False,3.563887789220139e-05
6,random,62,180.0,22,20,20,True,False,3.563887789220139e-05
6,random,63,190.0,21,20,20,True,False,3.562025225264096e-05
6,random,64,190.0,21,20,20,True,False,3.562025225264096e-05
6,random,65,180.0,22,20,20,True,False,3.5831023704529696e-05
6,random,66,170.0,23,20,20,True,False,5.8146069629535294e-05
6,random,67,170.0,23,20,20,True,False,5.8146069629535294e-05
6,random,68,170.0,23,20,20,True,False,5.8146069629535294e-05
6,random,69,180.0,22,20,20,True,False,5.7659118914310946e-05
6,random,70,180.0,22,20,20,True,False,5.7659118914310946e-05
6,random,71,170.0,23,20,20,True,False,5.7975952494415954e-05
6,random,72,180.0,22,20,20,True,False,4.5660258969972264e-05
6,random,73,170.0,23,20,20,True,False,5.74972493793031e-05
6,random,74,180.0,22,20,20,True,False,5.746483109090203e-05
6,random,75,180.0,22,20,20,True,False,5.746483109090203e-05
6,random,76,170.0,23,20,20,True,False,6.0664542043650565e-05
6,random,77,160.0,24,20,20,True,False,6.102169450462547e-05
6,random,78,150.0,25,20,20,True,False,7.221295473061739e-05
6,random,79,140.0,26,20,20,True,False,7.221655928633608e-05
6,random,80,150.0,25,20,20,True,False,7.19953112790061e-05
6,random,81,150.0,25,20,20,True,False,7.19953112790061e-05
6,random,82,150.0,25,20,20,True,False,7.19953112790061e-05
6,random,83,150.0,25,20,20,True,False,7.19953112790061e-05
6,random,84,150.0,25,20,20,True,False,7.19953112790061e-05
6,random,85,150.0,25,20,20,True,False,7.19953112790061e-05
6,random,86,150.0,25,20,20,True,False,7.19953112790061e-05
6,random,87,150.0,25,20,20,True,False,7.19953112790061e-05
6,random,88,140.0,26,20,20,True,False,7.208319640259026e-05
6,random,89,130.0,27,20,20,True,False,7.218086508128489e-05
6,random,90,130.0,27,20,20,True,False,7.218086508128489e-05
6,random,91,140.0,26,20,20,True,False,7.200608115582733e-05
6,random,92,140.0,26,20,20,True,False,7.200608115582733e-05
6,random,93,130.0,27,20,20,True,False,7.218086508128484e-05
6,random,94,140.0,26,20,20,True,False,7.130632876809341e-05
6,random,95,130.0,27,20,20,True,False,7.243858989282023e-05
6,random,96,120.0,28,20,20,True,False,9.157076868713323e-05
6,random,97,120.0,28,20,20,True,False,9.157076868713323e-05
6,random,98,110.0,29,20,20,True,False,9.190313044816998e-05
6,random,99,120.0,28,20,20,True,False,7.25974747535042e-05
6,random,100,120.0,28,20,20,True,False,7.25974747535042e-05
6,random,101,120.0,28,20,20,True,False,7.25974747535042e-05
6,random,102,120.0,28,20,20,True,False,7.25974747535042e-05
6,random,103,120.0,28,20,20,True,False,7.25974747535042e-05
6,random,104,110.0,29,20,20,True,False,7.316512243216327e-05
6,random,105,110.0,29,20,20,True,False,7.316512243216327e-05
6,random,106,110.0,29,20,20,True,False,7.316512243216327e-05
6,random,107,110.0,29,20,20,True,False,7.316512243216327e-05
6,random,108,100.0,30,20,20,True,False,7.362753502275686e-05
6,random,109,90.0,31,20,20,True,False,8.013198397904071e-05
6,random,110,90.0,31,20,20,True,False,8.013198397904071e-05
6,random,111,100.0,30,20,20,True,False,8.006361441284495e-05
6,random,112,110.0,29,20,20,True,False,7.944056548354006e-05
6,random,113,120.0,28,20,20,True,False,7.86769812852012e-05
6,random,114,110.0,29,20,20,True,False,7.899785982454341e-05
6,random,115,110.0,29,20,20,True,False,7.899785982454341e-05
6,random,116,110.0,29,20,20,True,False,7.899785982454341e-05
6,random,117,100.0,30,20,20,True,False,8.094922818027212e-05
6,random,118,90.0,31,20,20,True,False,8.128216486121832e-05
6,random,119,90.0,31,20,20,True,False,8.128216486121832e-05
6,random,120,80.0,32,20,20,True,False,9.149546135798136e-05
6,random,121,70.0,33,20,20,True,False,9.149981833243789e-05
6,random,122,80.0,32,20,20,True,False,9.063696526810193e-05
6,random,123,80.0,32,20,20,True,False,9.063696526810193e-05
6,random,124,80.0,32,20,20,True,False,9.063696526810193e-05
6,random,125,70.0,33,20,20,True,False,9.111015323682048e-05
6,random,126,80.0,32,20,20,True,False,9.063696526810162e-05
6,random,127,70.0,33,20,20,True,False,9.068300928069772e-05
6,random,128,60.0,34,20,20,True,False,9.155779848431926e-05
6,random,129,70.0,33,20,20,True,False,5.5286304493368845e-05
6,random,130,70.0,33,20,20,True,False,5.5286304493368845e-05
6,random,131,70.0,33,20,20,True,False,5.5286304493368845e-05
6,random,132,70.0,33,20,20,True,False,5.5286304493368845e-05
6,random,133,70.0,33,20,20,True,False,5.5286304493368845e-05
6,random,134,60.0,34,20,20,True,False,5.5626411608222325e-05
6,random,135,60.0,34,20,20,True,False,5.5626411608222325e-05
6,random,136,60.0,34,20,20,True,False,5.5626411608222325e-05
6,random,137,60.0,34,20,20,True,False,5.5626411608222325e-05
6,random,138,60.0,34,20,20,True,False,5.5626411608222325e-05
6,random,139,70.0,33,20,20,True,False,5.550544016478429e-05
6,random,140,70.0,33,20,20,True,False,5.550544016478429e-05
6,random,141,70.0,33,20,20,True,False,5.550544016478429e-05
6,random,142,70.0,33,20,20,True,False,5.550544016478429e-05
6,random,143,60.0,34,20,20,True,False,6.611697719538416e-05
6,random,144,50.0,35,20,20,True,False,6.624987920939132e-05
6,random,145,60.0,34,20,20,True,False,6.621513226895066e-05
6,random,146,70.0,33,20,20,True,False,6.607723091283541e-05
6,random,147,70.0,33,20,20,True,False,6.607723091283541e-05
6,random,148,60.0,34,20,20,True,False,6.766483004254099e-05
6,random,149,70.0,33,20,20,True,False,6.757161083199365e-05
6,random,150,70.0,33,20,20,True,False,6.757161083199365e-05
6,random,151,60.0,34,20,20,True,False,6.770299308194582e-05
6,random,152,60.0,34,20,20,True,False,6.770299308194582e-05
6,random,153,50.0,35,20,20,True,False,6.790051369780547e-05
6,random,154,60.0,34,20,20,True,False,6.728228850739088e-05
6,random,155,70.0,33,20,20,True,False,6.702437633305886e-05
6,random,156,60.0,34,20,20,True,False,7.957448127354507e-05
6,random,157,60.0,34,20,20,True,False,7.957448127354507e-05
6,random,158,60.0,34,20,20,True,False,7.957448127354507e-05
6,random,159,70.0,33,20,20,True,False,6.702437633305836e-05
6,random,160,80.0,32,20,20,True,False,6.698637006497214e-05
6,random,161,80.0,32,20,20,True,False,6.698637006497214e-05
6,random,162,70.0,33,20,20,True,False,6.72984957854101e-05
6,random,163,80.0,32,20,20,True,False,6.726362629499744e-05
6,random,164,80.0,32,20,20,True,False,6.726362629499744e-05
6,random,165,70.0,33,20,20,True,False,6.737358627657214e-05
6,random,166,80.0,32,20,20,True,False,6.354585961829032e-05
6,random,167,70.0,33,20,20,True,False,6.386845010934683e-05
6,random,168,70.0,33,20,20,True,False,6.386845010934683e-05
6,random,169,80.0,32,20,20,True,False,6.329135302960638e-05
6,random,170,80.0,32,20,20,True,False,6.329135302960638e-05
6,random,171,80.0,32,20,20,True,False,6.329135302960638e-05
6,random,172,70.0,33,20,20,True,False,7.157571051532391e-05
6,random,173,70.0,33,20,20,True,False,7.157571051532391e-05
6,random,174,80.0,32,20,20,True,False,7.13546543399815e-05
6,random,175,80.0,32,20,20,True,False,7.13546543399815e-05
6,random,176,90.0,31,20,20,True,False,7.003011611347191e-05
6,random,177,100.0,30,20,20,True,False,6.830286945554875e-05
6,random,178,100.0,30,20,20,True,False,6.830286945554875e-05
6,random,179,100.0,30,20,20,True,False,6.830286945554875e-05
6,random,180,100.0,30,20,20,True,False,6.830286945554875e-05
6,random,181,110.0,29,20,20,True,False,6.782133614056371e-05
6,random,182,100.0,30,20,20,True,False,6.84985226701927e-05
6,random,183,110.0,29,20,20,True,False,6.463307588286931e-05
6,random,184,100.0,30,20,20,True,False,6.849852267019287e-05
6,random,185,90.0,31,20,20,True,False,6.89681239392599e-05
6,random,186,80.0,32,20,20,True,False,6.954796516655809e-05
6,random,187,70.0,33,20,20,True,False,7.031023186567027e-05
6,random,188,80.0,32,20,20,True,False,7.026387840268989e-05
6,random,189,80.0,32,20,20,True,False,7.026387840268989e-05
6,random,190,90.0,31,20,20,True,False,6.953431698802691e-05
6,random,191,90.0,31,20,20,True,False,6.953431698802691e-05
6,random,192,90.0,31,20,20,True,False,6.953431698802691e-05
6,random,193,90.0,31,20,20,True,False,6.953431698802691e-05
6,random,194,90.0,31,20,20,True,False,6.953431698802691e-05
6,random,195,80.0,32,20,20,True,False,7.065503890307249e-05
6,random,196,70.0,33,20,20,True,False,7.069632238215607e-05
6,random,197,70.0,33,20,20,True,False,7.069632238215607e-05
6,random,198,80.0,32,20,20,True,False,7.055242119775105e-05
6,random,199,80.0,32,20,20,True,False,7.055242119775105e-05
6,random,200,80.0,32,20,20,True,False,7.055242119775105e-05
6,learned,0,240.0,14,19,20,False,False,0.0
6,learned,1,250.0,15,20,20,True,False,4.805066216251905e-06
6,learned,2,260.0,14,20,20,True,False,4.442156382325424e-06
6,learned,3,250.0,15,20,20,True,False,4.5735156945281885e-06
6,learned,4,260.0,14,20,20,True,False,2.2429466023748506e-06
6,learned,5,250.0,15,20,20,True,False,7.824657452720673e-06
6,learned,6,240.0,16,20,20,True,False,7.872470667455187e-06
6,learned,7,250.0,15,20,20,True,False,7.564687734559609e-06
6,learned,8,260.0,14,20,20,True,False,5.577961167834433e-06
6,learned,9,250.0,15,20,20,True,False,7.564687734559609e-06
6,learned,10,260.0,14,20,20,True,False,5.577961167834433e-06
6,learned,11,250.0,15,20,20,True,False,7.564687734559609e-06
6,learned,12,260.0,14,20,20,True,False,5.577961167834433e-06
6,learned,13,250.0,15,20,20,True,False,7.564687734559609e-06
6,learned,14,260.0,14,20,20,True,False,5.577961167834433e-06
6,learned,15,250.0,15,20,20,True,False,7.564687734559609e-06
6,learned,16,260.0,14,20,20,True,False,5.577961167834433e-06
6,learned,17,250.0,15,20,20,True,False,7.564687734559609e-06
6,learned,18,260.0,14,20,20,True,False,5.577961167834433e-06
6,learned,19,250.0,15,20,20,True,False,7.564687734559609e-06
6,learned,20,260.0,14,20,20,True,False,5.577961167834433e-06
6,learned,21,250.0,15,20,20,True,False,7.564687734559609e-06
6,learned,22,260.0,14,20,20,True,False,5.577961167834433e-06
6,learned,23,250.0,15,20,20,True,False,7.564687734559609e-06
6,learned,24,260.0,14,20,20,True,False,5.577961167834433e-06
6,learned,25,250.0,15,20,20,True,False,7.564687734559609e-06
6,learned,26,260.0,14,20,20,True,False,5.577961167834433e-06
6,learned,27,250.0,15,20,20,True,False,7.564687734559609e-06
6,learned,28,260.0,14,20,20,True,False,5.577961167834433e-06
6,learned,29,250.0,15,20,20,True,False,7.564687734559609e-06
6,learned,30,260.0,14,20,20,True,False,5.577961167834433e-06
6,learned,31,250.0,15,20,20,True,False,7.564687734559609e-06
6,learned,32,260.0,14,20,20,True,False,5.577961167834433e-06
6,learned,33,250.0,15,20,20,True,False,7.564687734559609e-06
6,learned,34,260.0,14,20,20,True,False,5.577961167834433e-06
6,learned,35,250.0,15,20,20,True,False,7.564687734559609e-06
6,learned,36,260.0,14,20,20,True,False,5.577961167834433e-06
6,learned,37,250.0,15,20,20,True,False,7.564687734559609e-06
6,learned,38,260.0,14,20,20,True,False,5.577961167834433e-06
6,learned,39,250.0,15,20,20,True,False,7.564687734559609e-06
6,learned,40,260.0,14,20,20,True,False,5.577961167834433e-06
6,learned,41,250.0,15,20,20,True,False,7.564687734559609e-06
6,learned,42,260.0,14,20,20,True,False,5.577961167834433e-06
6,learned,43,250.0,15,20,20,True,False,7.564687734559609e-06
6,learned,44,260.0,14,20,20,True,False,5.577961167834433e-06
6,learned,45,250.0,15,20,20,True,False,7.564687734559609e-06
6,learned,46,260.0,14,20,20,True,False,5.577961167834433e-06
6,learned,47,250.0,15,20,20,True,False,7.564687734559609e-06
6,learned,48,260.0,14,20,20,True,False,5.577961167834433e-06
6,learned,49,250.0,15,20,20,True,False,7.564687734559609e-06
6,learned,50,260.0,14,20,20,True,False,5.577961167834433e-06
6,learned,51,250.0,15,20,20,True,False,7.564687734559609e-06
6,learned,52,260.0,14,20,20,True,False,5.577961167834433e-06
6,learned,53,250.0,15,20,20,True,False,7.564687734559609e-06
6,learned,54,260.0,14,20,20,True,False,5.577961167834433e-06
6,learned,55,250.0,15,20,20,True,False,7.564687734559609e-06
6,learned,56,260.0,14,20,20,True,False,5.577961167834433e-06
6,learned,57,250.0,15,20,20,True,False,7.564687734559609e-06
6,learned,58,260.0,14,20,20,True,False,5.577961167834433e-06
6,learned,59,250.0,15,20,20,True,False,7.564687734559609e-06
6,learned,60,260.0,14,20,20,True,False,5.577961167834433e-06
6,learned,61,250.0,15,20,20,True,False,7.564687734559609e-06
6,learned,62,260.0,14,20,20,True,False,5.577961167834433e-06
6,learned,63,250.0,15,20,20,True,False,7.564687734559609e-06
6,learned,64,260.0,14,20,20,True,False,5.577961167834433e-06
6,learned,65,250.0,15,20,20,True,False,7.564687734559609e-06
6,learned,66,260.0,14,20,20,True,False,5.577961167834433e-06
6,learned,67,250.0,15,20,20,True,False,7.564687734559609e-06
6,learned,68,260.0,14,20,20,True,False,5.577961167834433e-06
6,learned,69,250.0,15,20,20,True,False,7.564687734559609e-06
6,learned,70,260.0,14,20,20,True,False,5.577961167834433e-06
6,learned,71,250.0,15,20,20,True,False,7.564687734559609e-06
6,learned,72,260.0,14,20,20,True,False,5.577961167834433e-06
6,learned,73,250.0,15,20,20,True,False,7.564687734559609e-06
6,learned,74,260.0,14,20,20,True,False,5.577961167834433e-06
6,learned,75,250.0,15,20,20,True,False,7.564687734559609e-06
6,learned,76,260.0,14,20,20,True,False,5.577961167834433e-06
6,learned,77,250.0,15,20,20,True,False,7.564687734559609e-06
6,learned,78,260.0,14,20,20,True,False,5.577961167834433e-06
6,learned,79,250.0,15,20,20,True,False,7.564687734559609e-06
6,learned,80,260.0,14,20,20,True,False,5.577961167834433e-06
6,learned,81,250.0,15,20,20,True,False,7.564687734559609e-06
6,learned,82,260.0,14,20,20,True,False,5.577961167834433e-06
6,learned,83,250.0,15,20,20,True,False,7.564687734559609e-06
6,learned,84,260.0,14,20,20,True,False,5.577961167834433e-06
6,learned,85,250.0,15,20,20,True,False,7.564687734559609e-06
6,learned,86,260.0,14,20,20,True,False,5.577961167834433e-06
6,learned,87,250.0,15,20,20,True,False,7.564687734559609e-06
6,learned,88,260.0,14,20,20,True,False,5.577961167834433e-06
6,learned,89,250.0,15,20,20,True,False,7.564687734559609e-06
6,learned,90,260.0,14,20,20,True,False,5.577961167834433e-06
6,learned,91,250.0,15,20,20,True,False,7.564687734559609e-06
6,learned,92,260.0,14,20,20,True,False,5.577961167834433e-06
6,learned,93,250.0,15,20,20,True,False,7.564687734559609e-06
6,learned,94,260.0,14,20,20,True,False,5.577961167834433e-06
6,learned,95,250.0,15,20,20,True,False,7.564687734559609e-06
6,learned,96,260.0,14,20,20,True,False,5.577961167834433e-06
6,learned,97,250.0,15,20,20,True,False,7.564687734559609e-06
6,learned,98,260.0,14,20,20,True,False,5.577961167834433e-06
6,learned,99,250.0,15,20,20,True,False,7.564687734559609e-06
6,learned,100,260.0,14,20,20,True,False,5.577961167834433e-06
6,learned,101,250.0,15,20,20,True,False,7.564687734559609e-06
6,learned,102,260.0,14,20,20,True,False,5.577961167834433e-06
6,learned,103,250.0,15,20,20,True,False,7.564687734559609e-06
6,learned,104,260.0,14,20,20,True,False,5.577961167834433e-06
6,learned,105,250.0,15,20,20,True,False,7.564687734559609e-06
6,learned,106,260.0,14,20,20,True,False,5.577961167834433e-06
6,learned,107,250.0,15,20,20,True,False,7.564687734559609e-06
6,learned,108,260.0,14,20,20,True,False,5.577961167834433e-06
6,learned,109,250.0,15,20,20,True,False,7.564687734559609e-06
6,learned,110,260.0,14,20,20,True,False,5.577961167834433e-06
6,learned,111,250.0,15,20,20,True,False,7.564687734559609e-06
6,learned,112,260.0,14,20,20,True,False,5.577961167834433e-06
6,learned,113,250.0,15,20,20,True,False,7.564687734559609e-06
6,learned,114,260.0,14,20,20,True,False,5.577961167834433e-06
6,learned,115,250.0,15,20,20,True,False,7.564687734559609e-06
6,learned,116,260.0,14,20,20,True,False,5.577961167834433e-06
6,learned,117,250.0,15,20,20,True,False,7.564687734559609e-06
6,learned,118,260.0,14,20,20,True,False,5.577961167834433e-06
6,learned,119,250.0,15,20,20,True,False,7.564687734559609e-06
6,learned,120,260.0,14,20,20,True,False,5.577961167834433e-06
6,learned,121,250.0,15,20,20,True,False,7.564687734559609e-06
6,learned,122,260.0,14,20,20,True,False,5.577961167834433e-06
6,learned,123,250.0,15,20,20,True,False,7.564687734559609e-06
6,learned,124,260.0,14,20,20,True,False,5.577961167834433e-06
6,learned,125,250.0,15,20,20,True,False,7.564687734559609e-06
6,learned,126,260.0,14,20,20,True,False,5.577961167834433e-06
6,learned,127,250.0,15,20,20,True,False,7.564687734559609e-06
6,learned,128,260.0,14,20,20,True,False,5.577961167834433e-06
6,learned,129,250.0,15,20,20,True,False,7.564687734559609e-06
6,learned,130,260.0,14,20,20,True,False,5.577961167834433e-06
6,learned,131,250.0,15,20,20,True,False,7.564687734559609e-06
6,learned,132,260.0,14,20,20,True,False,5.577961167834433e-06
6,learned,133,250.0,15,20,20,True,False,7.564687734559609e-06
6,learned,134,260.0,14,20,20,True,False,5.577961167834433e-06
6,learned,135,250.0,15,20,20,True,False,7.564687734559609e-06
6,learned,136,260.0,14,20,20,True,False,5.577961167834433e-06
6,learned,137,250.0,15,20,20,True,False,7.564687734559609e-06
6,learned,138,260.0,14,20,20,True,False,5.577961167834433e-06
6,learned,139,250.0,15,20,20,True,False,7.564687734559609e-06
6,learned,140,260.0,14,20,20,True,False,5.577961167834433e-06
6,learned,141,250.0,15,20,20,True,False,7.564687734559609e-06
6,learned,142,260.0,14,20,20,True,False,5.577961167834433e-06
6,learned,143,250.0,15,20,20,True,False,7.564687734559609e-06
6,learned,144,260.0,14,20,20,True,False,5.577961167834433e-06
6,learned,145,250.0,15,20,20,True,False,7.564687734559609e-06
6,learned,146,260.0,14,20,20,True,False,5.577961167834433e-06
6,learned,147,250.0,15,20,20,True,False,7.564687734559609e-06
6,learned,148,260.0,14,20,20,True,False,5.577961167834433e-06
6,learned,149,250.0,15,20,20,True,False,7.564687734559609e-06
6,learned,150,260.0,14,20,20,True,False,5.577961167834433e-06
6,learned,151,250.0,15,20,20,True,False,7.564687734559609e-06
6,learned,152,260.0,14,20,20,True,False,5.577961167834433e-06
6,learned,153,250.0,15,20,20,True,False,7.564687734559609e-06
6,learned,154,260.0,14,20,20,True,False,5.577961167834433e-06
6,learned,155,250.0,15,20,20,True,False,7.564687734559609e-06
6,learned,156,260.0,14,20,20,True,False,5.577961167834433e-06
6,learned,157,250.0,15,20,20,True,False,7.564687734559609e-06
6,learned,158,260.0,14,20,20,True,False,5.577961167834433e-06
6,learned,159,250.0,15,20,20,True,False,7.564687734559609e-06
6,learned,160,260.0,14,20,20,True,False,5.577961167834433e-06
6,learned,161,250.0,15,20,20,True,False,7.564687734559609e-06
6,learned,162,260.0,14,20,20,True,False,5.577961167834433e-06
6,learned,163,250.0,15,20,20,True,False,7.564687734559609e-06
6,learned,164,260.0,14,20,20,True,False,5.577961167834433e-06
6,learned,165,250.0,15,20,20,True,False,7.564687734559609e-06
6,learned,166,260.0,14,20,20,True,False,5.577961167834433e-06
6,learned,167,250.0,15,20,20,True,False,7.564687734559609e-06
6,learned,168,260.0,14,20,20,True,False,5.577961167834433e-06
6,learned,169,250.0,15,20,20,True,False,7.564687734559609e-06
6,learned,170,260.0,14,20,20,True,False,5.577961167834433e-06
6,learned,171,250.0,15,20,20,True,False,7.564687734559609e-06
6,learned,172,260.0,14,20,20,True,False,5.577961167834433e-06
6,learned,173,250.0,15,20,20,True,False,7.564687734559609e-06
6,learned,174,260.0,14,20,20,True,False,5.577961167834433e-06
6,learned,175,250.0,15,20,20,True,False,7.564687734559609e-06
6,learned,176,260.0,14,20,20,True,False,5.577961167834433e-06
6,learned,177,250.0,15,20,20,True,False,7.564687734559609e-06
6,learned,178,260.0,14,20,20,True,False,5.577961167834433e-06
6,learned,179,250.0,15,20,20,True,False,7.564687734559609e-06
6,learned,180,260.0,14,20,20,True,False,5.577961167834433e-06
6,learned,181,250.0,15,20,20,True,False,7.564687734559609e-06
6,learned,182,260.0,14,20,20,True,False,5.577961167834433e-06
6,learned,183,250.0,15,20,20,True,False,7.564687734559609e-06
6,learned,184,260.0,14,20,20,True,False,5.577961167834433e-06
6,learned,185,250.0,15,20,20,True,False,7.564687734559609e-06
6,learned,186,260.0,14,20,20,True,False,5.577961167834433e-06
6,learned,187,250.0,15,20,20,True,False,7.564687734559609e-06
6,learned,188,260.0,14,20,20,True,False,5.577961167834433e-06
6,learned,189,250.0,15,20,20,True,False,7.564687734559609e-06
6,learned,190,260.0,14,20,20,True,False,5.577961167834433e-06
6,learned,191,250.0,15,20,20,True,False,7.564687734559609e-06
6,learned,192,260.0,14,20,20,True,False,5.577961167834433e-06
6,learned,193,250.0,15,20,20,True,False,7.564687734559609e-06
6,learned,194,260.0,14,20,20,True,False,5.577961167834433e-06
6,learned,195,250.0,15,20,20,True,False,7.564687734559609e-06
6,learned,196,260.0,14,20,20,True,False,5.577961167834433e-06
6,learned,197,250.0,15,20,20,True,False,7.564687734559609e-06
6,learned,198,260.0,14,20,20,True,False,5.577961167834433e-06
6,learned,199,250.0,15,20,20,True,False,7.564687734559609e-06
6,learned,200,260.0,14,20,20,True,False,5.577961167834433e-06
7,initial,0,240.0,16,20,20,True,False,2.1999142386144373e-05
7,greedy,0,240.0,16,20,20,True,False,2.1999142386144373e-05
7,greedy,1,250.0,15,20,20,True,False,1.631916520123517e-05
7,greedy,2,260.0,14,20,20,True,False,1.0233462402835175e-05
7,greedy,3,270.0,13,20,20,True,False,1.0210617327469707e-05
7,greedy,4,280.0,12,20,20,True,False,2.913829284435828e-07
7,greedy,5,290.0,11,20,20,True,False,2.3541065097298253e-07
7,greedy,6,300.0,10,20,20,True,True,5.609697497046977e-08
7,random,0,240.0,16,20,20,True,False,2.1999142386144373e-05
7,random,1,250.0,15,20,20,True,False,8.459205878318052e-06
7,random,2,250.0,15,20,20,True,False,8.459205878318052e-06
7,random,3,240.0,16,20,20,True,False,9.759379100662703e-06
7,random,4,230.0,17,20,20,True,False,1.0138622580450064e-05
7,random,5,240.0,16,20,20,True,False,9.73450248762489e-06
7,random,6,250.0,15,20,20,True,False,1.3016532063076543e-06
7,random,7,260.0,14,20,20,True,False,1.220232340361399e-06
7,random,8,250.0,15,20,20,True,False,1.2716510099781821e-06
7,random,9,240.0,16,20,20,True,False,1.921633897798207e-06
7,random,10,250.0,15,20,20,True,False,1.778353767141894e-06
7,random,11,240.0,16,20,20,True,False,2.273264173191322e-06
7,random,12,240.0,16,20,20,True,False,2.273264173191322e-06
7,random,13,250.0,15,20,20,True,False,1.9330170798223626e-07
7,random,14,250.0,15,20,20,True,False,1.9330170798223626e-07
7,random,15,240.0,16,20,20,True,False,2.2732641731913327e-06
7,random,16,240.0,16,20,20,True,False,2.2732641731913327e-06
7,random,17,240.0,16,20,20,True,False,2.2732641731913327e-06
7,random,18,240.0,16,20,20,True,False,2.2732641731913327e-06
7,random,19,250.0,15,20,20,True,False,1.778353767142014e-06
7,random,20,240.0,14,19,20,False,False,0.0
7,random,21,240.0,14,19,20,False,False,0.0
7,random,22,240.0,14,19,20,False,False,0.0
7,random,23,230.0,15,19,20,False,False,0.0
7,random,24,220.0,16,19,20,False,False,0.0
7,random,25,220.0,16,19,20,False,False,0.0
7,random,26,210.0,15,18,20,False,False,0.0
7,random,27,210.0,15,18,20,False,False,0.0
7,random,28,210.0,15,18,20,False,False,0.0
7,random,29,200.0,16,18,20,False,False,0.0
7,random,30,210.0,15,18,20,False,False,0.0
7,random,31,210.0,15,18,20,False,False,0.0
7,random,32,210.0,15,18,20,False,False,0.0
7,random,33,200.0,16,18,20,False,False,0.0
7,random,34,200.0,16,18,20,False,False,0.0
7,random,35,200.0,16,18,20,False,False,0.0
7,random,36,200.0,16,18,20,False,False,0.0
7,random,37,210.0,15,18,20,False,False,0.0
7,random,38,220.0,14,18,20,False,False,0.0
7,random,39,220.0,14,18,20,False,False,0.0
7,random,40,230.0,15,19,20,False,False,0.0
7,random,41,240.0,16,20,20,True,False,3.920723207530661e-07
7,random,42,240.0,16,20,20,True,False,3.920723207530661e-07
7,random,43,250.0,15,20,20,True,False,3.885671833289473e-07
7,random,44,260.0,14,20,20,True,False,3.122032311608859e-08
7,random,45,260.0,14,20,20,True,False,3.122032311608859e-08
7,random,46,250.0,15,20,20,True,False,1.5115574880915014e-06
7,random,47,250.0,15,20,20,True,False,1.5115574880915014e-06
7,random,48,240.0,16,20,20,True,False,2.2082102982768593e-06
7,random,49,240.0,16,20,20,True,False,2.2082102982768593e-06
7,random,50,230.0,17,20,20,True,False,2.7100738047943945e-06
7,random,51,230.0,17,20,20,True,False,2.7100738047943945e-06
7,random,52,240.0,16,20,20,True,False,3.963381250033543e-07
7,random,53,250.0,15,20,20,True,False,3.562003181891413e-07
7,random,54,250.0,15,20,20,True,False,3.562003181891413e-07
7,random,55,250.0,15,20,20,True,False,3.562003181891413e-07
7,random,56,240.0,16,20,20,True,False,1.9933417503676933e-06
7,random,57,240.0,16,20,20,True,False,1.9933417503676933e-06
7,random,58,240.0,16,20,20,True,False,1.9933417503676933e-06
7,random,59,240.0,16,20,20,True,False,1.9933417503676933e-06
7,random,60,240.0,16,20,20,True,False,1.9933417503676933e-06
7,random,61,230.0,17,20,20,True,False,2.004762511919475e-06
7,random,62,230.0,17,20,20,True,False,2.004762511919475e-06
7,random,63,220.0,18,20,20,True,False,9.220821061498204e-06
7,random,64,210.0,19,20,20,True,False,9.784265741599661e-06
7,random,65,210.0,19,20,20,True,False,9.784265741599661e-06
7,random,66,210.0,19,20,20,True,False,9.784265741599661e-06
7,random,67,200.0,20,20,20,True,False,2.0497306495588062e-05
7,random,68,210.0,19,20,20,True,False,1.9457272721979115e-05
7,random,69,210.0,19,20,20,True,False,1.9457272721979115e-05
7,random,70,210.0,19,20,20,True,False,1.9457272721979115e-05
7,random,71,210.0,19,20,20,True,False,1.9457272721979115e-05
7,random,72,200.0,20,20,20,True,False,1.9771952159103676e-05
7,random,73,200.0,20,20,20,True,False,1.9771952159103676e-05
7,random,74,200.0,20,20,20,True,False,1.9771952159103676e-05
7,random,75,200.0,20,20,20,True,False,1.9771952159103676e-05
7,random,76,200.0,20,20,20,True,False,1.9771952159103676e-05
7,random,77,200.0,20,20,20,True,False,1.9771952159103676e-05
7,random,78,200.0,20,20,20,True,False,1.9771952159103676e-05
7,random,79,200.0,20,20,20,True,False,1.9771952159103676e-05
7,random,80,200.0,20,20,20,True,False,1.9771952159103676e-05
7,random,81,200.0,20,20,20,True,False,1.9771952159103676e-05
7,random,82,190.0,21,20,20,True,False,2.4744775818784092e-05
7,random,83,180.0,22,20,20,True,False,3.0225648183773168e-05
7,random,84,180.0,22,20,20,True,False,3.0225648183773168e-05
7,random,85,180.0,22,20,20,True,False,3.0225648183773168e-05
7,random,86,190.0,21,20,20,True,False,1.478068888659296e-05
7,random,87,190.0,21,20,20,True,False,1.478068888659296e-05
7,random,88,190.0,21,20,20,True,False,1.478068888659296e-05
7,random,89,190.0,21,20,20,True,False,1.478068888659296e-05
7,random,90,180.0,22,20,20,True,False,1.4794424711028893e-05
7,random,91,180.0,22,20,20,True,False,1.4794424711028893e-05
7,random,92,190.0,21,20,20,True,False,1.3046731496218314e-05
7,random,93,190.0,21,20,20,True,False,1.3046731496218314e-05
7,random,94,190.0,21,20,20,True,False,1.3046731496218314e-05
7,random,95,190.0,21,20,20,True,False,1.3046731496218314e-05
7,random,96,180.0,22,20,20,True,False,1.4318209695284778e-05
7,random,97,180.0,22,20,20,True,False,1.4318209695284778e-05
7,random,98,180.0,22,20,20,True,False,1.4318209695284778e-05
7,random,99,190.0,21,20,20,True,False,1.4270073803185355e-05
7,random,100,180.0,22,20,20,True,False,1.4766755400413593e-05
7,random,101,190.0,21,20,20,True,False,1.4662273416226554e-05
7,random,102,180.0,22,20,20,True,False,1.834889671885499e-05
7,random,103,180.0,22,20,20,True,False,1.834889671885499e-05
7,random,104,190.0,21,20,20,True,False,1.804499097180144e-05
7,random,105,180.0,22,20,20,True,False,1.8897270079552444e-05
7,random,106,190.0,21,20,20,True,False,1.8727118647118848e-05
7,random,107,190.0,21,20,20,True,False,1.8727118647118848e-05
7,random,108,190.0,21,20,20,True,False,1.8727118647118848e-05
7,random,109,190.0,21,20,20,True,False,1.8727118647118848e-05
7,random,110,180.0,22,20,20,True,False,1.8949227575399305e-05
7,random,111,190.0,21,20,20,True,False,8.22736893257387e-06
7,random,112,200.0,20,20,20,True,False,8.206693115675291e-06
7,random,113,210.0,19,20,20,True,False,7.565726371089599e-06
7,random,114,200.0,20,20,20,True,False,7.636604247488985e-06
7,random,115,190.0,21,20,20,True,False,7.64983277104368e-06
7,random,116,180.0,22,20,20,True,False,8.102912757463886e-06
7,random,117,170.0,23,20,20,True,False,8.299655699247334e-06
7,random,118,170.0,23,20,20,True,False,8.299655699247334e-06
7,random,119,160.0,24,20,20,True,False,8.464934641893335e-06
7,random,120,160.0,24,20,20,True,False,8.464934641893335e-06
7,random,121,160.0,24,20,20,True,False,8.464934641893335e-06
7,random,122,160.0,24,20,20,True,False,8.464934641893335e-06
7,random,123,170.0,23,20,20,True,False,5.462215549600249e-06
7,random,124,170.0,23,20,20,True,False,5.462215549600249e-06
7,random,125,160.0,24,20,20,True,False,7.613645971102852e-06
7,random,126,160.0,24,20,20,True,False,7.613645971102852e-06
7,random,127,160.0,24,20,20,True,False,7.613645971102852e-06
7,random,128,150.0,23,19,20,False,False,0.0
7,random,129,140.0,24,19,20,False,False,0.0
7,random,130,150.0,25,20,20,True,False,2.385732734888082e-06
7,random,131,140.0,26,20,20,True,False,2.4214355155470105e-06
7,random,132,150.0,25,20,20,True,False,2.194932232292253e-06
7,random,133,140.0,26,20,20,True,False,2.760537428778278e-06
7,random,134,140.0,26,20,20,True,False,2.760537428778278e-06
7,random,135,150.0,25,20,20,True,False,2.340409777965735e-06
7,random,136,150.0,25,20,20,True,False,2.340409777965735e-06
7,random,137,140.0,26,20,20,True,False,2.4844819539788086e-06
7,random,138,140.0,26,20,20,True,False,2.4844819539788086e-06
7,random,139,150.0,25,20,20,True,False,2.4124763253971943e-06
7,random,140,150.0,25,20,20,True,False,2.4124763253971943e-06
7,random,141,150.0,25,20,20,True,False,2.4124763253971943e-06
7,random,142,140.0,26,20,20,True,False,2.430016579583212e-06
7,random,143,140.0,26,20,20,True,False,2.430016579583212e-06
7,random,144,130.0,25,19,20,False,False,0.0
7,random,145,120.0,26,19,20,False,False,0.0
7,random,146,130.0,27,20,20,True,False,5.1220983303002996e-06
7,random,147,130.0,27,20,20,True,False,5.1220983303002996e-06
7,random,148,140.0,26,20,20,True,False,5.116100534193993e-06
7,random,149,140.0,26,20,20,True,False,5.116100534193993e-06
7,random,150,150.0,25,20,20,True,False,5.034647036823067e-06
7,random,151,140.0,26,20,20,True,False,5.092733146618904e-06
7,random,152,130.0,27,20,20,True,False,5.095453039907716e-06
7,random,153,140.0,26,20,20,True,False,5.095401558922853e-06
7,random,154,150.0,25,20,20,True,False,5.0379368154059625e-06
7,random,155,160.0,24,20,20,True,False,4.9594025747330415e-06
7,random,156,160.0,24,20,20,True,False,4.9594025747330415e-06
7,random,157,160.0,24,20,20,True,False,4.9594025747330415e-06
7,random,158,150.0,25,20,20,True,False,5.028086145546499e-06
7,random,159,140.0,26,20,20,True,False,3.3502437336167625e-05
7,random,160,130.0,27,20,20,True,False,3.351004103269757e-05
7,random,161,120.0,28,20,20,True,False,3.356505757829843e-05
7,random,162,110.0,29,20,20,True,False,3.363931235299677e-05
7,random,163,120.0,28,20,20,True,False,3.294256395823615e-05
7,random,164,120.0,28,20,20,True,False,3.294256395823615e-05
7,random,165,110.0,29,20,20,True,False,3.3768507615374044e-05
7,random,166,120.0,28,20,20,True,False,3.294256395823615e-05
7,random,167,130.0,27,20,20,True,False,3.263213030699053e-05
7,random,168,120.0,28,20,20,True,False,3.3246803708955704e-05
7,random,169,120.0,28,20,20,True,False,3.3246803708955704e-05
7,random,170,110.0,29,20,20,True,False,3.336215868170548e-05
7,random,171,110.0,29,20,20,True,False,3.336215868170548e-05
7,random,172,100.0,30,20,20,True,False,3.805026068374207e-05
7,random,173,100.0,30,20,20,True,False,3.805026068374207e-05
7,random,174,110.0,29,20,20,True,False,3.804385771351521e-05
7,random,175,120.0,28,20,20,True,False,3.79867968282973e-05
7,random,176,120.0,28,20,20,True,False,3.79867968282973e-05
7,random,177,130.0,27,20,20,True,False,2.7429733680596434e-05
7,random,178,120.0,28,20,20,True,False,2.793559075132098e-05
7,random,179,120.0,28,20,20,True,False,2.793559075132098e-05
7,random,180,110.0,29,20,20,True,False,2.827777153336372e-05
7,random,181,110.0,29,20,20,True,False,2.827777153336372e-05
7,random,182,110.0,29,20,20,True,False,2.827777153336372e-05
7,random,183,110.0,29,20,20,True,False,2.827777153336372e-05
7,random,184,100.0,30,20,20,True,False,2.8921569187663e-05
7,random,185,90.0,31,20,20,True,False,3.096682697793861e-05
7,random,186,90.0,31,20,20,True,False,3.096682697793861e-05
7,random,187,90.0,31,20,20,True,False,3.096682697793861e-05
7,random,188,100.0,30,20,20,True,False,3.096306661571395e-05
7,random,189,110.0,29,20,20,True,False,3.0856378733005485e-05
7,random,190,120.0,28,20,20,True,False,2.6538012480175797e-05
7,random,191,120.0,28,20,20,True,False,2.6538012480175797e-05
7,random,192,120.0,28,20,20,True,False,2.6538012480175797e-05
7,random,193,120.0,28,20,20,True,False,2.6538012480175797e-05
7,random,194,120.0,28,20,20,True,False,2.6538012480175797e-05
7,random,195,120.0,28,20,20,True,False,2.6538012480175797e-05
7,random,196,120.0,28,20,20,True,False,2.6538012480175797e-05
7,random,197,130.0,27,20,20,True,False,2.6313622216021582e-05
7,random,198,120.0,28,20,20,True,False,2.63965694839671e-05
7,random,199,120.0,28,20,20,True,False,2.63965694839671e-05
7,random,200,120.0,28,20,20,True,False,2.63965694839671e-05
7,learned,0,240.0,16,20,20,True,False,2.1999142386144373e-05
7,learned,1,230.0,17,20,20,True,False,2.2767596053210787e-05
7,learned,2,240.0,16,20,20,True,False,2.0242204151879514e-05
7,learned,3,250.0,15,20,20,True,False,1.473140282301405e-05
7,learned,4,260.0,14,20,20,True,False,1.4678886395945818e-05
7,learned,5,270.0,13,20,20,True,False,1.179430504502857e-05
7,learned,6,280.0,12,20,20,True,False,5.152253040039167e-06
7,learned,7,270.0,13,20,20,True,False,1.2918571013754859e-05
7,learned,8,280.0,12,20,20,True,False,5.152253040039167e-06
7,learned,9,270.0,13,20,20,True,False,1.2918571013754859e-05
7,learned,10,280.0,12,20,20,True,False,5.152253040039167e-06
7,learned,11,270.0,13,20,20,True,False,1.2918571013754859e-05
7,learned,12,280.0,12,20,20,True,False,5.152253040039167e-06
7,learned,13,270.0,13,20,20,True,False,1.2918571013754859e-05
7,learned,14,280.0,12,20,20,True,False,5.152253040039167e-06
7,learned,15,270.0,13,20,20,True,False,1.2918571013754859e-05
7,learned,16,280.0,12,20,20,True,False,5.152253040039167e-06
7,learned,17,270.0,13,20,20,True,False,1.2918571013754859e-05
7,learned,18,280.0,12,20,20,True,False,5.152253040039167e-06
7,learned,19,270.0,13,20,20,True,False,1.2918571013754859e-05
7,learned,20,280.0,12,20,20,True,False,5.152253040039167e-06
7,learned,21,270.0,13,20,20,True,False,1.2918571013754859e-05
7,learned,22,280.0,12,20,20,True,False,5.152253040039167e-06
7,learned,23,270.0,13,20,20,True,False,1.2918571013754859e-05
7,learned,24,280.0,12,20,20,True,False,5.152253040039167e-06
7,learned,25,270.0,13,20,20,True,False,1.2918571013754859e-05
7,learned,26,280.0,12,20,20,True,False,5.152253040039167e-06
7,learned,27,270.0,13,20,20,True,False,1.2918571013754859e-05
7,learned,28,280.0,12,20,20,True,False,5.152253040039167e-06
7,learned,29,270.0,13,20,20,True,False,1.2918571013754859e-05
7,learned,30,280.0,12,20,20,True,False,5.152253040039167e-06
7,learned,31,270.0,13,20,20,True,False,1.2918571013754859e-05
7,learned,32,280.0,12,20,20,True,False,5.152253040039167e-06
7,learned,33,270.0,13,20,20,True,False,1.2918571013754859e-05
7,learned,34,280.0,12,20,20,True,False,5.152253040039167e-06
7,learned,35,270.0,13,20,20,True,False,1.2918571013754859e-05
7,learned,36,280.0,12,20,20,True,False,5.152253040039167e-06
7,learned,37,270.0,13,20,20,True,False,1.2918571013754859e-05
7,learned,38,280.0,12,20,20,True,False,5.152253040039167e-06
7,learned,39,270.0,13,20,20,True,False,1.2918571013754859e-05
7,learned,40,280.0,12,20,20,True,False,5.152253040039167e-06
7,learned,41,270.0,13,20,20,True,False,1.2918571013754859e-05
7,learned,42,280.0,12,20,20,True,False,5.152253040039167e-06
7,learned,43,270.0,13,20,20,True,False,1.2918571013754859e-05
7,learned,44,280.0,12,20,20,True,False,5.152253040039167e-06
7,learned,45,270.0,13,20,20,True,False,1.2918571013754859e-05
7,learned,46,280.0,12,20,20,True,False,5.152253040039167e-06
7,learned,47,270.0,13,20,20,True,False,1.2918571013754859e-05
7,learned,48,280.0,12,20,20,True,False,5.152253040039167e-06
7,learned,49,270.0,13,20,20,True,False,1.2918571013754859e-05
7,learned,50,280.0,12,20,20,True,False,5.152253040039167e-06
7,learned,51,270.0,13,20,20,True,False,1.2918571013754859e-05
7,learned,52,280.0,12,20,20,True,False,5.152253040039167e-06
7,learned,53,270.0,13,20,20,True,False,1.2918571013754859e-05
7,learned,54,280.0,12,20,20,True,False,5.152253040039167e-06
7,learned,55,270.0,13,20,20,True,False,1.2918571013754859e-05
7,learned,56,280.0,12,20,20,True,False,5.152253040039167e-06
7,learned,57,270.0,13,20,20,True,False,1.2918571013754859e-05
7,learned,58,280.0,12,20,20,True,False,5.152253040039167e-06
7,learned,59,270.0,13,20,20,True,False,1.2918571013754859e-05
7,learned,60,280.0,12,20,20,True,False,5.152253040039167e-06
7,learned,61,270.0,13,20,20,True,False,1.2918571013754859e-05
7,learned,62,280.0,12,20,20,True,False,5.152253040039167e-06
7,learned,63,270.0,13,20,20,True,False,1.2918571013754859e-05
7,learned,64,280.0,12,20,20,True,False,5.152253040039167e-06
7,learned,65,270.0,13,20,20,True,False,1.2918571013754859e-05
7,learned,66,280.0,12,20,20,True,False,5.152253040039167e-06
7,learned,67,270.0,13,20,20,True,False,1.2918571013754859e-05
7,learned,68,280.0,12,20,20,True,False,5.152253040039167e-06
7,learned,69,270.0,13,20,20,True,False,1.2918571013754859e-05
7,learned,70,280.0,12,20,20,True,False,5.152253040039167e-06
7,learned,71,270.0,13,20,20,True,False,1.2918571013754859e-05
7,learned,72,280.0,12,20,20,True,False,5.152253040039167e-06
7,learned,73,270.0,13,20,20,True,False,1.2918571013754859e-05
7,learned,74,280.0,12,20,20,True,False,5.152253040039167e-06
7,learned,75,270.0,13,20,20,True,False,1.2918571013754859e-05
7,learned,76,280.0,12,20,20,True,False,5.152253040039167e-06
7,learned,77,270.0,13,20,20,True,False,1.2918571013754859e-05
7,learned,78,280.0,12,20,20,True,False,5.152253040039167e-06
7,learned,79,270.0,13,20,20,True,False,1.2918571013754859e-05
7,learned,80,280.0,12,20,20,True,False,5.152253040039167e-06
7,learned,81,270.0,13,20,20,True,False,1.2918571013754859e-05
7,learned,82,280.0,12,20,20,True,False,5.152253040039167e-06
7,learned,83,270.0,13,20,20,True,False,1.2918571013754859e-05
7,learned,84,280.0,12,20,20,True,False,5.152253040039167e-06
7,learned,85,270.0,13,20,20,True,False,1.2918571013754859e-05
7,learned,86,280.0,12,20,20,True,False,5.152253040039167e-06
7,learned,87,270.0,13,20,20,True,False,1.2918571013754859e-05
7,learned,88,280.0,12,20,20,True,False,5.152253040039167e-06
7,learned,89,270.0,13,20,20,True,False,1.2918571013754859e-05
7,learned,90,280.0,12,20,20,True,False,5.152253040039167e-06
7,learned,91,270.0,13,20,20,True,False,1.2918571013754859e-05
7,learned,92,280.0,12,20,20,True,False,5.152253040039167e-06
7,learned,93,270.0,13,20,20,True,False,1.2918571013754859e-05
7,learned,94,280.0,12,20,20,True,False,5.152253040039167e-06
7,learned,95,270.0,13,20,20,True,False,1.2918571013754859e-05
7,learned,96,280.0,12,20,20,True,False,5.152253040039167e-06
7,learned,97,270.0,13,20,20,True,False,1.2918571013754859e-05
7,learned,98,280.0,12,20,20,True,False,5.152253040039167e-06
7,learned,99,270.0,13,20,20,True,False,1.2918571013754859e-05
7,learned,100,280.0,12,20,20,True,False,5.152253040039167e-06
7,learned,101,270.0,13,20,20,True,False,1.2918571013754859e-05
7,learned,102,280.0,12,20,20,True,False,5.152253040039167e-06
7,learned,103,270.0,13,20,20,True,False,1.2918571013754859e-05
7,learned,104,280.0,12,20,20,True,False,5.152253040039167e-06
7,learned,105,270.0,13,20,20,True,False,1.2918571013754859e-05
7,learned,106,280.0,12,20,20,True,False,5.152253040039167e-06
7,learned,107,270.0,13,20,20,True,False,1.2918571013754859e-05
7,learned,108,280.0,12,20,20,True,False,5.152253040039167e-06
7,learned,109,270.0,13,20,20,True,False,1.2918571013754859e-05
7,learned,110,280.0,12,20,20,True,False,5.152253040039167e-06
7,learned,111,270.0,13,20,20,True,False,1.2918571013754859e-05
7,learned,112,280.0,12,20,20,True,False,5.152253040039167e-06
7,learned,113,270.0,13,20,20,True,False,1.2918571013754859e-05
7,learned,114,280.0,12,20,20,True,False,5.152253040039167e-06
7,learned,115,270.0,13,20,20,True,False,1.2918571013754859e-05
7,learned,116,280.0,12,20,20,True,False,5.152253040039167e-06
7,learned,117,270.0,13,20,20,True,False,1.2918571013754859e-05
7,learned,118,280.0,12,20,20,True,False,5.152253040039167e-06
7,learned,119,270.0,13,20,20,True,False,1.2918571013754859e-05
7,learned,120,280.0,12,20,20,True,False,5.152253040039167e-06
7,learned,121,270.0,13,20,20,True,False,1.2918571013754859e-05
7,learned,122,280.0,12,20,20,True,False,5.152253040039167e-06
7,learned,123,270.0,13,20,20,True,False,1.2918571013754859e-05
7,learned,124,280.0,12,20,20,True,False,5.152253040039167e-06
7,learned,125,270.0,13,20,20,True,False,1.2918571013754859e-05
7,learned,126,280.0,12,20,20,True,False,5.152253040039167e-06
7,learned,127,270.0,13,20,20,True,False,1.2918571013754859e-05
7,learned,128,280.0,12,20,20,True,False,5.152253040039167e-06
7,learned,129,270.0,13,20,20,True,False,1.2918571013754859e-05
7,learned,130,280.0,12,20,20,True,False,5.152253040039167e-06
7,learned,131,270.0,13,20,20,True,False,1.2918571013754859e-05
7,learned,132,280.0,12,20,20,True,False,5.152253040039167e-06
7,learned,133,270.0,13,20,20,True,False,1.2918571013754859e-05
7,learned,134,280.0,12,20,20,True,False,5.152253040039167e-06
7,learned,135,270.0,13,20,20,True,False,1.2918571013754859e-05
7,learned,136,280.0,12,20,20,True,False,5.152253040039167e-06
7,learned,137,270.0,13,20,20,True,False,1.2918571013754859e-05
7,learned,138,280.0,12,20,20,True,False,5.152253040039167e-06
7,learned,139,270.0,13,20,20,True,False,1.2918571013754859e-05
7,learned,140,280.0,12,20,20,True,False,5.152253040039167e-06
7,learned,141,270.0,13,20,20,True,False,1.2918571013754859e-05
7,learned,142,280.0,12,20,20,True,False,5.152253040039167e-06
7,learned,143,270.0,13,20,20,True,False,1.2918571013754859e-05
7,learned,144,280.0,12,20,20,True,False,5.152253040039167e-06
7,learned,145,270.0,13,20,20,True,False,1.2918571013754859e-05
7,learned,146,280.0,12,20,20,True,False,5.152253040039167e-06
7,learned,147,270.0,13,20,20,True,False,1.2918571013754859e-05
7,learned,148,280.0,12,20,20,True,False,5.152253040039167e-06
7,learned,149,270.0,13,20,20,True,False,1.2918571013754859e-05
7,learned,150,280.0,12,20,20,True,False,5.152253040039167e-06
7,learned,151,270.0,13,20,20,True,False,1.2918571013754859e-05
7,learned,152,280.0,12,20,20,True,False,5.152253040039167e-06
7,learned,153,270.0,13,20,20,True,False,1.2918571013754859e-05
7,learned,154,280.0,12,20,20,True,False,5.152253040039167e-06
7,learned,155,270.0,13,20,20,True,False,1.2918571013754859e-05
7,learned,156,280.0,12,20,20,True,False,5.152253040039167e-06
7,learned,157,270.0,13,20,20,True,False,1.2918571013754859e-05
7,learned,158,280.0,12,20,20,True,False,5.152253040039167e-06
7,learned,159,270.0,13,20,20,True,False,1.2918571013754859e-05
7,learned,160,280.0,12,20,20,True,False,5.152253040039167e-06
7,learned,161,270.0,13,20,20,True,False,1.2918571013754859e-05
7,learned,162,280.0,12,20,20,True,False,5.152253040039167e-06
7,learned,163,270.0,13,20,20,True,False,1.2918571013754859e-05
7,learned,164,280.0,12,20,20,True,False,5.152253040039167e-06
7,learned,165,270.0,13,20,20,True,False,1.2918571013754859e-05
7,learned,166,280.0,12,20,20,True,False,5.152253040039167e-06
7,learned,167,270.0,13,20,20,True,False,1.2918571013754859e-05
7,learned,168,280.0,12,20,20,True,False,5.152253040039167e-06
7,learned,169,270.0,13,20,20,True,False,1.2918571013754859e-05
7,learned,170,280.0,12,20,20,True,False,5.152253040039167e-06
7,learned,171,270.0,13,20,20,True,False,1.2918571013754859e-05
7,learned,172,280.0,12,20,20,True,False,5.152253040039167e-06
7,learned,173,270.0,13,20,20,True,False,1.2918571013754859e-05
7,learned,174,280.0,12,20,20,True,False,5.152253040039167e-06
7,learned,175,270.0,13,20,20,True,False,1.2918571013754859e-05
7,learned,176,280.0,12,20,20,True,False,5.152253040039167e-06
7,learned,177,270.0,13,20,20,True,False,1.2918571013754859e-05
7,learned,178,280.0,12,20,20,True,False,5.152253040039167e-06
7,learned,179,270.0,13,20,20,True,False,1.2918571013754859e-05
7,learned,180,280.0,12,20,20,True,False,5.152253040039167e-06
7,learned,181,270.0,13,20,20,True,False,1.2918571013754859e-05
7,learned,182,280.0,12,20,20,True,False,5.152253040039167e-06
7,learned,183,270.0,13,20,20,True,False,1.2918571013754859e-05
7,learned,184,280.0,12,20,20,True,False,5.152253040039167e-06
7,learned,185,270.0,13,20,20,True,False,1.2918571013754859e-05
7,learned,186,280.0,12,20,20,True,False,5.152253040039167e-06
7,learned,187,270.0,13,20,20,True,False,1.2918571013754859e-05
7,learned,188,280.0,12,20,20,True,False,5.152253040039167e-06
7,learned,189,270.0,13,20,20,True,False,1.2918571013754859e-05
7,learned,190,280.0,12,20,20,True,False,5.152253040039167e-06
7,learned,191,270.0,13,20,20,True,False,1.2918571013754859e-05
7,learned,192,280.0,12,20,20,True,False,5.152253040039167e-06
7,learned,193,270.0,13,20,20,True,False,1.2918571013754859e-05
7,learned,194,280.0,12,20,20,True,False,5.152253040039167e-06
7,learned,195,270.0,13,20,20,True,False,1.2918571013754859e-05
7,learned,196,280.0,12,20,20,True,False,5.152253040039167e-06
7,learned,197,270.0,13,20,20,True,False,1.2918571013754859e-05
7,learned,198,280.0,12,20,20,True,False,5.152253040039167e-06
7,learned,199,270.0,13,20,20,True,False,1.2918571013754859e-05
7,learned,200,280.0,12,20,20,True,False,5.152253040039167e-06
8,initial,0,200.0,20,20,20,True,False,6.6390487886975924e-06
8,greedy,0,200.0,20,20,20,True,False,6.6390487886975924e-06
8,greedy,1,210.0,19,20,20,True,False,3.683455064792558e-06
8,greedy,2,220.0,18,20,20,True,False,2.9487597209271517e-06
8,greedy,3,230.0,17,20,20,True,False,4.696858337157138e-07
8,greedy,4,240.0,16,20,20,True,False,4.3027938962186567e-07
8,greedy,5,250.0,15,20,20,True,False,4.276356933589994e-07
8,greedy,6,260.0,14,20,20,True,False,4.2677872604625266e-07
8,greedy,7,270.0,13,20,20,True,False,2.7274717943129143e-07
8,greedy,8,280.0,12,20,20,True,False,2.4375580977096436e-07
8,greedy,9,290.0,11,20,20,True,False,1.333973777791553e-07
8,greedy,10,300.0,10,20,20,True,True,4.4912845655924686e-08
8,random,0,200.0,20,20,20,True,False,6.6390487886975924e-06
8,random,1,210.0,19,20,20,True,False,6.226979720967086e-06
8,random,2,210.0,19,20,20,True,False,6.226979720967086e-06
8,random,3,210.0,19,20,20,True,False,6.226979720967086e-06
8,random,4,210.0,19,20,20,True,False,6.226979720967086e-06
8,random,5,210.0,19,20,20,True,False,6.226979720967086e-06
8,random,6,210.0,19,20,20,True,False,6.226979720967086e-06
8,random,7,220.0,18,20,20,True,False,5.7951122727509695e-06
8,random,8,230.0,17,20,20,True,False,5.661123543713688e-06
8,random,9,240.0,16,20,20,True,False,1.6160924221773104e-06
8,random,10,240.0,16,20,20,True,False,1.6160924221773104e-06
8,random,11,240.0,16,20,20,True,False,1.6160924221773104e-06
8,random,12,230.0,17,20,20,True,False,1.6884385053617127e-06
8,random,13,230.0,17,20,20,True,False,1.6884385053617127e-06
8,random,14,220.0,18,20,20,True,False,1.9117457229826513e-06
8,random,15,210.0,19,20,20,True,False,1.9575726146899287e-06
8,random,16,210.0,19,20,20,True,False,1.9575726146899287e-06
8,random,17,210.0,19,20,20,True,False,1.9575726146899287e-06
8,random,18,220.0,18,20,20,True,False,1.8526828325337517e-06
8,random,19,210.0,19,20,20,True,False,7.694401090971808e-06
8,random,20,210.0,19,20,20,True,False,7.694401090971808e-06
8,random,21,210.0,19,20,20,True,False,7.694401090971808e-06
8,random,22,210.0,19,20,20,True,False,7.694401090971808e-06
8,random,23,200.0,20,20,20,True,False,8.691028959034639e-06
8,random,24,190.0,21,20,20,True,False,8.696980719315405e-06
8,random,25,190.0,21,20,20,True,False,8.696980719315405e-06
8,random,26,190.0,21,20,20,True,False,8.696980719315405e-06
8,random,27,180.0,22,20,20,True,False,8.714517289603291e-06
8,random,28,170.0,23,20,20,True,False,1.2437493103125956e-05
8,random,29,180.0,22,20,20,True,False,1.124966952679011e-05
8,random,30,180.0,22,20,20,True,False,1.124966952679011e-05
8,random,31,190.0,21,20,20,True,False,1.1036623127105495e-05
8,random,32,180.0,22,20,20,True,False,1.2353853719454895e-05
8,random,33,180.0,22,20,20,True,False,1.2353853719454895e-05
8,random,34,180.0,22,20,20,True,False,1.2353853719454895e-05
8,random,35,170.0,23,20,20,True,False,1.501030256568653e-05
8,random,36,180.0,22,20,20,True,False,1.3953784898411855e-05
8,random,37,180.0,22,20,20,True,False,1.3953784898411855e-05
8,random,38,180.0,22,20,20,True,False,1.3953784898411855e-05
8,random,39,170.0,23,20,20,True,False,1.4631099128104553e-05
8,random,40,170.0,23,20,20,True,False,1.4631099128104553e-05
8,random,41,160.0,24,20,20,True,False,2.1247686572839947e-05
8,random,42,170.0,23,20,20,True,False,2.110792937069191e-05
8,random,43,160.0,24,20,20,True,False,2.3057695441294127e-05
8,random,44,150.0,25,20,20,True,False,2.310219213372277e-05
8,random,45,150.0,25,20,20,True,False,2.310219213372277e-05
8,random,46,140.0,26,20,20,True,False,2.3171639059827218e-05
8,random,47,130.0,27,20,20,True,False,3.042928198545644e-05
8,random,48,140.0,26,20,20,True,False,2.945755129583919e-05
8,random,49,140.0,26,20,20,True,False,2.945755129583919e-05
8,random,50,140.0,26,20,20,True,False,2.945755129583919e-05
8,random,51,140.0,26,20,20,True,False,2.945755129583919e-05
8,random,52,130.0,27,20,20,True,False,3.0423838857852017e-05
8,random,53,140.0,26,20,20,True,False,3.003528757193444e-05
8,random,54,130.0,27,20,20,True,False,3.0206616527401297e-05
8,random,55,120.0,28,20,20,True,False,3.0445441652196857e-05
8,random,56,120.0,28,20,20,True,False,3.0445441652196857e-05
8,random,57,110.0,29,20,20,True,False,3.1092774500356033e-05
8,random,58,110.0,29,20,20,True,False,3.1092774500356033e-05
8,random,59,110.0,29,20,20,True,False,3.1092774500356033e-05
8,random,60,110.0,29,20,20,True,False,3.1092774500356033e-05
8,random,61,110.0,29,20,20,True,False,3.1092774500356033e-05
8,random,62,120.0,28,20,20,True,False,2.907798766732346e-05
8,random,63,110.0,29,20,20,True,False,3.214212759162484e-05
8,random,64,120.0,28,20,20,True,False,3.1724355316992e-05
8,random,65,110.0,29,20,20,True,False,3.4872329023561245e-05
8,random,66,110.0,29,20,20,True,False,3.4872329023561245e-05
8,random,67,110.0,29,20,20,True,False,3.4872329023561245e-05
8,random,68,110.0,29,20,20,True,False,3.4872329023561245e-05
8,random,69,100.0,30,20,20,True,False,3.560955057748907e-05
8,random,70,100.0,30,20,20,True,False,3.560955057748907e-05
8,random,71,90.0,31,20,20,True,False,3.63854052734945e-05
8,random,72,100.0,30,20,20,True,False,3.333017550060775e-05
8,random,73,100.0,30,20,20,True,False,3.333017550060775e-05
8,random,74,100.0,30,20,20,True,False,3.333017550060775e-05
8,random,75,90.0,31,20,20,True,False,3.370782128214478e-05
8,random,76,90.0,31,20,20,True,False,3.370782128214478e-05
8,random,77,90.0,31,20,20,True,False,3.370782128214478e-05
8,random,78,80.0,32,20,20,True,False,3.4520370272954247e-05
8,random,79,90.0,31,20,20,True,False,3.430516263116436e-05
8,random,80,90.0,31,20,20,True,False,3.430516263116436e-05
8,random,81,100.0,30,20,20,True,False,3.343970945106972e-05
8,random,82,100.0,30,20,20,True,False,3.343970945106972e-05
8,random,83,100.0,30,20,20,True,False,3.343970945106972e-05
8,random,84,100.0,30,20,20,True,False,3.343970945106972e-05
8,random,85,100.0,30,20,20,True,False,3.343970945106972e-05
8,random,86,90.0,31,20,20,True,False,4.314920367241517e-05
8,random,87,90.0,31,20,20,True,False,4.314920367241517e-05
8,random,88,80.0,32,20,20,True,False,4.3846800103388965e-05
8,random,89,90.0,31,20,20,True,False,3.8590451582850786e-05
8,random,90,90.0,31,20,20,True,False,3.8590451582850786e-05
8,random,91,100.0,30,20,20,True,False,2.426397743968187e-05
8,random,92,100.0,30,20,20,True,False,2.426397743968187e-05
8,random,93,90.0,31,20,20,True,False,2.4461143111925358e-05
8,random,94,90.0,31,20,20,True,False,2.4461143111925358e-05
8,random,95,90.0,31,20,20,True,False,2.4461143111925358e-05
8,random,96,90.0,31,20,20,True,False,2.4461143111925358e-05
8,random,97,80.0,32,20,20,True,False,2.904582448192542e-05
8,random,98,90.0,31,20,20,True,False,1.2532333215106472e-05
8,random,99,100.0,30,20,20,True,False,1.251550162137679e-05
8,random,100,100.0,30,20,20,True,False,1.251550162137679e-05
8,random,101,100.0,30,20,20,True,False,1.251550162137679e-05
8,random,102,90.0,31,20,20,True,False,2.897131917249253e-05
8,random,103,100.0,30,20,20,True,False,2.5546420918243608e-05
8,random,104,100.0,30,20,20,True,False,2.5546420918243608e-05
8,random,105,90.0,31,20,20,True,False,2.6799473122542953e-05
8,random,106,90.0,31,20,20,True,False,2.6799473122542953e-05
8,random,107,100.0,30,20,20,True,False,2.5546420918243608e-05
8,random,108,100.0,30,20,20,True,False,2.5546420918243608e-05
8,random,109,100.0,30,20,20,True,False,2.5546420918243608e-05
8,random,110,110.0,29,20,20,True,False,2.5322855683357418e-05
8,random,111,120.0,28,20,20,True,False,2.185036995142554e-05
8,random,112,120.0,28,20,20,True,False,2.185036995142554e-05
8,random,113,110.0,29,20,20,True,False,2.2606020991663255e-05
8,random,114,110.0,29,20,20,True,False,2.2606020991663255e-05
8,random,115,120.0,28,20,20,True,False,2.2448930694867097e-05
8,random,116,110.0,29,20,20,True,False,2.3202854166697163e-05
8,random,117,120.0,28,20,20,True,False,2.3150489288809207e-05
8,random,118,120.0,28,20,20,True,False,2.3150489288809207e-05
8,random,119,120.0,28,20,20,True,False,2.3150489288809207e-05
8,random,120,120.0,28,20,20,True,False,2.3150489288809207e-05
8,random,121,110.0,29,20,20,True,False,2.8475784358066694e-05
8,random,122,110.0,29,20,20,True,False,2.8475784358066694e-05
8,random,123,100.0,30,20,20,True,False,2.9950770766938304e-05
8,random,124,100.0,30,20,20,True,False,2.9950770766938304e-05
8,random,125,110.0,29,20,20,True,False,2.8281178887549666e-05
8,random,126,120.0,28,20,20,True,False,1.392563909244343e-05
8,random,127,120.0,28,20,20,True,False,1.392563909244343e-05
8,random,128,110.0,29,20,20,True,False,1.4112103983430768e-05
8,random,129,120.0,28,20,20,True,False,1.3001848050679702e-05
8,random,130,120.0,28,20,20,True,False,1.3001848050679702e-05
8,random,131,120.0,28,20,20,True,False,1.3001848050679702e-05
8,random,132,130.0,27,20,20,True,False,1.2546372829974367e-05
8,random,133,140.0,26,20,20,True,False,1.2427622046847993e-05
8,random,134,150.0,25,20,20,True,False,1.2116559623528262e-05
8,random,135,140.0,26,20,20,True,False,1.2752573542583258e-05
8,random,136,150.0,25,20,20,True,False,1.251923303628193e-05
8,random,137,150.0,25,20,20,True,False,1.251923303628193e-05
8,random,138,150.0,25,20,20,True,False,1.251923303628193e-05
8,random,139,150.0,25,20,20,True,False,1.251923303628193e-05
8,random,140,160.0,24,20,20,True,False,1.2374552885853254e-05
8,random,141,160.0,24,20,20,True,False,1.2374552885853254e-05
8,random,142,170.0,23,20,20,True,False,1.229171090012089e-05
8,random,143,160.0,24,20,20,True,False,1.2418706416523737e-05
8,random,144,170.0,23,20,20,True,False,8.180429322469886e-06
8,random,145,170.0,23,20,20,True,False,8.180429322469886e-06
8,random,146,160.0,24,20,20,True,False,8.304797617359932e-06
8,random,147,170.0,23,20,20,True,False,6.828983827183851e-06
8,random,148,160.0,24,20,20,True,False,6.834797918509753e-06
8,random,149,160.0,24,20,20,True,False,6.834797918509753e-06
8,random,150,160.0,24,20,20,True,False,6.834797918509753e-06
8,random,151,160.0,24,20,20,True,False,6.834797918509753e-06
8,random,152,150.0,25,20,20,True,False,6.8791439566157105e-06
8,random,153,150.0,25,20,20,True,False,6.8791439566157105e-06
8,random,154,150.0,25,20,20,True,False,6.8791439566157105e-06
8,random,155,140.0,26,20,20,True,False,6.883333430607579e-06
8,random,156,150.0,25,20,20,True,False,6.861764247332825e-06
8,random,157,150.0,25,20,20,True,False,6.861764247332825e-06
8,random,158,160.0,24,20,20,True,False,6.846514303349591e-06
8,random,159,150.0,25,20,20,True,False,1.2934373609752082e-05
8,random,160,150.0,25,20,20,True,False,1.2934373609752082e-05
8,random,161,150.0,25,20,20,True,False,1.2934373609752082e-05
8,random,162,150.0,25,20,20,True,False,1.2934373609752082e-05
8,random,163,150.0,25,20,20,True,False,1.2934373609752082e-05
8,random,164,150.0,25,20,20,True,False,1.2934373609752082e-05
8,random,165,150.0,25,20,20,True,False,1.2934373609752082e-05
8,random,166,160.0,24,20,20,True,False,1.2784337677930141e-05
8,random,167,160.0,24,20,20,True,False,1.2784337677930141e-05
8,random,168,170.0,23,20,20,True,False,1.2729220603738115e-05
8,random,169,170.0,23,20,20,True,False,1.2729220603738115e-05
8,random,170,170.0,23,20,20,True,False,1.2729220603738115e-05
8,random,171,170.0,23,20,20,True,False,1.2729220603738115e-05
8,random,172,180.0,22,20,20,True,False,1.248510724897923e-05
8,random,173,180.0,22,20,20,True,False,1.248510724897923e-05
8,random,174,180.0,22,20,20,True,False,1.248510724897923e-05
8,random,175,190.0,21,20,20,True,False,1.2282254021459477e-05
8,random,176,190.0,21,20,20,True,False,1.2282254021459477e-05
8,random,177,190.0,21,20,20,True,False,1.2282254021459477e-05
8,random,178,180.0,22,20,20,True,False,1.2321819852485996e-05
8,random,179,190.0,21,20,20,True,False,1.0013219046334104e-05
8,random,180,190.0,21,20,20,True,False,1.0013219046334104e-05
8,random,181,180.0,22,20,20,True,False,1.0559484121193415e-05
8,random,182,180.0,22,20,20,True,False,1.0559484121193415e-05
8,random,183,180.0,22,20,20,True,False,1.0559484121193415e-05
8,random,184,170.0,23,20,20,True,False,1.0972699439460573e-05
8,random,185,160.0,24,20,20,True,False,2.049147417478453e-05
8,random,186,160.0,24,20,20,True,False,2.049147417478453e-05
8,random,187,170.0,23,20,20,True,False,2.0432846262169295e-05
8,random,188,170.0,23,20,20,True,False,2.0432846262169295e-05
8,random,189,170.0,23,20,20,True,False,2.0432846262169295e-05
8,random,190,180.0,22,20,20,True,False,1.987073728906012e-05
8,random,191,170.0,23,20,20,True,False,2.087221568257275e-05
8,random,192,180.0,22,20,20,True,False,2.0868440849965288e-05
8,random,193,190.0,21,20,20,True,False,1.057996515755388e-05
8,random,194,180.0,22,20,20,True,False,1.1053028174619244e-05
8,random,195,180.0,22,20,20,True,False,1.1053028174619244e-05
8,random,196,170.0,23,20,20,True,False,1.1228316465017843e-05
8,random,197,160.0,24,20,20,True,False,1.2296327213241054e-05
8,random,198,170.0,23,20,20,True,False,1.136731944581805e-05
8,random,199,180.0,22,20,20,True,False,8.827262160948334e-06
8,random,200,180.0,22,20,20,True,False,8.827262160948334e-06
8,learned,0,200.0,20,20,20,True,False,6.6390487886975924e-06
8,learned,1,210.0,19,20,20,True,False,6.415112189836456e-06
8,learned,2,220.0,18,20,20,True,False,6.1945494189240164e-06
8,learned,3,230.0,17,20,20,True,False,6.040579023229783e-06
8,learned,4,240.0,16,20,20,True,False,5.634980758902555e-06
8,learned,5,250.0,15,20,20,True,False,3.6240625136460337e-06
8,learned,6,260.0,14,20,20,True,False,3.6067344486869134e-06
8,learned,7,270.0,13,20,20,True,False,3.287839956369701e-06
8,learned,8,280.0,12,20,20,True,False,6.209235169608638e-07
8,learned,9,270.0,13,20,20,True,False,1.5831644805134793e-06
8,learned,10,260.0,14,20,20,True,False,4.139203748761311e-06
8,learned,11,270.0,13,20,20,True,False,3.3647527986083404e-06
8,learned,12,260.0,14,20,20,True,False,3.4318617316979267e-06
8,learned,13,270.0,13,20,20,True,False,3.3647527986083404e-06
8,learned,14,260.0,14,20,20,True,False,3.4318617316979267e-06
8,learned,15,270.0,13,20,20,True,False,3.3647527986083404e-06
8,learned,16,260.0,14,20,20,True,False,3.4318617316979267e-06
8,learned,17,270.0,13,20,20,True,False,3.3647527986083404e-06
8,learned,18,260.0,14,20,20,True,False,3.4318617316979267e-06
8,learned,19,270.0,13,20,20,True,False,3.3647527986083404e-06
8,learned,20,260.0,14,20,20,True,False,3.4318617316979267e-06
8,learned,21,270.0,13,20,20,True,False,3.3647527986083404e-06
8,learned,22,260.0,14,20,20,True,False,3.4318617316979267e-06
8,learned,23,270.0,13,20,20,True,False,3.3647527986083404e-06
8,learned,24,260.0,14,20,20,True,False,3.4318617316979267e-06
8,learned,25,270.0,13,20,20,True,False,3.3647527986083404e-06
8,learned,26,260.0,14,20,20,True,False,3.4318617316979267e-06
8,learned,27,270.0,13,20,20,True,False,3.3647527986083404e-06
8,learned,28,260.0,14,20,20,True,False,3.4318617316979267e-06
8,learned,29,270.0,13,20,20,True,False,3.3647527986083404e-06
8,learned,30,260.0,14,20,20,True,False,3.4318617316979267e-06
8,learned,31,270.0,13,20,20,True,False,3.3647527986083404e-06
8,learned,32,260.0,14,20,20,True,False,3.4318617316979267e-06
8,learned,33,270.0,13,20,20,True,False,3.3647527986083404e-06
8,learned,34,260.0,14,20,20,True,False,3.4318617316979267e-06
8,learned,35,270.0,13,20,20,True,False,3.3647527986083404e-06
8,learned,36,260.0,14,20,20,True,False,3.4318617316979267e-06
8,learned,37,270.0,13,20,20,True,False,3.3647527986083404e-06
8,learned,38,260.0,14,20,20,True,False,3.4318617316979267e-06
8,learned,39,270.0,13,20,20,True,False,3.3647527986083404e-06
8,learned,40,260.0,14,20,20,True,False,3.4318617316979267e-06
8,learned,41,270.0,13,20,20,True,False,3.3647527986083404e-06
8,learned,42,260.0,14,20,20,True,False,3.4318617316979267e-06
8,learned,43,270.0,13,20,20,True,False,3.3647527986083404e-06
8,learned,44,260.0,14,20,20,True,False,3.4318617316979267e-06
8,learned,45,270.0,13,20,20,True,False,3.3647527986083404e-06
8,learned,46,260.0,14,20,20,True,False,3.4318617316979267e-06
8,learned,47,270.0,13,20,20,True,False,3.3647527986083404e-06
8,learned,48,260.0,14,20,20,True,False,3.4318617316979267e-06
8,learned,49,270.0,13,20,20,True,False,3.3647527986083404e-06
8,learned,50,260.0,14,20,20,True,False,3.4318617316979267e-06
8,learned,51,270.0,13,20,20,True,False,3.3647527986083404e-06
8,learned,52,260.0,14,20,20,True,False,3.4318617316979267e-06
8,learned,53,270.0,13,20,20,True,False,3.3647527986083404e-06
8,learned,54,260.0,14,20,20,True,False,3.4318617316979267e-06
8,learned,55,270.0,13,20,20,True,False,3.3647527986083404e-06
8,learned,56,260.0,14,20,20,True,False,3.4318617316979267e-06
8,learned,57,270.0,13,20,20,True,False,3.3647527986083404e-06
8,learned,58,260.0,14,20,20,True,False,3.4318617316979267e-06
8,learned,59,270.0,13,20,20,True,False,3.3647527986083404e-06
8,learned,60,260.0,14,20,20,True,False,3.4318617316979267e-06
8,learned,61,270.0,13,20,20,True,False,3.3647527986083404e-06
8,learned,62,260.0,14,20,20,True,False,3.4318617316979267e-06
8,learned,63,270.0,13,20,20,True,False,3.3647527986083404e-06
8,learned,64,260.0,14,20,20,True,False,3.4318617316979267e-06
8,learned,65,270.0,13,20,20,True,False,3.3647527986083404e-06
8,learned,66,260.0,14,20,20,True,False,3.4318617316979267e-06
8,learned,67,270.0,13,20,20,True,False,3.3647527986083404e-06
8,learned,68,260.0,14,20,20,True,False,3.4318617316979267e-06
8,learned,69,270.0,13,20,20,True,False,3.3647527986083404e-06
8,learned,70,260.0,14,20,20,True,False,3.4318617316979267e-06
8,learned,71,270.0,13,20,20,True,False,3.3647527986083404e-06
8,learned,72,260.0,14,20,20,True,False,3.4318617316979267e-06
8,learned,73,270.0,13,20,20,True,False,3.3647527986083404e-06
8,learned,74,260.0,14,20,20,True,False,3.4318617316979267e-06
8,learned,75,270.0,13,20,20,True,False,3.3647527986083404e-06
8,learned,76,260.0,14,20,20,True,False,3.4318617316979267e-06
8,learned,77,270.0,13,20,20,True,False,3.3647527986083404e-06
8,learned,78,260.0,14,20,20,True,False,3.4318617316979267e-06
8,learned,79,270.0,13,20,20,True,False,3.3647527986083404e-06
8,learned,80,260.0,14,20,20,True,False,3.4318617316979267e-06
8,learned,81,270.0,13,20,20,True,False,3.3647527986083404e-06
8,learned,82,260.0,14,20,20,True,False,3.4318617316979267e-06
8,learned,83,270.0,13,20,20,True,False,3.3647527986083404e-06
8,learned,84,260.0,14,20,20,True,False,3.4318617316979267e-06
8,learned,85,270.0,13,20,20,True,False,3.3647527986083404e-06
8,learned,86,260.0,14,20,20,True,False,3.4318617316979267e-06
8,learned,87,270.0,13,20,20,True,False,3.3647527986083404e-06
8,learned,88,260.0,14,20,20,True,False,3.4318617316979267e-06
8,learned,89,270.0,13,20,20,True,False,3.3647527986083404e-06
8,learned,90,260.0,14,20,20,True,False,3.4318617316979267e-06
8,learned,91,270.0,13,20,20,True,False,3.3647527986083404e-06
8,learned,92,260.0,14,20,20,True,False,3.4318617316979267e-06
8,learned,93,270.0,13,20,20,True,False,3.3647527986083404e-06
8,learned,94,260.0,14,20,20,True,False,3.4318617316979267e-06
8,learned,95,270.0,13,20,20,True,False,3.3647527986083404e-06
8,learned,96,260.0,14,20,20,True,False,3.4318617316979267e-06
8,learned,97,270.0,13,20,20,True,False,3.3647527986083404e-06
8,learned,98,260.0,14,20,20,True,False,3.4318617316979267e-06
8,learned,99,270.0,13,20,20,True,False,3.3647527986083404e-06
8,learned,100,260.0,14,20,20,True,False,3.4318617316979267e-06
8,learned,101,270.0,13,20,20,True,False,3.3647527986083404e-06
8,learned,102,260.0,14,20,20,True,False,3.4318617316979267e-06
8,learned,103,270.0,13,20,20,True,False,3.3647527986083404e-06
8,learned,104,260.0,14,20,20,True,False,3.4318617316979267e-06
8,learned,105,270.0,13,20,20,True,False,3.3647527986083404e-06
8,learned,106,260.0,14,20,20,True,False,3.4318617316979267e-06
8,learned,107,270.0,13,20,20,True,False,3.3647527986083404e-06
8,learned,108,260.0,14,20,20,True,False,3.4318617316979267e-06
8,learned,109,270.0,13,20,20,True,False,3.3647527986083404e-06
8,learned,110,260.0,14,20,20,True,False,3.4318617316979267e-06
8,learned,111,270.0,13,20,20,True,False,3.3647527986083404e-06
8,learned,112,260.0,14,20,20,True,False,3.4318617316979267e-06
8,learned,113,270.0,13,20,20,True,False,3.3647527986083404e-06
8,learned,114,260.0,14,20,20,True,False,3.4318617316979267e-06
8,learned,115,270.0,13,20,20,True,False,3.3647527986083404e-06
8,learned,116,260.0,14,20,20,True,False,3.4318617316979267e-06
8,learned,117,270.0,13,20,20,True,False,3.3647527986083404e-06
8,learned,118,260.0,14,20,20,True,False,3.4318617316979267e-06
8,learned,119,270.0,13,20,20,True,False,3.3647527986083404e-06
8,learned,120,260.0,14,20,20,True,False,3.4318617316979267e-06
8,learned,121,270.0,13,20,20,True,False,3.3647527986083404e-06
8,learned,122,260.0,14,20,20,True,False,3.4318617316979267e-06
8,learned,123,270.0,13,20,20,True,False,3.3647527986083404e-06
8,learned,124,260.0,14,20,20,True,False,3.4318617316979267e-06
8,learned,125,270.0,13,20,20,True,False,3.3647527986083404e-06
8,learned,126,260.0,14,20,20,True,False,3.4318617316979267e-06
8,learned,127,270.0,13,20,20,True,False,3.3647527986083404e-06
8,learned,128,260.0,14,20,20,True,False,3.4318617316979267e-06
8,learned,129,270.0,13,20,20,True,False,3.3647527986083404e-06
8,learned,130,260.0,14,20,20,True,False,3.4318617316979267e-06
8,learned,131,270.0,13,20,20,True,False,3.3647527986083404e-06
8,learned,132,260.0,14,20,20,True,False,3.4318617316979267e-06
8,learned,133,270.0,13,20,20,True,False,3.3647527986083404e-06
8,learned,134,260.0,14,20,20,True,False,3.4318617316979267e-06
8,learned,135,270.0,13,20,20,True,False,3.3647527986083404e-06
8,learned,136,260.0,14,20,20,True,False,3.4318617316979267e-06
8,learned,137,270.0,13,20,20,True,False,3.3647527986083404e-06
8,learned,138,260.0,14,20,20,True,False,3.4318617316979267e-06
8,learned,139,270.0,13,20,20,True,False,3.3647527986083404e-06
8,learned,140,260.0,14,20,20,True,False,3.4318617316979267e-06
8,learned,141,270.0,13,20,20,True,False,3.3647527986083404e-06
8,learned,142,260.0,14,20,20,True,False,3.4318617316979267e-06
8,learned,143,270.0,13,20,20,True,False,3.3647527986083404e-06
8,learned,144,260.0,14,20,20,True,False,3.4318617316979267e-06
8,learned,145,270.0,13,20,20,True,False,3.3647527986083404e-06
8,learned,146,260.0,14,20,20,True,False,3.4318617316979267e-06
8,learned,147,270.0,13,20,20,True,False,3.3647527986083404e-06
8,learned,148,260.0,14,20,20,True,False,3.4318617316979267e-06
8,learned,149,270.0,13,20,20,True,False,3.3647527986083404e-06
8,learned,150,260.0,14,20,20,True,False,3.4318617316979267e-06
8,learned,151,270.0,13,20,20,True,False,3.3647527986083404e-06
8,learned,152,260.0,14,20,20,True,False,3.4318617316979267e-06
8,learned,153,270.0,13,20,20,True,False,3.3647527986083404e-06
8,learned,154,260.0,14,20,20,True,False,3.4318617316979267e-06
8,learned,155,270.0,13,20,20,True,False,3.3647527986083404e-06
8,learned,156,260.0,14,20,20,True,False,3.4318617316979267e-06
8,learned,157,270.0,13,20,20,True,False,3.3647527986083404e-06
8,learned,158,260.0,14,20,20,True,False,3.4318617316979267e-06
8,learned,159,270.0,13,20,20,True,False,3.3647527986083404e-06
8,learned,160,260.0,14,20,20,True,False,3.4318617316979267e-06
8,learned,161,270.0,13,20,20,True,False,3.3647527986083404e-06
8,learned,162,260.0,14,20,20,True,False,3.4318617316979267e-06
8,learned,163,270.0,13,20,20,True,False,3.3647527986083404e-06
8,learned,164,260.0,14,20,20,True,False,3.4318617316979267e-06
8,learned,165,270.0,13,20,20,True,False,3.3647527986083404e-06
8,learned,166,260.0,14,20,20,True,False,3.4318617316979267e-06
8,learned,167,270.0,13,20,20,True,False,3.3647527986083404e-06
8,learned,168,260.0,14,20,20,True,False,3.4318617316979267e-06
8,learned,169,270.0,13,20,20,True,False,3.3647527986083404e-06
8,learned,170,260.0,14,20,20,True,False,3.4318617316979267e-06
8,learned,171,270.0,13,20,20,True,False,3.3647527986083404e-06
8,learned,172,260.0,14,20,20,True,False,3.4318617316979267e-06
8,learned,173,270.0,13,20,20,True,False,3.3647527986083404e-06
8,learned,174,260.0,14,20,20,True,False,3.4318617316979267e-06
8,learned,175,270.0,13,20,20,True,False,3.3647527986083404e-06
8,learned,176,260.0,14,20,20,True,False,3.4318617316979267e-06
8,learned,177,270.0,13,20,20,True,False,3.3647527986083404e-06
8,learned,178,260.0,14,20,20,True,False,3.4318617316979267e-06
8,learned,179,270.0,13,20,20,True,False,3.3647527986083404e-06
8,learned,180,260.0,14,20,20,True,False,3.4318617316979267e-06
8,learned,181,270.0,13,20,20,True,False,3.3647527986083404e-06
8,learned,182,260.0,14,20,20,True,False,3.4318617316979267e-06
8,learned,183,270.0,13,20,20,True,False,3.3647527986083404e-06
8,learned,184,260.0,14,20,20,True,False,3.4318617316979267e-06
8,learned,185,270.0,13,20,20,True,False,3.3647527986083404e-06
8,learned,186,260.0,14,20,20,True,False,3.4318617316979267e-06
8,learned,187,270.0,13,20,20,True,False,3.3647527986083404e-06
8,learned,188,260.0,14,20,20,True,False,3.4318617316979267e-06
8,learned,189,270.0,13,20,20,True,False,3.3647527986083404e-06
8,learned,190,260.0,14,20,20,True,False,3.4318617316979267e-06
8,learned,191,270.0,13,20,20,True,False,3.3647527986083404e-06
8,learned,192,260.0,14,20,20,True,False,3.4318617316979267e-06
8,learned,193,270.0,13,20,20,True,False,3.3647527986083404e-06
8,learned,194,260.0,14,20,20,True,False,3.4318617316979267e-06
8,learned,195,270.0,13,20,20,True,False,3.3647527986083404e-06
8,learned,196,260.0,14,20,20,True,False,3.4318617316979267e-06
8,learned,197,270.0,13,20,20,True,False,3.3647527986083404e-06
8,learned,198,260.0,14,20,20,True,False,3.4318617316979267e-06
8,learned,199,270.0,13,20,20,True,False,3.3647527986083404e-06
8,learned,200,260.0,14,20,20,True,False,3.4318617316979267e-06
9,initial,0,180.0,6,12,20,False,False,0.0
9,greedy,0,180.0,6,12,20,False,False,0.0
9,greedy,1,210.0,7,14,20,False,False,0.0
9,greedy,2,240.0,8,16,20,False,False,0.0
9,greedy,3,270.0,9,18,20,False,False,0.0
9,greedy,4,280.0,10,19,20,False,False,0.0
9,greedy,5,290.0,11,20,20,True,False,1.985473227094236e-06
9,greedy,6,300.0,10,20,20,True,True,1.6636067145075756e-06
9,random,0,180.0,6,12,20,False,False,0.0
9,random,1,190.0,7,13,20,False,False,0.0
9,random,2,190.0,7,13,20,False,False,0.0
9,random,3,190.0,7,13,20,False,False,0.0
9,random,4,190.0,7,13,20,False,False,0.0
9,random,5,180.0,8,13,20,False,False,0.0
9,random,6,180.0,8,13,20,False,False,0.0
9,random,7,210.0,9,15,20,False,False,0.0
9,random,8,220.0,10,16,20,False,False,0.0
9,random,9,250.0,11,18,20,False,False,0.0
9,random,10,250.0,11,18,20,False,False,0.0
9,random,11,250.0,11,18,20,False,False,0.0
9,random,12,250.0,11,18,20,False,False,0.0
9,random,13,240.0,12,18,20,False,False,0.0
9,random,14,240.0,12,18,20,False,False,0.0
9,random,15,230.0,13,18,20,False,False,0.0
9,random,16,230.0,13,18,20,False,False,0.0
9,random,17,240.0,14,19,20,False,False,0.0
9,random,18,240.0,14,19,20,False,False,0.0
9,random,19,250.0,13,19,20,False,False,0.0
9,random,20,250.0,13,19,20,False,False,0.0
9,random,21,240.0,12,18,20,False,False,0.0
9,random,22,240.0,12,18,20,False,False,0.0
9,random,23,270.0,13,20,20,True,False,9.619539319014221e-07
9,random,24,270.0,13,20,20,True,False,9.619539319014221e-07
9,random,25,270.0,13,20,20,True,False,9.619539319014221e-07
9,random,26,270.0,13,20,20,True,False,9.619539319014221e-07
9,random,27,270.0,13,20,20,True,False,9.619539319014221e-07
9,random,28,260.0,14,20,20,True,False,1.4841135170634516e-06
9,random,29,260.0,14,20,20,True,False,1.4841135170634516e-06
9,random,30,250.0,15,20,20,True,False,1.524057609468086e-06
9,random,31,250.0,15,20,20,True,False,1.524057609468086e-06
9,random,32,250.0,15,20,20,True,False,1.524057609468086e-06
9,random,33,240.0,14,19,20,False,False,0.0
9,random,34,240.0,14,19,20,False,False,0.0
9,random,35,250.0,15,20,20,True,False,1.5984664617446385e-06
9,random,36,240.0,16,20,20,True,False,1.201521195645758e-05
9,random,37,240.0,16,20,20,True,False,1.201521195645758e-05
9,random,38,240.0,16,20,20,True,False,1.201521195645758e-05
9,random,39,240.0,16,20,20,True,False,1.201521195645758e-05
9,random,40,230.0,17,20,20,True,False,1.875665751445831e-05
9,random,41,220.0,18,20,20,True,False,1.909975276025792e-05
9,random,42,220.0,18,20,20,True,False,1.909975276025792e-05
9,random,43,210.0,19,20,20,True,False,2.0265874270112692e-05
9,random,44,210.0,19,20,20,True,False,2.0265874270112692e-05
9,random,45,210.0,19,20,20,True,False,2.0265874270112692e-05
9,random,46,200.0,20,20,20,True,False,2.9051279331216567e-05
9,random,47,190.0,21,20,20,True,False,3.189733118296515e-05
9,random,48,190.0,21,20,20,True,False,3.189733118296515e-05
9,random,49,190.0,21,20,20,True,False,3.189733118296515e-05
9,random,50,180.0,22,20,20,True,False,3.19545524349494e-05
9,random,51,190.0,21,20,20,True,False,3.189733118296505e-05
9,random,52,180.0,22,20,20,True,False,3.2761779525122193e-05
9,random,53,180.0,22,20,20,True,False,3.2761779525122193e-05
9,random,54,180.0,22,20,20,True,False,3.2761779525122193e-05
9,random,55,190.0,21,20,20,True,False,3.185606337365442e-05
9,random,56,200.0,20,20,20,True,False,3.1403315506757395e-05
9,random,57,200.0,20,20,20,True,False,3.1403315506757395e-05
9,random,58,200.0,20,20,20,True,False,3.1403315506757395e-05
9,random,59,190.0,21,20,20,True,False,3.305426781228823e-05
9,random,60,190.0,21,20,20,True,False,3.305426781228823e-05
9,random,61,180.0,22,20,20,True,False,3.5999151437628644e-05
9,random,62,170.0,23,20,20,True,False,3.7958658106783605e-05
9,random,63,160.0,24,20,20,True,False,3.8271185887992824e-05
9,random,64,160.0,24,20,20,True,False,3.8271185887992824e-05
9,random,65,160.0,24,20,20,True,False,3.8271185887992824e-05
9,random,66,160.0,24,20,20,True,False,3.8271185887992824e-05
9,random,67,160.0,24,20,20,True,False,3.8271185887992824e-05
9,random,68,160.0,24,20,20,True,False,3.8271185887992824e-05
9,random,69,170.0,23,20,20,True,False,3.4922865314232705e-05
9,random,70,170.0,23,20,20,True,False,3.4922865314232705e-05
9,random,71,180.0,22,20,20,True,False,3.2828624898951695e-05
9,random,72,170.0,23,20,20,True,False,3.473680871084477e-05
9,random,73,170.0,23,20,20,True,False,3.473680871084477e-05
9,random,74,160.0,24,20,20,True,False,4.1303373244068344e-05
9,random,75,150.0,25,20,20,True,False,4.150671768831743e-05
9,random,76,140.0,26,20,20,True,False,4.333890433296211e-05
9,random,77,150.0,25,20,20,True,False,4.1713403556704836e-05
9,random,78,160.0,24,20,20,True,False,4.153683085730535e-05
9,random,79,160.0,24,20,20,True,False,4.153683085730535e-05
9,random,80,160.0,24,20,20,True,False,4.153683085730535e-05
9,random,81,160.0,24,20,20,True,False,4.153683085730535e-05
9,random,82,160.0,24,20,20,True,False,4.153683085730535e-05
9,random,83,160.0,24,20,20,True,False,4.153683085730535e-05
9,random,84,170.0,23,20,20,True,False,4.144442147353544e-05
9,random,85,170.0,23,20,20,True,False,4.144442147353544e-05
9,random,86,160.0,24,20,20,True,False,4.607409035896581e-05
9,random,87,170.0,23,20,20,True,False,4.45899913209946e-05
9,random,88,170.0,23,20,20,True,False,4.45899913209946e-05
9,random,89,180.0,22,20,20,True,False,3.696865756362618e-05
9,random,90,190.0,21,20,20,True,False,3.6002116576121896e-05
9,random,91,190.0,21,20,20,True,False,3.6002116576121896e-05
9,random,92,180.0,22,20,20,True,False,3.696865756362618e-05
9,random,93,180.0,22,20,20,True,False,3.696865756362618e-05
9,random,94,190.0,21,20,20,True,False,3.501525452211059e-05
9,random,95,180.0,22,20,20,True,False,3.815109917642692e-05
9,random,96,190.0,21,20,20,True,False,3.5015254522110584e-05
9,random,97,200.0,20,20,20,True,False,3.393274098948199e-05
9,random,98,200.0,20,20,20,True,False,3.393274098948199e-05
9,random,99,190.0,21,20,20,True,False,3.474786473459046e-05
9,random,100,180.0,22,20,20,True,False,3.574093926068835e-05
9,random,101,170.0,23,20,20,True,False,3.621287918686605e-05
9,random,102,170.0,23,20,20,True,False,3.621287918686605e-05
9,random,103,170.0,23,20,20,True,False,3.621287918686605e-05
9,random,104,160.0,24,20,20,True,False,4.5334186664889746e-05
9,random,105,160.0,24,20,20,True,False,4.5334186664889746e-05
9,random,106,160.0,24,20,20,True,False,4.5334186664889746e-05
9,random,107,150.0,25,20,20,True,False,4.5858313593193826e-05
9,random,108,140.0,26,20,20,True,False,4.732729351020949e-05
9,random,109,150.0,25,20,20,True,False,4.672090020157026e-05
9,random,110,140.0,26,20,20,True,False,4.68713553248321e-05
9,random,111,130.0,27,20,20,True,False,4.753291862491784e-05
9,random,112,140.0,26,20,20,True,False,4.125483192067824e-05
9,random,113,140.0,26,20,20,True,False,4.125483192067824e-05
9,random,114,130.0,27,20,20,True,False,4.133576542405842e-05
9,random,115,130.0,27,20,20,True,False,4.133576542405842e-05
9,random,116,120.0,28,20,20,True,False,4.156990941370141e-05
9,random,117,120.0,28,20,20,True,False,4.156990941370141e-05
9,random,118,120.0,28,20,20,True,False,4.156990941370141e-05
9,random,119,110.0,29,20,20,True,False,4.5460028504647815e-05
9,random,120,110.0,29,20,20,True,False,4.5460028504647815e-05
9,random,121,110.0,29,20,20,True,False,4.5460028504647815e-05
9,random,122,120.0,28,20,20,True,False,4.4275674993580864e-05
9,random,123,110.0,29,20,20,True,False,4.430206762761198e-05
9,random,124,110.0,29,20,20,True,False,4.430206762761198e-05
9,random,125,110.0,29,20,20,True,False,4.430206762761198e-05
9,random,126,110.0,29,20,20,True,False,4.430206762761198e-05
9,random,127,120.0,28,20,20,True,False,4.426711591349076e-05
9,random,128,130.0,27,20,20,True,False,4.413522862050468e-05
9,random,129,120.0,28,20,20,True,False,4.476337083535914e-05
9,random,130,120.0,28,20,20,True,False,4.476337083535914e-05
9,random,131,120.0,28,20,20,True,False,4.476337083535914e-05
9,random,132,120.0,28,20,20,True,False,4.476337083535914e-05
9,random,133,120.0,28,20,20,True,False,4.476337083535914e-05
9,random,134,110.0,29,20,20,True,False,4.9731537900884975e-05
9,random,135,100.0,30,20,20,True,False,4.986258683891737e-05
9,random,136,110.0,29,20,20,True,False,4.6940541289949164e-05
9,random,137,120.0,28,20,20,True,False,4.687973975593659e-05
9,random,138,120.0,28,20,20,True,False,4.687973975593659e-05
9,random,139,110.0,29,20,20,True,False,4.688253132325705e-05
9,random,140,110.0,29,20,20,True,False,4.688253132325705e-05
9,random,141,110.0,29,20,20,True,False,4.688253132325705e-05
9,random,142,110.0,29,20,20,True,False,4.688253132325705e-05
9,random,143,120.0,28,20,20,True,False,4.65412452939325e-05
9,random,144,110.0,29,20,20,True,False,4.688253132325696e-05
9,random,145,120.0,28,20,20,True,False,4.6746784424757926e-05
9,random,146,120.0,28,20,20,True,False,4.6746784424757926e-05
9,random,147,130.0,27,20,20,True,False,4.670541667591515e-05
9,random,148,140.0,26,20,20,True,False,4.547076843242131e-05
9,random,149,130.0,27,20,20,True,False,4.670541667591515e-05
9,random,150,130.0,27,20,20,True,False,4.670541667591515e-05
9,random,151,140.0,26,20,20,True,False,3.0763577342111744e-05
9,random,152,130.0,27,20,20,True,False,3.09871578160084e-05
9,random,153,120.0,28,20,20,True,False,3.872780731648579e-05
9,random,154,130.0,27,20,20,True,False,3.30836397411392e-05
9,random,155,120.0,28,20,20,True,False,3.371634457429952e-05
9,random,156,130.0,27,20,20,True,False,2.31823627503512e-05
9,random,157,120.0,28,20,20,True,False,2.33298073831105e-05
9,random,158,130.0,27,20,20,True,False,2.3328832228992068e-05
9,random,159,120.0,28,20,20,True,False,2.423807998626455e-05
9,random,160,120.0,28,20,20,True,False,2.423807998626455e-05
9,random,161,120.0,28,20,20,True,False,2.423807998626455e-05
9,random,162,120.0,28,20,20,True,False,2.423807998626455e-05
9,random,163,110.0,29,20,20,True,False,3.2767678450907826e-05
9,random,164,110.0,29,20,20,True,False,3.2767678450907826e-05
9,random,165,110.0,29,20,20,True,False,3.2767678450907826e-05
9,random,166,120.0,28,20,20,True,False,3.2541788600091484e-05
9,random,167,130.0,27,20,20,True,False,3.124281428898855e-05
9,random,168,130.0,27,20,20,True,False,3.124281428898855e-05
9,random,169,120.0,28,20,20,True,False,3.1750494150832394e-05
9,random,170,120.0,28,20,20,True,False,3.1750494150832394e-05
9,random,171,120.0,28,20,20,True,False,3.1750494150832394e-05
9,random,172,130.0,27,20,20,True,False,3.091010316938835e-05
9,random,173,140.0,26,20,20,True,False,3.0296559479746727e-05
9,random,174,140.0,26,20,20,True,False,3.0296559479746727e-05
9,random,175,150.0,25,20,20,True,False,2.217848837889157e-05
9,random,176,150.0,25,20,20,True,False,2.217848837889157e-05
9,random,177,140.0,26,20,20,True,False,2.2457269436115836e-05
9,random,178,140.0,26,20,20,True,False,2.2457269436115836e-05
9,random,179,140.0,26,20,20,True,False,2.2457269436115836e-05
9,random,180,140.0,26,20,20,True,False,2.2457269436115836e-05
9,random,181,140.0,26,20,20,True,False,2.2457269436115836e-05
9,random,182,150.0,25,20,20,True,False,1.3349054463505822e-05
9,random,183,140.0,26,20,20,True,False,1.3519696607299207e-05
9,random,184,140.0,26,20,20,True,False,1.3519696607299207e-05
9,random,185,130.0,27,20,20,True,False,1.3993330588592125e-05
9,random,186,130.0,27,20,20,True,False,1.3993330588592125e-05
9,random,187,130.0,27,20,20,True,False,1.3993330588592125e-05
9,random,188,120.0,28,20,20,True,False,1.4066200450486041e-05
9,random,189,120.0,28,20,20,True,False,1.4066200450486041e-05
9,random,190,120.0,28,20,20,True,False,1.4066200450486041e-05
9,random,191,130.0,27,20,20,True,False,1.388829372334601e-05
9,random,192,130.0,27,20,20,True,False,1.388829372334601e-05
9,random,193,130.0,27,20,20,True,False,1.388829372334601e-05
9,random,194,130.0,27,20,20,True,False,1.388829372334601e-05
9,random,195,120.0,28,20,20,True,False,1.4265137031114374e-05
9,random,196,110.0,29,20,20,True,False,1.4302179727326547e-05
9,random,197,110.0,29,20,20,True,False,1.4302179727326547e-05
9,random,198,100.0,30,20,20,True,False,1.4894739467106658e-05
9,random,199,90.0,31,20,20,True,False,1.5068917546411912e-05
9,random,200,90.0,31,20,20,True,False,1.5068917546411912e-05
9,learned,0,180.0,6,12,20,False,False,0.0
9,learned,1,210.0,7,14,20,False,False,0.0
9,learned,2,220.0,8,15,20,False,False,0.0
9,learned,3,230.0,9,16,20,False,False,0.0
9,learned,4,220.0,10,16,20,False,False,0.0
9,learned,5,250.0,11,18,20,False,False,0.0
9,learned,6,260.0,12,19,20,False,False,0.0
9,learned,7,270.0,13,20,20,True,False,5.364401704844919e-07
9,learned,8,260.0,14,20,20,True,False,2.1775731432030374e-06
9,learned,9,250.0,15,20,20,True,False,2.2269786320471294e-06
9,learned,10,260.0,14,20,20,True,False,1.4009502249132869e-06
9,learned,11,270.0,13,20,20,True,False,1.3977201016434009e-06
9,learned,12,280.0,12,20,20,True,False,1.3163868738212587e-06
9,learned,13,270.0,13,20,20,True,False,1.3977201016434009e-06
9,learned,14,280.0,12,20,20,True,False,1.3163868738212587e-06
9,learned,15,270.0,13,20,20,True,False,1.3977201016434009e-06
9,learned,16,280.0,12,20,20,True,False,1.3163868738212587e-06
9,learned,17,270.0,13,20,20,True,False,1.3977201016434009e-06
9,learned,18,280.0,12,20,20,True,False,1.3163868738212587e-06
9,learned,19,270.0,13,20,20,True,False,1.3977201016434009e-06
9,learned,20,280.0,12,20,20,True,False,1.3163868738212587e-06
9,learned,21,270.0,13,20,20,True,False,1.3977201016434009e-06
9,learned,22,280.0,12,20,20,True,False,1.3163868738212587e-06
9,learned,23,270.0,13,20,20,True,False,1.3977201016434009e-06
9,learned,24,280.0,12,20,20,True,False,1.3163868738212587e-06
9,learned,25,270.0,13,20,20,True,False,1.3977201016434009e-06
9,learned,26,280.0,12,20,20,True,False,1.3163868738212587e-06
9,learned,27,270.0,13,20,20,True,False,1.3977201016434009e-06
9,learned,28,280.0,12,20,20,True,False,1.3163868738212587e-06
9,learned,29,270.0,13,20,20,True,False,1.3977201016434009e-06
9,learned,30,280.0,12,20,20,True,False,1.3163868738212587e-06
9,learned,31,270.0,13,20,20,True,False,1.3977201016434009e-06
9,learned,32,280.0,12,20,20,True,False,1.3163868738212587e-06
9,learned,33,270.0,13,20,20,True,False,1.3977201016434009e-06
9,learned,34,280.0,12,20,20,True,False,1.3163868738212587e-06
9,learned,35,270.0,13,20,20,True,False,1.3977201016434009e-06
9,learned,36,280.0,12,20,20,True,False,1.3163868738212587e-06
9,learned,37,270.0,13,20,20,True,False,1.3977201016434009e-06
9,learned,38,280.0,12,20,20,True,False,1.3163868738212587e-06
9,learned,39,270.0,13,20,20,True,False,1.3977201016434009e-06
9,learned,40,280.0,12,20,20,True,False,1.3163868738212587e-06
9,learned,41,270.0,13,20,20,True,False,1.3977201016434009e-06
9,learned,42,280.0,12,20,20,True,False,1.3163868738212587e-06
9,learned,43,270.0,13,20,20,True,False,1.3977201016434009e-06
9,learned,44,280.0,12,20,20,True,False,1.3163868738212587e-06
9,learned,45,270.0,13,20,20,True,False,1.3977201016434009e-06
9,learned,46,280.0,12,20,20,True,False,1.3163868738212587e-06
9,learned,47,270.0,13,20,20,True,False,1.3977201016434009e-06
9,learned,48,280.0,12,20,20,True,False,1.3163868738212587e-06
9,learned,49,270.0,13,20,20,True,False,1.3977201016434009e-06
9,learned,50,280.0,12,20,20,True,False,1.3163868738212587e-06
9,learned,51,270.0,13,20,20,True,False,1.3977201016434009e-06
9,learned,52,280.0,12,20,20,True,False,1.3163868738212587e-06
9,learned,53,270.0,13,20,20,True,False,1.3977201016434009e-06
9,learned,54,280.0,12,20,20,True,False,1.3163868738212587e-06
9,learned,55,270.0,13,20,20,True,False,1.3977201016434009e-06
9,learned,56,280.0,12,20,20,True,False,1.3163868738212587e-06
9,learned,57,270.0,13,20,20,True,False,1.3977201016434009e-06
9,learned,58,280.0,12,20,20,True,False,1.3163868738212587e-06
9,learned,59,270.0,13,20,20,True,False,1.3977201016434009e-06
9,learned,60,280.0,12,20,20,True,False,1.3163868738212587e-06
9,learned,61,270.0,13,20,20,True,False,1.3977201016434009e-06
9,learned,62,280.0,12,20,20,True,False,1.3163868738212587e-06
9,learned,63,270.0,13,20,20,True,False,1.3977201016434009e-06
9,learned,64,280.0,12,20,20,True,False,1.3163868738212587e-06
9,learned,65,270.0,13,20,20,True,False,1.3977201016434009e-06
9,learned,66,280.0,12,20,20,True,False,1.3163868738212587e-06
9,learned,67,270.0,13,20,20,True,False,1.3977201016434009e-06
9,learned,68,280.0,12,20,20,True,False,1.3163868738212587e-06
9,learned,69,270.0,13,20,20,True,False,1.3977201016434009e-06
9,learned,70,280.0,12,20,20,True,False,1.3163868738212587e-06
9,learned,71,270.0,13,20,20,True,False,1.3977201016434009e-06
9,learned,72,280.0,12,20,20,True,False,1.3163868738212587e-06
9,learned,73,270.0,13,20,20,True,False,1.3977201016434009e-06
9,learned,74,280.0,12,20,20,True,False,1.3163868738212587e-06
9,learned,75,270.0,13,20,20,True,False,1.3977201016434009e-06
9,learned,76,280.0,12,20,20,True,False,1.3163868738212587e-06
9,learned,77,270.0,13,20,20,True,False,1.3977201016434009e-06
9,learned,78,280.0,12,20,20,True,False,1.3163868738212587e-06
9,learned,79,270.0,13,20,20,True,False,1.3977201016434009e-06
9,learned,80,280.0,12,20,20,True,False,1.3163868738212587e-06
9,learned,81,270.0,13,20,20,True,False,1.3977201016434009e-06
9,learned,82,280.0,12,20,20,True,False,1.3163868738212587e-06
9,learned,83,270.0,13,20,20,True,False,1.3977201016434009e-06
9,learned,84,280.0,12,20,20,True,False,1.3163868738212587e-06
9,learned,85,270.0,13,20,20,True,False,1.3977201016434009e-06
9,learned,86,280.0,12,20,20,True,False,1.3163868738212587e-06
9,learned,87,270.0,13,20,20,True,False,1.3977201016434009e-06
9,learned,88,280.0,12,20,20,True,False,1.3163868738212587e-06
9,learned,89,270.0,13,20,20,True,False,1.3977201016434009e-06
9,learned,90,280.0,12,20,20,True,False,1.3163868738212587e-06
9,learned,91,270.0,13,20,20,True,False,1.3977201016434009e-06
9,learned,92,280.0,12,20,20,True,False,1.3163868738212587e-06
9,learned,93,270.0,13,20,20,True,False,1.3977201016434009e-06
9,learned,94,280.0,12,20,20,True,False,1.3163868738212587e-06
9,learned,95,270.0,13,20,20,True,False,1.3977201016434009e-06
9,learned,96,280.0,12,20,20,True,False,1.3163868738212587e-06
9,learned,97,270.0,13,20,20,True,False,1.3977201016434009e-06
9,learned,98,280.0,12,20,20,True,False,1.3163868738212587e-06
9,learned,99,270.0,13,20,20,True,False,1.3977201016434009e-06
9,learned,100,280.0,12,20,20,True,False,1.3163868738212587e-06
9,learned,101,270.0,13,20,20,True,False,1.3977201016434009e-06
9,learned,102,280.0,12,20,20,True,False,1.3163868738212587e-06
9,learned,103,270.0,13,20,20,True,False,1.3977201016434009e-06
9,learned,104,280.0,12,20,20,True,False,1.3163868738212587e-06
9,learned,105,270.0,13,20,20,True,False,1.3977201016434009e-06
9,learned,106,280.0,12,20,20,True,False,1.3163868738212587e-06
9,learned,107,270.0,13,20,20,True,False,1.3977201016434009e-06
9,learned,108,280.0,12,20,20,True,False,1.3163868738212587e-06
9,learned,109,270.0,13,20,20,True,False,1.3977201016434009e-06
9,learned,110,280.0,12,20,20,True,False,1.3163868738212587e-06
9,learned,111,270.0,13,20,20,True,False,1.3977201016434009e-06
9,learned,112,280.0,12,20,20,True,False,1.3163868738212587e-06
9,learned,113,270.0,13,20,20,True,False,1.3977201016434009e-06
9,learned,114,280.0,12,20,20,True,False,1.3163868738212587e-06
9,learned,115,270.0,13,20,20,True,False,1.3977201016434009e-06
9,learned,116,280.0,12,20,20,True,False,1.3163868738212587e-06
9,learned,117,270.0,13,20,20,True,False,1.3977201016434009e-06
9,learned,118,280.0,12,20,20,True,False,1.3163868738212587e-06
9,learned,119,270.0,13,20,20,True,False,1.3977201016434009e-06
9,learned,120,280.0,12,20,20,True,False,1.3163868738212587e-06
9,learned,121,270.0,13,20,20,True,False,1.3977201016434009e-06
9,learned,122,280.0,12,20,20,True,False,1.3163868738212587e-06
9,learned,123,270.0,13,20,20,True,False,1.3977201016434009e-06
9,learned,124,280.0,12,20,20,True,False,1.3163868738212587e-06
9,learned,125,270.0,13,20,20,True,False,1.3977201016434009e-06
9,learned,126,280.0,12,20,20,True,False,1.3163868738212587e-06
9,learned,127,270.0,13,20,20,True,False,1.3977201016434009e-06
9,learned,128,280.0,12,20,20,True,False,1.3163868738212587e-06
9,learned,129,270.0,13,20,20,True,False,1.3977201016434009e-06
9,learned,130,280.0,12,20,20,True,False,1.3163868738212587e-06
9,learned,131,270.0,13,20,20,True,False,1.3977201016434009e-06
9,learned,132,280.0,12,20,20,True,False,1.3163868738212587e-06
9,learned,133,270.0,13,20,20,True,False,1.3977201016434009e-06
9,learned,134,280.0,12,20,20,True,False,1.3163868738212587e-06
9,learned,135,270.0,13,20,20,True,False,1.3977201016434009e-06
9,learned,136,280.0,12,20,20,True,False,1.3163868738212587e-06
9,learned,137,270.0,13,20,20,True,False,1.3977201016434009e-06
9,learned,138,280.0,12,20,20,True,False,1.3163868738212587e-06
9,learned,139,270.0,13,20,20,True,False,1.3977201016434009e-06
9,learned,140,280.0,12,20,20,True,False,1.3163868738212587e-06
9,learned,141,270.0,13,20,20,True,False,1.3977201016434009e-06
9,learned,142,280.0,12,20,20,True,False,1.3163868738212587e-06
9,learned,143,270.0,13,20,20,True,False,1.3977201016434009e-06
9,learned,144,280.0,12,20,20,True,False,1.3163868738212587e-06
9,learned,145,270.0,13,20,20,True,False,1.3977201016434009e-06
9,learned,146,280.0,12,20,20,True,False,1.3163868738212587e-06
9,learned,147,270.0,13,20,20,True,False,1.3977201016434009e-06
9,learned,148,280.0,12,20,20,True,False,1.3163868738212587e-06
9,learned,149,270.0,13,20,20,True,False,1.3977201016434009e-06
9,learned,150,280.0,12,20,20,True,False,1.3163868738212587e-06
9,learned,151,270.0,13,20,20,True,False,1.3977201016434009e-06
9,learned,152,280.0,12,20,20,True,False,1.3163868738212587e-06
9,learned,153,270.0,13,20,20,True,False,1.3977201016434009e-06
9,learned,154,280.0,12,20,20,True,False,1.3163868738212587e-06
9,learned,155,270.0,13,20,20,True,False,1.3977201016434009e-06
9,learned,156,280.0,12,20,20,True,False,1.3163868738212587e-06
9,learned,157,270.0,13,20,20,True,False,1.3977201016434009e-06
9,learned,158,280.0,12,20,20,True,False,1.3163868738212587e-06
9,learned,159,270.0,13,20,20,True,False,1.3977201016434009e-06
9,learned,160,280.0,12,20,20,True,False,1.3163868738212587e-06
9,learned,161,270.0,13,20,20,True,False,1.3977201016434009e-06
9,learned,162,280.0,12,20,20,True,False,1.3163868738212587e-06
9,learned,163,270.0,13,20,20,True,False,1.3977201016434009e-06
9,learned,164,280.0,12,20,20,True,False,1.3163868738212587e-06
9,learned,165,270.0,13,20,20,True,False,1.3977201016434009e-06
9,learned,166,280.0,12,20,20,True,False,1.3163868738212587e-06
9,learned,167,270.0,13,20,20,True,False,1.3977201016434009e-06
9,learned,168,280.0,12,20,20,True,False,1.3163868738212587e-06
9,learned,169,270.0,13,20,20,True,False,1.3977201016434009e-06
9,learned,170,280.0,12,20,20,True,False,1.3163868738212587e-06
9,learned,171,270.0,13,20,20,True,False,1.3977201016434009e-06
9,learned,172,280.0,12,20,20,True,False,1.3163868738212587e-06
9,learned,173,270.0,13,20,20,True,False,1.3977201016434009e-06
9,learned,174,280.0,12,20,20,True,False,1.3163868738212587e-06
9,learned,175,270.0,13,20,20,True,False,1.3977201016434009e-06
9,learned,176,280.0,12,20,20,True,False,1.3163868738212587e-06
9,learned,177,270.0,13,20,20,True,False,1.3977201016434009e-06
9,learned,178,280.0,12,20,20,True,False,1.3163868738212587e-06
9,learned,179,270.0,13,20,20,True,False,1.3977201016434009e-06
9,learned,180,280.0,12,20,20,True,False,1.3163868738212587e-06
9,learned,181,270.0,13,20,20,True,False,1.3977201016434009e-06
9,learned,182,280.0,12,20,20,True,False,1.3163868738212587e-06
9,learned,183,270.0,13,20,20,True,False,1.3977201016434009e-06
9,learned,184,280.0,12,20,20,True,False,1.3163868738212587e-06
9,learned,185,270.0,13,20,20,True,False,1.3977201016434009e-06
9,learned,186,280.0,12,20,20,True,False,1.3163868738212587e-06
9,learned,187,270.0,13,20,20,True,False,1.3977201016434009e-06
9,learned,188,280.0,12,20,20,True,False,1.3163868738212587e-06
9,learned,189,270.0,13,20,20,True,False,1.3977201016434009e-06
9,learned,190,280.0,12,20,20,True,False,1.3163868738212587e-06
9,learned,191,270.0,13,20,20,True,False,1.3977201016434009e-06
9,learned,192,280.0,12,20,20,True,False,1.3163868738212587e-06
9,learned,193,270.0,13,20,20,True,False,1.3977201016434009e-06
9,learned,194,280.0,12,20,20,True,False,1.3163868738212587e-06
9,learned,195,270.0,13,20,20,True,False,1.3977201016434009e-06
9,learned,196,280.0,12,20,20,True,False,1.3163868738212587e-06
9,learned,197,270.0,13,20,20,True,False,1.3977201016434009e-06
9,learned,198,280.0,12,20,20,True,False,1.3163868738212587e-06
9,learned,199,270.0,13,20,20,True,False,1.3977201016434009e-06
9,learned,200,280.0,12,20,20,True,False,1.3163868738212587e-06
10,initial,0,180.0,22,20,20,True,False,5.307786908520348e-06
10,greedy,0,180.0,22,20,20,True,False,5.307786908520348e-06
10,greedy,1,190.0,21,20,20,True,False,1.4852674657402651e-06
10,greedy,2,200.0,20,20,20,True,False,1.3827186078899699e-06
10,greedy,3,210.0,19,20,20,True,False,3.05534371659945e-07
10,greedy,4,220.0,18,20,20,True,False,2.7876062506478503e-07
10,greedy,5,230.0,17,20,20,True,False,2.77727600308207e-07
10,greedy,6,240.0,16,20,20,True,False,2.763657361924523e-07
10,greedy,7,250.0,15,20,20,True,False,2.58982717181863e-07
10,greedy,8,260.0,14,20,20,True,False,2.5888497396690557e-07
10,greedy,9,270.0,13,20,20,True,False,2.116507706992167e-07
10,greedy,10,280.0,12,20,20,True,False,4.6697148753976404e-08
10,greedy,11,290.0,11,20,20,True,False,4.496145281533153e-08
10,random,0,180.0,22,20,20,True,False,5.307786908520348e-06
10,random,1,180.0,22,20,20,True,False,5.307786908520348e-06
10,random,2,180.0,22,20,20,True,False,5.307786908520348e-06
10,random,3,190.0,21,20,20,True,False,4.9937548381694365e-06
10,random,4,190.0,21,20,20,True,False,4.9937548381694365e-06
10,random,5,190.0,21,20,20,True,False,4.9937548381694365e-06
10,random,6,200.0,20,20,20,True,False,1.3507260081093998e-06
10,random,7,190.0,21,20,20,True,False,3.257380403290061e-06
10,random,8,190.0,21,20,20,True,False,3.257380403290061e-06
10,random,9,190.0,21,20,20,True,False,3.257380403290061e-06
10,random,10,200.0,20,20,20,True,False,3.1730836143264505e-06
10,random,11,210.0,19,20,20,True,False,3.1728304713750683e-06
10,random,12,220.0,18,20,20,True,False,3.142404335326866e-06
10,random,13,220.0,18,20,20,True,False,3.142404335326866e-06
10,random,14,210.0,19,20,20,True,False,3.282897736825044e-06
10,random,15,210.0,19,20,20,True,False,3.282897736825044e-06
10,random,16,210.0,19,20,20,True,False,3.282897736825044e-06
10,random,17,210.0,19,20,20,True,False,3.282897736825044e-06
10,random,18,200.0,20,20,20,True,False,4.854427487969571e-06
10,random,19,200.0,20,20,20,True,False,4.854427487969571e-06
10,random,20,200.0,20,20,20,True,False,4.854427487969571e-06
10,random,21,210.0,19,20,20,True,False,4.807318214265599e-06
10,random,22,200.0,20,20,20,True,False,5.065212983744287e-06
10,random,23,190.0,21,20,20,True,False,5.399061690425797e-06
10,random,24,190.0,21,20,20,True,False,5.399061690425797e-06
10,random,25,180.0,22,20,20,True,False,5.782813876533022e-06
10,random,26,180.0,22,20,20,True,False,5.782813876533022e-06
10,random,27,170.0,23,20,20,True,False,5.864323574452931e-06
10,random,28,170.0,23,20,20,True,False,5.864323574452931e-06
10,random,29,170.0,23,20,20,True,False,5.864323574452931e-06
10,random,30,160.0,24,20,20,True,False,9.088446792907618e-06
10,random,31,150.0,25,20,20,True,False,9.126940599654466e-06
10,random,32,160.0,24,20,20,True,False,7.937208847457413e-06
10,random,33,160.0,24,20,20,True,False,7.937208847457413e-06
10,random,34,160.0,24,20,20,True,False,7.937208847457413e-06
10,random,35,170.0,23,20,20,True,False,7.388292326607973e-06
10,random,36,160.0,24,20,20,True,False,7.402331644917401e-06
10,random,37,150.0,25,20,20,True,False,7.409138792492411e-06
10,random,38,150.0,25,20,20,True,False,7.409138792492411e-06
10,random,39,140.0,26,20,20,True,False,7.834812553836299e-06
10,random,40,140.0,26,20,20,True,False,7.834812553836299e-06
10,random,41,140.0,26,20,20,True,False,7.834812553836299e-06
10,random,42,140.0,26,20,20,True,False,7.834812553836299e-06
10,random,43,130.0,27,20,20,True,False,7.929519874312398e-06
10,random,44,140.0,26,20,20,True,False,7.530660768751284e-06
10,random,45,140.0,26,20,20,True,False,7.530660768751284e-06
10,random,46,130.0,27,20,20,True,False,7.929519874312398e-06
10,random,47,140.0,26,20,20,True,False,2.80196795071982e-06
10,random,48,150.0,25,20,20,True,False,2.3442984260134976e-06
10,random,49,150.0,25,20,20,True,False,2.3442984260134976e-06
10,random,50,140.0,26,20,20,True,False,5.972776368440193e-06
10,random,51,130.0,27,20,20,True,False,6.173563738237062e-06
10,random,52,130.0,27,20,20,True,False,6.173563738237062e-06
10,random,53,130.0,27,20,20,True,False,6.173563738237062e-06
10,random,54,120.0,28,20,20,True,False,6.419723360276504e-06
10,random,55,130.0,27,20,20,True,False,6.3793095395405206e-06
10,random,56,120.0,28,20,20,True,False,6.589348225257938e-06
10,random,57,110.0,29,20,20,True,False,9.509321701023886e-06
10,random,58,110.0,29,20,20,True,False,9.509321701023886e-06
10,random,59,110.0,29,20,20,True,False,9.509321701023886e-06
10,random,60,120.0,28,20,20,True,False,8.610455460322402e-06
10,random,61,110.0,29,20,20,True,False,8.6433896953324e-06
10,random,62,120.0,28,20,20,True,False,8.534470069625242e-06
10,random,63,120.0,28,20,20,True,False,8.534470069625242e-06
10,random,64,130.0,27,20,20,True,False,7.813824872124552e-06
10,random,65,140.0,26,20,20,True,False,7.76498598388449e-06
10,random,66,150.0,25,20,20,True,False,7.757124249002702e-06
10,random,67,150.0,25,20,20,True,False,7.757124249002702e-06
10,random,68,160.0,24,20,20,True,False,7.728341250551547e-06
10,random,69,150.0,25,20,20,True,False,4.353587445027265e-05
10,random,70,140.0,26,20,20,True,False,4.381907799460434e-05
10,random,71,150.0,25,20,20,True,False,2.3135172054618313e-05
10,random,72,140.0,26,20,20,True,False,2.5479701076087844e-05
10,random,73,130.0,27,20,20,True,False,2.679607943709403e-05
10,random,74,120.0,28,20,20,True,False,2.78590296416685e-05
10,random,75,130.0,27,20,20,True,False,2.7492389749597126e-05
10,random,76,140.0,26,20,20,True,False,1.8203744625015637e-05
10,random,77,140.0,26,20,20,True,False,1.8203744625015637e-05
10,random,78,150.0,25,20,20,True,False,1.3556401929523872e-05
10,random,79,140.0,26,20,20,True,False,3.250573407991745e-05
10,random,80,140.0,26,20,20,True,False,3.250573407991745e-05
10,random,81,140.0,26,20,20,True,False,3.250573407991745e-05
10,random,82,140.0,26,20,20,True,False,3.250573407991745e-05
10,random,83,130.0,27,20,20,True,False,3.275271627388311e-05
10,random,84,130.0,27,20,20,True,False,3.275271627388311e-05
10,random,85,140.0,26,20,20,True,False,2.931936272494394e-05
10,random,86,140.0,26,20,20,True,False,2.931936272494394e-05
10,random,87,140.0,26,20,20,True,False,2.931936272494394e-05
10,random,88,130.0,27,20,20,True,False,2.9485984726937324e-05
10,random,89,130.0,27,20,20,True,False,2.9485984726937324e-05
10,random,90,140.0,26,20,20,True,False,2.867093338155485e-05
10,random,91,150.0,25,20,20,True,False,2.8636045643715707e-05
10,random,92,160.0,24,20,20,True,False,2.6845091073029748e-05
10,random,93,160.0,24,20,20,True,False,2.6845091073029748e-05
10,random,94,160.0,24,20,20,True,False,2.6845091073029748e-05
10,random,95,150.0,25,20,20,True,False,2.6936039452680825e-05
10,random,96,150.0,25,20,20,True,False,2.6936039452680825e-05
10,random,97,150.0,25,20,20,True,False,2.6936039452680825e-05
10,random,98,150.0,25,20,20,True,False,2.6936039452680825e-05
10,random,99,150.0,25,20,20,True,False,2.6936039452680825e-05
10,random,100,140.0,26,20,20,True,False,2.772879661207036e-05
10,random,101,140.0,26,20,20,True,False,2.772879661207036e-05
10,random,102,140.0,26,20,20,True,False,2.772879661207036e-05
10,random,103,140.0,26,20,20,True,False,2.772879661207036e-05
10,random,104,140.0,26,20,20,True,False,2.772879661207036e-05
10,random,105,140.0,26,20,20,True,False,2.772879661207036e-05
10,random,106,130.0,27,20,20,True,False,2.7748163025402242e-05
10,random,107,140.0,26,20,20,True,False,2.767515978647056e-05
10,random,108,150.0,25,20,20,True,False,2.7668484570595997e-05
10,random,109,150.0,25,20,20,True,False,2.7668484570595997e-05
10,random,110,150.0,25,20,20,True,False,2.7668484570595997e-05
10,random,111,160.0,24,20,20,True,False,2.757510189637192e-05
10,random,112,160.0,24,20,20,True,False,2.757510189637192e-05
10,random,113,170.0,23,20,20,True,False,2.72017626709211e-05
10,random,114,160.0,24,20,20,True,False,2.7310838120791872e-05
10,random,115,160.0,24,20,20,True,False,2.7310838120791872e-05
10,random,116,160.0,24,20,20,True,False,2.7310838120791872e-05
10,random,117,160.0,24,20,20,True,False,2.7310838120791872e-05
10,random,118,150.0,25,20,20,True,False,2.7668484570595997e-05
10,random,119,150.0,25,20,20,True,False,2.7668484570595997e-05
10,random,120,160.0,24,20,20,True,False,2.757510189637192e-05
10,random,121,160.0,24,20,20,True,False,2.757510189637192e-05
10,random,122,150.0,25,20,20,True,False,2.9966462765920006e-05
10,random,123,150.0,25,20,20,True,False,2.9966462765920006e-05
10,random,124,150.0,25,20,20,True,False,2.9966462765920006e-05
10,random,125,150.0,25,20,20,True,False,2.9966462765920006e-05
10,random,126,150.0,25,20,20,True,False,2.9966462765920006e-05
10,random,127,140.0,26,20,20,True,False,3.001845883748439e-05
10,random,128,130.0,27,20,20,True,False,3.0103434560898113e-05
10,random,129,130.0,27,20,20,True,False,3.0103434560898113e-05
10,random,130,140.0,26,20,20,True,False,2.8879082615463975e-05
10,random,131,140.0,26,20,20,True,False,2.8879082615463975e-05
10,random,132,140.0,26,20,20,True,False,2.8879082615463975e-05
10,random,133,140.0,26,20,20,True,False,2.8879082615463975e-05
10,random,134,140.0,26,20,20,True,False,2.8879082615463975e-05
10,random,135,130.0,27,20,20,True,False,3.055849986497279e-05
10,random,136,130.0,27,20,20,True,False,3.055849986497279e-05
10,random,137,120.0,28,20,20,True,False,3.391633240582546e-05
10,random,138,130.0,27,20,20,True,False,3.385780757912853e-05
10,random,139,140.0,26,20,20,True,False,3.378884418297504e-05
10,random,140,140.0,26,20,20,True,False,3.378884418297504e-05
10,random,141,140.0,26,20,20,True,False,3.378884418297504e-05
10,random,142,140.0,26,20,20,True,False,3.378884418297504e-05
10,random,143,130.0,27,20,20,True,False,3.4786643147488705e-05
10,random,144,130.0,27,20,20,True,False,3.4786643147488705e-05
10,random,145,140.0,26,20,20,True,False,3.4778966312404725e-05
10,random,146,150.0,25,20,20,True,False,3.079276380121099e-05
10,random,147,140.0,26,20,20,True,False,3.0864716704714946e-05
10,random,148,140.0,26,20,20,True,False,3.0864716704714946e-05
10,random,149,150.0,25,20,20,True,False,2.8451689909492022e-05
10,random,150,160.0,24,20,20,True,False,2.836220248738444e-05
10,random,151,170.0,23,20,20,True,False,2.8103058957334818e-05
10,random,152,180.0,22,20,20,True,False,2.4415849562746642e-05
10,random,153,170.0,23,20,20,True,False,2.4502708092893985e-05
10,random,154,180.0,22,20,20,True,False,2.2449472674842203e-06
10,random,155,180.0,22,20,20,True,False,2.2449472674842203e-06
10,random,156,170.0,23,20,20,True,False,2.2988858109753814e-06
10,random,157,170.0,23,20,20,True,False,2.2988858109753814e-06
10,random,158,170.0,23,20,20,True,False,2.2988858109753814e-06
10,random,159,170.0,23,20,20,True,False,2.2988858109753814e-06
10,random,160,180.0,22,20,20,True,False,2.295504583396381e-06
10,random,161,180.0,22,20,20,True,False,2.295504583396381e-06
10,random,162,180.0,22,20,20,True,False,2.295504583396381e-06
10,random,163,180.0,22,20,20,True,False,2.295504583396381e-06
10,random,164,180.0,22,20,20,True,False,2.295504583396381e-06
10,random,165,170.0,23,20,20,True,False,6.0890728130151875e-06
10,random,166,160.0,24,20,20,True,False,6.112243570930816e-06
10,random,167,150.0,25,20,20,True,False,6.31641558849377e-06
10,random,168,160.0,24,20,20,True,False,6.286386846825992e-06
10,random,169,170.0,23,20,20,True,False,6.251857237902069e-06
10,random,170,160.0,24,20,20,True,False,6.252037423187414e-06
10,random,171,150.0,25,20,20,True,False,6.286499171099963e-06
10,random,172,140.0,26,20,20,True,False,6.302087821368881e-06
10,random,173,130.0,27,20,20,True,False,6.3059532820310565e-06
10,random,174,130.0,27,20,20,True,False,6.3059532820310565e-06
10,random,175,130.0,27,20,20,True,False,6.3059532820310565e-06
10,random,176,130.0,27,20,20,True,False,6.3059532820310565e-06
10,random,177,140.0,26,20,20,True,False,6.153578169853887e-06
10,random,178,140.0,26,20,20,True,False,6.153578169853887e-06
10,random,179,140.0,26,20,20,True,False,6.153578169853887e-06
10,random,180,150.0,25,20,20,True,False,6.153245558465411e-06
10,random,181,160.0,24,20,20,True,False,6.023688050024508e-06
10,random,182,150.0,25,20,20,True,False,7.459708397684074e-06
10,random,183,160.0,24,20,20,True,False,7.133090810611115e-06
10,random,184,170.0,23,20,20,True,False,6.764130581422942e-06
10,random,185,160.0,24,20,20,True,False,6.895166850683891e-06
10,random,186,160.0,24,20,20,True,False,6.895166850683891e-06
10,random,187,150.0,25,20,20,True,False,7.355401098452636e-06
10,random,188,160.0,24,20,20,True,False,7.2766388506630566e-06
10,random,189,160.0,24,20,20,True,False,7.2766388506630566e-06
10,random,190,150.0,25,20,20,True,False,8.846291301939201e-06
10,random,191,150.0,25,20,20,True,False,8.846291301939201e-06
10,random,192,150.0,25,20,20,True,False,8.846291301939201e-06
10,random,193,160.0,24,20,20,True,False,7.104373128500304e-06
10,random,194,150.0,25,20,20,True,False,7.2179854222407564e-06
10,random,195,160.0,24,20,20,True,False,7.164769566842324e-06
10,random,196,160.0,24,20,20,True,False,7.164769566842324e-06
10,random,197,160.0,24,20,20,True,False,7.164769566842324e-06
10,random,198,150.0,25,20,20,True,False,7.3086841668145886e-06
10,random,199,150.0,25,20,20,True,False,7.3086841668145886e-06
10,random,200,140.0,26,20,20,True,False,7.473884828287534e-06
10,learned,0,180.0,22,20,20,True,False,5.307786908520348e-06
10,learned,1,190.0,21,20,20,True,False,5.12907793965316e-06
10,learned,2,200.0,20,20,20,True,False,5.0887241874133324e-06
10,learned,3,210.0,19,20,20,True,False,4.76888430416396e-06
10,learned,4,220.0,18,20,20,True,False,4.515392423708456e-06
10,learned,5,230.0,17,20,20,True,False,4.299748767385193e-06
10,learned,6,240.0,16,20,20,True,False,3.903866556925399e-06
10,learned,7,250.0,15,20,20,True,False,3.832390863435861e-06
10,learned,8,260.0,14,20,20,True,False,2.910195463044541e-06
10,learned,9,270.0,13,20,20,True,False,2.771930659187106e-06
10,learned,10,260.0,14,20,20,True,False,3.1451831390453437e-06
10,learned,11,250.0,15,20,20,True,False,3.1962418933063615e-06
10,learned,12,260.0,14,20,20,True,False,3.1929041491634927e-06
10,learned,13,250.0,15,20,20,True,False,3.1962418933063615e-06
10,learned,14,260.0,14,20,20,True,False,3.1929041491634927e-06
10,learned,15,250.0,15,20,20,True,False,3.1962418933063615e-06
10,learned,16,260.0,14,20,20,True,False,3.1929041491634927e-06
10,learned,17,250.0,15,20,20,True,False,3.1962418933063615e-06
10,learned,18,260.0,14,20,20,True,False,3.1929041491634927e-06
10,learned,19,250.0,15,20,20,True,False,3.1962418933063615e-06
10,learned,20,260.0,14,20,20,True,False,3.1929041491634927e-06
10,learned,21,250.0,15,20,20,True,False,3.1962418933063615e-06
10,learned,22,260.0,14,20,20,True,False,3.1929041491634927e-06
10,learned,23,250.0,15,20,20,True,False,3.1962418933063615e-06
10,learned,24,260.0,14,20,20,True,False,3.1929041491634927e-06
10,learned,25,250.0,15,20,20,True,False,3.1962418933063615e-06
10,learned,26,260.0,14,20,20,True,False,3.1929041491634927e-06
10,learned,27,250.0,15,20,20,True,False,3.1962418933063615e-06
10,learned,28,260.0,14,20,20,True,False,3.1929041491634927e-06
10,learned,29,250.0,15,20,20,True,False,3.1962418933063615e-06
10,learned,30,260.0,14,20,20,True,False,3.1929041491634927e-06
10,learned,31,250.0,15,20,20,True,False,3.1962418933063615e-06
10,learned,32,260.0,14,20,20,True,False,3.1929041491634927e-06
10,learned,33,250.0,15,20,20,True,False,3.1962418933063615e-06
10,learned,34,260.0,14,20,20,True,False,3.1929041491634927e-06
10,learned,35,250.0,15,20,20,True,False,3.1962418933063615e-06
10,learned,36,260.0,14,20,20,True,False,3.1929041491634927e-06
10,learned,37,250.0,15,20,20,True,False,3.1962418933063615e-06
10,learned,38,260.0,14,20,20,True,False,3.1929041491634927e-06
10,learned,39,250.0,15,20,20,True,False,3.1962418933063615e-06
10,learned,40,260.0,14,20,20,True,False,3.1929041491634927e-06
10,learned,41,250.0,15,20,20,True,False,3.1962418933063615e-06
10,learned,42,260.0,14,20,20,True,False,3.1929041491634927e-06
10,learned,43,250.0,15,20,20,True,False,3.1962418933063615e-06
10,learned,44,260.0,14,20,20,True,False,3.1929041491634927e-06
10,learned,45,250.0,15,20,20,True,False,3.1962418933063615e-06
10,learned,46,260.0,14,20,20,True,False,3.1929041491634927e-06
10,learned,47,250.0,15,20,20,True,False,3.1962418933063615e-06
10,learned,48,260.0,14,20,20,True,False,3.1929041491634927e-06
10,learned,49,250.0,15,20,20,True,False,3.1962418933063615e-06
10,learned,50,260.0,14,20,20,True,False,3.1929041491634927e-06
10,learned,51,250.0,15,20,20,True,False,3.1962418933063615e-06
10,learned,52,260.0,14,20,20,True,False,3.1929041491634927e-06
10,learned,53,250.0,15,20,20,True,False,3.1962418933063615e-06
10,learned,54,260.0,14,20,20,True,False,3.1929041491634927e-06
10,learned,55,250.0,15,20,20,True,False,3.1962418933063615e-06
10,learned,56,260.0,14,20,20,True,False,3.1929041491634927e-06
10,learned,57,250.0,15,20,20,True,False,3.1962418933063615e-06
10,learned,58,260.0,14,20,20,True,False,3.1929041491634927e-06
10,learned,59,250.0,15,20,20,True,False,3.1962418933063615e-06
10,learned,60,260.0,14,20,20,True,False,3.1929041491634927e-06
10,learned,61,250.0,15,20,20,True,False,3.1962418933063615e-06
10,learned,62,260.0,14,20,20,True,False,3.1929041491634927e-06
10,learned,63,250.0,15,20,20,True,False,3.1962418933063615e-06
10,learned,64,260.0,14,20,20,True,False,3.1929041491634927e-06
10,learned,65,250.0,15,20,20,True,False,3.1962418933063615e-06
10,learned,66,260.0,14,20,20,True,False,3.1929041491634927e-06
10,learned,67,250.0,15,20,20,True,False,3.1962418933063615e-06
10,learned,68,260.0,14,20,20,True,False,3.1929041491634927e-06
10,learned,69,250.0,15,20,20,True,False,3.1962418933063615e-06
10,learned,70,260.0,14,20,20,True,False,3.1929041491634927e-06
10,learned,71,250.0,15,20,20,True,False,3.1962418933063615e-06
10,learned,72,260.0,14,20,20,True,False,3.1929041491634927e-06
10,learned,73,250.0,15,20,20,True,False,3.1962418933063615e-06
10,learned,74,260.0,14,20,20,True,False,3.1929041491634927e-06
10,learned,75,250.0,15,20,20,True,False,3.1962418933063615e-06
10,learned,76,260.0,14,20,20,True,False,3.1929041491634927e-06
10,learned,77,250.0,15,20,20,True,False,3.1962418933063615e-06
10,learned,78,260.0,14,20,20,True,False,3.1929041491634927e-06
10,learned,79,250.0,15,20,20,True,False,3.1962418933063615e-06
10,learned,80,260.0,14,20,20,True,False,3.1929041491634927e-06
10,learned,81,250.0,15,20,20,True,False,3.1962418933063615e-06
10,learned,82,260.0,14,20,20,True,False,3.1929041491634927e-06
10,learned,83,250.0,15,20,20,True,False,3.1962418933063615e-06
10,learned,84,260.0,14,20,20,True,False,3.1929041491634927e-06
10,learned,85,250.0,15,20,20,True,False,3.1962418933063615e-06
10,learned,86,260.0,14,20,20,True,False,3.1929041491634927e-06
10,learned,87,250.0,15,20,20,True,False,3.1962418933063615e-06
10,learned,88,260.0,14,20,20,True,False,3.1929041491634927e-06
10,learned,89,250.0,15,20,20,True,False,3.1962418933063615e-06
10,learned,90,260.0,14,20,20,True,False,3.1929041491634927e-06
10,learned,91,250.0,15,20,20,True,False,3.1962418933063615e-06
10,learned,92,260.0,14,20,20,True,False,3.1929041491634927e-06
10,learned,93,250.0,15,20,20,True,False,3.1962418933063615e-06
10,learned,94,260.0,14,20,20,True,False,3.1929041491634927e-06
10,learned,95,250.0,15,20,20,True,False,3.1962418933063615e-06
10,learned,96,260.0,14,20,20,True,False,3.1929041491634927e-06
10,learned,97,250.0,15,20,20,True,False,3.1962418933063615e-06
10,learned,98,260.0,14,20,20,True,False,3.1929041491634927e-06
10,learned,99,250.0,15,20,20,True,False,3.1962418933063615e-06
10,learned,100,260.0,14,20,20,True,False,3.1929041491634927e-06
10,learned,101,250.0,15,20,20,True,False,3.1962418933063615e-06
10,learned,102,260.0,14,20,20,True,False,3.1929041491634927e-06
10,learned,103,250.0,15,20,20,True,False,3.1962418933063615e-06
10,learned,104,260.0,14,20,20,True,False,3.1929041491634927e-06
10,learned,105,250.0,15,20,20,True,False,3.1962418933063615e-06
10,learned,106,260.0,14,20,20,True,False,3.1929041491634927e-06
10,learned,107,250.0,15,20,20,True,False,3.1962418933063615e-06
10,learned,108,260.0,14,20,20,True,False,3.1929041491634927e-06
10,learned,109,250.0,15,20,20,True,False,3.1962418933063615e-06
10,learned,110,260.0,14,20,20,True,False,3.1929041491634927e-06
10,learned,111,250.0,15,20,20,True,False,3.1962418933063615e-06
10,learned,112,260.0,14,20,20,True,False,3.1929041491634927e-06
10,learned,113,250.0,15,20,20,True,False,3.1962418933063615e-06
10,learned,114,260.0,14,20,20,True,False,3.1929041491634927e-06
10,learned,115,250.0,15,20,20,True,False,3.1962418933063615e-06
10,learned,116,260.0,14,20,20,True,False,3.1929041491634927e-06
10,learned,117,250.0,15,20,20,True,False,3.1962418933063615e-06
10,learned,118,260.0,14,20,20,True,False,3.1929041491634927e-06
10,learned,119,250.0,15,20,20,True,False,3.1962418933063615e-06
10,learned,120,260.0,14,20,20,True,False,3.1929041491634927e-06
10,learned,121,250.0,15,20,20,True,False,3.1962418933063615e-06
10,learned,122,260.0,14,20,20,True,False,3.1929041491634927e-06
10,learned,123,250.0,15,20,20,True,False,3.1962418933063615e-06
10,learned,124,260.0,14,20,20,True,False,3.1929041491634927e-06
10,learned,125,250.0,15,20,20,True,False,3.1962418933063615e-06
10,learned,126,260.0,14,20,20,True,False,3.1929041491634927e-06
10,learned,127,250.0,15,20,20,True,False,3.1962418933063615e-06
10,learned,128,260.0,14,20,20,True,False,3.1929041491634927e-06
10,learned,129,250.0,15,20,20,True,False,3.1962418933063615e-06
10,learned,130,260.0,14,20,20,True,False,3.1929041491634927e-06
10,learned,131,250.0,15,20,20,True,False,3.1962418933063615e-06
10,learned,132,260.0,14,20,20,True,False,3.1929041491634927e-06
10,learned,133,250.0,15,20,20,True,False,3.1962418933063615e-06
10,learned,134,260.0,14,20,20,True,False,3.1929041491634927e-06
10,learned,135,250.0,15,20,20,True,False,3.1962418933063615e-06
10,learned,136,260.0,14,20,20,True,False,3.1929041491634927e-06
10,learned,137,250.0,15,20,20,True,False,3.1962418933063615e-06
10,learned,138,260.0,14,20,20,True,False,3.1929041491634927e-06
10,learned,139,250.0,15,20,20,True,False,3.1962418933063615e-06
10,learned,140,260.0,14,20,20,True,False,3.1929041491634927e-06
10,learned,141,250.0,15,20,20,True,False,3.1962418933063615e-06
10,learned,142,260.0,14,20,20,True,False,3.1929041491634927e-06
10,learned,143,250.0,15,20,20,True,False,3.1962418933063615e-06
10,learned,144,260.0,14,20,20,True,False,3.1929041491634927e-06
10,learned,145,250.0,15,20,20,True,False,3.1962418933063615e-06
10,learned,146,260.0,14,20,20,True,False,3.1929041491634927e-06
10,learned,147,250.0,15,20,20,True,False,3.1962418933063615e-06
10,learned,148,260.0,14,20,20,True,False,3.1929041491634927e-06
10,learned,149,250.0,15,20,20,True,False,3.1962418933063615e-06
10,learned,150,260.0,14,20,20,True,False,3.1929041491634927e-06
10,learned,151,250.0,15,20,20,True,False,3.1962418933063615e-06
10,learned,152,260.0,14,20,20,True,False,3.1929041491634927e-06
10,learned,153,250.0,15,20,20,True,False,3.1962418933063615e-06
10,learned,154,260.0,14,20,20,True,False,3.1929041491634927e-06
10,learned,155,250.0,15,20,20,True,False,3.1962418933063615e-06
10,learned,156,260.0,14,20,20,True,False,3.1929041491634927e-06
10,learned,157,250.0,15,20,20,True,False,3.1962418933063615e-06
10,learned,158,260.0,14,20,20,True,False,3.1929041491634927e-06
10,learned,159,250.0,15,20,20,True,False,3.1962418933063615e-06
10,learned,160,260.0,14,20,20,True,False,3.1929041491634927e-06
10,learned,161,250.0,15,20,20,True,False,3.1962418933063615e-06
10,learned,162,260.0,14,20,20,True,False,3.1929041491634927e-06
10,learned,163,250.0,15,20,20,True,False,3.1962418933063615e-06
10,learned,164,260.0,14,20,20,True,False,3.1929041491634927e-06
10,learned,165,250.0,15,20,20,True,False,3.1962418933063615e-06
10,learned,166,260.0,14,20,20,True,False,3.1929041491634927e-06
10,learned,167,250.0,15,20,20,True,False,3.1962418933063615e-06
10,learned,168,260.0,14,20,20,True,False,3.1929041491634927e-06
10,learned,169,250.0,15,20,20,True,False,3.1962418933063615e-06
10,learned,170,260.0,14,20,20,True,False,3.1929041491634927e-06
10,learned,171,250.0,15,20,20,True,False,3.1962418933063615e-06
10,learned,172,260.0,14,20,20,True,False,3.1929041491634927e-06
10,learned,173,250.0,15,20,20,True,False,3.1962418933063615e-06
10,learned,174,260.0,14,20,20,True,False,3.1929041491634927e-06
10,learned,175,250.0,15,20,20,True,False,3.1962418933063615e-06
10,learned,176,260.0,14,20,20,True,False,3.1929041491634927e-06
10,learned,177,250.0,15,20,20,True,False,3.1962418933063615e-06
10,learned,178,260.0,14,20,20,True,False,3.1929041491634927e-06
10,learned,179,250.0,15,20,20,True,False,3.1962418933063615e-06
10,learned,180,260.0,14,20,20,True,False,3.1929041491634927e-06
10,learned,181,250.0,15,20,20,True,False,3.1962418933063615e-06
10,learned,182,260.0,14,20,20,True,False,3.1929041491634927e-06
10,learned,183,250.0,15,20,20,True,False,3.1962418933063615e-06
10,learned,184,260.0,14,20,20,True,False,3.1929041491634927e-06
10,learned,185,250.0,15,20,20,True,False,3.1962418933063615e-06
10,learned,186,260.0,14,20,20,True,False,3.1929041491634927e-06
10,learned,187,250.0,15,20,20,True,False,3.1962418933063615e-06
10,learned,188,260.0,14,20,20,True,False,3.1929041491634927e-06
10,learned,189,250.0,15,20,20,True,False,3.1962418933063615e-06
10,learned,190,260.0,14,20,20,True,False,3.1929041491634927e-06
10,learned,191,250.0,15,20,20,True,False,3.1962418933063615e-06
10,learned,192,260.0,14,20,20,True,False,3.1929041491634927e-06
10,learned,193,250.0,15,20,20,True,False,3.1962418933063615e-06
10,learned,194,260.0,14,20,20,True,False,3.1929041491634927e-06
10,learned,195,250.0,15,20,20,True,False,3.1962418933063615e-06
10,learned,196,260.0,14,20,20,True,False,3.1929041491634927e-06
10,learned,197,250.0,15,20,20,True,False,3.1962418933063615e-06
10,learned,198,260.0,14,20,20,True,False,3.1929041491634927e-06
10,learned,199,250.0,15,20,20,True,False,3.1962418933063615e-06
10,learned,200,260.0,14,20,20,True,False,3.1929041491634927e-06
11,initial,0,20.0,2,2,20,False,False,0.0
11,greedy,0,20.0,2,2,20,False,False,0.0
11,greedy,1,50.0,3,4,20,False,False,0.0
11,greedy,2,80.0,4,6,20,False,False,0.0
11,greedy,3,110.0,5,8,20,False,False,0.0
11,greedy,4,140.0,6,10,20,False,False,0.0
11,greedy,5,170.0,7,12,20,False,False,0.0
11,greedy,6,200.0,8,14,20,False,False,0.0
11,greedy,7,210.0,7,14,20,False,False,0.0
11,greedy,8,220.0,8,15,20,False,False,0.0
11,greedy,9,230.0,9,16,20,False,False,0.0
11,greedy,10,240.0,8,16,20,False,False,0.0
11,greedy,11,250.0,9,17,20,False,False,0.0
11,greedy,12,260.0,10,18,20,False,False,0.0
11,greedy,13,270.0,11,19,20,False,False,0.0
11,greedy,14,280.0,12,20,20,True,False,1.2293452857515385e-06
11,random,0,20.0,2,2,20,False,False,0.0
11,random,1,20.0,2,2,20,False,False,0.0
11,random,2,50.0,3,4,20,False,False,0.0
11,random,3,50.0,3,4,20,False,False,0.0
11,random,4,50.0,3,4,20,False,False,0.0
11,random,5,50.0,3,4,20,False,False,0.0
11,random,6,80.0,4,6,20,False,False,0.0
11,random,7,80.0,4,6,20,False,False,0.0
11,random,8,110.0,5,8,20,False,False,0.0
11,random,9,140.0,6,10,20,False,False,0.0
11,random,10,140.0,6,10,20,False,False,0.0
11,random,11,140.0,6,10,20,False,False,0.0
11,random,12,170.0,7,12,20,False,False,0.0
11,random,13,170.0,7,12,20,False,False,0.0
11,random,14,200.0,8,14,20,False,False,0.0
11,random,15,200.0,8,14,20,False,False,0.0
11,random,16,170.0,7,12,20,False,False,0.0
11,random,17,170.0,7,12,20,False,False,0.0
11,random,18,170.0,7,12,20,False,False,0.0
11,random,19,180.0,8,13,20,False,False,0.0
11,random,20,210.0,9,15,20,False,False,0.0
11,random,21,240.0,10,17,20,False,False,0.0
11,random,22,240.0,10,17,20,False,False,0.0
11,random,23,240.0,10,17,20,False,False,0.0
11,random,24,250.0,11,18,20,False,False,0.0
11,random,25,240.0,12,18,20,False,False,0.0
11,random,26,240.0,12,18,20,False,False,0.0
11,random,27,230.0,13,18,20,False,False,0.0
11,random,28,230.0,13,18,20,False,False,0.0
11,random,29,230.0,13,18,20,False,False,0.0
11,random,30,240.0,14,19,20,False,False,0.0
11,random,31,240.0,14,19,20,False,False,0.0
11,random,32,230.0,15,19,20,False,False,0.0
11,random,33,220.0,16,19,20,False,False,0.0
11,random,34,210.0,17,19,20,False,False,0.0
11,random,35,210.0,17,19,20,False,False,0.0
11,random,36,200.0,18,19,20,False,False,0.0
11,random,37,210.0,17,19,20,False,False,0.0
11,random,38,200.0,18,19,20,False,False,0.0
11,random,39,210.0,19,20,20,True,False,9.364642852145226e-06
11,random,40,220.0,18,20,20,True,False,9.317539547995157e-06
11,random,41,220.0,18,20,20,True,False,9.317539547995157e-06
11,random,42,210.0,19,20,20,True,False,2.9690965598170888e-05
11,random,43,210.0,19,20,20,True,False,2.9690965598170888e-05
11,random,44,220.0,18,20,20,True,False,2.833093962807121e-05
11,random,45,220.0,18,20,20,True,False,2.833093962807121e-05
11,random,46,210.0,19,20,20,True,False,3.2512931151182855e-05
11,random,47,210.0,19,20,20,True,False,3.2512931151182855e-05
11,random,48,210.0,19,20,20,True,False,3.2512931151182855e-05
11,random,49,210.0,19,20,20,True,False,3.2512931151182855e-05
11,random,50,210.0,19,20,20,True,False,3.2512931151182855e-05
11,random,51,210.0,19,20,20,True,False,3.2512931151182855e-05
11,random,52,210.0,19,20,20,True,False,3.2512931151182855e-05
11,random,53,220.0,18,20,20,True,False,1.0702859036230457e-05
11,random,54,220.0,18,20,20,True,False,1.0702859036230457e-05
11,random,55,220.0,18,20,20,True,False,1.0702859036230457e-05
11,random,56,210.0,19,20,20,True,False,1.07542972748968e-05
11,random,57,220.0,18,20,20,True,False,4.945223779909994e-07
11,random,58,210.0,19,20,20,True,False,4.954127586809164e-07
11,random,59,210.0,19,20,20,True,False,4.954127586809164e-07
11,random,60,210.0,19,20,20,True,False,4.954127586809164e-07
11,random,61,200.0,18,19,20,False,False,0.0
11,random,62,190.0,19,19,20,False,False,0.0
11,random,63,190.0,19,19,20,False,False,0.0
11,random,64,200.0,18,19,20,False,False,0.0
11,random,65,210.0,17,19,20,False,False,0.0
11,random,66,220.0,16,19,20,False,False,0.0
11,random,67,210.0,17,19,20,False,False,0.0
11,random,68,210.0,17,19,20,False,False,0.0
11,random,69,210.0,17,19,20,False,False,0.0
11,random,70,210.0,17,19,20,False,False,0.0
11,random,71,220.0,16,19,20,False,False,0.0
11,random,72,220.0,16,19,20,False,False,0.0
11,random,73,230.0,17,20,20,True,False,1.6175206957985438e-05
11,random,74,240.0,16,20,20,True,False,1.4391695019562076e-05
11,random,75,230.0,17,20,20,True,False,1.6175206957985438e-05
11,random,76,230.0,17,20,20,True,False,1.6175206957985438e-05
11,random,77,230.0,17,20,20,True,False,1.6175206957985438e-05
11,random,78,230.0,17,20,20,True,False,1.6175206957985438e-05
11,random,79,230.0,17,20,20,True,False,1.6175206957985438e-05
11,random,80,230.0,17,20,20,True,False,1.6175206957985438e-05
11,random,81,230.0,17,20,20,True,False,1.6175206957985438e-05
11,random,82,220.0,18,20,20,True,False,1.9848020447761652e-05
11,random,83,230.0,17,20,20,True,False,1.9593039291917793e-05
11,random,84,220.0,18,20,20,True,False,2.0062602753275896e-05
11,random,85,220.0,18,20,20,True,False,2.0062602753275896e-05
11,random,86,220.0,18,20,20,True,False,2.0062602753275896e-05
11,random,87,220.0,18,20,20,True,False,2.0062602753275896e-05
11,random,88,220.0,18,20,20,True,False,2.0062602753275896e-05
11,random,89,210.0,19,20,20,True,False,3.118769979300137e-05
11,random,90,210.0,19,20,20,True,False,3.118769979300137e-05
11,random,91,210.0,19,20,20,True,False,3.118769979300137e-05
11,random,92,210.0,19,20,20,True,False,3.118769979300137e-05
11,random,93,210.0,19,20,20,True,False,3.118769979300137e-05
11,random,94,210.0,19,20,20,True,False,3.118769979300137e-05
11,random,95,200.0,20,20,20,True,False,3.205070214869072e-05
11,random,96,200.0,20,20,20,True,False,3.205070214869072e-05
11,random,97,200.0,20,20,20,True,False,3.205070214869072e-05
11,random,98,200.0,20,20,20,True,False,3.205070214869072e-05
11,random,99,210.0,19,20,20,True,False,2.6929140260514563e-05
11,random,100,210.0,19,20,20,True,False,2.6929140260514563e-05
11,random,101,200.0,20,20,20,True,False,3.560697841411778e-05
11,random,102,200.0,20,20,20,True,False,3.560697841411778e-05
11,random,103,200.0,20,20,20,True,False,3.560697841411778e-05
11,random,104,200.0,20,20,20,True,False,3.560697841411778e-05
11,random,105,200.0,20,20,20,True,False,3.560697841411778e-05
11,random,106,210.0,19,20,20,True,False,1.2097705772649707e-05
11,random,107,210.0,19,20,20,True,False,1.2097705772649707e-05
11,random,108,200.0,20,20,20,True,False,1.2569195071416398e-05
11,random,109,200.0,20,20,20,True,False,1.2569195071416398e-05
11,random,110,210.0,19,20,20,True,False,1.2455899401617668e-05
11,random,111,210.0,19,20,20,True,False,1.2455899401617668e-05
11,random,112,210.0,19,20,20,True,False,1.2455899401617668e-05
11,random,113,210.0,19,20,20,True,False,1.2455899401617668e-05
11,random,114,200.0,20,20,20,True,False,1.3050184425715805e-05
11,random,115,200.0,20,20,20,True,False,1.3050184425715805e-05
11,random,116,200.0,20,20,20,True,False,1.3050184425715805e-05
11,random,117,200.0,20,20,20,True,False,1.3050184425715805e-05
11,random,118,200.0,20,20,20,True,False,1.3050184425715805e-05
11,random,119,190.0,21,20,20,True,False,1.3193425947996701e-05
11,random,120,190.0,21,20,20,True,False,1.3193425947996701e-05
11,random,121,190.0,21,20,20,True,False,1.3193425947996701e-05
11,random,122,200.0,20,20,20,True,False,1.2970292713195755e-05
11,random,123,200.0,20,20,20,True,False,1.2970292713195755e-05
11,random,124,210.0,19,20,20,True,False,1.1615937275168348e-05
11,random,125,210.0,19,20,20,True,False,1.1615937275168348e-05
11,random,126,200.0,20,20,20,True,False,1.2970292713195755e-05
11,random,127,210.0,19,20,20,True,False,1.2493218001560423e-05
11,random,128,210.0,19,20,20,True,False,1.2493218001560423e-05
11,random,129,200.0,20,20,20,True,False,3.516097311679838e-05
11,random,130,200.0,20,20,20,True,False,3.516097311679838e-05
11,random,131,200.0,20,20,20,True,False,3.516097311679838e-05
11,random,132,200.0,20,20,20,True,False,3.516097311679838e-05
11,random,133,200.0,20,20,20,True,False,3.516097311679838e-05
11,random,134,190.0,21,20,20,True,False,3.5187193547555614e-05
11,random,135,190.0,21,20,20,True,False,3.5187193547555614e-05
11,random,136,190.0,21,20,20,True,False,3.5187193547555614e-05
11,random,137,190.0,21,20,20,True,False,3.5187193547555614e-05
11,random,138,190.0,21,20,20,True,False,3.5187193547555614e-05
11,random,139,200.0,20,20,20,True,False,3.516097311679838e-05
11,random,140,200.0,20,20,20,True,False,3.516097311679838e-05
11,random,141,190.0,21,20,20,True,False,3.800673900761705e-05
11,random,142,180.0,22,20,20,True,False,4.280278119405617e-05
11,random,143,180.0,22,20,20,True,False,4.280278119405617e-05
11,random,144,180.0,22,20,20,True,False,4.280278119405617e-05
11,random,145,180.0,22,20,20,True,False,4.280278119405617e-05
11,random,146,180.0,22,20,20,True,False,4.280278119405617e-05
11,random,147,170.0,23,20,20,True,False,4.316494768553965e-05
11,random,148,170.0,23,20,20,True,False,4.316494768553965e-05
11,random,149,170.0,23,20,20,True,False,4.316494768553965e-05
11,random,150,180.0,22,20,20,True,False,4.045434372766586e-05
11,random,151,180.0,22,20,20,True,False,4.045434372766586e-05
11,random,152,180.0,22,20,20,True,False,4.045434372766586e-05
11,random,153,170.0,23,20,20,True,False,4.047863287097482e-05
11,random,154,170.0,23,20,20,True,False,4.047863287097482e-05
11,random,155,180.0,22,20,20,True,False,4.04543437276659e-05
11,random,156,170.0,23,20,20,True,False,4.219030222658547e-05
11,random,157,160.0,24,20,20,True,False,4.295524841055575e-05
11,random,158,160.0,24,20,20,True,False,4.295524841055575e-05
11,random,159,150.0,25,20,20,True,False,6.311444817613781e-05
11,random,160,160.0,24,20,20,True,False,5.749447411768246e-05
11,random,161,160.0,24,20,20,True,False,5.749447411768246e-05
11,random,162,160.0,24,20,20,True,False,5.749447411768246e-05
11,random,163,150.0,25,20,20,True,False,5.848460818253592e-05
11,random,164,150.0,25,20,20,True,False,5.848460818253592e-05
11,random,165,150.0,25,20,20,True,False,5.848460818253592e-05
11,random,166,150.0,25,20,20,True,False,5.848460818253592e-05
11,random,167,150.0,25,20,20,True,False,5.848460818253592e-05
11,random,168,150.0,25,20,20,True,False,5.848460818253592e-05
11,random,169,160.0,24,20,20,True,False,3.425447193913036e-05
11,random,170,160.0,24,20,20,True,False,3.425447193913036e-05
11,random,171,170.0,23,20,20,True,False,3.3542385412870494e-05
11,random,172,160.0,24,20,20,True,False,3.4660429148888094e-05
11,random,173,150.0,25,20,20,True,False,5.899958381437338e-05
11,random,174,160.0,24,20,20,True,False,5.1866962750567915e-05
11,random,175,170.0,23,20,20,True,False,5.012248355087874e-05
11,random,176,160.0,24,20,20,True,False,5.445206687503235e-05
11,random,177,160.0,24,20,20,True,False,5.445206687503235e-05
11,random,178,170.0,23,20,20,True,False,2.8028213445471425e-05
11,random,179,160.0,24,20,20,True,False,2.8333501869155027e-05
11,random,180,160.0,24,20,20,True,False,2.8333501869155027e-05
11,random,181,170.0,23,20,20,True,False,1.996859092407165e-05
11,random,182,160.0,24,20,20,True,False,3.9442377384372314e-05
11,random,183,170.0,23,20,20,True,False,3.9312753357768054e-05
11,random,184,180.0,22,20,20,True,False,1.8990457217244245e-05
11,random,185,190.0,21,20,20,True,False,1.8959210618887825e-05
11,random,186,190.0,21,20,20,True,False,1.8959210618887825e-05
11,random,187,190.0,21,20,20,True,False,1.8959210618887825e-05
11,random,188,200.0,20,20,20,True,False,1.6068628871333212e-05
11,random,189,200.0,20,20,20,True,False,1.6068628871333212e-05
11,random,190,200.0,20,20,20,True,False,1.6068628871333212e-05
11,random,191,200.0,20,20,20,True,False,1.6068628871333212e-05
11,random,192,200.0,20,20,20,True,False,1.6068628871333212e-05
11,random,193,200.0,20,20,20,True,False,1.6068628871333212e-05
11,random,194,210.0,19,20,20,True,False,1.1807325262211435e-05
11,random,195,210.0,19,20,20,True,False,1.1807325262211435e-05
11,random,196,210.0,19,20,20,True,False,1.1807325262211435e-05
11,random,197,220.0,18,20,20,True,False,4.831326280499782e-06
11,random,198,210.0,19,20,20,True,False,7.202017258072016e-06
11,random,199,210.0,19,20,20,True,False,7.202017258072016e-06
11,random,200,210.0,19,20,20,True,False,7.202017258072016e-06
11,learned,0,20.0,2,2,20,False,False,0.0
11,learned,1,50.0,3,4,20,False,False,0.0
11,learned,2,80.0,4,6,20,False,False,0.0
11,learned,3,110.0,5,8,20,False,False,0.0
11,learned,4,140.0,6,10,20,False,False,0.0
11,learned,5,170.0,7,12,20,False,False,0.0
11,learned,6,200.0,8,14,20,False,False,0.0
11,learned,7,210.0,9,15,20,False,False,0.0
11,learned,8,220.0,10,16,20,False,False,0.0
11,learned,9,230.0,11,17,20,False,False,0.0
11,learned,10,240.0,12,18,20,False,False,0.0
11,learned,11,250.0,13,19,20,False,False,0.0
11,learned,12,260.0,14,20,20,True,False,1.495340221424123e-05
11,learned,13,270.0,13,20,20,True,False,1.4362237269746633e-05
11,learned,14,280.0,12,20,20,True,False,1.2319271853877097e-05
11,learned,15,270.0,13,20,20,True,False,1.4320981577582087e-05
11,learned,16,260.0,14,20,20,True,False,1.957037474113571e-05
11,learned,17,250.0,15,20,20,True,False,2.3332262497018082e-05
11,learned,18,240.0,16,20,20,True,False,2.4326621861313976e-05
11,learned,19,230.0,17,20,20,True,False,3.083259720865545e-05
11,learned,20,240.0,16,20,20,True,False,1.0740949012987027e-05
11,learned,21,250.0,15,20,20,True,False,1.0585218967439368e-05
11,learned,22,260.0,14,20,20,True,False,1.0084422177491356e-05
11,learned,23,250.0,15,20,20,True,False,1.0585218967439368e-05
11,learned,24,260.0,14,20,20,True,False,1.0084422177491356e-05
11,learned,25,250.0,15,20,20,True,False,1.0585218967439368e-05
11,learned,26,260.0,14,20,20,True,False,1.0084422177491356e-05
11,learned,27,250.0,15,20,20,True,False,1.0585218967439368e-05
11,learned,28,260.0,14,20,20,True,False,1.0084422177491356e-05
11,learned,29,250.0,15,20,20,True,False,1.0585218967439368e-05
11,learned,30,260.0,14,20,20,True,False,1.0084422177491356e-05
11,learned,31,250.0,15,20,20,True,False,1.0585218967439368e-05
11,learned,32,260.0,14,20,20,True,False,1.0084422177491356e-05
11,learned,33,250.0,15,20,20,True,False,1.0585218967439368e-05
11,learned,34,260.0,14,20,20,True,False,1.0084422177491356e-05
11,learned,35,250.0,15,20,20,True,False,1.0585218967439368e-05
11,learned,36,260.0,14,20,20,True,False,1.0084422177491356e-05
11,learned,37,250.0,15,20,20,True,False,1.0585218967439368e-05
11,learned,38,260.0,14,20,20,True,False,1.0084422177491356e-05
11,learned,39,250.0,15,20,20,True,False,1.0585218967439368e-05
11,learned,40,260.0,14,20,20,True,False,1.0084422177491356e-05
11,learned,41,250.0,15,20,20,True,False,1.0585218967439368e-05
11,learned,42,260.0,14,20,20,True,False,1.0084422177491356e-05
11,learned,43,250.0,15,20,20,True,False,1.0585218967439368e-05
11,learned,44,260.0,14,20,20,True,False,1.0084422177491356e-05
11,learned,45,250.0,15,20,20,True,False,1.0585218967439368e-05
11,learned,46,260.0,14,20,20,True,False,1.0084422177491356e-05
11,learned,47,250.0,15,20,20,True,False,1.0585218967439368e-05
11,learned,48,260.0,14,20,20,True,False,1.0084422177491356e-05
11,learned,49,250.0,15,20,20,True,False,1.0585218967439368e-05
11,learned,50,260.0,14,20,20,True,False,1.0084422177491356e-05
11,learned,51,250.0,15,20,20,True,False,1.0585218967439368e-05
11,learned,52,260.0,14,20,20,True,False,1.0084422177491356e-05
11,learned,53,250.0,15,20,20,True,False,1.0585218967439368e-05
11,learned,54,260.0,14,20,20,True,False,1.0084422177491356e-05
11,learned,55,250.0,15,20,20,True,False,1.0585218967439368e-05
11,learned,56,260.0,14,20,20,True,False,1.0084422177491356e-05
11,learned,57,250.0,15,20,20,True,False,1.0585218967439368e-05
11,learned,58,260.0,14,20,20,True,False,1.0084422177491356e-05
11,learned,59,250.0,15,20,20,True,False,1.0585218967439368e-05
11,learned,60,260.0,14,20,20,True,False,1.0084422177491356e-05
11,learned,61,250.0,15,20,20,True,False,1.0585218967439368e-05
11,learned,62,260.0,14,20,20,True,False,1.0084422177491356e-05
11,learned,63,250.0,15,20,20,True,False,1.0585218967439368e-05
11,learned,64,260.0,14,20,20,True,False,1.0084422177491356e-05
11,learned,65,250.0,15,20,20,True,False,1.0585218967439368e-05
11,learned,66,260.0,14,20,20,True,False,1.0084422177491356e-05
11,learned,67,250.0,15,20,20,True,False,1.0585218967439368e-05
11,learned,68,260.0,14,20,20,True,False,1.0084422177491356e-05
11,learned,69,250.0,15,20,20,True,False,1.0585218967439368e-05
11,learned,70,260.0,14,20,20,True,False,1.0084422177491356e-05
11,learned,71,250.0,15,20,20,True,False,1.0585218967439368e-05
11,learned,72,260.0,14,20,20,True,False,1.0084422177491356e-05
11,learned,73,250.0,15,20,20,True,False,1.0585218967439368e-05
11,learned,74,260.0,14,20,20,True,False,1.0084422177491356e-05
11,learned,75,250.0,15,20,20,True,False,1.0585218967439368e-05
11,learned,76,260.0,14,20,20,True,False,1.0084422177491356e-05
11,learned,77,250.0,15,20,20,True,False,1.0585218967439368e-05
11,learned,78,260.0,14,20,20,True,False,1.0084422177491356e-05
11,learned,79,250.0,15,20,20,True,False,1.0585218967439368e-05
11,learned,80,260.0,14,20,20,True,False,1.0084422177491356e-05
11,learned,81,250.0,15,20,20,True,False,1.0585218967439368e-05
11,learned,82,260.0,14,20,20,True,False,1.0084422177491356e-05
11,learned,83,250.0,15,20,20,True,False,1.0585218967439368e-05
11,learned,84,260.0,14,20,20,True,False,1.0084422177491356e-05
11,learned,85,250.0,15,20,20,True,False,1.0585218967439368e-05
11,learned,86,260.0,14,20,20,True,False,1.0084422177491356e-05
11,learned,87,250.0,15,20,20,True,False,1.0585218967439368e-05
11,learned,88,260.0,14,20,20,True,False,1.0084422177491356e-05
11,learned,89,250.0,15,20,20,True,False,1.0585218967439368e-05
11,learned,90,260.0,14,20,20,True,False,1.0084422177491356e-05
11,learned,91,250.0,15,20,20,True,False,1.0585218967439368e-05
11,learned,92,260.0,14,20,20,True,False,1.0084422177491356e-05
11,learned,93,250.0,15,20,20,True,False,1.0585218967439368e-05
11,learned,94,260.0,14,20,20,True,False,1.0084422177491356e-05
11,learned,95,250.0,15,20,20,True,False,1.0585218967439368e-05
11,learned,96,260.0,14,20,20,True,False,1.0084422177491356e-05
11,learned,97,250.0,15,20,20,True,False,1.0585218967439368e-05
11,learned,98,260.0,14,20,20,True,False,1.0084422177491356e-05
11,learned,99,250.0,15,20,20,True,False,1.0585218967439368e-05
11,learned,100,260.0,14,20,20,True,False,1.0084422177491356e-05
11,learned,101,250.0,15,20,20,True,False,1.0585218967439368e-05
11,learned,102,260.0,14,20,20,True,False,1.0084422177491356e-05
11,learned,103,250.0,15,20,20,True,False,1.0585218967439368e-05
11,learned,104,260.0,14,20,20,True,False,1.0084422177491356e-05
11,learned,105,250.0,15,20,20,True,False,1.0585218967439368e-05
11,learned,106,260.0,14,20,20,True,False,1.0084422177491356e-05
11,learned,107,250.0,15,20,20,True,False,1.0585218967439368e-05
11,learned,108,260.0,14,20,20,True,False,1.0084422177491356e-05
11,learned,109,250.0,15,20,20,True,False,1.0585218967439368e-05
11,learned,110,260.0,14,20,20,True,False,1.0084422177491356e-05
11,learned,111,250.0,15,20,20,True,False,1.0585218967439368e-05
11,learned,112,260.0,14,20,20,True,False,1.0084422177491356e-05
11,learned,113,250.0,15,20,20,True,False,1.0585218967439368e-05
11,learned,114,260.0,14,20,20,True,False,1.0084422177491356e-05
11,learned,115,250.0,15,20,20,True,False,1.0585218967439368e-05
11,learned,116,260.0,14,20,20,True,False,1.0084422177491356e-05
11,learned,117,250.0,15,20,20,True,False,1.0585218967439368e-05
11,learned,118,260.0,14,20,20,True,False,1.0084422177491356e-05
11,learned,119,250.0,15,20,20,True,False,1.0585218967439368e-05
11,learned,120,260.0,14,20,20,True,False,1.0084422177491356e-05
11,learned,121,250.0,15,20,20,True,False,1.0585218967439368e-05
11,learned,122,260.0,14,20,20,True,False,1.0084422177491356e-05
11,learned,123,250.0,15,20,20,True,False,1.0585218967439368e-05
11,learned,124,260.0,14,20,20,True,False,1.0084422177491356e-05
11,learned,125,250.0,15,20,20,True,False,1.0585218967439368e-05
11,learned,126,260.0,14,20,20,True,False,1.0084422177491356e-05
11,learned,127,250.0,15,20,20,True,False,1.0585218967439368e-05
11,learned,128,260.0,14,20,20,True,False,1.0084422177491356e-05
11,learned,129,250.0,15,20,20,True,False,1.0585218967439368e-05
11,learned,130,260.0,14,20,20,True,False,1.0084422177491356e-05
11,learned,131,250.0,15,20,20,True,False,1.0585218967439368e-05
11,learned,132,260.0,14,20,20,True,False,1.0084422177491356e-05
11,learned,133,250.0,15,20,20,True,False,1.0585218967439368e-05
11,learned,134,260.0,14,20,20,True,False,1.0084422177491356e-05
11,learned,135,250.0,15,20,20,True,False,1.0585218967439368e-05
11,learned,136,260.0,14,20,20,True,False,1.0084422177491356e-05
11,learned,137,250.0,15,20,20,True,False,1.0585218967439368e-05
11,learned,138,260.0,14,20,20,True,False,1.0084422177491356e-05
11,learned,139,250.0,15,20,20,True,False,1.0585218967439368e-05
11,learned,140,260.0,14,20,20,True,False,1.0084422177491356e-05
11,learned,141,250.0,15,20,20,True,False,1.0585218967439368e-05
11,learned,142,260.0,14,20,20,True,False,1.0084422177491356e-05
11,learned,143,250.0,15,20,20,True,False,1.0585218967439368e-05
11,learned,144,260.0,14,20,20,True,False,1.0084422177491356e-05
11,learned,145,250.0,15,20,20,True,False,1.0585218967439368e-05
11,learned,146,260.0,14,20,20,True,False,1.0084422177491356e-05
11,learned,147,250.0,15,20,20,True,False,1.0585218967439368e-05
11,learned,148,260.0,14,20,20,True,False,1.0084422177491356e-05
11,learned,149,250.0,15,20,20,True,False,1.0585218967439368e-05
11,learned,150,260.0,14,20,20,True,False,1.0084422177491356e-05
11,learned,151,250.0,15,20,20,True,False,1.0585218967439368e-05
11,learned,152,260.0,14,20,20,True,False,1.0084422177491356e-05
11,learned,153,250.0,15,20,20,True,False,1.0585218967439368e-05
11,learned,154,260.0,14,20,20,True,False,1.0084422177491356e-05
11,learned,155,250.0,15,20,20,True,False,1.0585218967439368e-05
11,learned,156,260.0,14,20,20,True,False,1.0084422177491356e-05
11,learned,157,250.0,15,20,20,True,False,1.0585218967439368e-05
11,learned,158,260.0,14,20,20,True,False,1.0084422177491356e-05
11,learned,159,250.0,15,20,20,True,False,1.0585218967439368e-05
11,learned,160,260.0,14,20,20,True,False,1.0084422177491356e-05
11,learned,161,250.0,15,20,20,True,False,1.0585218967439368e-05
11,learned,162,260.0,14,20,20,True,False,1.0084422177491356e-05
11,learned,163,250.0,15,20,20,True,False,1.0585218967439368e-05
11,learned,164,260.0,14,20,20,True,False,1.0084422177491356e-05
11,learned,165,250.0,15,20,20,True,False,1.0585218967439368e-05
11,learned,166,260.0,14,20,20,True,False,1.0084422177491356e-05
11,learned,167,250.0,15,20,20,True,False,1.0585218967439368e-05
11,learned,168,260.0,14,20,20,True,False,1.0084422177491356e-05
11,learned,169,250.0,15,20,20,True,False,1.0585218967439368e-05
11,learned,170,260.0,14,20,20,True,False,1.0084422177491356e-05
11,learned,171,250.0,15,20,20,True,False,1.0585218967439368e-05
11,learned,172,260.0,14,20,20,True,False,1.0084422177491356e-05
11,learned,173,250.0,15,20,20,True,False,1.0585218967439368e-05
11,learned,174,260.0,14,20,20,True,False,1.0084422177491356e-05
11,learned,175,250.0,15,20,20,True,False,1.0585218967439368e-05
11,learned,176,260.0,14,20,20,True,False,1.0084422177491356e-05
11,learned,177,250.0,15,20,20,True,False,1.0585218967439368e-05
11,learned,178,260.0,14,20,20,True,False,1.0084422177491356e-05
11,learned,179,250.0,15,20,20,True,False,1.0585218967439368e-05
11,learned,180,260.0,14,20,20,True,False,1.0084422177491356e-05
11,learned,181,250.0,15,20,20,True,False,1.0585218967439368e-05
11,learned,182,260.0,14,20,20,True,False,1.0084422177491356e-05
11,learned,183,250.0,15,20,20,True,False,1.0585218967439368e-05
11,learned,184,260.0,14,20,20,True,False,1.0084422177491356e-05
11,learned,185,250.0,15,20,20,True,False,1.0585218967439368e-05
11,learned,186,260.0,14,20,20,True,False,1.0084422177491356e-05
11,learned,187,250.0,15,20,20,True,False,1.0585218967439368e-05
11,learned,188,260.0,14,20,20,True,False,1.0084422177491356e-05
11,learned,189,250.0,15,20,20,True,False,1.0585218967439368e-05
11,learned,190,260.0,14,20,20,True,False,1.0084422177491356e-05
11,learned,191,250.0,15,20,20,True,False,1.0585218967439368e-05
11,learned,192,260.0,14,20,20,True,False,1.0084422177491356e-05
11,learned,193,250.0,15,20,20,True,False,1.0585218967439368e-05
11,learned,194,260.0,14,20,20,True,False,1.0084422177491356e-05
11,learned,195,250.0,15,20,20,True,False,1.0585218967439368e-05
11,learned,196,260.0,14,20,20,True,False,1.0084422177491356e-05
11,learned,197,250.0,15,20,20,True,False,1.0585218967439368e-05
11,learned,198,260.0,14,20,20,True,False,1.0084422177491356e-05
11,learned,199,250.0,15,20,20,True,False,1.0585218967439368e-05
11,learned,200,260.0,14,20,20,True,False,1.0084422177491356e-05
12,initial,0,140.0,26,20,20,True,False,8.229542216789745e-05
12,greedy,0,140.0,26,20,20,True,False,8.229542216789745e-05
12,greedy,1,150.0,25,20,20,True,False,4.788159407880889e-05
12,greedy,2,160.0,24,20,20,True,False,4.778570094427223e-05
12,greedy,3,170.0,23,20,20,True,False,4.775672749224297e-05
12,greedy,4,180.0,22,20,20,True,False,4.703773111440468e-05
12,greedy,5,190.0,21,20,20,True,False,4.698431856379411e-05
12,greedy,6,200.0,20,20,20,True,False,4.090480386446082e-05
12,greedy,7,210.0,19,20,20,True,False,3.905629602723133e-05
12,greedy,8,220.0,18,20,20,True,False,2.6296225923226162e-05
12,greedy,9,230.0,17,20,20,True,False,2.3932502379875578e-05
12,greedy,10,240.0,16,20,20,True,False,3.875919233634279e-06
12,greedy,11,250.0,15,20,20,True,False,3.9502391443912344e-07
12,greedy,12,260.0,14,20,20,True,False,3.945894944928226e-07
12,greedy,13,270.0,13,20,20,True,False,3.9458406923035275e-07
12,greedy,14,280.0,12,20,20,True,False,3.92788984908807e-07
12,greedy,15,290.0,11,20,20,True,False,3.9274709646275185e-07
12,greedy,16,300.0,10,20,20,True,True,3.9148994520078263e-07
12,random,0,140.0,26,20,20,True,False,8.229542216789745e-05
12,random,1,130.0,27,20,20,True,False,8.336698137756702e-05
12,random,2,120.0,28,20,20,True,False,8.370427761996486e-05
12,random,3,110.0,29,20,20,True,False,8.372349948755373e-05
12,random,4,110.0,29,20,20,True,False,8.372349948755373e-05
12,random,5,100.0,30,20,20,True,False,8.597035973142583e-05
12,random,6,110.0,29,20,20,True,False,8.449144650246658e-05
12,random,7,110.0,29,20,20,True,False,8.449144650246658e-05
12,random,8,100.0,30,20,20,True,False,8.474745974595008e-05
12,random,9,100.0,30,20,20,True,False,8.474745974595008e-05
12,random,10,100.0,30,20,20,True,False,8.474745974595008e-05
12,random,11,110.0,29,20,20,True,False,2.7845511344308308e-05
12,random,12,120.0,28,20,20,True,False,2.7536011412416763e-05
12,random,13,120.0,28,20,20,True,False,2.7536011412416763e-05
12,random,14,120.0,28,20,20,True,False,2.7536011412416763e-05
12,random,15,120.0,28,20,20,True,False,2.7536011412416763e-05
12,random,16,120.0,28,20,20,True,False,2.7536011412416763e-05
12,random,17,130.0,27,20,20,True,False,2.7361906576468726e-05
12,random,18,130.0,27,20,20,True,False,2.7361906576468726e-05
12,random,19,130.0,27,20,20,True,False,2.7361906576468726e-05
12,random,20,130.0,27,20,20,True,False,2.7361906576468726e-05
12,random,21,120.0,28,20,20,True,False,2.7679782145695162e-05
12,random,22,130.0,27,20,20,True,False,2.751371858610824e-05
12,random,23,130.0,27,20,20,True,False,2.751371858610824e-05
12,random,24,130.0,27,20,20,True,False,2.751371858610824e-05
12,random,25,140.0,26,20,20,True,False,2.7197011590320928e-05
12,random,26,140.0,26,20,20,True,False,2.7197011590320928e-05
12,random,27,150.0,25,20,20,True,False,2.670194791633081e-05
12,random,28,150.0,25,20,20,True,False,2.670194791633081e-05
12,random,29,150.0,25,20,20,True,False,2.670194791633081e-05
12,random,30,140.0,26,20,20,True,False,2.678996663221198e-05
12,random,31,140.0,26,20,20,True,False,2.678996663221198e-05
12,random,32,140.0,26,20,20,True,False,2.678996663221198e-05
12,random,33,150.0,25,20,20,True,False,2.6414761123133132e-05
12,random,34,140.0,26,20,20,True,False,2.994483632248104e-05
12,random,35,150.0,25,20,20,True,False,2.9617053703322674e-05
12,random,36,150.0,25,20,20,True,False,2.9617053703322674e-05
12,random,37,150.0,25,20,20,True,False,2.9617053703322674e-05
12,random,38,150.0,25,20,20,True,False,2.9617053703322674e-05
12,random,39,150.0,25,20,20,True,False,2.9617053703322674e-05
12,random,40,140.0,26,20,20,True,False,3.186111998283605e-05
12,random,41,150.0,25,20,20,True,False,2.660582345122631e-05
12,random,42,140.0,26,20,20,True,False,4.520239647575889e-05
12,random,43,130.0,27,20,20,True,False,4.5240492790126394e-05
12,random,44,130.0,27,20,20,True,False,4.5240492790126394e-05
12,random,45,130.0,27,20,20,True,False,4.5240492790126394e-05
12,random,46,140.0,26,20,20,True,False,3.9236689489155164e-05
12,random,47,140.0,26,20,20,True,False,3.9236689489155164e-05
12,random,48,130.0,27,20,20,True,False,3.981274664049149e-05
12,random,49,120.0,28,20,20,True,False,4.030606264680924e-05
12,random,50,120.0,28,20,20,True,False,4.030606264680924e-05
12,random,51,110.0,29,20,20,True,False,4.078252875452262e-05
12,random,52,110.0,29,20,20,True,False,4.078252875452262e-05
12,random,53,120.0,28,20,20,True,False,4.0575935673498375e-05
12,random,54,120.0,28,20,20,True,False,4.0575935673498375e-05
12,random,55,120.0,28,20,20,True,False,4.0575935673498375e-05
12,random,56,130.0,27,20,20,True,False,4.0107883328808794e-05
12,random,57,120.0,28,20,20,True,False,6.840207532991747e-05
12,random,58,110.0,29,20,20,True,False,6.95012363207235e-05
12,random,59,110.0,29,20,20,True,False,6.95012363207235e-05
12,random,60,110.0,29,20,20,True,False,6.95012363207235e-05
12,random,61,110.0,29,20,20,True,False,6.95012363207235e-05
12,random,62,110.0,29,20,20,True,False,6.95012363207235e-05
12,random,63,100.0,30,20,20,True,False,9.702546770904187e-05
12,random,64,100.0,30,20,20,True,False,9.702546770904187e-05
12,random,65,90.0,31,20,20,True,False,9.734011608035575e-05
12,random,66,90.0,31,20,20,True,False,9.734011608035575e-05
12,random,67,90.0,31,20,20,True,False,9.734011608035575e-05
12,random,68,100.0,30,20,20,True,False,7.005167776671117e-05
12,random,69,100.0,30,20,20,True,False,7.005167776671117e-05
12,random,70,110.0,29,20,20,True,False,7.005165150978922e-05
12,random,71,110.0,29,20,20,True,False,7.005165150978922e-05
12,random,72,110.0,29,20,20,True,False,7.005165150978922e-05
12,random,73,110.0,29,20,20,True,False,7.005165150978922e-05
12,random,74,100.0,30,20,20,True,False,7.005167776671117e-05
12,random,75,100.0,30,20,20,True,False,7.005167776671117e-05
12,random,76,90.0,31,20,20,True,False,7.035258817337979e-05
12,random,77,80.0,32,20,20,True,False,8.285941038465238e-05
12,random,78,80.0,32,20,20,True,False,8.285941038465238e-05
12,random,79,80.0,32,20,20,True,False,8.285941038465238e-05
12,random,80,80.0,32,20,20,True,False,8.285941038465238e-05
12,random,81,80.0,32,20,20,True,False,8.285941038465238e-05
12,random,82,90.0,31,20,20,True,False,8.237126536566403e-05
12,random,83,90.0,31,20,20,True,False,8.237126536566403e-05
12,random,84,80.0,32,20,20,True,False,8.25160880752986e-05
12,random,85,80.0,32,20,20,True,False,8.25160880752986e-05
12,random,86,90.0,31,20,20,True,False,8.024061873454846e-05
12,random,87,90.0,31,20,20,True,False,8.024061873454846e-05
12,random,88,100.0,30,20,20,True,False,7.87662431117847e-05
12,random,89,100.0,30,20,20,True,False,7.87662431117847e-05
12,random,90,100.0,30,20,20,True,False,7.87662431117847e-05
12,random,91,100.0,30,20,20,True,False,7.87662431117847e-05
12,random,92,100.0,30,20,20,True,False,7.87662431117847e-05
12,random,93,90.0,31,20,20,True,False,8.452422187245101e-05
12,random,94,80.0,32,20,20,True,False,8.587122773246257e-05
12,random,95,80.0,32,20,20,True,False,8.587122773246257e-05
12,random,96,90.0,31,20,20,True,False,8.586232774285433e-05
12,random,97,100.0,30,20,20,True,False,8.004149790251935e-05
12,random,98,100.0,30,20,20,True,False,8.004149790251935e-05
12,random,99,110.0,29,20,20,True,False,6.963073520931904e-05
12,random,100,100.0,30,20,20,True,False,7.828131046810922e-05
12,random,101,110.0,29,20,20,True,False,7.184652660250943e-05
12,random,102,100.0,30,20,20,True,False,8.519932265448502e-05
12,random,103,100.0,30,20,20,True,False,8.519932265448502e-05
12,random,104,100.0,30,20,20,True,False,8.519932265448502e-05
12,random,105,90.0,31,20,20,True,False,8.794225679115776e-05
12,random,106,100.0,30,20,20,True,False,8.378232339289365e-05
12,random,107,110.0,29,20,20,True,False,8.335435796855407e-05
12,random,108,100.0,30,20,20,True,False,8.828842930070544e-05
12,random,109,110.0,29,20,20,True,False,8.74815816066248e-05
12,random,110,100.0,30,20,20,True,False,8.833618136976512e-05
12,random,111,90.0,31,20,20,True,False,0.00010349524202125816
12,random,112,90.0,31,20,20,True,False,0.00010349524202125816
12,random,113,90.0,31,20,20,True,False,0.00010349524202125816
12,random,114,100.0,30,20,20,True,False,0.00010347814616913173
12,random,115,100.0,30,20,20,True,False,0.00010347814616913173
12,random,116,100.0,30,20,20,True,False,0.00010347814616913173
12,random,117,90.0,31,20,20,True,False,0.00010420361188473349
12,random,118,100.0,30,20,20,True,False,0.0001036984130984116
12,random,119,90.0,31,20,20,True,False,0.00010394935386750074
12,random,120,100.0,30,20,20,True,False,0.0001036984130984116
12,random,121,110.0,29,20,20,True,False,0.00010336568287387584
12,random,122,120.0,28,20,20,True,False,9.39917765322241e-05
12,random,123,130.0,27,20,20,True,False,9.31856324322349e-05
12,random,124,130.0,27,20,20,True,False,9.31856324322349e-05
12,random,125,130.0,27,20,20,True,False,9.31856324322349e-05
12,random,126,120.0,28,20,20,True,False,9.671397178858402e-05
12,random,127,110.0,29,20,20,True,False,9.744688951263602e-05
12,random,128,110.0,29,20,20,True,False,9.744688951263602e-05
12,random,129,110.0,29,20,20,True,False,9.744688951263602e-05
12,random,130,120.0,28,20,20,True,False,7.847000843597493e-05
12,random,131,120.0,28,20,20,True,False,7.847000843597493e-05
12,random,132,130.0,27,20,20,True,False,7.545180414403538e-05
12,random,133,130.0,27,20,20,True,False,7.545180414403538e-05
12,random,134,140.0,26,20,20,True,False,6.993668110435101e-05
12,random,135,140.0,26,20,20,True,False,6.993668110435101e-05
12,random,136,140.0,26,20,20,True,False,6.993668110435101e-05
12,random,137,140.0,26,20,20,True,False,6.993668110435101e-05
12,random,138,140.0,26,20,20,True,False,6.993668110435101e-05
12,random,139,150.0,25,20,20,True,False,6.993540350954537e-05
12,random,140,150.0,25,20,20,True,False,6.993540350954537e-05
12,random,141,160.0,24,20,20,True,False,6.638415023970061e-05
12,random,142,160.0,24,20,20,True,False,6.638415023970061e-05
12,random,143,170.0,23,20,20,True,False,6.374338656726584e-05
12,random,144,160.0,24,20,20,True,False,6.638415023970023e-05
12,random,145,170.0,23,20,20,True,False,6.549021289246955e-05
12,random,146,170.0,23,20,20,True,False,6.549021289246955e-05
12,random,147,160.0,24,20,20,True,False,7.190202368354531e-05
12,random,148,160.0,24,20,20,True,False,7.190202368354531e-05
12,random,149,160.0,24,20,20,True,False,7.190202368354531e-05
12,random,150,160.0,24,20,20,True,False,7.190202368354531e-05
12,random,151,150.0,25,20,20,True,False,7.822284648914723e-05
12,random,152,150.0,25,20,20,True,False,7.822284648914723e-05
12,random,153,160.0,24,20,20,True,False,7.568066047716613e-05
12,random,154,150.0,25,20,20,True,False,8.634031019133807e-05
12,random,155,150.0,25,20,20,True,False,8.634031019133807e-05
12,random,156,160.0,24,20,20,True,False,8.562852871109075e-05
12,random,157,150.0,25,20,20,True,False,9.129546848528111e-05
12,random,158,160.0,24,20,20,True,False,6.255895567430309e-05
12,random,159,150.0,25,20,20,True,False,6.41817682860028e-05
12,random,160,160.0,24,20,20,True,False,6.162821114309224e-05
12,random,161,160.0,24,20,20,True,False,6.162821114309224e-05
12,random,162,170.0,23,20,20,True,False,6.0175611945032725e-05
12,random,163,170.0,23,20,20,True,False,6.0175611945032725e-05
12,random,164,180.0,22,20,20,True,False,5.159654897501117e-05
12,random,165,190.0,21,20,20,True,False,3.884668196240129e-05
12,random,166,180.0,22,20,20,True,False,3.9621507064019556e-05
12,random,167,180.0,22,20,20,True,False,3.9621507064019556e-05
12,random,168,190.0,21,20,20,True,False,3.9567092775444366e-05
12,random,169,190.0,21,20,20,True,False,3.9567092775444366e-05
12,random,170,190.0,21,20,20,True,False,3.9567092775444366e-05
12,random,171,190.0,21,20,20,True,False,3.9567092775444366e-05
12,random,172,190.0,21,20,20,True,False,3.9567092775444366e-05
12,random,173,190.0,21,20,20,True,False,3.9567092775444366e-05
12,random,174,190.0,21,20,20,True,False,3.9567092775444366e-05
12,random,175,190.0,21,20,20,True,False,3.9567092775444366e-05
12,random,176,190.0,21,20,20,True,False,3.9567092775444366e-05
12,random,177,180.0,22,20,20,True,False,5.888617736414853e-05
12,random,178,190.0,21,20,20,True,False,3.9567092775444366e-05
12,random,179,200.0,20,20,20,True,False,3.8936912549406125e-05
12,random,180,190.0,21,20,20,True,False,3.93125422305904e-05
12,random,181,190.0,21,20,20,True,False,3.93125422305904e-05
12,random,182,190.0,21,20,20,True,False,3.93125422305904e-05
12,random,183,180.0,22,20,20,True,False,4.127214018110658e-05
12,random,184,180.0,22,20,20,True,False,4.127214018110658e-05
12,random,185,170.0,23,20,20,True,False,6.76252116044822e-05
12,random,186,170.0,23,20,20,True,False,6.76252116044822e-05
12,random,187,180.0,22,20,20,True,False,6.720753692304107e-05
12,random,188,180.0,22,20,20,True,False,6.720753692304107e-05
12,random,189,170.0,23,20,20,True,False,6.762521160448422e-05
12,random,190,170.0,23,20,20,True,False,6.762521160448422e-05
12,random,191,180.0,22,20,20,True,False,6.760115173364078e-05
12,random,192,170.0,23,20,20,True,False,6.832139242444836e-05
12,random,193,170.0,23,20,20,True,False,6.832139242444836e-05
12,random,194,170.0,23,20,20,True,False,6.832139242444836e-05
12,random,195,160.0,24,20,20,True,False,6.844751156599308e-05
12,random,196,170.0,23,20,20,True,False,4.119595785716011e-05
12,random,197,170.0,23,20,20,True,False,4.119595785716011e-05
12,random,198,180.0,22,20,20,True,False,4.1188181642879414e-05
12,random,199,170.0,23,20,20,True,False,4.139172064139763e-05
12,random,200,180.0,22,20,20,True,False,3.819782963805446e-05
12,learned,0,140.0,26,20,20,True,False,8.229542216789745e-05
12,learned,1,150.0,25,20,20,True,False,5.511420578934628e-05
12,learned,2,160.0,24,20,20,True,False,5.457375191314637e-05
12,learned,3,170.0,23,20,20,True,False,4.194533177095074e-05
12,learned,4,180.0,22,20,20,True,False,3.839837447337821e-05
12,learned,5,190.0,21,20,20,True,False,3.733073488140387e-05
12,learned,6,200.0,20,20,20,True,False,3.576313552720249e-05
12,learned,7,190.0,21,20,20,True,False,4.5262310568524485e-05
12,learned,8,200.0,20,20,20,True,False,4.0650036097632776e-05
12,learned,9,210.0,19,20,20,True,False,2.3254455950749475e-05
12,learned,10,220.0,18,20,20,True,False,2.3007616155349153e-05
12,learned,11,230.0,17,20,20,True,False,2.2984659863154327e-05
12,learned,12,240.0,16,20,20,True,False,2.2982203717532577e-05
12,learned,13,230.0,17,20,20,True,False,2.3164131699783285e-05
12,learned,14,240.0,16,20,20,True,False,1.1159224411084954e-05
12,learned,15,250.0,15,20,20,True,False,1.0698442720010249e-05
12,learned,16,260.0,14,20,20,True,False,8.738858051818505e-06
12,learned,17,250.0,15,20,20,True,False,1.0698442720009405e-05
12,learned,18,260.0,14,20,20,True,False,1.029749623388354e-05
12,learned,19,270.0,13,20,20,True,False,1.0018877246949237e-05
12,learned,20,280.0,12,20,20,True,False,7.580911381044224e-06
12,learned,21,270.0,13,20,20,True,False,7.719711932464604e-06
12,learned,22,260.0,14,20,20,True,False,2.380201373462109e-05
12,learned,23,270.0,13,20,20,True,False,2.356480659275323e-05
12,learned,24,260.0,14,20,20,True,False,2.457875102515222e-05
12,learned,25,270.0,13,20,20,True,False,2.356480659275323e-05
12,learned,26,260.0,14,20,20,True,False,2.457875102515222e-05
12,learned,27,270.0,13,20,20,True,False,2.356480659275323e-05
12,learned,28,260.0,14,20,20,True,False,2.457875102515222e-05
12,learned,29,270.0,13,20,20,True,False,2.356480659275323e-05
12,learned,30,260.0,14,20,20,True,False,2.457875102515222e-05
12,learned,31,270.0,13,20,20,True,False,2.356480659275323e-05
12,learned,32,260.0,14,20,20,True,False,2.457875102515222e-05
12,learned,33,270.0,13,20,20,True,False,2.356480659275323e-05
12,learned,34,260.0,14,20,20,True,False,2.457875102515222e-05
12,learned,35,270.0,13,20,20,True,False,2.356480659275323e-05
12,learned,36,260.0,14,20,20,True,False,2.457875102515222e-05
12,learned,37,270.0,13,20,20,True,False,2.356480659275323e-05
12,learned,38,260.0,14,20,20,True,False,2.457875102515222e-05
12,learned,39,270.0,13,20,20,True,False,2.356480659275323e-05
12,learned,40,260.0,14,20,20,True,False,2.457875102515222e-05
12,learned,41,270.0,13,20,20,True,False,2.356480659275323e-05
12,learned,42,260.0,14,20,20,True,False,2.457875102515222e-05
12,learned,43,270.0,13,20,20,True,False,2.356480659275323e-05
12,learned,44,260.0,14,20,20,True,False,2.457875102515222e-05
12,learned,45,270.0,13,20,20,True,False,2.356480659275323e-05
12,learned,46,260.0,14,20,20,True,False,2.457875102515222e-05
12,learned,47,270.0,13,20,20,True,False,2.356480659275323e-05
12,learned,48,260.0,14,20,20,True,False,2.457875102515222e-05
12,learned,49,270.0,13,20,20,True,False,2.356480659275323e-05
12,learned,50,260.0,14,20,20,True,False,2.457875102515222e-05
12,learned,51,270.0,13,20,20,True,False,2.356480659275323e-05
12,learned,52,260.0,14,20,20,True,False,2.457875102515222e-05
12,learned,53,270.0,13,20,20,True,False,2.356480659275323e-05
12,learned,54,260.0,14,20,20,True,False,2.457875102515222e-05
12,learned,55,270.0,13,20,20,True,False,2.356480659275323e-05
12,learned,56,260.0,14,20,20,True,False,2.457875102515222e-05
12,learned,57,270.0,13,20,20,True,False,2.356480659275323e-05
12,learned,58,260.0,14,20,20,True,False,2.457875102515222e-05
12,learned,59,270.0,13,20,20,True,False,2.356480659275323e-05
12,learned,60,260.0,14,20,20,True,False,2.457875102515222e-05
12,learned,61,270.0,13,20,20,True,False,2.356480659275323e-05
12,learned,62,260.0,14,20,20,True,False,2.457875102515222e-05
12,learned,63,270.0,13,20,20,True,False,2.356480659275323e-05
12,learned,64,260.0,14,20,20,True,False,2.457875102515222e-05
12,learned,65,270.0,13,20,20,True,False,2.356480659275323e-05
12,learned,66,260.0,14,20,20,True,False,2.457875102515222e-05
12,learned,67,270.0,13,20,20,True,False,2.356480659275323e-05
12,learned,68,260.0,14,20,20,True,False,2.457875102515222e-05
12,learned,69,270.0,13,20,20,True,False,2.356480659275323e-05
12,learned,70,260.0,14,20,20,True,False,2.457875102515222e-05
12,learned,71,270.0,13,20,20,True,False,2.356480659275323e-05
12,learned,72,260.0,14,20,20,True,False,2.457875102515222e-05
12,learned,73,270.0,13,20,20,True,False,2.356480659275323e-05
12,learned,74,260.0,14,20,20,True,False,2.457875102515222e-05
12,learned,75,270.0,13,20,20,True,False,2.356480659275323e-05
12,learned,76,260.0,14,20,20,True,False,2.457875102515222e-05
12,learned,77,270.0,13,20,20,True,False,2.356480659275323e-05
12,learned,78,260.0,14,20,20,True,False,2.457875102515222e-05
12,learned,79,270.0,13,20,20,True,False,2.356480659275323e-05
12,learned,80,260.0,14,20,20,True,False,2.457875102515222e-05
12,learned,81,270.0,13,20,20,True,False,2.356480659275323e-05
12,learned,82,260.0,14,20,20,True,False,2.457875102515222e-05
12,learned,83,270.0,13,20,20,True,False,2.356480659275323e-05
12,learned,84,260.0,14,20,20,True,False,2.457875102515222e-05
12,learned,85,270.0,13,20,20,True,False,2.356480659275323e-05
12,learned,86,260.0,14,20,20,True,False,2.457875102515222e-05
12,learned,87,270.0,13,20,20,True,False,2.356480659275323e-05
12,learned,88,260.0,14,20,20,True,False,2.457875102515222e-05
12,learned,89,270.0,13,20,20,True,False,2.356480659275323e-05
12,learned,90,260.0,14,20,20,True,False,2.457875102515222e-05
12,learned,91,270.0,13,20,20,True,False,2.356480659275323e-05
12,learned,92,260.0,14,20,20,True,False,2.457875102515222e-05
12,learned,93,270.0,13,20,20,True,False,2.356480659275323e-05
12,learned,94,260.0,14,20,20,True,False,2.457875102515222e-05
12,learned,95,270.0,13,20,20,True,False,2.356480659275323e-05
12,learned,96,260.0,14,20,20,True,False,2.457875102515222e-05
12,learned,97,270.0,13,20,20,True,False,2.356480659275323e-05
12,learned,98,260.0,14,20,20,True,False,2.457875102515222e-05
12,learned,99,270.0,13,20,20,True,False,2.356480659275323e-05
12,learned,100,260.0,14,20,20,True,False,2.457875102515222e-05
12,learned,101,270.0,13,20,20,True,False,2.356480659275323e-05
12,learned,102,260.0,14,20,20,True,False,2.457875102515222e-05
12,learned,103,270.0,13,20,20,True,False,2.356480659275323e-05
12,learned,104,260.0,14,20,20,True,False,2.457875102515222e-05
12,learned,105,270.0,13,20,20,True,False,2.356480659275323e-05
12,learned,106,260.0,14,20,20,True,False,2.457875102515222e-05
12,learned,107,270.0,13,20,20,True,False,2.356480659275323e-05
12,learned,108,260.0,14,20,20,True,False,2.457875102515222e-05
12,learned,109,270.0,13,20,20,True,False,2.356480659275323e-05
12,learned,110,260.0,14,20,20,True,False,2.457875102515222e-05
12,learned,111,270.0,13,20,20,True,False,2.356480659275323e-05
12,learned,112,260.0,14,20,20,True,False,2.457875102515222e-05
12,learned,113,270.0,13,20,20,True,False,2.356480659275323e-05
12,learned,114,260.0,14,20,20,True,False,2.457875102515222e-05
12,learned,115,270.0,13,20,20,True,False,2.356480659275323e-05
12,learned,116,260.0,14,20,20,True,False,2.457875102515222e-05
12,learned,117,270.0,13,20,20,True,False,2.356480659275323e-05
12,learned,118,260.0,14,20,20,True,False,2.457875102515222e-05
12,learned,119,270.0,13,20,20,True,False,2.356480659275323e-05
12,learned,120,260.0,14,20,20,True,False,2.457875102515222e-05
12,learned,121,270.0,13,20,20,True,False,2.356480659275323e-05
12,learned,122,260.0,14,20,20,True,False,2.457875102515222e-05
12,learned,123,270.0,13,20,20,True,False,2.356480659275323e-05
12,learned,124,260.0,14,20,20,True,False,2.457875102515222e-05
12,learned,125,270.0,13,20,20,True,False,2.356480659275323e-05
12,learned,126,260.0,14,20,20,True,False,2.457875102515222e-05
12,learned,127,270.0,13,20,20,True,False,2.356480659275323e-05
12,learned,128,260.0,14,20,20,True,False,2.457875102515222e-05
12,learned,129,270.0,13,20,20,True,False,2.356480659275323e-05
12,learned,130,260.0,14,20,20,True,False,2.457875102515222e-05
12,learned,131,270.0,13,20,20,True,False,2.356480659275323e-05
12,learned,132,260.0,14,20,20,True,False,2.457875102515222e-05
12,learned,133,270.0,13,20,20,True,False,2.356480659275323e-05
12,learned,134,260.0,14,20,20,True,False,2.457875102515222e-05
12,learned,135,270.0,13,20,20,True,False,2.356480659275323e-05
12,learned,136,260.0,14,20,20,True,False,2.457875102515222e-05
12,learned,137,270.0,13,20,20,True,False,2.356480659275323e-05
12,learned,138,260.0,14,20,20,True,False,2.457875102515222e-05
12,learned,139,270.0,13,20,20,True,False,2.356480659275323e-05
12,learned,140,260.0,14,20,20,True,False,2.457875102515222e-05
12,learned,141,270.0,13,20,20,True,False,2.356480659275323e-05
12,learned,142,260.0,14,20,20,True,False,2.457875102515222e-05
12,learned,143,270.0,13,20,20,True,False,2.356480659275323e-05
12,learned,144,260.0,14,20,20,True,False,2.457875102515222e-05
12,learned,145,270.0,13,20,20,True,False,2.356480659275323e-05
12,learned,146,260.0,14,20,20,True,False,2.457875102515222e-05
12,learned,147,270.0,13,20,20,True,False,2.356480659275323e-05
12,learned,148,260.0,14,20,20,True,False,2.457875102515222e-05
12,learned,149,270.0,13,20,20,True,False,2.356480659275323e-05
12,learned,150,260.0,14,20,20,True,False,2.457875102515222e-05
12,learned,151,270.0,13,20,20,True,False,2.356480659275323e-05
12,learned,152,260.0,14,20,20,True,False,2.457875102515222e-05
12,learned,153,270.0,13,20,20,True,False,2.356480659275323e-05
12,learned,154,260.0,14,20,20,True,False,2.457875102515222e-05
12,learned,155,270.0,13,20,20,True,False,2.356480659275323e-05
12,learned,156,260.0,14,20,20,True,False,2.457875102515222e-05
12,learned,157,270.0,13,20,20,True,False,2.356480659275323e-05
12,learned,158,260.0,14,20,20,True,False,2.457875102515222e-05
12,learned,159,270.0,13,20,20,True,False,2.356480659275323e-05
12,learned,160,260.0,14,20,20,True,False,2.457875102515222e-05
12,learned,161,270.0,13,20,20,True,False,2.356480659275323e-05
12,learned,162,260.0,14,20,20,True,False,2.457875102515222e-05
12,learned,163,270.0,13,20,20,True,False,2.356480659275323e-05
12,learned,164,260.0,14,20,20,True,False,2.457875102515222e-05
12,learned,165,270.0,13,20,20,True,False,2.356480659275323e-05
12,learned,166,260.0,14,20,20,True,False,2.457875102515222e-05
12,learned,167,270.0,13,20,20,True,False,2.356480659275323e-05
12,learned,168,260.0,14,20,20,True,False,2.457875102515222e-05
12,learned,169,270.0,13,20,20,True,False,2.356480659275323e-05
12,learned,170,260.0,14,20,20,True,False,2.457875102515222e-05
12,learned,171,270.0,13,20,20,True,False,2.356480659275323e-05
12,learned,172,260.0,14,20,20,True,False,2.457875102515222e-05
12,learned,173,270.0,13,20,20,True,False,2.356480659275323e-05
12,learned,174,260.0,14,20,20,True,False,2.457875102515222e-05
12,learned,175,270.0,13,20,20,True,False,2.356480659275323e-05
12,learned,176,260.0,14,20,20,True,False,2.457875102515222e-05
12,learned,177,270.0,13,20,20,True,False,2.356480659275323e-05
12,learned,178,260.0,14,20,20,True,False,2.457875102515222e-05
12,learned,179,270.0,13,20,20,True,False,2.356480659275323e-05
12,learned,180,260.0,14,20,20,True,False,2.457875102515222e-05
12,learned,181,270.0,13,20,20,True,False,2.356480659275323e-05
12,learned,182,260.0,14,20,20,True,False,2.457875102515222e-05
12,learned,183,270.0,13,20,20,True,False,2.356480659275323e-05
12,learned,184,260.0,14,20,20,True,False,2.457875102515222e-05
12,learned,185,270.0,13,20,20,True,False,2.356480659275323e-05
12,learned,186,260.0,14,20,20,True,False,2.457875102515222e-05
12,learned,187,270.0,13,20,20,True,False,2.356480659275323e-05
12,learned,188,260.0,14,20,20,True,False,2.457875102515222e-05
12,learned,189,270.0,13,20,20,True,False,2.356480659275323e-05
12,learned,190,260.0,14,20,20,True,False,2.457875102515222e-05
12,learned,191,270.0,13,20,20,True,False,2.356480659275323e-05
12,learned,192,260.0,14,20,20,True,False,2.457875102515222e-05
12,learned,193,270.0,13,20,20,True,False,2.356480659275323e-05
12,learned,194,260.0,14,20,20,True,False,2.457875102515222e-05
12,learned,195,270.0,13,20,20,True,False,2.356480659275323e-05
12,learned,196,260.0,14,20,20,True,False,2.457875102515222e-05
12,learned,197,270.0,13,20,20,True,False,2.356480659275323e-05
12,learned,198,260.0,14,20,20,True,False,2.457875102515222e-05
12,learned,199,270.0,13,20,20,True,False,2.356480659275323e-05
12,learned,200,260.0,14,20,20,True,False,2.457875102515222e-05
13,initial,0,60.0,2,4,20,False,False,0.0
13,greedy,0,60.0,2,4,20,False,False,0.0
13,greedy,1,90.0,3,6,20,False,False,0.0
13,greedy,2,120.0,4,8,20,False,False,0.0
13,greedy,3,150.0,5,10,20,False,False,0.0
13,greedy,4,180.0,6,12,20,False,False,0.0
13,greedy,5,210.0,7,14,20,False,False,0.0
13,greedy,6,240.0,8,16,20,False,False,0.0
13,greedy,7,250.0,9,17,20,False,False,0.0
13,greedy,8,260.0,10,18,20,False,False,0.0
13,greedy,9,270.0,9,18,20,False,False,0.0
13,greedy,10,280.0,10,19,20,False,False,0.0
13,greedy,11,290.0,11,20,20,True,False,5.902964010987965e-06
13,random,0,60.0,2,4,20,False,False,0.0
13,random,1,90.0,3,6,20,False,False,0.0
13,random,2,90.0,3,6,20,False,False,0.0
13,random,3,120.0,4,8,20,False,False,0.0
13,random,4,110.0,5,8,20,False,False,0.0
13,random,5,110.0,5,8,20,False,False,0.0
13,random,6,110.0,5,8,20,False,False,0.0
13,random,7,140.0,6,10,20,False,False,0.0
13,random,8,140.0,6,10,20,False,False,0.0
13,random,9,170.0,7,12,20,False,False,0.0
13,random,10,200.0,8,14,20,False,False,0.0
13,random,11,200.0,8,14,20,False,False,0.0
13,random,12,230.0,9,16,20,False,False,0.0
13,random,13,230.0,9,16,20,False,False,0.0
13,random,14,230.0,9,16,20,False,False,0.0
13,random,15,230.0,9,16,20,False,False,0.0
13,random,16,260.0,10,18,20,False,False,0.0
13,random,17,260.0,10,18,20,False,False,0.0
13,random,18,270.0,11,19,20,False,False,0.0
13,random,19,270.0,11,19,20,False,False,0.0
13,random,20,270.0,11,19,20,False,False,0.0
13,random,21,270.0,11,19,20,False,False,0.0
13,random,22,280.0,12,20,20,True,False,4.30945859701647e-06
13,random,23,280.0,12,20,20,True,False,4.30945859701647e-06
13,random,24,280.0,12,20,20,True,False,4.30945859701647e-06
13,random,25,270.0,13,20,20,True,False,1.0742689739893821e-05
13,random,26,260.0,14,20,20,True,False,1.0806155844125981e-05
13,random,27,260.0,14,20,20,True,False,1.0806155844125981e-05
13,random,28,260.0,14,20,20,True,False,1.0806155844125981e-05
13,random,29,270.0,13,20,20,True,False,4.907758831213379e-06
13,random,30,270.0,13,20,20,True,False,4.907758831213379e-06
13,random,31,260.0,14,20,20,True,False,9.630579521931646e-06
13,random,32,250.0,15,20,20,True,False,1.1850746032161884e-05
13,random,33,250.0,15,20,20,True,False,1.1850746032161884e-05
13,random,34,240.0,16,20,20,True,False,1.2972568008572557e-05
13,random,35,240.0,16,20,20,True,False,1.2972568008572557e-05
13,random,36,230.0,17,20,20,True,False,1.4041436058843016e-05
13,random,37,230.0,17,20,20,True,False,1.4041436058843016e-05
13,random,38,230.0,17,20,20,True,False,1.4041436058843016e-05
13,random,39,220.0,18,20,20,True,False,1.513166473508842e-05
13,random,40,220.0,18,20,20,True,False,1.513166473508842e-05
13,random,41,230.0,17,20,20,True,False,1.3502674365189854e-05
13,random,42,220.0,18,20,20,True,False,1.4794840075565526e-05
13,random,43,220.0,18,20,20,True,False,1.4794840075565526e-05
13,random,44,210.0,19,20,20,True,False,2.2587199646801115e-05
13,random,45,210.0,19,20,20,True,False,2.2587199646801115e-05
13,random,46,210.0,19,20,20,True,False,2.2587199646801115e-05
13,random,47,220.0,18,20,20,True,False,2.254904978580616e-05
13,random,48,210.0,19,20,20,True,False,2.266839628605039e-05
13,random,49,200.0,18,19,20,False,False,0.0
13,random,50,210.0,19,20,20,True,False,2.3737758630254458e-05
13,random,51,210.0,19,20,20,True,False,2.3737758630254458e-05
13,random,52,210.0,19,20,20,True,False,2.3737758630254458e-05
13,random,53,220.0,18,20,20,True,False,2.2653416663752137e-05
13,random,54,220.0,18,20,20,True,False,2.2653416663752137e-05
13,random,55,220.0,18,20,20,True,False,2.2653416663752137e-05
13,random,56,210.0,19,20,20,True,False,3.3668689125046297e-05
13,random,57,210.0,19,20,20,True,False,3.3668689125046297e-05
13,random,58,200.0,20,20,20,True,False,4.549798366970692e-05
13,random,59,200.0,20,20,20,True,False,4.549798366970692e-05
13,random,60,210.0,19,20,20,True,False,1.8659137782026204e-05
13,random,61,220.0,18,20,20,True,False,1.2054950710845905e-05
13,random,62,220.0,18,20,20,True,False,1.2054950710845905e-05
13,random,63,220.0,18,20,20,True,False,1.2054950710845905e-05
13,random,64,210.0,19,20,20,True,False,2.0187261413271535e-05
13,random,65,200.0,20,20,20,True,False,2.042280793881805e-05
13,random,66,200.0,20,20,20,True,False,2.042280793881805e-05
13,random,67,200.0,20,20,20,True,False,2.042280793881805e-05
13,random,68,200.0,20,20,20,True,False,2.042280793881805e-05
13,random,69,200.0,20,20,20,True,False,2.042280793881805e-05
13,random,70,190.0,21,20,20,True,False,2.7837178122113015e-05
13,random,71,190.0,21,20,20,True,False,2.7837178122113015e-05
13,random,72,200.0,20,20,20,True,False,2.7378503790211074e-05
13,random,73,190.0,21,20,20,True,False,3.253846594511416e-05
13,random,74,190.0,21,20,20,True,False,3.253846594511416e-05
13,random,75,200.0,20,20,20,True,False,1.9958004067091445e-05
13,random,76,190.0,21,20,20,True,False,5.045662813432635e-05
13,random,77,190.0,21,20,20,True,False,5.045662813432635e-05
13,random,78,190.0,21,20,20,True,False,5.045662813432635e-05
13,random,79,180.0,22,20,20,True,False,6.216257260208857e-05
13,random,80,180.0,22,20,20,True,False,6.216257260208857e-05
13,random,81,170.0,23,20,20,True,False,6.234352578571538e-05
13,random,82,160.0,24,20,20,True,False,6.343487667680455e-05
13,random,83,150.0,25,20,20,True,False,6.389699769343645e-05
13,random,84,140.0,26,20,20,True,False,6.564072667589758e-05
13,random,85,140.0,26,20,20,True,False,6.564072667589758e-05
13,random,86,140.0,26,20,20,True,False,6.564072667589758e-05
13,random,87,150.0,25,20,20,True,False,6.50803436511922e-05
13,random,88,150.0,25,20,20,True,False,6.50803436511922e-05
13,random,89,150.0,25,20,20,True,False,6.50803436511922e-05
13,random,90,150.0,25,20,20,True,False,6.50803436511922e-05
13,random,91,160.0,24,20,20,True,False,6.342671302686123e-05
13,random,92,150.0,25,20,20,True,False,6.513882868086343e-05
13,random,93,160.0,24,20,20,True,False,6.463483177824428e-05
13,random,94,160.0,24,20,20,True,False,6.463483177824428e-05
13,random,95,150.0,25,20,20,True,False,6.471828056025297e-05
13,random,96,150.0,25,20,20,True,False,6.471828056025297e-05
13,random,97,150.0,25,20,20,True,False,6.471828056025297e-05
13,random,98,150.0,25,20,20,True,False,6.471828056025297e-05
13,random,99,150.0,25,20,20,True,False,6.471828056025297e-05
13,random,100,140.0,26,20,20,True,False,8.395079798251884e-05
13,random,101,140.0,26,20,20,True,False,8.395079798251884e-05
13,random,102,150.0,25,20,20,True,False,6.471828056025297e-05
13,random,103,160.0,24,20,20,True,False,5.262724938212361e-05
13,random,104,160.0,24,20,20,True,False,5.262724938212361e-05
13,random,105,150.0,25,20,20,True,False,6.290623403302898e-05
13,random,106,140.0,26,20,20,True,False,6.670283678656407e-05
13,random,107,150.0,25,20,20,True,False,6.290623403302898e-05
13,random,108,140.0,26,20,20,True,False,7.618966856903729e-05
13,random,109,130.0,27,20,20,True,False,7.826938553172362e-05
13,random,110,140.0,26,20,20,True,False,7.634388612725783e-05
13,random,111,140.0,26,20,20,True,False,7.634388612725783e-05
13,random,112,130.0,27,20,20,True,False,7.709440562464916e-05
13,random,113,130.0,27,20,20,True,False,7.709440562464916e-05
13,random,114,130.0,27,20,20,True,False,7.709440562464916e-05
13,random,115,120.0,28,20,20,True,False,8.659275240757578e-05
13,random,116,130.0,27,20,20,True,False,7.086498437503647e-05
13,random,117,140.0,26,20,20,True,False,6.494814493490608e-05
13,random,118,140.0,26,20,20,True,False,6.494814493490608e-05
13,random,119,130.0,27,20,20,True,False,6.961102271992396e-05
13,random,120,130.0,27,20,20,True,False,6.961102271992396e-05
13,random,121,130.0,27,20,20,True,False,6.961102271992396e-05
13,random,122,140.0,26,20,20,True,False,5.366134968136612e-05
13,random,123,150.0,25,20,20,True,False,4.5066964670791204e-05
13,random,124,150.0,25,20,20,True,False,4.5066964670791204e-05
13,random,125,160.0,24,20,20,True,False,4.358023488835788e-05
13,random,126,150.0,25,20,20,True,False,5.226091664579786e-05
13,random,127,160.0,24,20,20,True,False,5.165084018413438e-05
13,random,128,160.0,24,20,20,True,False,5.165084018413438e-05
13,random,129,160.0,24,20,20,True,False,5.165084018413438e-05
13,random,130,160.0,24,20,20,True,False,5.165084018413438e-05
13,random,131,160.0,24,20,20,True,False,5.165084018413438e-05
13,random,132,170.0,23,20,20,True,False,4.0895325399100074e-05
13,random,133,160.0,24,20,20,True,False,4.262741553085349e-05
13,random,134,160.0,24,20,20,True,False,4.262741553085349e-05
13,random,135,170.0,23,20,20,True,False,4.116114112856012e-05
13,random,136,160.0,24,20,20,True,False,4.5750870891542625e-05
13,random,137,160.0,24,20,20,True,False,4.5750870891542625e-05
13,random,138,150.0,25,20,20,True,False,5.933525741536624e-05
13,random,139,150.0,25,20,20,True,False,5.933525741536624e-05
13,random,140,160.0,24,20,20,True,False,5.194652191511629e-05
13,random,141,170.0,23,20,20,True,False,5.164969678445873e-05
13,random,142,170.0,23,20,20,True,False,5.164969678445873e-05
13,random,143,170.0,23,20,20,True,False,5.164969678445873e-05
13,random,144,180.0,22,20,20,True,False,4.672214606675766e-05
13,random,145,170.0,23,20,20,True,False,4.9470604893530006e-05
13,random,146,170.0,23,20,20,True,False,4.9470604893530006e-05
13,random,147,160.0,24,20,20,True,False,6.383220136757007e-05
13,random,148,160.0,24,20,20,True,False,6.383220136757007e-05
13,random,149,160.0,24,20,20,True,False,6.383220136757007e-05
13,random,150,160.0,24,20,20,True,False,6.383220136757007e-05
13,random,151,160.0,24,20,20,True,False,6.383220136757007e-05
13,random,152,160.0,24,20,20,True,False,6.383220136757007e-05
13,random,153,160.0,24,20,20,True,False,6.383220136757007e-05
13,random,154,160.0,24,20,20,True,False,6.383220136757007e-05
13,random,155,170.0,23,20,20,True,False,4.9470604893530006e-05
13,random,156,160.0,24,20,20,True,False,5.077671490639852e-05
13,random,157,150.0,25,20,20,True,False,6.530550805705251e-05
13,random,158,150.0,25,20,20,True,False,6.530550805705251e-05
13,random,159,160.0,24,20,20,True,False,5.533845950320268e-05
13,random,160,160.0,24,20,20,True,False,5.533845950320268e-05
13,random,161,150.0,25,20,20,True,False,6.245544164838086e-05
13,random,162,150.0,25,20,20,True,False,6.245544164838086e-05
13,random,163,150.0,25,20,20,True,False,6.245544164838086e-05
13,random,164,150.0,25,20,20,True,False,6.245544164838086e-05
13,random,165,150.0,25,20,20,True,False,6.245544164838086e-05
13,random,166,160.0,24,20,20,True,False,4.954424125126673e-05
13,random,167,150.0,25,20,20,True,False,4.970554390061873e-05
13,random,168,160.0,24,20,20,True,False,4.863033123479494e-05
13,random,169,150.0,25,20,20,True,False,4.8808296076000086e-05
13,random,170,160.0,24,20,20,True,False,1.8662767544491305e-05
13,random,171,150.0,25,20,20,True,False,1.9653681455656254e-05
13,random,172,150.0,25,20,20,True,False,1.9653681455656254e-05
13,random,173,150.0,25,20,20,True,False,1.9653681455656254e-05
13,random,174,140.0,26,20,20,True,False,2.0408103056554205e-05
13,random,175,140.0,26,20,20,True,False,2.0408103056554205e-05
13,random,176,130.0,27,20,20,True,False,2.0426196017060023e-05
13,random,177,130.0,27,20,20,True,False,2.0426196017060023e-05
13,random,178,130.0,27,20,20,True,False,2.0426196017060023e-05
13,random,179,140.0,26,20,20,True,False,2.034568917521765e-05
13,random,180,150.0,25,20,20,True,False,2.0273435362394302e-05
13,random,181,160.0,24,20,20,True,False,1.9641246624427088e-05
13,random,182,170.0,23,20,20,True,False,1.8704827570392815e-05
13,random,183,160.0,24,20,20,True,False,1.8745747896895362e-05
13,random,184,160.0,24,20,20,True,False,1.8745747896895362e-05
13,random,185,160.0,24,20,20,True,False,1.8745747896895362e-05
13,random,186,160.0,24,20,20,True,False,1.8745747896895362e-05
13,random,187,160.0,24,20,20,True,False,1.8745747896895362e-05
13,random,188,150.0,25,20,20,True,False,1.9701169501884327e-05
13,random,189,150.0,25,20,20,True,False,1.9701169501884327e-05
13,random,190,150.0,25,20,20,True,False,1.9701169501884327e-05
13,random,191,150.0,25,20,20,True,False,1.9701169501884327e-05
13,random,192,150.0,25,20,20,True,False,1.9701169501884327e-05
13,random,193,150.0,25,20,20,True,False,1.9701169501884327e-05
13,random,194,140.0,26,20,20,True,False,1.9747998911997555e-05
13,random,195,140.0,26,20,20,True,False,1.9747998911997555e-05
13,random,196,140.0,26,20,20,True,False,1.9747998911997555e-05
13,random,197,150.0,25,20,20,True,False,1.942509038416184e-05
13,random,198,160.0,24,20,20,True,False,1.8533775110568527e-05
13,random,199,160.0,24,20,20,True,False,1.8533775110568527e-05
13,random,200,170.0,23,20,20,True,False,1.850983564671558e-05
13,learned,0,60.0,2,4,20,False,False,0.0
13,learned,1,90.0,3,6,20,False,False,0.0
13,learned,2,120.0,4,8,20,False,False,0.0
13,learned,3,150.0,5,10,20,False,False,0.0
13,learned,4,180.0,6,12,20,False,False,0.0
13,learned,5,170.0,7,12,20,False,False,0.0
13,learned,6,160.0,8,12,20,False,False,0.0
13,learned,7,190.0,9,14,20,False,False,0.0
13,learned,8,200.0,10,15,20,False,False,0.0
13,learned,9,210.0,11,16,20,False,False,0.0
13,learned,10,220.0,12,17,20,False,False,0.0
13,learned,11,230.0,13,18,20,False,False,0.0
13,learned,12,240.0,14,19,20,False,False,0.0
13,learned,13,250.0,15,20,20,True,False,7.551589299588422e-06
13,learned,14,240.0,16,20,20,True,False,7.5551039877520704e-06
13,learned,15,250.0,15,20,20,True,False,7.549103673611754e-06
13,learned,16,260.0,14,20,20,True,False,7.536299088041564e-06
13,learned,17,250.0,15,20,20,True,False,8.425678688115578e-06
13,learned,18,260.0,14,20,20,True,False,8.316191346758021e-06
13,learned,19,250.0,15,20,20,True,False,8.317225545906404e-06
13,learned,20,240.0,16,20,20,True,False,8.325828497476932e-06
13,learned,21,230.0,17,20,20,True,False,1.2900619638201611e-05
13,learned,22,220.0,18,20,20,True,False,1.2981372051554087e-05
13,learned,23,210.0,19,20,20,True,False,1.4239993744089645e-05
13,learned,24,220.0,18,20,20,True,False,1.3288217929509129e-05
13,learned,25,230.0,17,20,20,True,False,1.2016983350521128e-05
13,learned,26,240.0,16,20,20,True,False,9.519668067725524e-06
13,learned,27,250.0,15,20,20,True,False,7.837176126853714e-06
13,learned,28,260.0,14,20,20,True,False,7.41681849330973e-06
13,learned,29,250.0,15,20,20,True,False,7.661560955520048e-06
13,learned,30,260.0,14,20,20,True,False,5.331462518432199e-06
13,learned,31,270.0,13,20,20,True,False,4.452919976553905e-06
13,learned,32,260.0,14,20,20,True,False,7.230065269751786e-06
13,learned,33,270.0,13,20,20,True,False,4.452919976553905e-06
13,learned,34,260.0,14,20,20,True,False,7.230065269751786e-06
13,learned,35,270.0,13,20,20,True,False,4.452919976553905e-06
13,learned,36,260.0,14,20,20,True,False,7.230065269751786e-06
13,learned,37,270.0,13,20,20,True,False,4.452919976553905e-06
13,learned,38,260.0,14,20,20,True,False,7.230065269751786e-06
13,learned,39,270.0,13,20,20,True,False,4.452919976553905e-06
13,learned,40,260.0,14,20,20,True,False,7.230065269751786e-06
13,learned,41,270.0,13,20,20,True,False,4.452919976553905e-06
13,learned,42,260.0,14,20,20,True,False,7.230065269751786e-06
13,learned,43,270.0,13,20,20,True,False,4.452919976553905e-06
13,learned,44,260.0,14,20,20,True,False,7.230065269751786e-06
13,learned,45,270.0,13,20,20,True,False,4.452919976553905e-06
13,learned,46,260.0,14,20,20,True,False,7.230065269751786e-06
13,learned,47,270.0,13,20,20,True,False,4.452919976553905e-06
13,learned,48,260.0,14,20,20,True,False,7.230065269751786e-06
13,learned,49,270.0,13,20,20,True,False,4.452919976553905e-06
13,learned,50,260.0,14,20,20,True,False,7.230065269751786e-06
13,learned,51,270.0,13,20,20,True,False,4.452919976553905e-06
13,learned,52,260.0,14,20,20,True,False,7.230065269751786e-06
13,learned,53,270.0,13,20,20,True,False,4.452919976553905e-06
13,learned,54,260.0,14,20,20,True,False,7.230065269751786e-06
13,learned,55,270.0,13,20,20,True,False,4.452919976553905e-06
13,learned,56,260.0,14,20,20,True,False,7.230065269751786e-06
13,learned,57,270.0,13,20,20,True,False,4.452919976553905e-06
13,learned,58,260.0,14,20,20,True,False,7.230065269751786e-06
13,learned,59,270.0,13,20,20,True,False,4.452919976553905e-06
13,learned,60,260.0,14,20,20,True,False,7.230065269751786e-06
13,learned,61,270.0,13,20,20,True,False,4.452919976553905e-06
13,learned,62,260.0,14,20,20,True,False,7.230065269751786e-06
13,learned,63,270.0,13,20,20,True,False,4.452919976553905e-06
13,learned,64,260.0,14,20,20,True,False,7.230065269751786e-06
13,learned,65,270.0,13,20,20,True,False,4.452919976553905e-06
13,learned,66,260.0,14,20,20,True,False,7.230065269751786e-06
13,learned,67,270.0,13,20,20,True,False,4.452919976553905e-06
13,learned,68,260.0,14,20,20,True,False,7.230065269751786e-06
13,learned,69,270.0,13,20,20,True,False,4.452919976553905e-06
13,learned,70,260.0,14,20,20,True,False,7.230065269751786e-06
13,learned,71,270.0,13,20,20,True,False,4.452919976553905e-06
13,learned,72,260.0,14,20,20,True,False,7.230065269751786e-06
13,learned,73,270.0,13,20,20,True,False,4.452919976553905e-06
13,learned,74,260.0,14,20,20,True,False,7.230065269751786e-06
13,learned,75,270.0,13,20,20,True,False,4.452919976553905e-06
13,learned,76,260.0,14,20,20,True,False,7.230065269751786e-06
13,learned,77,270.0,13,20,20,True,False,4.452919976553905e-06
13,learned,78,260.0,14,20,20,True,False,7.230065269751786e-06
13,learned,79,270.0,13,20,20,True,False,4.452919976553905e-06
13,learned,80,260.0,14,20,20,True,False,7.230065269751786e-06
13,learned,81,270.0,13,20,20,True,False,4.452919976553905e-06
13,learned,82,260.0,14,20,20,True,False,7.230065269751786e-06
13,learned,83,270.0,13,20,20,True,False,4.452919976553905e-06
13,learned,84,260.0,14,20,20,True,False,7.230065269751786e-06
13,learned,85,270.0,13,20,20,True,False,4.452919976553905e-06
13,learned,86,260.0,14,20,20,True,False,7.230065269751786e-06
13,learned,87,270.0,13,20,20,True,False,4.452919976553905e-06
13,learned,88,260.0,14,20,20,True,False,7.230065269751786e-06
13,learned,89,270.0,13,20,20,True,False,4.452919976553905e-06
13,learned,90,260.0,14,20,20,True,False,7.230065269751786e-06
13,learned,91,270.0,13,20,20,True,False,4.452919976553905e-06
13,learned,92,260.0,14,20,20,True,False,7.230065269751786e-06
13,learned,93,270.0,13,20,20,True,False,4.452919976553905e-06
13,learned,94,260.0,14,20,20,True,False,7.230065269751786e-06
13,learned,95,270.0,13,20,20,True,False,4.452919976553905e-06
13,learned,96,260.0,14,20,20,True,False,7.230065269751786e-06
13,learned,97,270.0,13,20,20,True,False,4.452919976553905e-06
13,learned,98,260.0,14,20,20,True,False,7.230065269751786e-06
13,learned,99,270.0,13,20,20,True,False,4.452919976553905e-06
13,learned,100,260.0,14,20,20,True,False,7.230065269751786e-06
13,learned,101,270.0,13,20,20,True,False,4.452919976553905e-06
13,learned,102,260.0,14,20,20,True,False,7.230065269751786e-06
13,learned,103,270.0,13,20,20,True,False,4.452919976553905e-06
13,learned,104,260.0,14,20,20,True,False,7.230065269751786e-06
13,learned,105,270.0,13,20,20,True,False,4.452919976553905e-06
13,learned,106,260.0,14,20,20,True,False,7.230065269751786e-06
13,learned,107,270.0,13,20,20,True,False,4.452919976553905e-06
13,learned,108,260.0,14,20,20,True,False,7.230065269751786e-06
13,learned,109,270.0,13,20,20,True,False,4.452919976553905e-06
13,learned,110,260.0,14,20,20,True,False,7.230065269751786e-06
13,learned,111,270.0,13,20,20,True,False,4.452919976553905e-06
13,learned,112,260.0,14,20,20,True,False,7.230065269751786e-06
13,learned,113,270.0,13,20,20,True,False,4.452919976553905e-06
13,learned,114,260.0,14,20,20,True,False,7.230065269751786e-06
13,learned,115,270.0,13,20,20,True,False,4.452919976553905e-06
13,learned,116,260.0,14,20,20,True,False,7.230065269751786e-06
13,learned,117,270.0,13,20,20,True,False,4.452919976553905e-06
13,learned,118,260.0,14,20,20,True,False,7.230065269751786e-06
13,learned,119,270.0,13,20,20,True,False,4.452919976553905e-06
13,learned,120,260.0,14,20,20,True,False,7.230065269751786e-06
13,learned,121,270.0,13,20,20,True,False,4.452919976553905e-06
13,learned,122,260.0,14,20,20,True,False,7.230065269751786e-06
13,learned,123,270.0,13,20,20,True,False,4.452919976553905e-06
13,learned,124,260.0,14,20,20,True,False,7.230065269751786e-06
13,learned,125,270.0,13,20,20,True,False,4.452919976553905e-06
13,learned,126,260.0,14,20,20,True,False,7.230065269751786e-06
13,learned,127,270.0,13,20,20,True,False,4.452919976553905e-06
13,learned,128,260.0,14,20,20,True,False,7.230065269751786e-06
13,learned,129,270.0,13,20,20,True,False,4.452919976553905e-06
13,learned,130,260.0,14,20,20,True,False,7.230065269751786e-06
13,learned,131,270.0,13,20,20,True,False,4.452919976553905e-06
13,learned,132,260.0,14,20,20,True,False,7.230065269751786e-06
13,learned,133,270.0,13,20,20,True,False,4.452919976553905e-06
13,learned,134,260.0,14,20,20,True,False,7.230065269751786e-06
13,learned,135,270.0,13,20,20,True,False,4.452919976553905e-06
13,learned,136,260.0,14,20,20,True,False,7.230065269751786e-06
13,learned,137,270.0,13,20,20,True,False,4.452919976553905e-06
13,learned,138,260.0,14,20,20,True,False,7.230065269751786e-06
13,learned,139,270.0,13,20,20,True,False,4.452919976553905e-06
13,learned,140,260.0,14,20,20,True,False,7.230065269751786e-06
13,learned,141,270.0,13,20,20,True,False,4.452919976553905e-06
13,learned,142,260.0,14,20,20,True,False,7.230065269751786e-06
13,learned,143,270.0,13,20,20,True,False,4.452919976553905e-06
13,learned,144,260.0,14,20,20,True,False,7.230065269751786e-06
13,learned,145,270.0,13,20,20,True,False,4.452919976553905e-06
13,learned,146,260.0,14,20,20,True,False,7.230065269751786e-06
13,learned,147,270.0,13,20,20,True,False,4.452919976553905e-06
13,learned,148,260.0,14,20,20,True,False,7.230065269751786e-06
13,learned,149,270.0,13,20,20,True,False,4.452919976553905e-06
13,learned,150,260.0,14,20,20,True,False,7.230065269751786e-06
13,learned,151,270.0,13,20,20,True,False,4.452919976553905e-06
13,learned,152,260.0,14,20,20,True,False,7.230065269751786e-06
13,learned,153,270.0,13,20,20,True,False,4.452919976553905e-06
13,learned,154,260.0,14,20,20,True,False,7.230065269751786e-06
13,learned,155,270.0,13,20,20,True,False,4.452919976553905e-06
13,learned,156,260.0,14,20,20,True,False,7.230065269751786e-06
13,learned,157,270.0,13,20,20,True,False,4.452919976553905e-06
13,learned,158,260.0,14,20,20,True,False,7.230065269751786e-06
13,learned,159,270.0,13,20,20,True,False,4.452919976553905e-06
13,learned,160,260.0,14,20,20,True,False,7.230065269751786e-06
13,learned,161,270.0,13,20,20,True,False,4.452919976553905e-06
13,learned,162,260.0,14,20,20,True,False,7.230065269751786e-06
13,learned,163,270.0,13,20,20,True,False,4.452919976553905e-06
13,learned,164,260.0,14,20,20,True,False,7.230065269751786e-06
13,learned,165,270.0,13,20,20,True,False,4.452919976553905e-06
13,learned,166,260.0,14,20,20,True,False,7.230065269751786e-06
13,learned,167,270.0,13,20,20,True,False,4.452919976553905e-06
13,learned,168,260.0,14,20,20,True,False,7.230065269751786e-06
13,learned,169,270.0,13,20,20,True,False,4.452919976553905e-06
13,learned,170,260.0,14,20,20,True,False,7.230065269751786e-06
13,learned,171,270.0,13,20,20,True,False,4.452919976553905e-06
13,learned,172,260.0,14,20,20,True,False,7.230065269751786e-06
13,learned,173,270.0,13,20,20,True,False,4.452919976553905e-06
13,learned,174,260.0,14,20,20,True,False,7.230065269751786e-06
13,learned,175,270.0,13,20,20,True,False,4.452919976553905e-06
13,learned,176,260.0,14,20,20,True,False,7.230065269751786e-06
13,learned,177,270.0,13,20,20,True,False,4.452919976553905e-06
13,learned,178,260.0,14,20,20,True,False,7.230065269751786e-06
13,learned,179,270.0,13,20,20,True,False,4.452919976553905e-06
13,learned,180,260.0,14,20,20,True,False,7.230065269751786e-06
13,learned,181,270.0,13,20,20,True,False,4.452919976553905e-06
13,learned,182,260.0,14,20,20,True,False,7.230065269751786e-06
13,learned,183,270.0,13,20,20,True,False,4.452919976553905e-06
13,learned,184,260.0,14,20,20,True,False,7.230065269751786e-06
13,learned,185,270.0,13,20,20,True,False,4.452919976553905e-06
13,learned,186,260.0,14,20,20,True,False,7.230065269751786e-06
13,learned,187,270.0,13,20,20,True,False,4.452919976553905e-06
13,learned,188,260.0,14,20,20,True,False,7.230065269751786e-06
13,learned,189,270.0,13,20,20,True,False,4.452919976553905e-06
13,learned,190,260.0,14,20,20,True,False,7.230065269751786e-06
13,learned,191,270.0,13,20,20,True,False,4.452919976553905e-06
13,learned,192,260.0,14,20,20,True,False,7.230065269751786e-06
13,learned,193,270.0,13,20,20,True,False,4.452919976553905e-06
13,learned,194,260.0,14,20,20,True,False,7.230065269751786e-06
13,learned,195,270.0,13,20,20,True,False,4.452919976553905e-06
13,learned,196,260.0,14,20,20,True,False,7.230065269751786e-06
13,learned,197,270.0,13,20,20,True,False,4.452919976553905e-06
13,learned,198,260.0,14,20,20,True,False,7.230065269751786e-06
13,learned,199,270.0,13,20,20,True,False,4.452919976553905e-06
13,learned,200,260.0,14,20,20,True,False,7.230065269751786e-06
14,initial,0,250.0,15,20,20,True,False,2.180515503813117e-06
14,greedy,0,250.0,15,20,20,True,False,2.180515503813117e-06
14,greedy,1,260.0,14,20,20,True,False,2.047949336442424e-06
14,greedy,2,270.0,13,20,20,True,False,2.0371649333139683e-06
14,greedy,3,280.0,12,20,20,True,False,2.0277041514785363e-06
14,greedy,4,290.0,11,20,20,True,False,1.7873613112146038e-06
14,greedy,5,300.0,10,20,20,True,True,1.1761188493059149e-07
14,random,0,250.0,15,20,20,True,False,2.180515503813117e-06
14,random,1,220.0,14,18,20,False,False,0.0
14,random,2,220.0,14,18,20,False,False,0.0
14,random,3,220.0,14,18,20,False,False,0.0
14,random,4,210.0,15,18,20,False,False,0.0
14,random,5,220.0,14,18,20,False,False,0.0
14,random,6,220.0,14,18,20,False,False,0.0
14,random,7,220.0,14,18,20,False,False,0.0
14,random,8,220.0,14,18,20,False,False,0.0
14,random,9,220.0,14,18,20,False,False,0.0
14,random,10,220.0,14,18,20,False,False,0.0
14,random,11,220.0,14,18,20,False,False,0.0
14,random,12,220.0,14,18,20,False,False,0.0
14,random,13,250.0,15,20,20,True,False,2.5583595734348126e-06
14,random,14,250.0,15,20,20,True,False,2.5583595734348126e-06
14,random,15,240.0,14,19,20,False,False,0.0
14,random,16,240.0,14,19,20,False,False,0.0
14,random,17,240.0,14,19,20,False,False,0.0
14,random,18,240.0,14,19,20,False,False,0.0
14,random,19,230.0,15,19,20,False,False,0.0
14,random,20,230.0,15,19,20,False,False,0.0
14,random,21,220.0,16,19,20,False,False,0.0
14,random,22,220.0,16,19,20,False,False,0.0
14,random,23,220.0,16,19,20,False,False,0.0
14,random,24,220.0,16,19,20,False,False,0.0
14,random,25,210.0,17,19,20,False,False,0.0
14,random,26,220.0,16,19,20,False,False,0.0
14,random,27,230.0,17,20,20,True,False,1.5677180429898896e-05
14,random,28,220.0,16,19,20,False,False,0.0
14,random,29,210.0,17,19,20,False,False,0.0
14,random,30,220.0,18,20,20,True,False,1.6070163560642257e-05
14,random,31,210.0,19,20,20,True,False,1.617489366854929e-05
14,random,32,220.0,18,20,20,True,False,1.5346706408701247e-05
14,random,33,220.0,18,20,20,True,False,1.5346706408701247e-05
14,random,34,220.0,18,20,20,True,False,1.5346706408701247e-05
14,random,35,220.0,18,20,20,True,False,1.5346706408701247e-05
14,random,36,220.0,18,20,20,True,False,1.5346706408701247e-05
14,random,37,230.0,17,20,20,True,False,1.1423827593577258e-05
14,random,38,240.0,16,20,20,True,False,1.1388720292728106e-05
14,random,39,230.0,17,20,20,True,False,1.1614093658194899e-05
14,random,40,220.0,18,20,20,True,False,1.3745634111541988e-05
14,random,41,210.0,19,20,20,True,False,4.327360536433284e-05
14,random,42,210.0,19,20,20,True,False,4.327360536433284e-05
14,random,43,220.0,18,20,20,True,False,4.2388078011606914e-05
14,random,44,210.0,19,20,20,True,False,4.327360536433302e-05
14,random,45,220.0,18,20,20,True,False,4.170155372982512e-05
14,random,46,220.0,18,20,20,True,False,4.170155372982512e-05
14,random,47,230.0,17,20,20,True,False,2.7590572143561513e-05
14,random,48,230.0,17,20,20,True,False,2.7590572143561513e-05
14,random,49,230.0,17,20,20,True,False,2.7590572143561513e-05
14,random,50,220.0,18,20,20,True,False,3.167378774541712e-05
14,random,51,210.0,19,20,20,True,False,3.239700825252788e-05
14,random,52,220.0,18,20,20,True,False,3.2171107997220325e-05
14,random,53,220.0,18,20,20,True,False,3.2171107997220325e-05
14,random,54,220.0,18,20,20,True,False,3.2171107997220325e-05
14,random,55,220.0,18,20,20,True,False,3.2171107997220325e-05
14,random,56,220.0,18,20,20,True,False,3.2171107997220325e-05
14,random,57,220.0,18,20,20,True,False,3.2171107997220325e-05
14,random,58,220.0,18,20,20,True,False,3.2171107997220325e-05
14,random,59,210.0,19,20,20,True,False,3.2365963017565736e-05
14,random,60,200.0,20,20,20,True,False,3.448611098366868e-05
14,random,61,200.0,20,20,20,True,False,3.448611098366868e-05
14,random,62,200.0,20,20,20,True,False,3.448611098366868e-05
14,random,63,200.0,20,20,20,True,False,3.448611098366868e-05
14,random,64,190.0,21,20,20,True,False,3.4590623661030296e-05
14,random,65,190.0,21,20,20,True,False,3.4590623661030296e-05
14,random,66,190.0,21,20,20,True,False,3.4590623661030296e-05
14,random,67,190.0,21,20,20,True,False,3.4590623661030296e-05
14,random,68,180.0,22,20,20,True,False,3.697796686225456e-05
14,random,69,190.0,21,20,20,True,False,3.682857599101017e-05
14,random,70,180.0,22,20,20,True,False,3.721260483586532e-05
14,random,71,180.0,22,20,20,True,False,3.721260483586532e-05
14,random,72,190.0,21,20,20,True,False,3.716956097551743e-05
14,random,73,190.0,21,20,20,True,False,3.716956097551743e-05
14,random,74,190.0,21,20,20,True,False,3.716956097551743e-05
14,random,75,200.0,20,20,20,True,False,3.525108759039756e-05
14,random,76,190.0,21,20,20,True,False,4.0264898204606395e-05
14,random,77,200.0,20,20,20,True,False,3.838575023715584e-05
14,random,78,200.0,20,20,20,True,False,3.838575023715584e-05
14,random,79,190.0,21,20,20,True,False,3.990913460901942e-05
14,random,80,190.0,21,20,20,True,False,3.990913460901942e-05
14,random,81,200.0,20,20,20,True,False,3.302234331736391e-05
14,random,82,210.0,19,20,20,True,False,1.6606852861569795e-05
14,random,83,210.0,19,20,20,True,False,1.6606852861569795e-05
14,random,84,200.0,20,20,20,True,False,1.663180015363453e-05
14,random,85,190.0,21,20,20,True,False,1.6637929531562754e-05
14,random,86,190.0,21,20,20,True,False,1.6637929531562754e-05
14,random,87,190.0,21,20,20,True,False,1.6637929531562754e-05
14,random,88,190.0,21,20,20,True,False,1.6637929531562754e-05
14,random,89,200.0,20,20,20,True,False,1.6562945196405195e-05
14,random,90,200.0,20,20,20,True,False,1.6562945196405195e-05
14,random,91,200.0,20,20,20,True,False,1.6562945196405195e-05
14,random,92,200.0,20,20,20,True,False,1.6562945196405195e-05
14,random,93,200.0,20,20,20,True,False,1.6562945196405195e-05
14,random,94,200.0,20,20,20,True,False,1.6562945196405195e-05
14,random,95,200.0,20,20,20,True,False,1.6562945196405195e-05
14,random,96,190.0,21,20,20,True,False,1.7635023091777032e-05
14,random,97,200.0,20,20,20,True,False,1.7624257090851902e-05
14,random,98,190.0,21,20,20,True,False,3.2870794874057046e-05
14,random,99,190.0,21,20,20,True,False,3.2870794874057046e-05
14,random,100,190.0,21,20,20,True,False,3.2870794874057046e-05
14,random,101,190.0,21,20,20,True,False,3.2870794874057046e-05
14,random,102,190.0,21,20,20,True,False,3.2870794874057046e-05
14,random,103,200.0,20,20,20,True,False,2.7309630642131177e-05
14,random,104,200.0,20,20,20,True,False,2.7309630642131177e-05
14,random,105,190.0,21,20,20,True,False,3.2870794874057046e-05
14,random,106,180.0,22,20,20,True,False,3.87008695611968e-05
14,random,107,170.0,23,20,20,True,False,3.986562840421801e-05
14,random,108,170.0,23,20,20,True,False,3.986562840421801e-05
14,random,109,160.0,24,20,20,True,False,4.031508941521321e-05
14,random,110,160.0,24,20,20,True,False,4.031508941521321e-05
14,random,111,160.0,24,20,20,True,False,4.031508941521321e-05
14,random,112,150.0,25,20,20,True,False,5.8824391946724504e-05
14,random,113,150.0,25,20,20,True,False,5.8824391946724504e-05
14,random,114,150.0,25,20,20,True,False,5.8824391946724504e-05
14,random,115,140.0,26,20,20,True,False,6.11821337889934e-05
14,random,116,140.0,26,20,20,True,False,6.11821337889934e-05
14,random,117,150.0,25,20,20,True,False,5.91447708001947e-05
14,random,118,150.0,25,20,20,True,False,5.91447708001947e-05
14,random,119,140.0,26,20,20,True,False,7.037528283901014e-05
14,random,120,140.0,26,20,20,True,False,7.037528283901014e-05
14,random,121,140.0,26,20,20,True,False,7.037528283901014e-05
14,random,122,140.0,26,20,20,True,False,7.037528283901014e-05
14,random,123,130.0,27,20,20,True,False,7.209811328522086e-05
14,random,124,140.0,26,20,20,True,False,7.131285962042918e-05
14,random,125,150.0,25,20,20,True,False,6.892114802617771e-05
14,random,126,150.0,25,20,20,True,False,6.892114802617771e-05
14,random,127,150.0,25,20,20,True,False,6.892114802617771e-05
14,random,128,140.0,26,20,20,True,False,7.08509787259836e-05
14,random,129,130.0,27,20,20,True,False,8.449858121574021e-05
14,random,130,120.0,28,20,20,True,False,8.879848037240375e-05
14,random,131,110.0,29,20,20,True,False,0.00012502986026224946
14,random,132,110.0,29,20,20,True,False,0.00012502986026224946
14,random,133,120.0,28,20,20,True,False,0.00010009729927214752
14,random,134,120.0,28,20,20,True,False,0.00010009729927214752
14,random,135,110.0,29,20,20,True,False,0.00010094544162028292
14,random,136,110.0,29,20,20,True,False,0.00010094544162028292
14,random,137,110.0,29,20,20,True,False,0.00010094544162028292
14,random,138,110.0,29,20,20,True,False,0.00010094544162028292
14,random,139,120.0,28,20,20,True,False,3.144869531667364e-05
14,random,140,120.0,28,20,20,True,False,3.144869531667364e-05
14,random,141,110.0,29,20,20,True,False,3.1837755068372105e-05
14,random,142,110.0,29,20,20,True,False,3.1837755068372105e-05
14,random,143,120.0,28,20,20,True,False,3.1057785412235924e-05
14,random,144,130.0,27,20,20,True,False,3.0820141586135055e-05
14,random,145,140.0,26,20,20,True,False,3.063016441132139e-05
14,random,146,130.0,27,20,20,True,False,3.1667995679645774e-05
14,random,147,130.0,27,20,20,True,False,3.1667995679645774e-05
14,random,148,120.0,28,20,20,True,False,3.1942222375307906e-05
14,random,149,120.0,28,20,20,True,False,3.1942222375307906e-05
14,random,150,130.0,27,20,20,True,False,2.4823344475000763e-05
14,random,151,140.0,26,20,20,True,False,2.447595043180218e-05
14,random,152,150.0,25,20,20,True,False,2.3327059934422106e-05
14,random,153,140.0,26,20,20,True,False,2.37645836015077e-05
14,random,154,150.0,25,20,20,True,False,1.8857007916908905e-05
14,random,155,150.0,25,20,20,True,False,1.8857007916908905e-05
14,random,156,140.0,26,20,20,True,False,1.888027570239753e-05
14,random,157,140.0,26,20,20,True,False,1.888027570239753e-05
14,random,158,150.0,25,20,20,True,False,1.2669282540889133e-05
14,random,159,160.0,24,20,20,True,False,1.2630044772305947e-05
14,random,160,160.0,24,20,20,True,False,1.2630044772305947e-05
14,random,161,150.0,25,20,20,True,False,1.2844924536885554e-05
14,random,162,140.0,26,20,20,True,False,1.2877576665167285e-05
14,random,163,140.0,26,20,20,True,False,1.2877576665167285e-05
14,random,164,140.0,26,20,20,True,False,1.2877576665167285e-05
14,random,165,140.0,26,20,20,True,False,1.2877576665167285e-05
14,random,166,130.0,27,20,20,True,False,1.2896205254757723e-05
14,random,167,130.0,27,20,20,True,False,1.2896205254757723e-05
14,random,168,120.0,28,20,20,True,False,1.3006408495997235e-05
14,random,169,120.0,28,20,20,True,False,1.3006408495997235e-05
14,random,170,110.0,29,20,20,True,False,1.4329999735548608e-05
14,random,171,100.0,30,20,20,True,False,1.5681992931885816e-05
14,random,172,100.0,30,20,20,True,False,1.5681992931885816e-05
14,random,173,90.0,31,20,20,True,False,7.285268309617904e-05
14,random,174,100.0,30,20,20,True,False,6.785079856150812e-05
14,random,175,110.0,29,20,20,True,False,6.474399589416179e-05
14,random,176,100.0,30,20,20,True,False,6.858320174398936e-05
14,random,177,100.0,30,20,20,True,False,6.858320174398936e-05
14,random,178,110.0,29,20,20,True,False,6.704419324967398e-05
14,random,179,120.0,28,20,20,True,False,6.497103322647235e-05
14,random,180,130.0,27,20,20,True,False,6.493478074021313e-05
14,random,181,140.0,26,20,20,True,False,1.817591576029665e-05
14,random,182,140.0,26,20,20,True,False,1.817591576029665e-05
14,random,183,140.0,26,20,20,True,False,1.817591576029665e-05
14,random,184,140.0,26,20,20,True,False,1.817591576029665e-05
14,random,185,140.0,26,20,20,True,False,1.817591576029665e-05
14,random,186,130.0,27,20,20,True,False,6.493478074021358e-05
14,random,187,130.0,27,20,20,True,False,6.493478074021358e-05
14,random,188,140.0,26,20,20,True,False,4.6223735459406545e-05
14,random,189,130.0,27,20,20,True,False,4.675529822216628e-05
14,random,190,120.0,28,20,20,True,False,4.6789694660162714e-05
14,random,191,110.0,29,20,20,True,False,5.965271624466466e-05
14,random,192,120.0,28,20,20,True,False,5.3018970984175326e-05
14,random,193,120.0,28,20,20,True,False,5.3018970984175326e-05
14,random,194,130.0,27,20,20,True,False,5.240878195513558e-05
14,random,195,140.0,26,20,20,True,False,5.058138108231929e-05
14,random,196,140.0,26,20,20,True,False,5.058138108231929e-05
14,random,197,150.0,25,20,20,True,False,5.033531106722737e-05
14,random,198,160.0,24,20,20,True,False,4.9520492901799366e-05
14,random,199,150.0,25,20,20,True,False,4.9990604502166396e-05
14,random,200,150.0,25,20,20,True,False,4.9990604502166396e-05
14,learned,0,250.0,15,20,20,True,False,2.180515503813117e-06
14,learned,1,240.0,16,20,20,True,False,8.503992637940303e-06
14,learned,2,250.0,15,20,20,True,False,5.4158832829357895e-06
14,learned,3,240.0,16,20,20,True,False,5.8127438115302156e-06
14,learned,4,250.0,15,20,20,True,False,3.6469375141440215e-06
14,learned,5,240.0,16,20,20,True,False,9.849474060908427e-06
14,learned,6,250.0,15,20,20,True,False,9.3750163050641e-06
14,learned,7,240.0,16,20,20,True,False,1.4315824944291669e-05
14,learned,8,250.0,15,20,20,True,False,1.4297012217099115e-05
14,learned,9,260.0,14,20,20,True,False,2.3284285831467858e-06
14,learned,10,270.0,13,20,20,True,False,2.319948774739761e-06
14,learned,11,280.0,12,20,20,True,False,2.102078755044714e-06
14,learned,12,270.0,13,20,20,True,False,7.462389617073122e-06
14,learned,13,280.0,12,20,20,True,False,7.15064975972918e-06
14,learned,14,270.0,13,20,20,True,False,9.346235446147613e-06
14,learned,15,280.0,12,20,20,True,False,7.15064975972918e-06
14,learned,16,270.0,13,20,20,True,False,9.346235446147613e-06
14,learned,17,280.0,12,20,20,True,False,7.15064975972918e-06
14,learned,18,270.0,13,20,20,True,False,9.346235446147613e-06
14,learned,19,280.0,12,20,20,True,False,7.15064975972918e-06
14,learned,20,270.0,13,20,20,True,False,9.346235446147613e-06
14,learned,21,280.0,12,20,20,True,False,7.15064975972918e-06
14,learned,22,270.0,13,20,20,True,False,9.346235446147613e-06
14,learned,23,280.0,12,20,20,True,False,7.15064975972918e-06
14,learned,24,270.0,13,20,20,True,False,9.346235446147613e-06
14,learned,25,280.0,12,20,20,True,False,7.15064975972918e-06
14,learned,26,270.0,13,20,20,True,False,9.346235446147613e-06
14,learned,27,280.0,12,20,20,True,False,7.15064975972918e-06
14,learned,28,270.0,13,20,20,True,False,9.346235446147613e-06
14,learned,29,280.0,12,20,20,True,False,7.15064975972918e-06
14,learned,30,270.0,13,20,20,True,False,9.346235446147613e-06
14,learned,31,280.0,12,20,20,True,False,7.15064975972918e-06
14,learned,32,270.0,13,20,20,True,False,9.346235446147613e-06
14,learned,33,280.0,12,20,20,True,False,7.15064975972918e-06
14,learned,34,270.0,13,20,20,True,False,9.346235446147613e-06
14,learned,35,280.0,12,20,20,True,False,7.15064975972918e-06
14,learned,36,270.0,13,20,20,True,False,9.346235446147613e-06
14,learned,37,280.0,12,20,20,True,False,7.15064975972918e-06
14,learned,38,270.0,13,20,20,True,False,9.346235446147613e-06
14,learned,39,280.0,12,20,20,True,False,7.15064975972918e-06
14,learned,40,270.0,13,20,20,True,False,9.346235446147613e-06
14,learned,41,280.0,12,20,20,True,False,7.15064975972918e-06
14,learned,42,270.0,13,20,20,True,False,9.346235446147613e-06
14,learned,43,280.0,12,20,20,True,False,7.15064975972918e-06
14,learned,44,270.0,13,20,20,True,False,9.346235446147613e-06
14,learned,45,280.0,12,20,20,True,False,7.15064975972918e-06
14,learned,46,270.0,13,20,20,True,False,9.346235446147613e-06
14,learned,47,280.0,12,20,20,True,False,7.15064975972918e-06
14,learned,48,270.0,13,20,20,True,False,9.346235446147613e-06
14,learned,49,280.0,12,20,20,True,False,7.15064975972918e-06
14,learned,50,270.0,13,20,20,True,False,9.346235446147613e-06
14,learned,51,280.0,12,20,20,True,False,7.15064975972918e-06
14,learned,52,270.0,13,20,20,True,False,9.346235446147613e-06
14,learned,53,280.0,12,20,20,True,False,7.15064975972918e-06
14,learned,54,270.0,13,20,20,True,False,9.346235446147613e-06
14,learned,55,280.0,12,20,20,True,False,7.15064975972918e-06
14,learned,56,270.0,13,20,20,True,False,9.346235446147613e-06
14,learned,57,280.0,12,20,20,True,False,7.15064975972918e-06
14,learned,58,270.0,13,20,20,True,False,9.346235446147613e-06
14,learned,59,280.0,12,20,20,True,False,7.15064975972918e-06
14,learned,60,270.0,13,20,20,True,False,9.346235446147613e-06
14,learned,61,280.0,12,20,20,True,False,7.15064975972918e-06
14,learned,62,270.0,13,20,20,True,False,9.346235446147613e-06
14,learned,63,280.0,12,20,20,True,False,7.15064975972918e-06
14,learned,64,270.0,13,20,20,True,False,9.346235446147613e-06
14,learned,65,280.0,12,20,20,True,False,7.15064975972918e-06
14,learned,66,270.0,13,20,20,True,False,9.346235446147613e-06
14,learned,67,280.0,12,20,20,True,False,7.15064975972918e-06
14,learned,68,270.0,13,20,20,True,False,9.346235446147613e-06
14,learned,69,280.0,12,20,20,True,False,7.15064975972918e-06
14,learned,70,270.0,13,20,20,True,False,9.346235446147613e-06
14,learned,71,280.0,12,20,20,True,False,7.15064975972918e-06
14,learned,72,270.0,13,20,20,True,False,9.346235446147613e-06
14,learned,73,280.0,12,20,20,True,False,7.15064975972918e-06
14,learned,74,270.0,13,20,20,True,False,9.346235446147613e-06
14,learned,75,280.0,12,20,20,True,False,7.15064975972918e-06
14,learned,76,270.0,13,20,20,True,False,9.346235446147613e-06
14,learned,77,280.0,12,20,20,True,False,7.15064975972918e-06
14,learned,78,270.0,13,20,20,True,False,9.346235446147613e-06
14,learned,79,280.0,12,20,20,True,False,7.15064975972918e-06
14,learned,80,270.0,13,20,20,True,False,9.346235446147613e-06
14,learned,81,280.0,12,20,20,True,False,7.15064975972918e-06
14,learned,82,270.0,13,20,20,True,False,9.346235446147613e-06
14,learned,83,280.0,12,20,20,True,False,7.15064975972918e-06
14,learned,84,270.0,13,20,20,True,False,9.346235446147613e-06
14,learned,85,280.0,12,20,20,True,False,7.15064975972918e-06
14,learned,86,270.0,13,20,20,True,False,9.346235446147613e-06
14,learned,87,280.0,12,20,20,True,False,7.15064975972918e-06
14,learned,88,270.0,13,20,20,True,False,9.346235446147613e-06
14,learned,89,280.0,12,20,20,True,False,7.15064975972918e-06
14,learned,90,270.0,13,20,20,True,False,9.346235446147613e-06
14,learned,91,280.0,12,20,20,True,False,7.15064975972918e-06
14,learned,92,270.0,13,20,20,True,False,9.346235446147613e-06
14,learned,93,280.0,12,20,20,True,False,7.15064975972918e-06
14,learned,94,270.0,13,20,20,True,False,9.346235446147613e-06
14,learned,95,280.0,12,20,20,True,False,7.15064975972918e-06
14,learned,96,270.0,13,20,20,True,False,9.346235446147613e-06
14,learned,97,280.0,12,20,20,True,False,7.15064975972918e-06
14,learned,98,270.0,13,20,20,True,False,9.346235446147613e-06
14,learned,99,280.0,12,20,20,True,False,7.15064975972918e-06
14,learned,100,270.0,13,20,20,True,False,9.346235446147613e-06
14,learned,101,280.0,12,20,20,True,False,7.15064975972918e-06
14,learned,102,270.0,13,20,20,True,False,9.346235446147613e-06
14,learned,103,280.0,12,20,20,True,False,7.15064975972918e-06
14,learned,104,270.0,13,20,20,True,False,9.346235446147613e-06
14,learned,105,280.0,12,20,20,True,False,7.15064975972918e-06
14,learned,106,270.0,13,20,20,True,False,9.346235446147613e-06
14,learned,107,280.0,12,20,20,True,False,7.15064975972918e-06
14,learned,108,270.0,13,20,20,True,False,9.346235446147613e-06
14,learned,109,280.0,12,20,20,True,False,7.15064975972918e-06
14,learned,110,270.0,13,20,20,True,False,9.346235446147613e-06
14,learned,111,280.0,12,20,20,True,False,7.15064975972918e-06
14,learned,112,270.0,13,20,20,True,False,9.346235446147613e-06
14,learned,113,280.0,12,20,20,True,False,7.15064975972918e-06
14,learned,114,270.0,13,20,20,True,False,9.346235446147613e-06
14,learned,115,280.0,12,20,20,True,False,7.15064975972918e-06
14,learned,116,270.0,13,20,20,True,False,9.346235446147613e-06
14,learned,117,280.0,12,20,20,True,False,7.15064975972918e-06
14,learned,118,270.0,13,20,20,True,False,9.346235446147613e-06
14,learned,119,280.0,12,20,20,True,False,7.15064975972918e-06
14,learned,120,270.0,13,20,20,True,False,9.346235446147613e-06
14,learned,121,280.0,12,20,20,True,False,7.15064975972918e-06
14,learned,122,270.0,13,20,20,True,False,9.346235446147613e-06
14,learned,123,280.0,12,20,20,True,False,7.15064975972918e-06
14,learned,124,270.0,13,20,20,True,False,9.346235446147613e-06
14,learned,125,280.0,12,20,20,True,False,7.15064975972918e-06
14,learned,126,270.0,13,20,20,True,False,9.346235446147613e-06
14,learned,127,280.0,12,20,20,True,False,7.15064975972918e-06
14,learned,128,270.0,13,20,20,True,False,9.346235446147613e-06
14,learned,129,280.0,12,20,20,True,False,7.15064975972918e-06
14,learned,130,270.0,13,20,20,True,False,9.346235446147613e-06
14,learned,131,280.0,12,20,20,True,False,7.15064975972918e-06
14,learned,132,270.0,13,20,20,True,False,9.346235446147613e-06
14,learned,133,280.0,12,20,20,True,False,7.15064975972918e-06
14,learned,134,270.0,13,20,20,True,False,9.346235446147613e-06
14,learned,135,280.0,12,20,20,True,False,7.15064975972918e-06
14,learned,136,270.0,13,20,20,True,False,9.346235446147613e-06
14,learned,137,280.0,12,20,20,True,False,7.15064975972918e-06
14,learned,138,270.0,13,20,20,True,False,9.346235446147613e-06
14,learned,139,280.0,12,20,20,True,False,7.15064975972918e-06
14,learned,140,270.0,13,20,20,True,False,9.346235446147613e-06
14,learned,141,280.0,12,20,20,True,False,7.15064975972918e-06
14,learned,142,270.0,13,20,20,True,False,9.346235446147613e-06
14,learned,143,280.0,12,20,20,True,False,7.15064975972918e-06
14,learned,144,270.0,13,20,20,True,False,9.346235446147613e-06
14,learned,145,280.0,12,20,20,True,False,7.15064975972918e-06
14,learned,146,270.0,13,20,20,True,False,9.346235446147613e-06
14,learned,147,280.0,12,20,20,True,False,7.15064975972918e-06
14,learned,148,270.0,13,20,20,True,False,9.346235446147613e-06
14,learned,149,280.0,12,20,20,True,False,7.15064975972918e-06
14,learned,150,270.0,13,20,20,True,False,9.346235446147613e-06
14,learned,151,280.0,12,20,20,True,False,7.15064975972918e-06
14,learned,152,270.0,13,20,20,True,False,9.346235446147613e-06
14,learned,153,280.0,12,20,20,True,False,7.15064975972918e-06
14,learned,154,270.0,13,20,20,True,False,9.346235446147613e-06
14,learned,155,280.0,12,20,20,True,False,7.15064975972918e-06
14,learned,156,270.0,13,20,20,True,False,9.346235446147613e-06
14,learned,157,280.0,12,20,20,True,False,7.15064975972918e-06
14,learned,158,270.0,13,20,20,True,False,9.346235446147613e-06
14,learned,159,280.0,12,20,20,True,False,7.15064975972918e-06
14,learned,160,270.0,13,20,20,True,False,9.346235446147613e-06
14,learned,161,280.0,12,20,20,True,False,7.15064975972918e-06
14,learned,162,270.0,13,20,20,True,False,9.346235446147613e-06
14,learned,163,280.0,12,20,20,True,False,7.15064975972918e-06
14,learned,164,270.0,13,20,20,True,False,9.346235446147613e-06
14,learned,165,280.0,12,20,20,True,False,7.15064975972918e-06
14,learned,166,270.0,13,20,20,True,False,9.346235446147613e-06
14,learned,167,280.0,12,20,20,True,False,7.15064975972918e-06
14,learned,168,270.0,13,20,20,True,False,9.346235446147613e-06
14,learned,169,280.0,12,20,20,True,False,7.15064975972918e-06
14,learned,170,270.0,13,20,20,True,False,9.346235446147613e-06
14,learned,171,280.0,12,20,20,True,False,7.15064975972918e-06
14,learned,172,270.0,13,20,20,True,False,9.346235446147613e-06
14,learned,173,280.0,12,20,20,True,False,7.15064975972918e-06
14,learned,174,270.0,13,20,20,True,False,9.346235446147613e-06
14,learned,175,280.0,12,20,20,True,False,7.15064975972918e-06
14,learned,176,270.0,13,20,20,True,False,9.346235446147613e-06
14,learned,177,280.0,12,20,20,True,False,7.15064975972918e-06
14,learned,178,270.0,13,20,20,True,False,9.346235446147613e-06
14,learned,179,280.0,12,20,20,True,False,7.15064975972918e-06
14,learned,180,270.0,13,20,20,True,False,9.346235446147613e-06
14,learned,181,280.0,12,20,20,True,False,7.15064975972918e-06
14,learned,182,270.0,13,20,20,True,False,9.346235446147613e-06
14,learned,183,280.0,12,20,20,True,False,7.15064975972918e-06
14,learned,184,270.0,13,20,20,True,False,9.346235446147613e-06
14,learned,185,280.0,12,20,20,True,False,7.15064975972918e-06
14,learned,186,270.0,13,20,20,True,False,9.346235446147613e-06
14,learned,187,280.0,12,20,20,True,False,7.15064975972918e-06
14,learned,188,270.0,13,20,20,True,False,9.346235446147613e-06
14,learned,189,280.0,12,20,20,True,False,7.15064975972918e-06
14,learned,190,270.0,13,20,20,True,False,9.346235446147613e-06
14,learned,191,280.0,12,20,20,True,False,7.15064975972918e-06
14,learned,192,270.0,13,20,20,True,False,9.346235446147613e-06
14,learned,193,280.0,12,20,20,True,False,7.15064975972918e-06
14,learned,194,270.0,13,20,20,True,False,9.346235446147613e-06
14,learned,195,280.0,12,20,20,True,False,7.15064975972918e-06
14,learned,196,270.0,13,20,20,True,False,9.346235446147613e-06
14,learned,197,280.0,12,20,20,True,False,7.15064975972918e-06
14,learned,198,270.0,13,20,20,True,False,9.346235446147613e-06
14,learned,199,280.0,12,20,20,True,False,7.15064975972918e-06
14,learned,200,270.0,13,20,20,True,False,9.346235446147613e-06
15,initial,0,30.0,1,2,20,False,False,0.0
15,greedy,0,30.0,1,2,20,False,False,0.0
15,greedy,1,60.0,2,4,20,False,False,0.0
15,greedy,2,90.0,3,6,20,False,False,0.0
15,greedy,3,120.0,4,8,20,False,False,0.0
15,greedy,4,150.0,5,10,20,False,False,0.0
15,greedy,5,180.0,6,12,20,False,False,0.0
15,greedy,6,210.0,7,14,20,False,False,0.0
15,greedy,7,240.0,8,16,20,False,False,0.0
15,greedy,8,250.0,9,17,20,False,False,0.0
15,greedy,9,260.0,10,18,20,False,False,0.0
15,greedy,10,270.0,9,18,20,False,False,0.0
15,greedy,11,280.0,10,19,20,False,False,0.0
15,greedy,12,290.0,11,20,20,True,False,2.6875088458887628e-06
15,random,0,30.0,1,2,20,False,False,0.0
15,random,1,60.0,2,4,20,False,False,0.0
15,random,2,90.0,3,6,20,False,False,0.0
15,random,3,120.0,4,8,20,False,False,0.0
15,random,4,90.0,3,6,20,False,False,0.0
15,random,5,90.0,3,6,20,False,False,0.0
15,random,6,120.0,4,8,20,False,False,0.0
15,random,7,150.0,5,10,20,False,False,0.0
15,random,8,150.0,5,10,20,False,False,0.0
15,random,9,180.0,6,12,20,False,False,0.0
15,random,10,210.0,7,14,20,False,False,0.0
15,random,11,210.0,7,14,20,False,False,0.0
15,random,12,210.0,7,14,20,False,False,0.0
15,random,13,240.0,8,16,20,False,False,0.0
15,random,14,240.0,8,16,20,False,False,0.0
15,random,15,240.0,8,16,20,False,False,0.0
15,random,16,250.0,9,17,20,False,False,0.0
15,random,17,250.0,9,17,20,False,False,0.0
15,random,18,260.0,10,18,20,False,False,0.0
15,random,19,270.0,11,19,20,False,False,0.0
15,random,20,260.0,12,19,20,False,False,0.0
15,random,21,250.0,13,19,20,False,False,0.0
15,random,22,250.0,13,19,20,False,False,0.0
15,random,23,250.0,13,19,20,False,False,0.0
15,random,24,250.0,13,19,20,False,False,0.0
15,random,25,260.0,12,19,20,False,False,0.0
15,random,26,250.0,13,19,20,False,False,0.0
15,random,27,250.0,13,19,20,False,False,0.0
15,random,28,250.0,13,19,20,False,False,0.0
15,random,29,250.0,13,19,20,False,False,0.0
15,random,30,250.0,13,19,20,False,False,0.0
15,random,31,240.0,12,18,20,False,False,0.0
15,random,32,240.0,12,18,20,False,False,0.0
15,random,33,230.0,13,18,20,False,False,0.0
15,random,34,240.0,12,18,20,False,False,0.0
15,random,35,230.0,13,18,20,False,False,0.0
15,random,36,240.0,12,18,20,False,False,0.0
15,random,37,250.0,13,19,20,False,False,0.0
15,random,38,250.0,13,19,20,False,False,0.0
15,random,39,250.0,13,19,20,False,False,0.0
15,random,40,250.0,13,19,20,False,False,0.0
15,random,41,250.0,13,19,20,False,False,0.0
15,random,42,250.0,13,19,20,False,False,0.0
15,random,43,240.0,14,19,20,False,False,0.0
15,random,44,240.0,14,19,20,False,False,0.0
15,random,45,240.0,14,19,20,False,False,0.0
15,random,46,230.0,15,19,20,False,False,0.0
15,random,47,230.0,15,19,20,False,False,0.0
15,random,48,220.0,16,19,20,False,False,0.0
15,random,49,220.0,16,19,20,False,False,0.0
15,random,50,210.0,15,18,20,False,False,0.0
15,random,51,180.0,14,16,20,False,False,0.0
15,random,52,180.0,14,16,20,False,False,0.0
15,random,53,180.0,14,16,20,False,False,0.0
15,random,54,180.0,14,16,20,False,False,0.0
15,random,55,190.0,13,16,20,False,False,0.0
15,random,56,200.0,14,17,20,False,False,0.0
15,random,57,190.0,15,17,20,False,False,0.0
15,random,58,190.0,15,17,20,False,False,0.0
15,random,59,190.0,15,17,20,False,False,0.0
15,random,60,180.0,16,17,20,False,False,0.0
15,random,61,180.0,16,17,20,False,False,0.0
15,random,62,180.0,16,17,20,False,False,0.0
15,random,63,180.0,16,17,20,False,False,0.0
15,random,64,170.0,17,17,20,False,False,0.0
15,random,65,170.0,17,17,20,False,False,0.0
15,random,66,160.0,18,17,20,False,False,0.0
15,random,67,170.0,17,17,20,False,False,0.0
15,random,68,170.0,17,17,20,False,False,0.0
15,random,69,170.0,17,17,20,False,False,0.0
15,random,70,200.0,18,19,20,False,False,0.0
15,random,71,200.0,18,19,20,False,False,0.0
15,random,72,200.0,18,19,20,False,False,0.0
15,random,73,200.0,18,19,20,False,False,0.0
15,random,74,210.0,19,20,20,True,False,1.2393349887306158e-05
15,random,75,210.0,19,20,20,True,False,1.2393349887306158e-05
15,random,76,210.0,19,20,20,True,False,1.2393349887306158e-05
15,random,77,200.0,20,20,20,True,False,1.2572785681802103e-05
15,random,78,200.0,20,20,20,True,False,1.2572785681802103e-05
15,random,79,190.0,21,20,20,True,False,1.8557535455333127e-05
15,random,80,200.0,20,20,20,True,False,1.765710981032735e-05
15,random,81,190.0,21,20,20,True,False,1.7677363566993694e-05
15,random,82,180.0,22,20,20,True,False,1.9492566026440653e-05
15,random,83,180.0,22,20,20,True,False,1.9492566026440653e-05
15,random,84,180.0,22,20,20,True,False,1.9492566026440653e-05
15,random,85,170.0,23,20,20,True,False,5.344877346255327e-05
15,random,86,170.0,23,20,20,True,False,5.344877346255327e-05
15,random,87,160.0,24,20,20,True,False,6.591108637479553e-05
15,random,88,150.0,25,20,20,True,False,6.637612789618647e-05
15,random,89,150.0,25,20,20,True,False,6.637612789618647e-05
15,random,90,150.0,25,20,20,True,False,6.637612789618647e-05
15,random,91,160.0,24,20,20,True,False,4.342431522536699e-05
15,random,92,150.0,25,20,20,True,False,5.366882857154089e-05
15,random,93,160.0,24,20,20,True,False,4.716060439120301e-05
15,random,94,170.0,23,20,20,True,False,4.092049541563428e-05
15,random,95,180.0,22,20,20,True,False,3.885695190932662e-05
15,random,96,180.0,22,20,20,True,False,3.885695190932662e-05
15,random,97,170.0,23,20,20,True,False,4.22826446551993e-05
15,random,98,160.0,24,20,20,True,False,4.3525799481581565e-05
15,random,99,160.0,24,20,20,True,False,4.3525799481581565e-05
15,random,100,160.0,24,20,20,True,False,4.3525799481581565e-05
15,random,101,160.0,24,20,20,True,False,4.3525799481581565e-05
15,random,102,170.0,23,20,20,True,False,4.0476416419756835e-05
15,random,103,160.0,24,20,20,True,False,4.055175287480783e-05
15,random,104,170.0,23,20,20,True,False,1.0220622600043625e-05
15,random,105,170.0,23,20,20,True,False,1.0220622600043625e-05
15,random,106,160.0,24,20,20,True,False,1.1893497391942613e-05
15,random,107,150.0,25,20,20,True,False,1.3234734626745324e-05
15,random,108,140.0,26,20,20,True,False,1.930044232802656e-05
15,random,109,130.0,27,20,20,True,False,2.214423207706415e-05
15,random,110,130.0,27,20,20,True,False,2.214423207706415e-05
15,random,111,130.0,27,20,20,True,False,2.214423207706415e-05
15,random,112,130.0,27,20,20,True,False,2.214423207706415e-05
15,random,113,130.0,27,20,20,True,False,2.214423207706415e-05
15,random,114,130.0,27,20,20,True,False,2.214423207706415e-05
15,random,115,130.0,27,20,20,True,False,2.214423207706415e-05
15,random,116,120.0,28,20,20,True,False,2.318243403287003e-05
15,random,117,120.0,28,20,20,True,False,2.318243403287003e-05
15,random,118,110.0,29,20,20,True,False,2.3812486457986664e-05
15,random,119,110.0,29,20,20,True,False,2.3812486457986664e-05
15,random,120,120.0,28,20,20,True,False,2.318243403287003e-05
15,random,121,120.0,28,20,20,True,False,2.318243403287003e-05
15,random,122,120.0,28,20,20,True,False,2.318243403287003e-05
15,random,123,120.0,28,20,20,True,False,2.318243403287003e-05
15,random,124,120.0,28,20,20,True,False,2.318243403287003e-05
15,random,125,120.0,28,20,20,True,False,2.318243403287003e-05
15,random,126,110.0,29,20,20,True,False,2.4689461119669616e-05
15,random,127,120.0,28,20,20,True,False,2.421076908977273e-05
15,random,128,110.0,29,20,20,True,False,2.7392396535554722e-05
15,random,129,110.0,29,20,20,True,False,2.7392396535554722e-05
15,random,130,110.0,29,20,20,True,False,2.7392396535554722e-05
15,random,131,110.0,29,20,20,True,False,2.7392396535554722e-05
15,random,132,120.0,28,20,20,True,False,2.7296264426255463e-05
15,random,133,120.0,28,20,20,True,False,2.7296264426255463e-05
15,random,134,110.0,29,20,20,True,False,2.7421691709459893e-05
15,random,135,100.0,30,20,20,True,False,2.757986338128336e-05
15,random,136,100.0,30,20,20,True,False,2.757986338128336e-05
15,random,137,110.0,29,20,20,True,False,2.7297193254235768e-05
15,random,138,110.0,29,20,20,True,False,2.7297193254235768e-05
15,random,139,110.0,29,20,20,True,False,2.7297193254235768e-05
15,random,140,100.0,30,20,20,True,False,2.7386651662097353e-05
15,random,141,110.0,29,20,20,True,False,2.728603133561571e-05
15,random,142,120.0,28,20,20,True,False,2.6949798551114478e-05
15,random,143,130.0,27,20,20,True,False,2.6375977304483018e-05
15,random,144,140.0,26,20,20,True,False,1.9379519136669107e-05
15,random,145,150.0,25,20,20,True,False,1.7779827073668593e-05
15,random,146,160.0,24,20,20,True,False,1.7670684259873333e-05
15,random,147,150.0,25,20,20,True,False,1.8564086513292363e-05
15,random,148,140.0,26,20,20,True,False,1.8599053870147203e-05
15,random,149,140.0,26,20,20,True,False,1.8599053870147203e-05
15,random,150,130.0,27,20,20,True,False,2.3043844685740925e-05
15,random,151,130.0,27,20,20,True,False,2.3043844685740925e-05
15,random,152,130.0,27,20,20,True,False,2.3043844685740925e-05
15,random,153,120.0,28,20,20,True,False,2.3530054751356847e-05
15,random,154,110.0,29,20,20,True,False,3.770478090435556e-05
15,random,155,100.0,30,20,20,True,False,4.23905288201889e-05
15,random,156,90.0,31,20,20,True,False,5.0259903617533976e-05
15,random,157,80.0,32,20,20,True,False,5.140538125203969e-05
15,random,158,70.0,33,20,20,True,False,5.2979473314814367e-05
15,random,159,60.0,34,20,20,True,False,5.369739633289241e-05
15,random,160,50.0,35,20,20,True,False,6.29208396527034e-05
15,random,161,50.0,35,20,20,True,False,6.29208396527034e-05
15,random,162,50.0,35,20,20,True,False,6.29208396527034e-05
15,random,163,40.0,36,20,20,True,False,6.954654118895036e-05
15,random,164,40.0,36,20,20,True,False,6.954654118895036e-05
15,random,165,40.0,36,20,20,True,False,6.954654118895036e-05
15,random,166,50.0,35,20,20,True,False,6.846301602045273e-05
15,random,167,60.0,34,20,20,True,False,6.803731667313376e-05
15,random,168,60.0,34,20,20,True,False,6.803731667313376e-05
15,random,169,60.0,34,20,20,True,False,6.803731667313376e-05
15,random,170,70.0,33,20,20,True,False,6.768723459405081e-05
15,random,171,70.0,33,20,20,True,False,6.768723459405081e-05
15,random,172,70.0,33,20,20,True,False,6.768723459405081e-05
15,random,173,80.0,32,20,20,True,False,6.625856468972341e-05
15,random,174,80.0,32,20,20,True,False,6.625856468972341e-05
15,random,175,80.0,32,20,20,True,False,6.625856468972341e-05
15,random,176,80.0,32,20,20,True,False,6.625856468972341e-05
15,random,177,90.0,31,20,20,True,False,6.531448512121923e-05
15,random,178,90.0,31,20,20,True,False,6.531448512121923e-05
15,random,179,100.0,30,20,20,True,False,6.495312374097158e-05
15,random,180,90.0,31,20,20,True,False,6.520538933704018e-05
15,random,181,100.0,30,20,20,True,False,6.202087690638813e-05
15,random,182,110.0,29,20,20,True,False,5.959681566201334e-05
15,random,183,120.0,28,20,20,True,False,4.500422197024908e-05
15,random,184,120.0,28,20,20,True,False,4.500422197024908e-05
15,random,185,130.0,27,20,20,True,False,4.039776597792253e-05
15,random,186,130.0,27,20,20,True,False,4.039776597792253e-05
15,random,187,120.0,28,20,20,True,False,4.500422197024908e-05
15,random,188,130.0,27,20,20,True,False,3.47138918671523e-05
15,random,189,140.0,26,20,20,True,False,3.175582971935096e-05
15,random,190,140.0,26,20,20,True,False,3.175582971935096e-05
15,random,191,130.0,27,20,20,True,False,5.171485226824388e-05
15,random,192,120.0,28,20,20,True,False,5.254006600633916e-05
15,random,193,120.0,28,20,20,True,False,5.254006600633916e-05
15,random,194,120.0,28,20,20,True,False,5.254006600633916e-05
15,random,195,110.0,29,20,20,True,False,5.311001017783938e-05
15,random,196,120.0,28,20,20,True,False,5.137826015444865e-05
15,random,197,110.0,29,20,20,True,False,5.159966079120945e-05
15,random,198,120.0,28,20,20,True,False,5.050071466449739e-05
15,random,199,120.0,28,20,20,True,False,5.050071466449739e-05
15,random,200,110.0,29,20,20,True,False,5.1691435314860985e-05
15,learned,0,30.0,1,2,20,False,False,0.0
15,learned,1,60.0,2,4,20,False,False,0.0
15,learned,2,90.0,3,6,20,False,False,0.0
15,learned,3,120.0,4,8,20,False,False,0.0
15,learned,4,150.0,5,10,20,False,False,0.0
15,learned,5,180.0,6,12,20,False,False,0.0
15,learned,6,170.0,7,12,20,False,False,0.0
15,learned,7,200.0,8,14,20,False,False,0.0
15,learned,8,210.0,9,15,20,False,False,0.0
15,learned,9,220.0,10,16,20,False,False,0.0
15,learned,10,230.0,11,17,20,False,False,0.0
15,learned,11,240.0,12,18,20,False,False,0.0
15,learned,12,250.0,13,19,20,False,False,0.0
15,learned,13,260.0,14,20,20,True,False,2.6253227015225856e-05
15,learned,14,270.0,13,20,20,True,False,2.6203561973351632e-05
15,learned,15,280.0,12,20,20,True,False,2.608920305624987e-05
15,learned,16,270.0,13,20,20,True,False,2.6094967087963812e-05
15,learned,17,260.0,14,20,20,True,False,2.6180864591405895e-05
15,learned,18,250.0,15,20,20,True,False,2.6306767661567765e-05
15,learned,19,240.0,16,20,20,True,False,3.2146259283935183e-05
15,learned,20,230.0,17,20,20,True,False,3.2232411273548704e-05
15,learned,21,240.0,16,20,20,True,False,1.9868793189761997e-05
15,learned,22,250.0,15,20,20,True,False,1.8766131636823847e-05
15,learned,23,260.0,14,20,20,True,False,1.783051816171341e-05
15,learned,24,250.0,15,20,20,True,False,1.8766131636823847e-05
15,learned,25,260.0,14,20,20,True,False,1.783051816171341e-05
15,learned,26,250.0,15,20,20,True,False,1.8766131636823847e-05
15,learned,27,260.0,14,20,20,True,False,1.783051816171341e-05
15,learned,28,250.0,15,20,20,True,False,1.8766131636823847e-05
15,learned,29,260.0,14,20,20,True,False,1.783051816171341e-05
15,learned,30,250.0,15,20,20,True,False,1.8766131636823847e-05
15,learned,31,260.0,14,20,20,True,False,1.783051816171341e-05
15,learned,32,250.0,15,20,20,True,False,1.8766131636823847e-05
15,learned,33,260.0,14,20,20,True,False,1.783051816171341e-05
15,learned,34,250.0,15,20,20,True,False,1.8766131636823847e-05
15,learned,35,260.0,14,20,20,True,False,1.783051816171341e-05
15,learned,36,250.0,15,20,20,True,False,1.8766131636823847e-05
15,learned,37,260.0,14,20,20,True,False,1.783051816171341e-05
15,learned,38,250.0,15,20,20,True,False,1.8766131636823847e-05
15,learned,39,260.0,14,20,20,True,False,1.783051816171341e-05
15,learned,40,250.0,15,20,20,True,False,1.8766131636823847e-05
15,learned,41,260.0,14,20,20,True,False,1.783051816171341e-05
15,learned,42,250.0,15,20,20,True,False,1.8766131636823847e-05
15,learned,43,260.0,14,20,20,True,False,1.783051816171341e-05
15,learned,44,250.0,15,20,20,True,False,1.8766131636823847e-05
15,learned,45,260.0,14,20,20,True,False,1.783051816171341e-05
15,learned,46,250.0,15,20,20,True,False,1.8766131636823847e-05
15,learned,47,260.0,14,20,20,True,False,1.783051816171341e-05
15,learned,48,250.0,15,20,20,True,False,1.8766131636823847e-05
15,learned,49,260.0,14,20,20,True,False,1.783051816171341e-05
15,learned,50,250.0,15,20,20,True,False,1.8766131636823847e-05
15,learned,51,260.0,14,20,20,True,False,1.783051816171341e-05
15,learned,52,250.0,15,20,20,True,False,1.8766131636823847e-05
15,learned,53,260.0,14,20,20,True,False,1.783051816171341e-05
15,learned,54,250.0,15,20,20,True,False,1.8766131636823847e-05
15,learned,55,260.0,14,20,20,True,False,1.783051816171341e-05
15,learned,56,250.0,15,20,20,True,False,1.8766131636823847e-05
15,learned,57,260.0,14,20,20,True,False,1.783051816171341e-05
15,learned,58,250.0,15,20,20,True,False,1.8766131636823847e-05
15,learned,59,260.0,14,20,20,True,False,1.783051816171341e-05
15,learned,60,250.0,15,20,20,True,False,1.8766131636823847e-05
15,learned,61,260.0,14,20,20,True,False,1.783051816171341e-05
15,learned,62,250.0,15,20,20,True,False,1.8766131636823847e-05
15,learned,63,260.0,14,20,20,True,False,1.783051816171341e-05
15,learned,64,250.0,15,20,20,True,False,1.8766131636823847e-05
15,learned,65,260.0,14,20,20,True,False,1.783051816171341e-05
15,learned,66,250.0,15,20,20,True,False,1.8766131636823847e-05
15,learned,67,260.0,14,20,20,True,False,1.783051816171341e-05
15,learned,68,250.0,15,20,20,True,False,1.8766131636823847e-05
15,learned,69,260.0,14,20,20,True,False,1.783051816171341e-05
15,learned,70,250.0,15,20,20,True,False,1.8766131636823847e-05
15,learned,71,260.0,14,20,20,True,False,1.783051816171341e-05
15,learned,72,250.0,15,20,20,True,False,1.8766131636823847e-05
15,learned,73,260.0,14,20,20,True,False,1.783051816171341e-05
15,learned,74,250.0,15,20,20,True,False,1.8766131636823847e-05
15,learned,75,260.0,14,20,20,True,False,1.783051816171341e-05
15,learned,76,250.0,15,20,20,True,False,1.8766131636823847e-05
15,learned,77,260.0,14,20,20,True,False,1.783051816171341e-05
15,learned,78,250.0,15,20,20,True,False,1.8766131636823847e-05
15,learned,79,260.0,14,20,20,True,False,1.783051816171341e-05
15,learned,80,250.0,15,20,20,True,False,1.8766131636823847e-05
15,learned,81,260.0,14,20,20,True,False,1.783051816171341e-05
15,learned,82,250.0,15,20,20,True,False,1.8766131636823847e-05
15,learned,83,260.0,14,20,20,True,False,1.783051816171341e-05
15,learned,84,250.0,15,20,20,True,False,1.8766131636823847e-05
15,learned,85,260.0,14,20,20,True,False,1.783051816171341e-05
15,learned,86,250.0,15,20,20,True,False,1.8766131636823847e-05
15,learned,87,260.0,14,20,20,True,False,1.783051816171341e-05
15,learned,88,250.0,15,20,20,True,False,1.8766131636823847e-05
15,learned,89,260.0,14,20,20,True,False,1.783051816171341e-05
15,learned,90,250.0,15,20,20,True,False,1.8766131636823847e-05
15,learned,91,260.0,14,20,20,True,False,1.783051816171341e-05
15,learned,92,250.0,15,20,20,True,False,1.8766131636823847e-05
15,learned,93,260.0,14,20,20,True,False,1.783051816171341e-05
15,learned,94,250.0,15,20,20,True,False,1.8766131636823847e-05
15,learned,95,260.0,14,20,20,True,False,1.783051816171341e-05
15,learned,96,250.0,15,20,20,True,False,1.8766131636823847e-05
15,learned,97,260.0,14,20,20,True,False,1.783051816171341e-05
15,learned,98,250.0,15,20,20,True,False,1.8766131636823847e-05
15,learned,99,260.0,14,20,20,True,False,1.783051816171341e-05
15,learned,100,250.0,15,20,20,True,False,1.8766131636823847e-05
15,learned,101,260.0,14,20,20,True,False,1.783051816171341e-05
15,learned,102,250.0,15,20,20,True,False,1.8766131636823847e-05
15,learned,103,260.0,14,20,20,True,False,1.783051816171341e-05
15,learned,104,250.0,15,20,20,True,False,1.8766131636823847e-05
15,learned,105,260.0,14,20,20,True,False,1.783051816171341e-05
15,learned,106,250.0,15,20,20,True,False,1.8766131636823847e-05
15,learned,107,260.0,14,20,20,True,False,1.783051816171341e-05
15,learned,108,250.0,15,20,20,True,False,1.8766131636823847e-05
15,learned,109,260.0,14,20,20,True,False,1.783051816171341e-05
15,learned,110,250.0,15,20,20,True,False,1.8766131636823847e-05
15,learned,111,260.0,14,20,20,True,False,1.783051816171341e-05
15,learned,112,250.0,15,20,20,True,False,1.8766131636823847e-05
15,learned,113,260.0,14,20,20,True,False,1.783051816171341e-05
15,learned,114,250.0,15,20,20,True,False,1.8766131636823847e-05
15,learned,115,260.0,14,20,20,True,False,1.783051816171341e-05
15,learned,116,250.0,15,20,20,True,False,1.8766131636823847e-05
15,learned,117,260.0,14,20,20,True,False,1.783051816171341e-05
15,learned,118,250.0,15,20,20,True,False,1.8766131636823847e-05
15,learned,119,260.0,14,20,20,True,False,1.783051816171341e-05
15,learned,120,250.0,15,20,20,True,False,1.8766131636823847e-05
15,learned,121,260.0,14,20,20,True,False,1.783051816171341e-05
15,learned,122,250.0,15,20,20,True,False,1.8766131636823847e-05
15,learned,123,260.0,14,20,20,True,False,1.783051816171341e-05
15,learned,124,250.0,15,20,20,True,False,1.8766131636823847e-05
15,learned,125,260.0,14,20,20,True,False,1.783051816171341e-05
15,learned,126,250.0,15,20,20,True,False,1.8766131636823847e-05
15,learned,127,260.0,14,20,20,True,False,1.783051816171341e-05
15,learned,128,250.0,15,20,20,True,False,1.8766131636823847e-05
15,learned,129,260.0,14,20,20,True,False,1.783051816171341e-05
15,learned,130,250.0,15,20,20,True,False,1.8766131636823847e-05
15,learned,131,260.0,14,20,20,True,False,1.783051816171341e-05
15,learned,132,250.0,15,20,20,True,False,1.8766131636823847e-05
15,learned,133,260.0,14,20,20,True,False,1.783051816171341e-05
15,learned,134,250.0,15,20,20,True,False,1.8766131636823847e-05
15,learned,135,260.0,14,20,20,True,False,1.783051816171341e-05
15,learned,136,250.0,15,20,20,True,False,1.8766131636823847e-05
15,learned,137,260.0,14,20,20,True,False,1.783051816171341e-05
15,learned,138,250.0,15,20,20,True,False,1.8766131636823847e-05
15,learned,139,260.0,14,20,20,True,False,1.783051816171341e-05
15,learned,140,250.0,15,20,20,True,False,1.8766131636823847e-05
15,learned,141,260.0,14,20,20,True,False,1.783051816171341e-05
15,learned,142,250.0,15,20,20,True,False,1.8766131636823847e-05
15,learned,143,260.0,14,20,20,True,False,1.783051816171341e-05
15,learned,144,250.0,15,20,20,True,False,1.8766131636823847e-05
15,learned,145,260.0,14,20,20,True,False,1.783051816171341e-05
15,learned,146,250.0,15,20,20,True,False,1.8766131636823847e-05
15,learned,147,260.0,14,20,20,True,False,1.783051816171341e-05
15,learned,148,250.0,15,20,20,True,False,1.8766131636823847e-05
15,learned,149,260.0,14,20,20,True,False,1.783051816171341e-05
15,learned,150,250.0,15,20,20,True,False,1.8766131636823847e-05
15,learned,151,260.0,14,20,20,True,False,1.783051816171341e-05
15,learned,152,250.0,15,20,20,True,False,1.8766131636823847e-05
15,learned,153,260.0,14,20,20,True,False,1.783051816171341e-05
15,learned,154,250.0,15,20,20,True,False,1.8766131636823847e-05
15,learned,155,260.0,14,20,20,True,False,1.783051816171341e-05
15,learned,156,250.0,15,20,20,True,False,1.8766131636823847e-05
15,learned,157,260.0,14,20,20,True,False,1.783051816171341e-05
15,learned,158,250.0,15,20,20,True,False,1.8766131636823847e-05
15,learned,159,260.0,14,20,20,True,False,1.783051816171341e-05
15,learned,160,250.0,15,20,20,True,False,1.8766131636823847e-05
15,learned,161,260.0,14,20,20,True,False,1.783051816171341e-05
15,learned,162,250.0,15,20,20,True,False,1.8766131636823847e-05
15,learned,163,260.0,14,20,20,True,False,1.783051816171341e-05
15,learned,164,250.0,15,20,20,True,False,1.8766131636823847e-05
15,learned,165,260.0,14,20,20,True,False,1.783051816171341e-05
15,learned,166,250.0,15,20,20,True,False,1.8766131636823847e-05
15,learned,167,260.0,14,20,20,True,False,1.783051816171341e-05
15,learned,168,250.0,15,20,20,True,False,1.8766131636823847e-05
15,learned,169,260.0,14,20,20,True,False,1.783051816171341e-05
15,learned,170,250.0,15,20,20,True,False,1.8766131636823847e-05
15,learned,171,260.0,14,20,20,True,False,1.783051816171341e-05
15,learned,172,250.0,15,20,20,True,False,1.8766131636823847e-05
15,learned,173,260.0,14,20,20,True,False,1.783051816171341e-05
15,learned,174,250.0,15,20,20,True,False,1.8766131636823847e-05
15,learned,175,260.0,14,20,20,True,False,1.783051816171341e-05
15,learned,176,250.0,15,20,20,True,False,1.8766131636823847e-05
15,learned,177,260.0,14,20,20,True,False,1.783051816171341e-05
15,learned,178,250.0,15,20,20,True,False,1.8766131636823847e-05
15,learned,179,260.0,14,20,20,True,False,1.783051816171341e-05
15,learned,180,250.0,15,20,20,True,False,1.8766131636823847e-05
15,learned,181,260.0,14,20,20,True,False,1.783051816171341e-05
15,learned,182,250.0,15,20,20,True,False,1.8766131636823847e-05
15,learned,183,260.0,14,20,20,True,False,1.783051816171341e-05
15,learned,184,250.0,15,20,20,True,False,1.8766131636823847e-05
15,learned,185,260.0,14,20,20,True,False,1.783051816171341e-05
15,learned,186,250.0,15,20,20,True,False,1.8766131636823847e-05
15,learned,187,260.0,14,20,20,True,False,1.783051816171341e-05
15,learned,188,250.0,15,20,20,True,False,1.8766131636823847e-05
15,learned,189,260.0,14,20,20,True,False,1.783051816171341e-05
15,learned,190,250.0,15,20,20,True,False,1.8766131636823847e-05
15,learned,191,260.0,14,20,20,True,False,1.783051816171341e-05
15,learned,192,250.0,15,20,20,True,False,1.8766131636823847e-05
15,learned,193,260.0,14,20,20,True,False,1.783051816171341e-05
15,learned,194,250.0,15,20,20,True,False,1.8766131636823847e-05
15,learned,195,260.0,14,20,20,True,False,1.783051816171341e-05
15,learned,196,250.0,15,20,20,True,False,1.8766131636823847e-05
15,learned,197,260.0,14,20,20,True,False,1.783051816171341e-05
15,learned,198,250.0,15,20,20,True,False,1.8766131636823847e-05
15,learned,199,260.0,14,20,20,True,False,1.783051816171341e-05
15,learned,200,250.0,15,20,20,True,False,1.8766131636823847e-05
16,initial,0,140.0,6,10,20,False,False,0.0
16,greedy,0,140.0,6,10,20,False,False,0.0
16,greedy,1,170.0,7,12,20,False,False,0.0
16,greedy,2,200.0,8,14,20,False,False,0.0
16,greedy,3,230.0,9,16,20,False,False,0.0
16,greedy,4,240.0,8,16,20,False,False,0.0
16,greedy,5,250.0,9,17,20,False,False,0.0
16,greedy,6,260.0,10,18,20,False,False,0.0
16,greedy,7,270.0,9,18,20,False,False,0.0
16,greedy,8,280.0,10,19,20,False,False,0.0
16,greedy,9,290.0,11,20,20,True,False,3.898687625743539e-07
16,random,0,140.0,6,10,20,False,False,0.0
16,random,1,130.0,7,10,20,False,False,0.0
16,random,2,130.0,7,10,20,False,False,0.0
16,random,3,130.0,7,10,20,False,False,0.0
16,random,4,130.0,7,10,20,False,False,0.0
16,random,5,130.0,7,10,20,False,False,0.0
16,random,6,130.0,7,10,20,False,False,0.0
16,random,7,140.0,8,11,20,False,False,0.0
16,random,8,140.0,8,11,20,False,False,0.0
16,random,9,140.0,8,11,20,False,False,0.0
16,random,10,140.0,8,11,20,False,False,0.0
16,random,11,140.0,8,11,20,False,False,0.0
16,random,12,150.0,9,12,20,False,False,0.0
16,random,13,180.0,10,14,20,False,False,0.0
16,random,14,180.0,10,14,20,False,False,0.0
16,random,15,180.0,10,14,20,False,False,0.0
16,random,16,170.0,11,14,20,False,False,0.0
16,random,17,170.0,11,14,20,False,False,0.0
16,random,18,170.0,11,14,20,False,False,0.0
16,random,19,160.0,12,14,20,False,False,0.0
16,random,20,170.0,11,14,20,False,False,0.0
16,random,21,200.0,12,16,20,False,False,0.0
16,random,22,170.0,11,14,20,False,False,0.0
16,random,23,140.0,10,12,20,False,False,0.0
16,random,24,140.0,10,12,20,False,False,0.0
16,random,25,140.0,10,12,20,False,False,0.0
16,random,26,140.0,10,12,20,False,False,0.0
16,random,27,140.0,10,12,20,False,False,0.0
16,random,28,140.0,10,12,20,False,False,0.0
16,random,29,140.0,10,12,20,False,False,0.0
16,random,30,170.0,11,14,20,False,False,0.0
16,random,31,170.0,11,14,20,False,False,0.0
16,random,32,200.0,12,16,20,False,False,0.0
16,random,33,190.0,13,16,20,False,False,0.0
16,random,34,190.0,13,16,20,False,False,0.0
16,random,35,190.0,13,16,20,False,False,0.0
16,random,36,220.0,14,18,20,False,False,0.0
16,random,37,220.0,14,18,20,False,False,0.0
16,random,38,220.0,14,18,20,False,False,0.0
16,random,39,230.0,15,19,20,False,False,0.0
16,random,40,230.0,15,19,20,False,False,0.0
16,random,41,230.0,15,19,20,False,False,0.0
16,random,42,230.0,15,19,20,False,False,0.0
16,random,43,230.0,15,19,20,False,False,0.0
16,random,44,230.0,15,19,20,False,False,0.0
16,random,45,230.0,15,19,20,False,False,0.0
16,random,46,240.0,14,19,20,False,False,0.0
16,random,47,250.0,13,19,20,False,False,0.0
16,random,48,240.0,14,19,20,False,False,0.0
16,random,49,240.0,14,19,20,False,False,0.0
16,random,50,240.0,14,19,20,False,False,0.0
16,random,51,240.0,14,19,20,False,False,0.0
16,random,52,240.0,14,19,20,False,False,0.0
16,random,53,240.0,14,19,20,False,False,0.0
16,random,54,230.0,15,19,20,False,False,0.0
16,random,55,220.0,16,19,20,False,False,0.0
16,random,56,210.0,17,19,20,False,False,0.0
16,random,57,200.0,18,19,20,False,False,0.0
16,random,58,200.0,18,19,20,False,False,0.0
16,random,59,190.0,19,19,20,False,False,0.0
16,random,60,190.0,19,19,20,False,False,0.0
16,random,61,190.0,19,19,20,False,False,0.0
16,random,62,190.0,19,19,20,False,False,0.0
16,random,63,200.0,20,20,20,True,False,3.6935979304714556e-06
16,random,64,200.0,20,20,20,True,False,3.6935979304714556e-06
16,random,65,190.0,21,20,20,True,False,2.544624226537234e-05
16,random,66,200.0,20,20,20,True,False,2.4548393727530857e-05
16,random,67,190.0,21,20,20,True,False,2.4655901356041207e-05
16,random,68,190.0,21,20,20,True,False,2.4655901356041207e-05
16,random,69,190.0,21,20,20,True,False,2.4655901356041207e-05
16,random,70,180.0,22,20,20,True,False,3.085262341288052e-05
16,random,71,180.0,22,20,20,True,False,3.085262341288052e-05
16,random,72,180.0,22,20,20,True,False,3.085262341288052e-05
16,random,73,170.0,23,20,20,True,False,3.120379884035265e-05
16,random,74,160.0,24,20,20,True,False,3.129847201359173e-05
16,random,75,150.0,25,20,20,True,False,3.157244199107506e-05
16,random,76,140.0,26,20,20,True,False,3.18199875394648e-05
16,random,77,140.0,26,20,20,True,False,3.18199875394648e-05
16,random,78,130.0,27,20,20,True,False,4.188759894005371e-05
16,random,79,120.0,28,20,20,True,False,4.229177488506967e-05
16,random,80,110.0,29,20,20,True,False,7.24756363181613e-05
16,random,81,110.0,29,20,20,True,False,7.24756363181613e-05
16,random,82,120.0,28,20,20,True,False,7.217639790765696e-05
16,random,83,130.0,27,20,20,True,False,6.842925394553327e-05
16,random,84,130.0,27,20,20,True,False,6.842925394553327e-05
16,random,85,120.0,28,20,20,True,False,7.351161553403967e-05
16,random,86,110.0,29,20,20,True,False,7.993909705911177e-05
16,random,87,120.0,28,20,20,True,False,7.972532517832055e-05
16,random,88,120.0,28,20,20,True,False,7.972532517832055e-05
16,random,89,110.0,29,20,20,True,False,8.536450146053707e-05
16,random,90,110.0,29,20,20,True,False,8.536450146053707e-05
16,random,91,100.0,30,20,20,True,False,9.138667358935584e-05
16,random,92,100.0,30,20,20,True,False,9.138667358935584e-05
16,random,93,110.0,29,20,20,True,False,9.108175908184471e-05
16,random,94,120.0,28,20,20,True,False,9.105981338646811e-05
16,random,95,110.0,29,20,20,True,False,9.136371239032535e-05
16,random,96,110.0,29,20,20,True,False,9.136371239032535e-05
16,random,97,120.0,28,20,20,True,False,8.823685139717326e-05
16,random,98,120.0,28,20,20,True,False,8.823685139717326e-05
16,random,99,120.0,28,20,20,True,False,8.823685139717326e-05
16,random,100,120.0,28,20,20,True,False,8.823685139717326e-05
16,random,101,110.0,29,20,20,True,False,9.400012430818119e-05
16,random,102,100.0,30,20,20,True,False,9.621744641193986e-05
16,random,103,100.0,30,20,20,True,False,9.621744641193986e-05
16,random,104,110.0,29,20,20,True,False,9.400012430818134e-05
16,random,105,110.0,29,20,20,True,False,9.400012430818134e-05
16,random,106,100.0,30,20,20,True,False,9.791756951859162e-05
16,random,107,100.0,30,20,20,True,False,9.791756951859162e-05
16,random,108,100.0,30,20,20,True,False,9.791756951859162e-05
16,random,109,100.0,30,20,20,True,False,9.791756951859162e-05
16,random,110,100.0,30,20,20,True,False,9.791756951859162e-05
16,random,111,100.0,30,20,20,True,False,9.791756951859162e-05
16,random,112,110.0,29,20,20,True,False,5.591225843264026e-05
16,random,113,110.0,29,20,20,True,False,5.591225843264026e-05
16,random,114,100.0,30,20,20,True,False,5.657300572528439e-05
16,random,115,100.0,30,20,20,True,False,5.657300572528439e-05
16,random,116,100.0,30,20,20,True,False,5.657300572528439e-05
16,random,117,100.0,30,20,20,True,False,5.657300572528439e-05
16,random,118,110.0,29,20,20,True,False,5.5623494701828844e-05
16,random,119,110.0,29,20,20,True,False,5.5623494701828844e-05
16,random,120,120.0,28,20,20,True,False,5.5559350539418396e-05
16,random,121,110.0,29,20,20,True,False,8.050888845611034e-05
16,random,122,110.0,29,20,20,True,False,8.050888845611034e-05
16,random,123,120.0,28,20,20,True,False,7.214691813736775e-05
16,random,124,110.0,29,20,20,True,False,8.620208158128583e-05
16,random,125,100.0,30,20,20,True,False,8.844488145453276e-05
16,random,126,90.0,31,20,20,True,False,8.944054590130937e-05
16,random,127,90.0,31,20,20,True,False,8.944054590130937e-05
16,random,128,90.0,31,20,20,True,False,8.944054590130937e-05
16,random,129,100.0,30,20,20,True,False,8.702281548102365e-05
16,random,130,110.0,29,20,20,True,False,7.772918160273039e-05
16,random,131,110.0,29,20,20,True,False,7.772918160273039e-05
16,random,132,110.0,29,20,20,True,False,7.772918160273039e-05
16,random,133,110.0,29,20,20,True,False,7.772918160273039e-05
16,random,134,120.0,28,20,20,True,False,6.669126940590122e-05
16,random,135,130.0,27,20,20,True,False,6.60999451239226e-05
16,random,136,130.0,27,20,20,True,False,6.60999451239226e-05
16,random,137,140.0,26,20,20,True,False,6.572034862509457e-05
16,random,138,150.0,25,20,20,True,False,6.523442866724422e-05
16,random,139,150.0,25,20,20,True,False,6.523442866724422e-05
16,random,140,150.0,25,20,20,True,False,6.523442866724422e-05
16,random,141,150.0,25,20,20,True,False,6.523442866724422e-05
16,random,142,150.0,25,20,20,True,False,6.523442866724422e-05
16,random,143,150.0,25,20,20,True,False,6.523442866724422e-05
16,random,144,150.0,25,20,20,True,False,6.523442866724422e-05
16,random,145,150.0,25,20,20,True,False,6.523442866724422e-05
16,random,146,150.0,25,20,20,True,False,6.523442866724422e-05
16,random,147,150.0,25,20,20,True,False,6.523442866724422e-05
16,random,148,140.0,26,20,20,True,False,7.614516654919354e-05
16,random,149,150.0,25,20,20,True,False,7.420395249184502e-05
16,random,150,150.0,25,20,20,True,False,7.420395249184502e-05
16,random,151,140.0,26,20,20,True,False,7.886787581892684e-05
16,random,152,150.0,25,20,20,True,False,7.36092319707286e-05
16,random,153,160.0,24,20,20,True,False,4.4200182225889757e-05
16,random,154,150.0,25,20,20,True,False,9.034628409222474e-05
16,random,155,150.0,25,20,20,True,False,9.034628409222474e-05
16,random,156,150.0,25,20,20,True,False,9.034628409222474e-05
16,random,157,150.0,25,20,20,True,False,9.034628409222474e-05
16,random,158,140.0,26,20,20,True,False,9.354772912988156e-05
16,random,159,130.0,27,20,20,True,False,9.361945731962948e-05
16,random,160,130.0,27,20,20,True,False,9.361945731962948e-05
16,random,161,140.0,26,20,20,True,False,9.240335572920036e-05
16,random,162,130.0,27,20,20,True,False,0.0001128301675579681
16,random,163,130.0,27,20,20,True,False,0.0001128301675579681
16,random,164,130.0,27,20,20,True,False,0.0001128301675579681
16,random,165,140.0,26,20,20,True,False,9.962337960167944e-05
16,random,166,140.0,26,20,20,True,False,9.962337960167944e-05
16,random,167,130.0,27,20,20,True,False,0.00010250643410955207
16,random,168,120.0,28,20,20,True,False,0.00010673294448355637
16,random,169,130.0,27,20,20,True,False,0.00010600622577989951
16,random,170,130.0,27,20,20,True,False,0.00010600622577989951
16,random,171,140.0,26,20,20,True,False,9.904746078339262e-05
16,random,172,140.0,26,20,20,True,False,9.904746078339262e-05
16,random,173,140.0,26,20,20,True,False,9.904746078339262e-05
16,random,174,140.0,26,20,20,True,False,9.904746078339262e-05
16,random,175,140.0,26,20,20,True,False,9.904746078339262e-05
16,random,176,140.0,26,20,20,True,False,9.904746078339262e-05
16,random,177,150.0,25,20,20,True,False,7.806030419410019e-05
16,random,178,160.0,24,20,20,True,False,3.317535553051956e-05
16,random,179,160.0,24,20,20,True,False,3.317535553051956e-05
16,random,180,160.0,24,20,20,True,False,3.317535553051956e-05
16,random,181,150.0,25,20,20,True,False,3.4186482945476986e-05
16,random,182,160.0,24,20,20,True,False,3.387211586282276e-05
16,random,183,160.0,24,20,20,True,False,3.387211586282276e-05
16,random,184,150.0,25,20,20,True,False,5.869405665636813e-05
16,random,185,150.0,25,20,20,True,False,5.869405665636813e-05
16,random,186,140.0,26,20,20,True,False,8.26595704134317e-05
16,random,187,150.0,25,20,20,True,False,7.569909675898523e-05
16,random,188,160.0,24,20,20,True,False,4.5312910704412316e-05
16,random,189,160.0,24,20,20,True,False,4.5312910704412316e-05
16,random,190,150.0,25,20,20,True,False,4.570421905794803e-05
16,random,191,150.0,25,20,20,True,False,4.570421905794803e-05
16,random,192,150.0,25,20,20,True,False,4.570421905794803e-05
16,random,193,150.0,25,20,20,True,False,4.570421905794803e-05
16,random,194,150.0,25,20,20,True,False,4.570421905794803e-05
16,random,195,140.0,26,20,20,True,False,4.659012786040206e-05
16,random,196,130.0,27,20,20,True,False,4.6788258161335056e-05
16,random,197,140.0,26,20,20,True,False,4.6368937080519816e-05
16,random,198,140.0,26,20,20,True,False,4.6368937080519816e-05
16,random,199,140.0,26,20,20,True,False,4.6368937080519816e-05
16,random,200,130.0,27,20,20,True,False,8.450159714081475e-05
16,learned,0,140.0,6,10,20,False,False,0.0
16,learned,1,170.0,7,12,20,False,False,0.0
16,learned,2,200.0,8,14,20,False,False,0.0
16,learned,3,210.0,9,15,20,False,False,0.0
16,learned,4,220.0,10,16,20,False,False,0.0
16,learned,5,230.0,11,17,20,False,False,0.0
16,learned,6,240.0,12,18,20,False,False,0.0
16,learned,7,250.0,13,19,20,False,False,0.0
16,learned,8,260.0,14,20,20,True,False,1.4989722258263307e-05
16,learned,9,270.0,13,20,20,True,False,1.4920128512311862e-05
16,learned,10,260.0,14,20,20,True,False,1.4948626685416676e-05
16,learned,11,270.0,13,20,20,True,False,1.4680433675740686e-05
16,learned,12,260.0,14,20,20,True,False,1.6813454073449393e-05
16,learned,13,250.0,15,20,20,True,False,3.830319931042816e-05
16,learned,14,260.0,14,20,20,True,False,3.1300185915295097e-05
16,learned,15,250.0,15,20,20,True,False,4.36930975413628e-05
16,learned,16,240.0,16,20,20,True,False,4.4320444107641025e-05
16,learned,17,230.0,17,20,20,True,False,7.000782954082958e-05
16,learned,18,240.0,16,20,20,True,False,6.707951086664482e-05
16,learned,19,250.0,15,20,20,True,False,3.606975070945517e-05
16,learned,20,240.0,16,20,20,True,False,6.707951086664482e-05
16,learned,21,250.0,15,20,20,True,False,3.606975070945517e-05
16,learned,22,240.0,16,20,20,True,False,6.707951086664482e-05
16,learned,23,250.0,15,20,20,True,False,3.606975070945517e-05
16,learned,24,240.0,16,20,20,True,False,6.707951086664482e-05
16,learned,25,250.0,15,20,20,True,False,3.606975070945517e-05
16,learned,26,240.0,16,20,20,True,False,6.707951086664482e-05
16,learned,27,250.0,15,20,20,True,False,3.606975070945517e-05
16,learned,28,240.0,16,20,20,True,False,6.707951086664482e-05
16,learned,29,250.0,15,20,20,True,False,3.606975070945517e-05
16,learned,30,240.0,16,20,20,True,False,6.707951086664482e-05
16,learned,31,250.0,15,20,20,True,False,3.606975070945517e-05
16,learned,32,240.0,16,20,20,True,False,6.707951086664482e-05
16,learned,33,250.0,15,20,20,True,False,3.606975070945517e-05
16,learned,34,240.0,16,20,20,True,False,6.707951086664482e-05
16,learned,35,250.0,15,20,20,True,False,3.606975070945517e-05
16,learned,36,240.0,16,20,20,True,False,6.707951086664482e-05
16,learned,37,250.0,15,20,20,True,False,3.606975070945517e-05
16,learned,38,240.0,16,20,20,True,False,6.707951086664482e-05
16,learned,39,250.0,15,20,20,True,False,3.606975070945517e-05
16,learned,40,240.0,16,20,20,True,False,6.707951086664482e-05
16,learned,41,250.0,15,20,20,True,False,3.606975070945517e-05
16,learned,42,240.0,16,20,20,True,False,6.707951086664482e-05
16,learned,43,250.0,15,20,20,True,False,3.606975070945517e-05
16,learned,44,240.0,16,20,20,True,False,6.707951086664482e-05
16,learned,45,250.0,15,20,20,True,False,3.606975070945517e-05
16,learned,46,240.0,16,20,20,True,False,6.707951086664482e-05
16,learned,47,250.0,15,20,20,True,False,3.606975070945517e-05
16,learned,48,240.0,16,20,20,True,False,6.707951086664482e-05
16,learned,49,250.0,15,20,20,True,False,3.606975070945517e-05
16,learned,50,240.0,16,20,20,True,False,6.707951086664482e-05
16,learned,51,250.0,15,20,20,True,False,3.606975070945517e-05
16,learned,52,240.0,16,20,20,True,False,6.707951086664482e-05
16,learned,53,250.0,15,20,20,True,False,3.606975070945517e-05
16,learned,54,240.0,16,20,20,True,False,6.707951086664482e-05
16,learned,55,250.0,15,20,20,True,False,3.606975070945517e-05
16,learned,56,240.0,16,20,20,True,False,6.707951086664482e-05
16,learned,57,250.0,15,20,20,True,False,3.606975070945517e-05
16,learned,58,240.0,16,20,20,True,False,6.707951086664482e-05
16,learned,59,250.0,15,20,20,True,False,3.606975070945517e-05
16,learned,60,240.0,16,20,20,True,False,6.707951086664482e-05
16,learned,61,250.0,15,20,20,True,False,3.606975070945517e-05
16,learned,62,240.0,16,20,20,True,False,6.707951086664482e-05
16,learned,63,250.0,15,20,20,True,False,3.606975070945517e-05
16,learned,64,240.0,16,20,20,True,False,6.707951086664482e-05
16,learned,65,250.0,15,20,20,True,False,3.606975070945517e-05
16,learned,66,240.0,16,20,20,True,False,6.707951086664482e-05
16,learned,67,250.0,15,20,20,True,False,3.606975070945517e-05
16,learned,68,240.0,16,20,20,True,False,6.707951086664482e-05
16,learned,69,250.0,15,20,20,True,False,3.606975070945517e-05
16,learned,70,240.0,16,20,20,True,False,6.707951086664482e-05
16,learned,71,250.0,15,20,20,True,False,3.606975070945517e-05
16,learned,72,240.0,16,20,20,True,False,6.707951086664482e-05
16,learned,73,250.0,15,20,20,True,False,3.606975070945517e-05
16,learned,74,240.0,16,20,20,True,False,6.707951086664482e-05
16,learned,75,250.0,15,20,20,True,False,3.606975070945517e-05
16,learned,76,240.0,16,20,20,True,False,6.707951086664482e-05
16,learned,77,250.0,15,20,20,True,False,3.606975070945517e-05
16,learned,78,240.0,16,20,20,True,False,6.707951086664482e-05
16,learned,79,250.0,15,20,20,True,False,3.606975070945517e-05
16,learned,80,240.0,16,20,20,True,False,6.707951086664482e-05
16,learned,81,250.0,15,20,20,True,False,3.606975070945517e-05
16,learned,82,240.0,16,20,20,True,False,6.707951086664482e-05
16,learned,83,250.0,15,20,20,True,False,3.606975070945517e-05
16,learned,84,240.0,16,20,20,True,False,6.707951086664482e-05
16,learned,85,250.0,15,20,20,True,False,3.606975070945517e-05
16,learned,86,240.0,16,20,20,True,False,6.707951086664482e-05
16,learned,87,250.0,15,20,20,True,False,3.606975070945517e-05
16,learned,88,240.0,16,20,20,True,False,6.707951086664482e-05
16,learned,89,250.0,15,20,20,True,False,3.606975070945517e-05
16,learned,90,240.0,16,20,20,True,False,6.707951086664482e-05
16,learned,91,250.0,15,20,20,True,False,3.606975070945517e-05
16,learned,92,240.0,16,20,20,True,False,6.707951086664482e-05
16,learned,93,250.0,15,20,20,True,False,3.606975070945517e-05
16,learned,94,240.0,16,20,20,True,False,6.707951086664482e-05
16,learned,95,250.0,15,20,20,True,False,3.606975070945517e-05
16,learned,96,240.0,16,20,20,True,False,6.707951086664482e-05
16,learned,97,250.0,15,20,20,True,False,3.606975070945517e-05
16,learned,98,240.0,16,20,20,True,False,6.707951086664482e-05
16,learned,99,250.0,15,20,20,True,False,3.606975070945517e-05
16,learned,100,240.0,16,20,20,True,False,6.707951086664482e-05
16,learned,101,250.0,15,20,20,True,False,3.606975070945517e-05
16,learned,102,240.0,16,20,20,True,False,6.707951086664482e-05
16,learned,103,250.0,15,20,20,True,False,3.606975070945517e-05
16,learned,104,240.0,16,20,20,True,False,6.707951086664482e-05
16,learned,105,250.0,15,20,20,True,False,3.606975070945517e-05
16,learned,106,240.0,16,20,20,True,False,6.707951086664482e-05
16,learned,107,250.0,15,20,20,True,False,3.606975070945517e-05
16,learned,108,240.0,16,20,20,True,False,6.707951086664482e-05
16,learned,109,250.0,15,20,20,True,False,3.606975070945517e-05
16,learned,110,240.0,16,20,20,True,False,6.707951086664482e-05
16,learned,111,250.0,15,20,20,True,False,3.606975070945517e-05
16,learned,112,240.0,16,20,20,True,False,6.707951086664482e-05
16,learned,113,250.0,15,20,20,True,False,3.606975070945517e-05
16,learned,114,240.0,16,20,20,True,False,6.707951086664482e-05
16,learned,115,250.0,15,20,20,True,False,3.606975070945517e-05
16,learned,116,240.0,16,20,20,True,False,6.707951086664482e-05
16,learned,117,250.0,15,20,20,True,False,3.606975070945517e-05
16,learned,118,240.0,16,20,20,True,False,6.707951086664482e-05
16,learned,119,250.0,15,20,20,True,False,3.606975070945517e-05
16,learned,120,240.0,16,20,20,True,False,6.707951086664482e-05
16,learned,121,250.0,15,20,20,True,False,3.606975070945517e-05
16,learned,122,240.0,16,20,20,True,False,6.707951086664482e-05
16,learned,123,250.0,15,20,20,True,False,3.606975070945517e-05
16,learned,124,240.0,16,20,20,True,False,6.707951086664482e-05
16,learned,125,250.0,15,20,20,True,False,3.606975070945517e-05
16,learned,126,240.0,16,20,20,True,False,6.707951086664482e-05
16,learned,127,250.0,15,20,20,True,False,3.606975070945517e-05
16,learned,128,240.0,16,20,20,True,False,6.707951086664482e-05
16,learned,129,250.0,15,20,20,True,False,3.606975070945517e-05
16,learned,130,240.0,16,20,20,True,False,6.707951086664482e-05
16,learned,131,250.0,15,20,20,True,False,3.606975070945517e-05
16,learned,132,240.0,16,20,20,True,False,6.707951086664482e-05
16,learned,133,250.0,15,20,20,True,False,3.606975070945517e-05
16,learned,134,240.0,16,20,20,True,False,6.707951086664482e-05
16,learned,135,250.0,15,20,20,True,False,3.606975070945517e-05
16,learned,136,240.0,16,20,20,True,False,6.707951086664482e-05
16,learned,137,250.0,15,20,20,True,False,3.606975070945517e-05
16,learned,138,240.0,16,20,20,True,False,6.707951086664482e-05
16,learned,139,250.0,15,20,20,True,False,3.606975070945517e-05
16,learned,140,240.0,16,20,20,True,False,6.707951086664482e-05
16,learned,141,250.0,15,20,20,True,False,3.606975070945517e-05
16,learned,142,240.0,16,20,20,True,False,6.707951086664482e-05
16,learned,143,250.0,15,20,20,True,False,3.606975070945517e-05
16,learned,144,240.0,16,20,20,True,False,6.707951086664482e-05
16,learned,145,250.0,15,20,20,True,False,3.606975070945517e-05
16,learned,146,240.0,16,20,20,True,False,6.707951086664482e-05
16,learned,147,250.0,15,20,20,True,False,3.606975070945517e-05
16,learned,148,240.0,16,20,20,True,False,6.707951086664482e-05
16,learned,149,250.0,15,20,20,True,False,3.606975070945517e-05
16,learned,150,240.0,16,20,20,True,False,6.707951086664482e-05
16,learned,151,250.0,15,20,20,True,False,3.606975070945517e-05
16,learned,152,240.0,16,20,20,True,False,6.707951086664482e-05
16,learned,153,250.0,15,20,20,True,False,3.606975070945517e-05
16,learned,154,240.0,16,20,20,True,False,6.707951086664482e-05
16,learned,155,250.0,15,20,20,True,False,3.606975070945517e-05
16,learned,156,240.0,16,20,20,True,False,6.707951086664482e-05
16,learned,157,250.0,15,20,20,True,False,3.606975070945517e-05
16,learned,158,240.0,16,20,20,True,False,6.707951086664482e-05
16,learned,159,250.0,15,20,20,True,False,3.606975070945517e-05
16,learned,160,240.0,16,20,20,True,False,6.707951086664482e-05
16,learned,161,250.0,15,20,20,True,False,3.606975070945517e-05
16,learned,162,240.0,16,20,20,True,False,6.707951086664482e-05
16,learned,163,250.0,15,20,20,True,False,3.606975070945517e-05
16,learned,164,240.0,16,20,20,True,False,6.707951086664482e-05
16,learned,165,250.0,15,20,20,True,False,3.606975070945517e-05
16,learned,166,240.0,16,20,20,True,False,6.707951086664482e-05
16,learned,167,250.0,15,20,20,True,False,3.606975070945517e-05
16,learned,168,240.0,16,20,20,True,False,6.707951086664482e-05
16,learned,169,250.0,15,20,20,True,False,3.606975070945517e-05
16,learned,170,240.0,16,20,20,True,False,6.707951086664482e-05
16,learned,171,250.0,15,20,20,True,False,3.606975070945517e-05
16,learned,172,240.0,16,20,20,True,False,6.707951086664482e-05
16,learned,173,250.0,15,20,20,True,False,3.606975070945517e-05
16,learned,174,240.0,16,20,20,True,False,6.707951086664482e-05
16,learned,175,250.0,15,20,20,True,False,3.606975070945517e-05
16,learned,176,240.0,16,20,20,True,False,6.707951086664482e-05
16,learned,177,250.0,15,20,20,True,False,3.606975070945517e-05
16,learned,178,240.0,16,20,20,True,False,6.707951086664482e-05
16,learned,179,250.0,15,20,20,True,False,3.606975070945517e-05
16,learned,180,240.0,16,20,20,True,False,6.707951086664482e-05
16,learned,181,250.0,15,20,20,True,False,3.606975070945517e-05
16,learned,182,240.0,16,20,20,True,False,6.707951086664482e-05
16,learned,183,250.0,15,20,20,True,False,3.606975070945517e-05
16,learned,184,240.0,16,20,20,True,False,6.707951086664482e-05
16,learned,185,250.0,15,20,20,True,False,3.606975070945517e-05
16,learned,186,240.0,16,20,20,True,False,6.707951086664482e-05
16,learned,187,250.0,15,20,20,True,False,3.606975070945517e-05
16,learned,188,240.0,16,20,20,True,False,6.707951086664482e-05
16,learned,189,250.0,15,20,20,True,False,3.606975070945517e-05
16,learned,190,240.0,16,20,20,True,False,6.707951086664482e-05
16,learned,191,250.0,15,20,20,True,False,3.606975070945517e-05
16,learned,192,240.0,16,20,20,True,False,6.707951086664482e-05
16,learned,193,250.0,15,20,20,True,False,3.606975070945517e-05
16,learned,194,240.0,16,20,20,True,False,6.707951086664482e-05
16,learned,195,250.0,15,20,20,True,False,3.606975070945517e-05
16,learned,196,240.0,16,20,20,True,False,6.707951086664482e-05
16,learned,197,250.0,15,20,20,True,False,3.606975070945517e-05
16,learned,198,240.0,16,20,20,True,False,6.707951086664482e-05
16,learned,199,250.0,15,20,20,True,False,3.606975070945517e-05
16,learned,200,240.0,16,20,20,True,False,6.707951086664482e-05
17,initial,0,270.0,13,20,20,True,False,1.7423931901201828e-08
17,greedy,0,270.0,13,20,20,True,False,1.7423931901201828e-08
17,greedy,1,280.0,12,20,20,True,False,1.7319498027619985e-08
17,greedy,2,290.0,11,20,20,True,False,1.607466752888646e-08
17,greedy,3,300.0,10,20,20,True,True,1.5901457550638025e-08
17,random,0,270.0,13,20,20,True,False,1.7423931901201828e-08
17,random,1,260.0,14,20,20,True,False,1.7638265312800305e-08
17,random,2,250.0,15,20,20,True,False,2.116967139000245e-08
17,random,3,240.0,16,20,20,True,False,2.218834627374273e-08
17,random,4,230.0,17,20,20,True,False,2.5878590140964234e-08
17,random,5,220.0,18,20,20,True,False,6.482501624332922e-07
17,random,6,210.0,19,20,20,True,False,1.13044713888431e-06
17,random,7,210.0,19,20,20,True,False,1.13044713888431e-06
17,random,8,210.0,19,20,20,True,False,1.13044713888431e-06
17,random,9,210.0,19,20,20,True,False,1.13044713888431e-06
17,random,10,210.0,19,20,20,True,False,1.13044713888431e-06
17,random,11,200.0,18,19,20,False,False,0.0
17,random,12,190.0,19,19,20,False,False,0.0
17,random,13,200.0,18,19,20,False,False,0.0
17,random,14,190.0,19,19,20,False,False,0.0
17,random,15,190.0,19,19,20,False,False,0.0
17,random,16,180.0,20,19,20,False,False,0.0
17,random,17,170.0,21,19,20,False,False,0.0
17,random,18,180.0,22,20,20,True,False,5.126170884522134e-06
17,random,19,170.0,23,20,20,True,False,5.542248050206451e-06
17,random,20,170.0,23,20,20,True,False,5.542248050206451e-06
17,random,21,170.0,23,20,20,True,False,5.542248050206451e-06
17,random,22,170.0,23,20,20,True,False,5.542248050206451e-06
17,random,23,170.0,23,20,20,True,False,5.542248050206451e-06
17,random,24,170.0,23,20,20,True,False,5.542248050206451e-06
17,random,25,160.0,24,20,20,True,False,5.651229398939829e-06
17,random,26,160.0,24,20,20,True,False,5.651229398939829e-06
17,random,27,170.0,23,20,20,True,False,5.333734405396325e-06
17,random,28,160.0,24,20,20,True,False,5.412418889092959e-06
17,random,29,150.0,25,20,20,True,False,8.901969933730382e-06
17,random,30,150.0,25,20,20,True,False,8.901969933730382e-06
17,random,31,160.0,24,20,20,True,False,7.83886224820706e-06
17,random,32,170.0,23,20,20,True,False,7.66038107840268e-06
17,random,33,180.0,22,20,20,True,False,7.272494729509641e-06
17,random,34,180.0,22,20,20,True,False,7.272494729509641e-06
17,random,35,180.0,22,20,20,True,False,7.272494729509641e-06
17,random,36,170.0,23,20,20,True,False,7.51598054776061e-06
17,random,37,180.0,22,20,20,True,False,6.730484119497617e-06
17,random,38,190.0,21,20,20,True,False,6.2333435239195725e-06
17,random,39,200.0,20,20,20,True,False,6.005069547516728e-06
17,random,40,200.0,20,20,20,True,False,6.005069547516728e-06
17,random,41,200.0,20,20,20,True,False,6.005069547516728e-06
17,random,42,200.0,20,20,20,True,False,6.005069547516728e-06
17,random,43,200.0,20,20,20,True,False,6.005069547516728e-06
17,random,44,210.0,19,20,20,True,False,5.716569544007164e-06
17,random,45,210.0,19,20,20,True,False,5.716569544007164e-06
17,random,46,220.0,18,20,20,True,False,5.568043696997636e-06
17,random,47,220.0,18,20,20,True,False,5.568043696997636e-06
17,random,48,210.0,19,20,20,True,False,5.929926215867811e-06
17,random,49,220.0,18,20,20,True,False,5.6781439988905455e-06
17,random,50,210.0,19,20,20,True,False,5.681328617653959e-06
17,random,51,200.0,20,20,20,True,False,1.5309879049821946e-05
17,random,52,200.0,20,20,20,True,False,1.5309879049821946e-05
17,random,53,210.0,19,20,20,True,False,5.681328617653959e-06
17,random,54,200.0,20,20,20,True,False,6.667844573227371e-06
17,random,55,190.0,21,20,20,True,False,7.114618059936308e-06
17,random,56,190.0,21,20,20,True,False,7.114618059936308e-06
17,random,57,190.0,21,20,20,True,False,7.114618059936308e-06
17,random,58,180.0,22,20,20,True,False,7.463275463432834e-06
17,random,59,180.0,22,20,20,True,False,7.463275463432834e-06
17,random,60,180.0,22,20,20,True,False,7.463275463432834e-06
17,random,61,180.0,22,20,20,True,False,7.463275463432834e-06
17,random,62,180.0,22,20,20,True,False,7.463275463432834e-06
17,random,63,170.0,23,20,20,True,False,7.4818437636552415e-06
17,random,64,160.0,24,20,20,True,False,7.834586603618905e-06
17,random,65,160.0,24,20,20,True,False,7.834586603618905e-06
17,random,66,150.0,25,20,20,True,False,8.758446053216183e-06
17,random,67,140.0,26,20,20,True,False,2.887213315160016e-05
17,random,68,140.0,26,20,20,True,False,2.887213315160016e-05
17,random,69,150.0,25,20,20,True,False,2.8678054709075112e-05
17,random,70,150.0,25,20,20,True,False,2.8678054709075112e-05
17,random,71,160.0,24,20,20,True,False,2.8266390469689717e-05
17,random,72,160.0,24,20,20,True,False,2.8266390469689717e-05
17,random,73,160.0,24,20,20,True,False,2.8266390469689717e-05
17,random,74,150.0,25,20,20,True,False,2.8636939186012566e-05
17,random,75,150.0,25,20,20,True,False,2.8636939186012566e-05
17,random,76,160.0,24,20,20,True,False,2.7303462984446746e-05
17,random,77,150.0,25,20,20,True,False,2.7573929773757424e-05
17,random,78,140.0,26,20,20,True,False,3.717459587346318e-05
17,random,79,150.0,25,20,20,True,False,3.137660640657909e-05
17,random,80,150.0,25,20,20,True,False,3.137660640657909e-05
17,random,81,160.0,24,20,20,True,False,1.476361739680465e-05
17,random,82,150.0,25,20,20,True,False,1.6611269615797774e-05
17,random,83,150.0,25,20,20,True,False,1.6611269615797774e-05
17,random,84,160.0,24,20,20,True,False,1.659174898772247e-05
17,random,85,150.0,25,20,20,True,False,4.4281582667881126e-05
17,random,86,140.0,26,20,20,True,False,4.524634020115971e-05
17,random,87,150.0,25,20,20,True,False,4.489526285722382e-05
17,random,88,150.0,25,20,20,True,False,4.489526285722382e-05
17,random,89,150.0,25,20,20,True,False,4.489526285722382e-05
17,random,90,150.0,25,20,20,True,False,4.489526285722382e-05
17,random,91,160.0,24,20,20,True,False,4.4578209322290064e-05
17,random,92,160.0,24,20,20,True,False,4.4578209322290064e-05
17,random,93,170.0,23,20,20,True,False,4.368378150010611e-05
17,random,94,170.0,23,20,20,True,False,4.368378150010611e-05
17,random,95,170.0,23,20,20,True,False,4.368378150010611e-05
17,random,96,170.0,23,20,20,True,False,4.368378150010611e-05
17,random,97,180.0,22,20,20,True,False,4.255968343118566e-05
17,random,98,180.0,22,20,20,True,False,4.255968343118566e-05
17,random,99,180.0,22,20,20,True,False,4.255968343118566e-05
17,random,100,190.0,21,20,20,True,False,4.160919745610841e-05
17,random,101,180.0,22,20,20,True,False,4.3448026010040145e-05
17,random,102,180.0,22,20,20,True,False,4.3448026010040145e-05
17,random,103,170.0,23,20,20,True,False,4.345248304729275e-05
17,random,104,180.0,22,20,20,True,False,4.2615709531333255e-05
17,random,105,180.0,22,20,20,True,False,4.2615709531333255e-05
17,random,106,180.0,22,20,20,True,False,4.2615709531333255e-05
17,random,107,170.0,23,20,20,True,False,4.263438558695754e-05
17,random,108,180.0,22,20,20,True,False,4.066473695812331e-05
17,random,109,180.0,22,20,20,True,False,4.066473695812331e-05
17,random,110,180.0,22,20,20,True,False,4.066473695812331e-05
17,random,111,170.0,23,20,20,True,False,4.474669784790735e-05
17,random,112,170.0,23,20,20,True,False,4.474669784790735e-05
17,random,113,180.0,22,20,20,True,False,2.721338177443735e-05
17,random,114,180.0,22,20,20,True,False,2.721338177443735e-05
17,random,115,190.0,21,20,20,True,False,2.697154898009364e-05
17,random,116,200.0,20,20,20,True,False,4.0652046705903835e-06
17,random,117,210.0,19,20,20,True,False,4.050364588326806e-06
17,random,118,200.0,20,20,20,True,False,4.05492134102935e-06
17,random,119,200.0,20,20,20,True,False,4.05492134102935e-06
17,random,120,190.0,21,20,20,True,False,4.197842956842579e-06
17,random,121,200.0,20,20,20,True,False,4.054921341029241e-06
17,random,122,190.0,21,20,20,True,False,4.056417140913706e-06
17,random,123,180.0,22,20,20,True,False,1.812989148991414e-05
17,random,124,170.0,23,20,20,True,False,2.6667003682048092e-05
17,random,125,180.0,22,20,20,True,False,2.6413558582124656e-05
17,random,126,190.0,21,20,20,True,False,1.292337311099894e-05
17,random,127,180.0,22,20,20,True,False,1.3089944066366993e-05
17,random,128,180.0,22,20,20,True,False,1.3089944066366993e-05
17,random,129,170.0,23,20,20,True,False,1.3423142401569235e-05
17,random,130,170.0,23,20,20,True,False,1.3423142401569235e-05
17,random,131,180.0,22,20,20,True,False,1.2152824010320873e-05
17,random,132,180.0,22,20,20,True,False,1.2152824010320873e-05
17,random,133,190.0,21,20,20,True,False,1.1522840559091844e-05
17,random,134,180.0,22,20,20,True,False,1.159215786964758e-05
17,random,135,190.0,21,20,20,True,False,1.1501310896468113e-05
17,random,136,190.0,21,20,20,True,False,1.1501310896468113e-05
17,random,137,200.0,20,20,20,True,False,9.761932836917962e-06
17,random,138,190.0,21,20,20,True,False,9.829200326700625e-06
17,random,139,190.0,21,20,20,True,False,9.829200326700625e-06
17,random,140,200.0,20,20,20,True,False,9.82825978793652e-06
17,random,141,200.0,20,20,20,True,False,9.82825978793652e-06
17,random,142,190.0,21,20,20,True,False,9.908068223798236e-06
17,random,143,200.0,20,20,20,True,False,9.856178626890235e-06
17,random,144,190.0,21,20,20,True,False,1.0485494294348196e-05
17,random,145,200.0,20,20,20,True,False,1.047279517414271e-05
17,random,146,200.0,20,20,20,True,False,1.047279517414271e-05
17,random,147,200.0,20,20,20,True,False,1.047279517414271e-05
17,random,148,190.0,21,20,20,True,False,1.0489835346097552e-05
17,random,149,190.0,21,20,20,True,False,1.0489835346097552e-05
17,random,150,190.0,21,20,20,True,False,1.0489835346097552e-05
17,random,151,190.0,21,20,20,True,False,1.0489835346097552e-05
17,random,152,200.0,20,20,20,True,False,3.443437973932453e-07
17,random,153,190.0,21,20,20,True,False,3.486409426928974e-07
17,random,154,180.0,22,20,20,True,False,3.48894747495579e-07
17,random,155,180.0,22,20,20,True,False,3.48894747495579e-07
17,random,156,180.0,22,20,20,True,False,3.48894747495579e-07
17,random,157,180.0,22,20,20,True,False,3.48894747495579e-07
17,random,158,190.0,21,20,20,True,False,3.4729134508086003e-07
17,random,159,180.0,22,20,20,True,False,7.175778602372916e-06
17,random,160,180.0,22,20,20,True,False,7.175778602372916e-06
17,random,161,170.0,23,20,20,True,False,7.224092139145478e-06
17,random,162,170.0,23,20,20,True,False,7.224092139145478e-06
17,random,163,160.0,24,20,20,True,False,9.967099798845669e-06
17,random,164,160.0,24,20,20,True,False,9.967099798845669e-06
17,random,165,160.0,24,20,20,True,False,9.967099798845669e-06
17,random,166,160.0,24,20,20,True,False,9.967099798845669e-06
17,random,167,160.0,24,20,20,True,False,9.967099798845669e-06
17,random,168,160.0,24,20,20,True,False,9.967099798845669e-06
17,random,169,150.0,25,20,20,True,False,9.972793741646439e-06
17,random,170,150.0,25,20,20,True,False,9.972793741646439e-06
17,random,171,150.0,25,20,20,True,False,9.972793741646439e-06
17,random,172,160.0,24,20,20,True,False,9.093550426807809e-06
17,random,173,170.0,23,20,20,True,False,7.052627811659526e-06
17,random,174,170.0,23,20,20,True,False,7.052627811659526e-06
17,random,175,170.0,23,20,20,True,False,7.052627811659526e-06
17,random,176,160.0,24,20,20,True,False,7.682450815956479e-06
17,random,177,160.0,24,20,20,True,False,7.682450815956479e-06
17,random,178,150.0,25,20,20,True,False,7.871895636610088e-06
17,random,179,150.0,25,20,20,True,False,7.871895636610088e-06
17,random,180,160.0,24,20,20,True,False,7.098051912824201e-06
17,random,181,160.0,24,20,20,True,False,7.098051912824201e-06
17,random,182,160.0,24,20,20,True,False,7.098051912824201e-06
17,random,183,150.0,25,20,20,True,False,8.438418745161609e-06
17,random,184,150.0,25,20,20,True,False,8.438418745161609e-06
17,random,185,140.0,26,20,20,True,False,8.721331675510118e-06
17,random,186,140.0,26,20,20,True,False,8.721331675510118e-06
17,random,187,140.0,26,20,20,True,False,8.721331675510118e-06
17,random,188,150.0,25,20,20,True,False,8.589269025563249e-06
17,random,189,140.0,26,20,20,True,False,9.923679706450481e-06
17,random,190,140.0,26,20,20,True,False,9.923679706450481e-06
17,random,191,140.0,26,20,20,True,False,9.923679706450481e-06
17,random,192,130.0,27,20,20,True,False,1.4555505861952086e-05
17,random,193,130.0,27,20,20,True,False,1.4555505861952086e-05
17,random,194,130.0,27,20,20,True,False,1.4555505861952086e-05
17,random,195,140.0,26,20,20,True,False,1.3420896742719811e-05
17,random,196,130.0,27,20,20,True,False,1.3915399270427359e-05
17,random,197,130.0,27,20,20,True,False,1.3915399270427359e-05
17,random,198,130.0,27,20,20,True,False,1.3915399270427359e-05
17,random,199,140.0,26,20,20,True,False,1.3053238573210285e-05
17,random,200,140.0,26,20,20,True,False,1.3053238573210285e-05
17,learned,0,270.0,13,20,20,True,False,1.7423931901201828e-08
17,learned,1,260.0,14,20,20,True,False,3.439185320226987e-07
17,learned,2,250.0,15,20,20,True,False,2.451840753126835e-06
17,learned,3,240.0,16,20,20,True,False,2.6859116428679374e-06
17,learned,4,250.0,15,20,20,True,False,2.651157161486862e-06
17,learned,5,260.0,14,20,20,True,False,2.295610237550627e-06
17,learned,6,270.0,13,20,20,True,False,2.2354487735865885e-06
17,learned,7,260.0,14,20,20,True,False,2.610466096267159e-06
17,learned,8,250.0,15,20,20,True,False,3.5082854607963657e-06
17,learned,9,260.0,14,20,20,True,False,2.610466096267159e-06
17,learned,10,250.0,15,20,20,True,False,3.5082854607963657e-06
17,learned,11,260.0,14,20,20,True,False,2.610466096267159e-06
17,learned,12,250.0,15,20,20,True,False,3.5082854607963657e-06
17,learned,13,260.0,14,20,20,True,False,2.610466096267159e-06
17,learned,14,250.0,15,20,20,True,False,3.5082854607963657e-06
17,learned,15,260.0,14,20,20,True,False,2.610466096267159e-06
17,learned,16,250.0,15,20,20,True,False,3.5082854607963657e-06
17,learned,17,260.0,14,20,20,True,False,2.610466096267159e-06
17,learned,18,250.0,15,20,20,True,False,3.5082854607963657e-06
17,learned,19,260.0,14,20,20,True,False,2.610466096267159e-06
17,learned,20,250.0,15,20,20,True,False,3.5082854607963657e-06
17,learned,21,260.0,14,20,20,True,False,2.610466096267159e-06
17,learned,22,250.0,15,20,20,True,False,3.5082854607963657e-06
17,learned,23,260.0,14,20,20,True,False,2.610466096267159e-06
17,learned,24,250.0,15,20,20,True,False,3.5082854607963657e-06
17,learned,25,260.0,14,20,20,True,False,2.610466096267159e-06
17,learned,26,250.0,15,20,20,True,False,3.5082854607963657e-06
17,learned,27,260.0,14,20,20,True,False,2.610466096267159e-06
17,learned,28,250.0,15,20,20,True,False,3.5082854607963657e-06
17,learned,29,260.0,14,20,20,True,False,2.610466096267159e-06
17,learned,30,250.0,15,20,20,True,False,3.5082854607963657e-06
17,learned,31,260.0,14,20,20,True,False,2.610466096267159e-06
17,learned,32,250.0,15,20,20,True,False,3.5082854607963657e-06
17,learned,33,260.0,14,20,20,True,False,2.610466096267159e-06
17,learned,34,250.0,15,20,20,True,False,3.5082854607963657e-06
17,learned,35,260.0,14,20,20,True,False,2.610466096267159e-06
17,learned,36,250.0,15,20,20,True,False,3.5082854607963657e-06
17,learned,37,260.0,14,20,20,True,False,2.610466096267159e-06
17,learned,38,250.0,15,20,20,True,False,3.5082854607963657e-06
17,learned,39,260.0,14,20,20,True,False,2.610466096267159e-06
17,learned,40,250.0,15,20,20,True,False,3.5082854607963657e-06
17,learned,41,260.0,14,20,20,True,False,2.610466096267159e-06
17,learned,42,250.0,15,20,20,True,False,3.5082854607963657e-06
17,learned,43,260.0,14,20,20,True,False,2.610466096267159e-06
17,learned,44,250.0,15,20,20,True,False,3.5082854607963657e-06
17,learned,45,260.0,14,20,20,True,False,2.610466096267159e-06
17,learned,46,250.0,15,20,20,True,False,3.5082854607963657e-06
17,learned,47,260.0,14,20,20,True,False,2.610466096267159e-06
17,learned,48,250.0,15,20,20,True,False,3.5082854607963657e-06
17,learned,49,260.0,14,20,20,True,False,2.610466096267159e-06
17,learned,50,250.0,15,20,20,True,False,3.5082854607963657e-06
17,learned,51,260.0,14,20,20,True,False,2.610466096267159e-06
17,learned,52,250.0,15,20,20,True,False,3.5082854607963657e-06
17,learned,53,260.0,14,20,20,True,False,2.610466096267159e-06
17,learned,54,250.0,15,20,20,True,False,3.5082854607963657e-06
17,learned,55,260.0,14,20,20,True,False,2.610466096267159e-06
17,learned,56,250.0,15,20,20,True,False,3.5082854607963657e-06
17,learned,57,260.0,14,20,20,True,False,2.610466096267159e-06
17,learned,58,250.0,15,20,20,True,False,3.5082854607963657e-06
17,learned,59,260.0,14,20,20,True,False,2.610466096267159e-06
17,learned,60,250.0,15,20,20,True,False,3.5082854607963657e-06
17,learned,61,260.0,14,20,20,True,False,2.610466096267159e-06
17,learned,62,250.0,15,20,20,True,False,3.5082854607963657e-06
17,learned,63,260.0,14,20,20,True,False,2.610466096267159e-06
17,learned,64,250.0,15,20,20,True,False,3.5082854607963657e-06
17,learned,65,260.0,14,20,20,True,False,2.610466096267159e-06
17,learned,66,250.0,15,20,20,True,False,3.5082854607963657e-06
17,learned,67,260.0,14,20,20,True,False,2.610466096267159e-06
17,learned,68,250.0,15,20,20,True,False,3.5082854607963657e-06
17,learned,69,260.0,14,20,20,True,False,2.610466096267159e-06
17,learned,70,250.0,15,20,20,True,False,3.5082854607963657e-06
17,learned,71,260.0,14,20,20,True,False,2.610466096267159e-06
17,learned,72,250.0,15,20,20,True,False,3.5082854607963657e-06
17,learned,73,260.0,14,20,20,True,False,2.610466096267159e-06
17,learned,74,250.0,15,20,20,True,False,3.5082854607963657e-06
17,learned,75,260.0,14,20,20,True,False,2.610466096267159e-06
17,learned,76,250.0,15,20,20,True,False,3.5082854607963657e-06
17,learned,77,260.0,14,20,20,True,False,2.610466096267159e-06
17,learned,78,250.0,15,20,20,True,False,3.5082854607963657e-06
17,learned,79,260.0,14,20,20,True,False,2.610466096267159e-06
17,learned,80,250.0,15,20,20,True,False,3.5082854607963657e-06
17,learned,81,260.0,14,20,20,True,False,2.610466096267159e-06
17,learned,82,250.0,15,20,20,True,False,3.5082854607963657e-06
17,learned,83,260.0,14,20,20,True,False,2.610466096267159e-06
17,learned,84,250.0,15,20,20,True,False,3.5082854607963657e-06
17,learned,85,260.0,14,20,20,True,False,2.610466096267159e-06
17,learned,86,250.0,15,20,20,True,False,3.5082854607963657e-06
17,learned,87,260.0,14,20,20,True,False,2.610466096267159e-06
17,learned,88,250.0,15,20,20,True,False,3.5082854607963657e-06
17,learned,89,260.0,14,20,20,True,False,2.610466096267159e-06
17,learned,90,250.0,15,20,20,True,False,3.5082854607963657e-06
17,learned,91,260.0,14,20,20,True,False,2.610466096267159e-06
17,learned,92,250.0,15,20,20,True,False,3.5082854607963657e-06
17,learned,93,260.0,14,20,20,True,False,2.610466096267159e-06
17,learned,94,250.0,15,20,20,True,False,3.5082854607963657e-06
17,learned,95,260.0,14,20,20,True,False,2.610466096267159e-06
17,learned,96,250.0,15,20,20,True,False,3.5082854607963657e-06
17,learned,97,260.0,14,20,20,True,False,2.610466096267159e-06
17,learned,98,250.0,15,20,20,True,False,3.5082854607963657e-06
17,learned,99,260.0,14,20,20,True,False,2.610466096267159e-06
17,learned,100,250.0,15,20,20,True,False,3.5082854607963657e-06
17,learned,101,260.0,14,20,20,True,False,2.610466096267159e-06
17,learned,102,250.0,15,20,20,True,False,3.5082854607963657e-06
17,learned,103,260.0,14,20,20,True,False,2.610466096267159e-06
17,learned,104,250.0,15,20,20,True,False,3.5082854607963657e-06
17,learned,105,260.0,14,20,20,True,False,2.610466096267159e-06
17,learned,106,250.0,15,20,20,True,False,3.5082854607963657e-06
17,learned,107,260.0,14,20,20,True,False,2.610466096267159e-06
17,learned,108,250.0,15,20,20,True,False,3.5082854607963657e-06
17,learned,109,260.0,14,20,20,True,False,2.610466096267159e-06
17,learned,110,250.0,15,20,20,True,False,3.5082854607963657e-06
17,learned,111,260.0,14,20,20,True,False,2.610466096267159e-06
17,learned,112,250.0,15,20,20,True,False,3.5082854607963657e-06
17,learned,113,260.0,14,20,20,True,False,2.610466096267159e-06
17,learned,114,250.0,15,20,20,True,False,3.5082854607963657e-06
17,learned,115,260.0,14,20,20,True,False,2.610466096267159e-06
17,learned,116,250.0,15,20,20,True,False,3.5082854607963657e-06
17,learned,117,260.0,14,20,20,True,False,2.610466096267159e-06
17,learned,118,250.0,15,20,20,True,False,3.5082854607963657e-06
17,learned,119,260.0,14,20,20,True,False,2.610466096267159e-06
17,learned,120,250.0,15,20,20,True,False,3.5082854607963657e-06
17,learned,121,260.0,14,20,20,True,False,2.610466096267159e-06
17,learned,122,250.0,15,20,20,True,False,3.5082854607963657e-06
17,learned,123,260.0,14,20,20,True,False,2.610466096267159e-06
17,learned,124,250.0,15,20,20,True,False,3.5082854607963657e-06
17,learned,125,260.0,14,20,20,True,False,2.610466096267159e-06
17,learned,126,250.0,15,20,20,True,False,3.5082854607963657e-06
17,learned,127,260.0,14,20,20,True,False,2.610466096267159e-06
17,learned,128,250.0,15,20,20,True,False,3.5082854607963657e-06
17,learned,129,260.0,14,20,20,True,False,2.610466096267159e-06
17,learned,130,250.0,15,20,20,True,False,3.5082854607963657e-06
17,learned,131,260.0,14,20,20,True,False,2.610466096267159e-06
17,learned,132,250.0,15,20,20,True,False,3.5082854607963657e-06
17,learned,133,260.0,14,20,20,True,False,2.610466096267159e-06
17,learned,134,250.0,15,20,20,True,False,3.5082854607963657e-06
17,learned,135,260.0,14,20,20,True,False,2.610466096267159e-06
17,learned,136,250.0,15,20,20,True,False,3.5082854607963657e-06
17,learned,137,260.0,14,20,20,True,False,2.610466096267159e-06
17,learned,138,250.0,15,20,20,True,False,3.5082854607963657e-06
17,learned,139,260.0,14,20,20,True,False,2.610466096267159e-06
17,learned,140,250.0,15,20,20,True,False,3.5082854607963657e-06
17,learned,141,260.0,14,20,20,True,False,2.610466096267159e-06
17,learned,142,250.0,15,20,20,True,False,3.5082854607963657e-06
17,learned,143,260.0,14,20,20,True,False,2.610466096267159e-06
17,learned,144,250.0,15,20,20,True,False,3.5082854607963657e-06
17,learned,145,260.0,14,20,20,True,False,2.610466096267159e-06
17,learned,146,250.0,15,20,20,True,False,3.5082854607963657e-06
17,learned,147,260.0,14,20,20,True,False,2.610466096267159e-06
17,learned,148,250.0,15,20,20,True,False,3.5082854607963657e-06
17,learned,149,260.0,14,20,20,True,False,2.610466096267159e-06
17,learned,150,250.0,15,20,20,True,False,3.5082854607963657e-06
17,learned,151,260.0,14,20,20,True,False,2.610466096267159e-06
17,learned,152,250.0,15,20,20,True,False,3.5082854607963657e-06
17,learned,153,260.0,14,20,20,True,False,2.610466096267159e-06
17,learned,154,250.0,15,20,20,True,False,3.5082854607963657e-06
17,learned,155,260.0,14,20,20,True,False,2.610466096267159e-06
17,learned,156,250.0,15,20,20,True,False,3.5082854607963657e-06
17,learned,157,260.0,14,20,20,True,False,2.610466096267159e-06
17,learned,158,250.0,15,20,20,True,False,3.5082854607963657e-06
17,learned,159,260.0,14,20,20,True,False,2.610466096267159e-06
17,learned,160,250.0,15,20,20,True,False,3.5082854607963657e-06
17,learned,161,260.0,14,20,20,True,False,2.610466096267159e-06
17,learned,162,250.0,15,20,20,True,False,3.5082854607963657e-06
17,learned,163,260.0,14,20,20,True,False,2.610466096267159e-06
17,learned,164,250.0,15,20,20,True,False,3.5082854607963657e-06
17,learned,165,260.0,14,20,20,True,False,2.610466096267159e-06
17,learned,166,250.0,15,20,20,True,False,3.5082854607963657e-06
17,learned,167,260.0,14,20,20,True,False,2.610466096267159e-06
17,learned,168,250.0,15,20,20,True,False,3.5082854607963657e-06
17,learned,169,260.0,14,20,20,True,False,2.610466096267159e-06
17,learned,170,250.0,15,20,20,True,False,3.5082854607963657e-06
17,learned,171,260.0,14,20,20,True,False,2.610466096267159e-06
17,learned,172,250.0,15,20,20,True,False,3.5082854607963657e-06
17,learned,173,260.0,14,20,20,True,False,2.610466096267159e-06
17,learned,174,250.0,15,20,20,True,False,3.5082854607963657e-06
17,learned,175,260.0,14,20,20,True,False,2.610466096267159e-06
17,learned,176,250.0,15,20,20,True,False,3.5082854607963657e-06
17,learned,177,260.0,14,20,20,True,False,2.610466096267159e-06
17,learned,178,250.0,15,20,20,True,False,3.5082854607963657e-06
17,learned,179,260.0,14,20,20,True,False,2.610466096267159e-06
17,learned,180,250.0,15,20,20,True,False,3.5082854607963657e-06
17,learned,181,260.0,14,20,20,True,False,2.610466096267159e-06
17,learned,182,250.0,15,20,20,True,False,3.5082854607963657e-06
17,learned,183,260.0,14,20,20,True,False,2.610466096267159e-06
17,learned,184,250.0,15,20,20,True,False,3.5082854607963657e-06
17,learned,185,260.0,14,20,20,True,False,2.610466096267159e-06
17,learned,186,250.0,15,20,20,True,False,3.5082854607963657e-06
17,learned,187,260.0,14,20,20,True,False,2.610466096267159e-06
17,learned,188,250.0,15,20,20,True,False,3.5082854607963657e-06
17,learned,189,260.0,14,20,20,True,False,2.610466096267159e-06
17,learned,190,250.0,15,20,20,True,False,3.5082854607963657e-06
17,learned,191,260.0,14,20,20,True,False,2.610466096267159e-06
17,learned,192,250.0,15,20,20,True,False,3.5082854607963657e-06
17,learned,193,260.0,14,20,20,True,False,2.610466096267159e-06
17,learned,194,250.0,15,20,20,True,False,3.5082854607963657e-06
17,learned,195,260.0,14,20,20,True,False,2.610466096267159e-06
17,learned,196,250.0,15,20,20,True,False,3.5082854607963657e-06
17,learned,197,260.0,14,20,20,True,False,2.610466096267159e-06
17,learned,198,250.0,15,20,20,True,False,3.5082854607963657e-06
17,learned,199,260.0,14,20,20,True,False,2.610466096267159e-06
17,learned,200,250.0,15,20,20,True,False,3.5082854607963657e-06
18,initial,0,210.0,9,15,20,False,False,0.0
18,greedy,0,210.0,9,15,20,False,False,0.0
18,greedy,1,240.0,10,17,20,False,False,0.0
18,greedy,2,270.0,11,19,20,False,False,0.0
18,greedy,3,280.0,12,20,20,True,False,2.225049219601041e-08
18,greedy,4,290.0,11,20,20,True,False,2.2240500932531755e-08
18,random,0,210.0,9,15,20,False,False,0.0
18,random,1,210.0,9,15,20,False,False,0.0
18,random,2,240.0,10,17,20,False,False,0.0
18,random,3,250.0,11,18,20,False,False,0.0
18,random,4,220.0,10,16,20,False,False,0.0
18,random,5,250.0,11,18,20,False,False,0.0
18,random,6,250.0,11,18,20,False,False,0.0
18,random,7,250.0,11,18,20,False,False,0.0
18,random,8,250.0,11,18,20,False,False,0.0
18,random,9,250.0,11,18,20,False,False,0.0
18,random,10,280.0,12,20,20,True,False,2.3528320739791547e-07
18,random,11,280.0,12,20,20,True,False,2.3528320739791547e-07
18,random,12,270.0,13,20,20,True,False,2.2286947718053887e-06
18,random,13,270.0,13,20,20,True,False,2.2286947718053887e-06
18,random,14,270.0,13,20,20,True,False,2.2286947718053887e-06
18,random,15,270.0,13,20,20,True,False,2.2286947718053887e-06
18,random,16,260.0,12,19,20,False,False,0.0
18,random,17,250.0,13,19,20,False,False,0.0
18,random,18,240.0,14,19,20,False,False,0.0
18,random,19,240.0,14,19,20,False,False,0.0
18,random,20,240.0,14,19,20,False,False,0.0
18,random,21,240.0,14,19,20,False,False,0.0
18,random,22,230.0,15,19,20,False,False,0.0
18,random,23,220.0,16,19,20,False,False,0.0
18,random,24,230.0,17,20,20,True,False,9.809656626492439e-06
18,random,25,230.0,17,20,20,True,False,9.809656626492439e-06
18,random,26,240.0,16,20,20,True,False,9.08471955178715e-06
18,random,27,240.0,16,20,20,True,False,9.08471955178715e-06
18,random,28,240.0,16,20,20,True,False,9.08471955178715e-06
18,random,29,230.0,17,20,20,True,False,9.20322400080345e-06
18,random,30,230.0,17,20,20,True,False,9.20322400080345e-06
18,random,31,220.0,18,20,20,True,False,1.3414675061670657e-05
18,random,32,220.0,18,20,20,True,False,1.3414675061670657e-05
18,random,33,220.0,18,20,20,True,False,1.3414675061670657e-05
18,random,34,210.0,19,20,20,True,False,1.3423788407671364e-05
18,random,35,200.0,20,20,20,True,False,1.4807832223294497e-05
18,random,36,190.0,21,20,20,True,False,1.4907608815840821e-05
18,random,37,180.0,22,20,20,True,False,1.720289756107509e-05
18,random,38,180.0,22,20,20,True,False,1.720289756107509e-05
18,random,39,190.0,21,20,20,True,False,1.717838858450063e-05
18,random,40,200.0,20,20,20,True,False,1.7057016915199713e-05
18,random,41,190.0,21,20,20,True,False,1.7102438125415288e-05
18,random,42,200.0,20,20,20,True,False,1.5082218146306883e-05
18,random,43,200.0,20,20,20,True,False,1.5082218146306883e-05
18,random,44,190.0,21,20,20,True,False,1.7102438125415288e-05
18,random,45,190.0,21,20,20,True,False,1.7102438125415288e-05
18,random,46,200.0,20,20,20,True,False,1.624574618789952e-05
18,random,47,190.0,21,20,20,True,False,1.625002557015475e-05
18,random,48,190.0,21,20,20,True,False,1.625002557015475e-05
18,random,49,190.0,21,20,20,True,False,1.625002557015475e-05
18,random,50,190.0,21,20,20,True,False,1.625002557015475e-05
18,random,51,190.0,21,20,20,True,False,1.625002557015475e-05
18,random,52,180.0,22,20,20,True,False,1.6317364852805964e-05
18,random,53,190.0,21,20,20,True,False,1.451444388862474e-05
18,random,54,190.0,21,20,20,True,False,1.451444388862474e-05
18,random,55,200.0,20,20,20,True,False,1.449967455061846e-05
18,random,56,200.0,20,20,20,True,False,1.449967455061846e-05
18,random,57,210.0,19,20,20,True,False,1.4458367107151909e-05
18,random,58,210.0,19,20,20,True,False,1.4458367107151909e-05
18,random,59,210.0,19,20,20,True,False,1.4458367107151909e-05
18,random,60,200.0,18,19,20,False,False,0.0
18,random,61,200.0,18,19,20,False,False,0.0
18,random,62,190.0,19,19,20,False,False,0.0
18,random,63,200.0,18,19,20,False,False,0.0
18,random,64,210.0,19,20,20,True,False,1.4404821356466625e-05
18,random,65,210.0,19,20,20,True,False,1.4404821356466625e-05
18,random,66,200.0,20,20,20,True,False,1.442667085295302e-05
18,random,67,190.0,21,20,20,True,False,1.4474058933787736e-05
18,random,68,180.0,22,20,20,True,False,2.9997312789842077e-05
18,random,69,180.0,22,20,20,True,False,2.9997312789842077e-05
18,random,70,170.0,23,20,20,True,False,3.0000791493677698e-05
18,random,71,160.0,24,20,20,True,False,3.0010060740970853e-05
18,random,72,150.0,25,20,20,True,False,3.579367973660123e-05
18,random,73,150.0,25,20,20,True,False,3.579367973660123e-05
18,random,74,150.0,25,20,20,True,False,3.579367973660123e-05
18,random,75,140.0,26,20,20,True,False,4.248372204000335e-05
18,random,76,130.0,27,20,20,True,False,4.253265573025804e-05
18,random,77,140.0,26,20,20,True,False,4.2273925104281645e-05
18,random,78,130.0,27,20,20,True,False,4.2291601858909396e-05
18,random,79,130.0,27,20,20,True,False,4.2291601858909396e-05
18,random,80,130.0,27,20,20,True,False,4.2291601858909396e-05
18,random,81,140.0,26,20,20,True,False,3.6720221891463185e-05
18,random,82,140.0,26,20,20,True,False,3.6720221891463185e-05
18,random,83,150.0,25,20,20,True,False,3.6534499346608556e-05
18,random,84,150.0,25,20,20,True,False,3.6534499346608556e-05
18,random,85,150.0,25,20,20,True,False,3.6534499346608556e-05
18,random,86,140.0,26,20,20,True,False,3.856107127686667e-05
18,random,87,140.0,26,20,20,True,False,3.856107127686667e-05
18,random,88,140.0,26,20,20,True,False,3.856107127686667e-05
18,random,89,140.0,26,20,20,True,False,3.856107127686667e-05
18,random,90,140.0,26,20,20,True,False,3.856107127686667e-05
18,random,91,150.0,25,20,20,True,False,3.2278204260292584e-05
18,random,92,160.0,24,20,20,True,False,3.142041849220102e-05
18,random,93,170.0,23,20,20,True,False,8.499227324902191e-06
18,random,94,160.0,24,20,20,True,False,2.1701805135902885e-05
18,random,95,160.0,24,20,20,True,False,2.1701805135902885e-05
18,random,96,160.0,24,20,20,True,False,2.1701805135902885e-05
18,random,97,150.0,25,20,20,True,False,2.4066013818845438e-05
18,random,98,150.0,25,20,20,True,False,2.4066013818845438e-05
18,random,99,150.0,25,20,20,True,False,2.4066013818845438e-05
18,random,100,140.0,26,20,20,True,False,2.4975948879050305e-05
18,random,101,140.0,26,20,20,True,False,2.4975948879050305e-05
18,random,102,130.0,27,20,20,True,False,2.6158844993788776e-05
18,random,103,130.0,27,20,20,True,False,2.6158844993788776e-05
18,random,104,130.0,27,20,20,True,False,2.6158844993788776e-05
18,random,105,140.0,26,20,20,True,False,1.3277803423344595e-05
18,random,106,130.0,27,20,20,True,False,1.3454748324856544e-05
18,random,107,130.0,27,20,20,True,False,1.3454748324856544e-05
18,random,108,130.0,27,20,20,True,False,1.3454748324856544e-05
18,random,109,140.0,26,20,20,True,False,1.345305523478128e-05
18,random,110,150.0,25,20,20,True,False,1.3450185935438915e-05
18,random,111,160.0,24,20,20,True,False,1.3041860286287606e-05
18,random,112,160.0,24,20,20,True,False,1.3041860286287606e-05
18,random,113,160.0,24,20,20,True,False,1.3041860286287606e-05
18,random,114,160.0,24,20,20,True,False,1.3041860286287606e-05
18,random,115,160.0,24,20,20,True,False,1.3041860286287606e-05
18,random,116,160.0,24,20,20,True,False,1.3041860286287606e-05
18,random,117,160.0,24,20,20,True,False,1.3041860286287606e-05
18,random,118,160.0,24,20,20,True,False,1.3041860286287606e-05
18,random,119,160.0,24,20,20,True,False,1.3041860286287606e-05
18,random,120,150.0,25,20,20,True,False,1.3106779049992083e-05
18,random,121,140.0,26,20,20,True,False,1.3113443826566192e-05
18,random,122,140.0,26,20,20,True,False,1.3113443826566192e-05
18,random,123,130.0,27,20,20,True,False,1.3137346659043645e-05
18,random,124,120.0,28,20,20,True,False,1.3250943973510345e-05
18,random,125,110.0,29,20,20,True,False,1.3272368052665584e-05
18,random,126,110.0,29,20,20,True,False,1.3272368052665584e-05
18,random,127,100.0,30,20,20,True,False,1.3297659698422612e-05
18,random,128,100.0,30,20,20,True,False,1.3297659698422612e-05
18,random,129,110.0,29,20,20,True,False,1.326705501140742e-05
18,random,130,110.0,29,20,20,True,False,1.326705501140742e-05
18,random,131,110.0,29,20,20,True,False,1.326705501140742e-05
18,random,132,100.0,30,20,20,True,False,1.3268102333992533e-05
18,random,133,100.0,30,20,20,True,False,1.3268102333992533e-05
18,random,134,100.0,30,20,20,True,False,1.3268102333992533e-05
18,random,135,110.0,29,20,20,True,False,8.884578662799027e-06
18,random,136,120.0,28,20,20,True,False,8.876683607358918e-06
18,random,137,110.0,29,20,20,True,False,8.895103090087318e-06
18,random,138,110.0,29,20,20,True,False,8.895103090087318e-06
18,random,139,100.0,30,20,20,True,False,2.7247237740026703e-05
18,random,140,110.0,29,20,20,True,False,2.723336134168879e-05
18,random,141,100.0,30,20,20,True,False,2.806538242552475e-05
18,random,142,90.0,31,20,20,True,False,2.8872400662756784e-05
18,random,143,90.0,31,20,20,True,False,2.8872400662756784e-05
18,random,144,90.0,31,20,20,True,False,2.8872400662756784e-05
18,random,145,90.0,31,20,20,True,False,2.8872400662756784e-05
18,random,146,90.0,31,20,20,True,False,2.8872400662756784e-05
18,random,147,80.0,32,20,20,True,False,2.8881332239480604e-05
18,random,148,70.0,33,20,20,True,False,2.9531367543722547e-05
18,random,149,70.0,33,20,20,True,False,2.9531367543722547e-05
18,random,150,70.0,33,20,20,True,False,2.9531367543722547e-05
18,random,151,70.0,33,20,20,True,False,2.9531367543722547e-05
18,random,152,60.0,34,20,20,True,False,3.148253293638606e-05
18,random,153,50.0,35,20,20,True,False,3.149376097518192e-05
18,random,154,50.0,35,20,20,True,False,3.149376097518192e-05
18,random,155,50.0,35,20,20,True,False,3.149376097518192e-05
18,random,156,40.0,36,20,20,True,False,3.1556463654315246e-05
18,random,157,40.0,36,20,20,True,False,3.1556463654315246e-05
18,random,158,40.0,36,20,20,True,False,3.1556463654315246e-05
18,random,159,40.0,36,20,20,True,False,3.1556463654315246e-05
18,random,160,40.0,36,20,20,True,False,3.1556463654315246e-05
18,random,161,30.0,37,20,20,True,False,3.169154271616218e-05
18,random,162,30.0,37,20,20,True,False,3.169154271616218e-05
18,random,163,30.0,37,20,20,True,False,3.169154271616218e-05
18,random,164,40.0,36,20,20,True,False,3.0160864605393007e-05
18,random,165,40.0,36,20,20,True,False,3.0160864605393007e-05
18,random,166,40.0,36,20,20,True,False,3.0160864605393007e-05
18,random,167,50.0,35,20,20,True,False,2.5783029756094548e-05
18,random,168,60.0,34,20,20,True,False,2.5538758918408543e-05
18,random,169,60.0,34,20,20,True,False,2.5538758918408543e-05
18,random,170,60.0,34,20,20,True,False,2.5538758918408543e-05
18,random,171,60.0,34,20,20,True,False,2.5538758918408543e-05
18,random,172,60.0,34,20,20,True,False,2.5538758918408543e-05
18,random,173,50.0,35,20,20,True,False,8.92105494606618e-05
18,random,174,60.0,34,20,20,True,False,8.920827319685804e-05
18,random,175,50.0,35,20,20,True,False,9.84028863673116e-05
18,random,176,50.0,35,20,20,True,False,9.84028863673116e-05
18,random,177,60.0,34,20,20,True,False,9.740290372104062e-05
18,random,178,70.0,33,20,20,True,False,9.424981275981657e-05
18,random,179,80.0,32,20,20,True,False,9.331747254668852e-05
18,random,180,80.0,32,20,20,True,False,9.331747254668852e-05
18,random,181,70.0,33,20,20,True,False,9.33416126647118e-05
18,random,182,70.0,33,20,20,True,False,9.33416126647118e-05
18,random,183,70.0,33,20,20,True,False,9.33416126647118e-05
18,random,184,70.0,33,20,20,True,False,9.33416126647118e-05
18,random,185,80.0,32,20,20,True,False,3.651965330656194e-05
18,random,186,80.0,32,20,20,True,False,3.651965330656194e-05
18,random,187,90.0,31,20,20,True,False,3.651952952875836e-05
18,random,188,90.0,31,20,20,True,False,3.651952952875836e-05
18,random,189,100.0,30,20,20,True,False,3.2469142295674034e-05
18,random,190,100.0,30,20,20,True,False,3.2469142295674034e-05
18,random,191,100.0,30,20,20,True,False,3.2469142295674034e-05
18,random,192,90.0,31,20,20,True,False,3.248676961222349e-05
18,random,193,90.0,31,20,20,True,False,3.248676961222349e-05
18,random,194,90.0,31,20,20,True,False,3.248676961222349e-05
18,random,195,90.0,31,20,20,True,False,3.248676961222349e-05
18,random,196,90.0,31,20,20,True,False,3.248676961222349e-05
18,random,197,100.0,30,20,20,True,False,3.2108854518465744e-05
18,random,198,100.0,30,20,20,True,False,3.2108854518465744e-05
18,random,199,100.0,30,20,20,True,False,3.2108854518465744e-05
18,random,200,100.0,30,20,20,True,False,3.2108854518465744e-05
18,learned,0,210.0,9,15,20,False,False,0.0
18,learned,1,240.0,10,17,20,False,False,0.0
18,learned,2,250.0,11,18,20,False,False,0.0
18,learned,3,260.0,12,19,20,False,False,0.0
18,learned,4,250.0,13,19,20,False,False,0.0
18,learned,5,260.0,14,20,20,True,False,7.956554651724983e-06
18,learned,6,250.0,15,20,20,True,False,1.94254052801823e-05
18,learned,7,260.0,14,20,20,True,False,1.8420562786922706e-05
18,learned,8,270.0,13,20,20,True,False,1.81012428545682e-05
18,learned,9,280.0,12,20,20,True,False,7.1455484944055445e-06
18,learned,10,270.0,13,20,20,True,False,8.51885589656087e-06
18,learned,11,280.0,12,20,20,True,False,7.1455484944055445e-06
18,learned,12,270.0,13,20,20,True,False,8.51885589656087e-06
18,learned,13,280.0,12,20,20,True,False,7.1455484944055445e-06
18,learned,14,270.0,13,20,20,True,False,8.51885589656087e-06
18,learned,15,280.0,12,20,20,True,False,7.1455484944055445e-06
18,learned,16,270.0,13,20,20,True,False,8.51885589656087e-06
18,learned,17,280.0,12,20,20,True,False,7.1455484944055445e-06
18,learned,18,270.0,13,20,20,True,False,8.51885589656087e-06
18,learned,19,280.0,12,20,20,True,False,7.1455484944055445e-06
18,learned,20,270.0,13,20,20,True,False,8.51885589656087e-06
18,learned,21,280.0,12,20,20,True,False,7.1455484944055445e-06
18,learned,22,270.0,13,20,20,True,False,8.51885589656087e-06
18,learned,23,280.0,12,20,20,True,False,7.1455484944055445e-06
18,learned,24,270.0,13,20,20,True,False,8.51885589656087e-06
18,learned,25,280.0,12,20,20,True,False,7.1455484944055445e-06
18,learned,26,270.0,13,20,20,True,False,8.51885589656087e-06
18,learned,27,280.0,12,20,20,True,False,7.1455484944055445e-06
18,learned,28,270.0,13,20,20,True,False,8.51885589656087e-06
18,learned,29,280.0,12,20,20,True,False,7.1455484944055445e-06
18,learned,30,270.0,13,20,20,True,False,8.51885589656087e-06
18,learned,31,280.0,12,20,20,True,False,7.1455484944055445e-06
18,learned,32,270.0,13,20,20,True,False,8.51885589656087e-06
18,learned,33,280.0,12,20,20,True,False,7.1455484944055445e-06
18,learned,34,270.0,13,20,20,True,False,8.51885589656087e-06
18,learned,35,280.0,12,20,20,True,False,7.1455484944055445e-06
18,learned,36,270.0,13,20,20,True,False,8.51885589656087e-06
18,learned,37,280.0,12,20,20,True,False,7.1455484944055445e-06
18,learned,38,270.0,13,20,20,True,False,8.51885589656087e-06
18,learned,39,280.0,12,20,20,True,False,7.1455484944055445e-06
18,learned,40,270.0,13,20,20,True,False,8.51885589656087e-06
18,learned,41,280.0,12,20,20,True,False,7.1455484944055445e-06
18,learned,42,270.0,13,20,20,True,False,8.51885589656087e-06
18,learned,43,280.0,12,20,20,True,False,7.1455484944055445e-06
18,learned,44,270.0,13,20,20,True,False,8.51885589656087e-06
18,learned,45,280.0,12,20,20,True,False,7.1455484944055445e-06
18,learned,46,270.0,13,20,20,True,False,8.51885589656087e-06
18,learned,47,280.0,12,20,20,True,False,7.1455484944055445e-06
18,learned,48,270.0,13,20,20,True,False,8.51885589656087e-06
18,learned,49,280.0,12,20,20,True,False,7.1455484944055445e-06
18,learned,50,270.0,13,20,20,True,False,8.51885589656087e-06
18,learned,51,280.0,12,20,20,True,False,7.1455484944055445e-06
18,learned,52,270.0,13,20,20,True,False,8.51885589656087e-06
18,learned,53,280.0,12,20,20,True,False,7.1455484944055445e-06
18,learned,54,270.0,13,20,20,True,False,8.51885589656087e-06
18,learned,55,280.0,12,20,20,True,False,7.1455484944055445e-06
18,learned,56,270.0,13,20,20,True,False,8.51885589656087e-06
18,learned,57,280.0,12,20,20,True,False,7.1455484944055445e-06
18,learned,58,270.0,13,20,20,True,False,8.51885589656087e-06
18,learned,59,280.0,12,20,20,True,False,7.1455484944055445e-06
18,learned,60,270.0,13,20,20,True,False,8.51885589656087e-06
18,learned,61,280.0,12,20,20,True,False,7.1455484944055445e-06
18,learned,62,270.0,13,20,20,True,False,8.51885589656087e-06
18,learned,63,280.0,12,20,20,True,False,7.1455484944055445e-06
18,learned,64,270.0,13,20,20,True,False,8.51885589656087e-06
18,learned,65,280.0,12,20,20,True,False,7.1455484944055445e-06
18,learned,66,270.0,13,20,20,True,False,8.51885589656087e-06
18,learned,67,280.0,12,20,20,True,False,7.1455484944055445e-06
18,learned,68,270.0,13,20,20,True,False,8.51885589656087e-06
18,learned,69,280.0,12,20,20,True,False,7.1455484944055445e-06
18,learned,70,270.0,13,20,20,True,False,8.51885589656087e-06
18,learned,71,280.0,12,20,20,True,False,7.1455484944055445e-06
18,learned,72,270.0,13,20,20,True,False,8.51885589656087e-06
18,learned,73,280.0,12,20,20,True,False,7.1455484944055445e-06
18,learned,74,270.0,13,20,20,True,False,8.51885589656087e-06
18,learned,75,280.0,12,20,20,True,False,7.1455484944055445e-06
18,learned,76,270.0,13,20,20,True,False,8.51885589656087e-06
18,learned,77,280.0,12,20,20,True,False,7.1455484944055445e-06
18,learned,78,270.0,13,20,20,True,False,8.51885589656087e-06
18,learned,79,280.0,12,20,20,True,False,7.1455484944055445e-06
18,learned,80,270.0,13,20,20,True,False,8.51885589656087e-06
18,learned,81,280.0,12,20,20,True,False,7.1455484944055445e-06
18,learned,82,270.0,13,20,20,True,False,8.51885589656087e-06
18,learned,83,280.0,12,20,20,True,False,7.1455484944055445e-06
18,learned,84,270.0,13,20,20,True,False,8.51885589656087e-06
18,learned,85,280.0,12,20,20,True,False,7.1455484944055445e-06
18,learned,86,270.0,13,20,20,True,False,8.51885589656087e-06
18,learned,87,280.0,12,20,20,True,False,7.1455484944055445e-06
18,learned,88,270.0,13,20,20,True,False,8.51885589656087e-06
18,learned,89,280.0,12,20,20,True,False,7.1455484944055445e-06
18,learned,90,270.0,13,20,20,True,False,8.51885589656087e-06
18,learned,91,280.0,12,20,20,True,False,7.1455484944055445e-06
18,learned,92,270.0,13,20,20,True,False,8.51885589656087e-06
18,learned,93,280.0,12,20,20,True,False,7.1455484944055445e-06
18,learned,94,270.0,13,20,20,True,False,8.51885589656087e-06
18,learned,95,280.0,12,20,20,True,False,7.1455484944055445e-06
18,learned,96,270.0,13,20,20,True,False,8.51885589656087e-06
18,learned,97,280.0,12,20,20,True,False,7.1455484944055445e-06
18,learned,98,270.0,13,20,20,True,False,8.51885589656087e-06
18,learned,99,280.0,12,20,20,True,False,7.1455484944055445e-06
18,learned,100,270.0,13,20,20,True,False,8.51885589656087e-06
18,learned,101,280.0,12,20,20,True,False,7.1455484944055445e-06
18,learned,102,270.0,13,20,20,True,False,8.51885589656087e-06
18,learned,103,280.0,12,20,20,True,False,7.1455484944055445e-06
18,learned,104,270.0,13,20,20,True,False,8.51885589656087e-06
18,learned,105,280.0,12,20,20,True,False,7.1455484944055445e-06
18,learned,106,270.0,13,20,20,True,False,8.51885589656087e-06
18,learned,107,280.0,12,20,20,True,False,7.1455484944055445e-06
18,learned,108,270.0,13,20,20,True,False,8.51885589656087e-06
18,learned,109,280.0,12,20,20,True,False,7.1455484944055445e-06
18,learned,110,270.0,13,20,20,True,False,8.51885589656087e-06
18,learned,111,280.0,12,20,20,True,False,7.1455484944055445e-06
18,learned,112,270.0,13,20,20,True,False,8.51885589656087e-06
18,learned,113,280.0,12,20,20,True,False,7.1455484944055445e-06
18,learned,114,270.0,13,20,20,True,False,8.51885589656087e-06
18,learned,115,280.0,12,20,20,True,False,7.1455484944055445e-06
18,learned,116,270.0,13,20,20,True,False,8.51885589656087e-06
18,learned,117,280.0,12,20,20,True,False,7.1455484944055445e-06
18,learned,118,270.0,13,20,20,True,False,8.51885589656087e-06
18,learned,119,280.0,12,20,20,True,False,7.1455484944055445e-06
18,learned,120,270.0,13,20,20,True,False,8.51885589656087e-06
18,learned,121,280.0,12,20,20,True,False,7.1455484944055445e-06
18,learned,122,270.0,13,20,20,True,False,8.51885589656087e-06
18,learned,123,280.0,12,20,20,True,False,7.1455484944055445e-06
18,learned,124,270.0,13,20,20,True,False,8.51885589656087e-06
18,learned,125,280.0,12,20,20,True,False,7.1455484944055445e-06
18,learned,126,270.0,13,20,20,True,False,8.51885589656087e-06
18,learned,127,280.0,12,20,20,True,False,7.1455484944055445e-06
18,learned,128,270.0,13,20,20,True,False,8.51885589656087e-06
18,learned,129,280.0,12,20,20,True,False,7.1455484944055445e-06
18,learned,130,270.0,13,20,20,True,False,8.51885589656087e-06
18,learned,131,280.0,12,20,20,True,False,7.1455484944055445e-06
18,learned,132,270.0,13,20,20,True,False,8.51885589656087e-06
18,learned,133,280.0,12,20,20,True,False,7.1455484944055445e-06
18,learned,134,270.0,13,20,20,True,False,8.51885589656087e-06
18,learned,135,280.0,12,20,20,True,False,7.1455484944055445e-06
18,learned,136,270.0,13,20,20,True,False,8.51885589656087e-06
18,learned,137,280.0,12,20,20,True,False,7.1455484944055445e-06
18,learned,138,270.0,13,20,20,True,False,8.51885589656087e-06
18,learned,139,280.0,12,20,20,True,False,7.1455484944055445e-06
18,learned,140,270.0,13,20,20,True,False,8.51885589656087e-06
18,learned,141,280.0,12,20,20,True,False,7.1455484944055445e-06
18,learned,142,270.0,13,20,20,True,False,8.51885589656087e-06
18,learned,143,280.0,12,20,20,True,False,7.1455484944055445e-06
18,learned,144,270.0,13,20,20,True,False,8.51885589656087e-06
18,learned,145,280.0,12,20,20,True,False,7.1455484944055445e-06
18,learned,146,270.0,13,20,20,True,False,8.51885589656087e-06
18,learned,147,280.0,12,20,20,True,False,7.1455484944055445e-06
18,learned,148,270.0,13,20,20,True,False,8.51885589656087e-06
18,learned,149,280.0,12,20,20,True,False,7.1455484944055445e-06
18,learned,150,270.0,13,20,20,True,False,8.51885589656087e-06
18,learned,151,280.0,12,20,20,True,False,7.1455484944055445e-06
18,learned,152,270.0,13,20,20,True,False,8.51885589656087e-06
18,learned,153,280.0,12,20,20,True,False,7.1455484944055445e-06
18,learned,154,270.0,13,20,20,True,False,8.51885589656087e-06
18,learned,155,280.0,12,20,20,True,False,7.1455484944055445e-06
18,learned,156,270.0,13,20,20,True,False,8.51885589656087e-06
18,learned,157,280.0,12,20,20,True,False,7.1455484944055445e-06
18,learned,158,270.0,13,20,20,True,False,8.51885589656087e-06
18,learned,159,280.0,12,20,20,True,False,7.1455484944055445e-06
18,learned,160,270.0,13,20,20,True,False,8.51885589656087e-06
18,learned,161,280.0,12,20,20,True,False,7.1455484944055445e-06
18,learned,162,270.0,13,20,20,True,False,8.51885589656087e-06
18,learned,163,280.0,12,20,20,True,False,7.1455484944055445e-06
18,learned,164,270.0,13,20,20,True,False,8.51885589656087e-06
18,learned,165,280.0,12,20,20,True,False,7.1455484944055445e-06
18,learned,166,270.0,13,20,20,True,False,8.51885589656087e-06
18,learned,167,280.0,12,20,20,True,False,7.1455484944055445e-06
18,learned,168,270.0,13,20,20,True,False,8.51885589656087e-06
18,learned,169,280.0,12,20,20,True,False,7.1455484944055445e-06
18,learned,170,270.0,13,20,20,True,False,8.51885589656087e-06
18,learned,171,280.0,12,20,20,True,False,7.1455484944055445e-06
18,learned,172,270.0,13,20,20,True,False,8.51885589656087e-06
18,learned,173,280.0,12,20,20,True,False,7.1455484944055445e-06
18,learned,174,270.0,13,20,20,True,False,8.51885589656087e-06
18,learned,175,280.0,12,20,20,True,False,7.1455484944055445e-06
18,learned,176,270.0,13,20,20,True,False,8.51885589656087e-06
18,learned,177,280.0,12,20,20,True,False,7.1455484944055445e-06
18,learned,178,270.0,13,20,20,True,False,8.51885589656087e-06
18,learned,179,280.0,12,20,20,True,False,7.1455484944055445e-06
18,learned,180,270.0,13,20,20,True,False,8.51885589656087e-06
18,learned,181,280.0,12,20,20,True,False,7.1455484944055445e-06
18,learned,182,270.0,13,20,20,True,False,8.51885589656087e-06
18,learned,183,280.0,12,20,20,True,False,7.1455484944055445e-06
18,learned,184,270.0,13,20,20,True,False,8.51885589656087e-06
18,learned,185,280.0,12,20,20,True,False,7.1455484944055445e-06
18,learned,186,270.0,13,20,20,True,False,8.51885589656087e-06
18,learned,187,280.0,12,20,20,True,False,7.1455484944055445e-06
18,learned,188,270.0,13,20,20,True,False,8.51885589656087e-06
18,learned,189,280.0,12,20,20,True,False,7.1455484944055445e-06
18,learned,190,270.0,13,20,20,True,False,8.51885589656087e-06
18,learned,191,280.0,12,20,20,True,False,7.1455484944055445e-06
18,learned,192,270.0,13,20,20,True,False,8.51885589656087e-06
18,learned,193,280.0,12,20,20,True,False,7.1455484944055445e-06
18,learned,194,270.0,13,20,20,True,False,8.51885589656087e-06
18,learned,195,280.0,12,20,20,True,False,7.1455484944055445e-06
18,learned,196,270.0,13,20,20,True,False,8.51885589656087e-06
18,learned,197,280.0,12,20,20,True,False,7.1455484944055445e-06
18,learned,198,270.0,13,20,20,True,False,8.51885589656087e-06
18,learned,199,280.0,12,20,20,True,False,7.1455484944055445e-06
18,learned,200,270.0,13,20,20,True,False,8.51885589656087e-06
19,initial,0,-40.0,44,20,20,True,False,0.0001840639896413547
19,greedy,0,-40.0,44,20,20,True,False,0.0001840639896413547
19,greedy,1,-30.0,43,20,20,True,False,0.00017681820964837237
19,greedy,2,-20.0,42,20,20,True,False,0.00017271667242410314
19,greedy,3,-10.0,41,20,20,True,False,0.00015555072298252412
19,greedy,4,0.0,40,20,20,True,False,0.00014211753595908468
19,greedy,5,10.0,39,20,20,True,False,0.00013788007063219313
19,greedy,6,20.0,38,20,20,True,False,0.0001240750390531489
19,greedy,7,30.0,37,20,20,True,False,0.00012360419369211872
19,greedy,8,40.0,36,20,20,True,False,0.00012360010906074527
19,greedy,9,50.0,35,20,20,True,False,0.00012144705191754107
19,greedy,10,60.0,34,20,20,True,False,0.00011919108061643088
19,greedy,11,70.0,33,20,20,True,False,0.00011766748130336038
19,greedy,12,80.0,32,20,20,True,False,0.00011120653695985018
19,greedy,13,90.0,31,20,20,True,False,0.00010348853289102068
19,greedy,14,100.0,30,20,20,True,False,0.00010252357720080533
19,greedy,15,110.0,29,20,20,True,False,8.150399596408952e-05
19,greedy,16,120.0,28,20,20,True,False,8.05940515466028e-05
19,greedy,17,130.0,27,20,20,True,False,6.969543185704451e-05
19,greedy,18,140.0,26,20,20,True,False,5.500750863532552e-05
19,greedy,19,150.0,25,20,20,True,False,5.26214851751594e-05
19,greedy,20,160.0,24,20,20,True,False,5.068187306482477e-05
19,greedy,21,170.0,23,20,20,True,False,5.06555529059371e-05
19,greedy,22,180.0,22,20,20,True,False,4.8621002154805123e-05
19,greedy,23,190.0,21,20,20,True,False,4.13781906353469e-05
19,greedy,24,200.0,20,20,20,True,False,3.7159053599024797e-05
19,greedy,25,210.0,19,20,20,True,False,4.890157656966766e-06
19,greedy,26,220.0,18,20,20,True,False,3.697948610361429e-06
19,greedy,27,230.0,17,20,20,True,False,3.693838903752604e-06
19,greedy,28,240.0,16,20,20,True,False,3.68720098088804e-06
19,greedy,29,250.0,15,20,20,True,False,3.4527720058220215e-06
19,greedy,30,260.0,14,20,20,True,False,3.166756303160855e-06
19,greedy,31,270.0,13,20,20,True,False,3.165620254219769e-06
19,greedy,32,280.0,12,20,20,True,False,3.481214714203636e-07
19,greedy,33,290.0,11,20,20,True,False,3.2010864887509435e-07
19,random,0,-40.0,44,20,20,True,False,0.0001840639896413547
19,random,1,-40.0,44,20,20,True,False,0.0001840639896413547
19,random,2,-40.0,44,20,20,True,False,0.0001840639896413547
19,random,3,-30.0,43,20,20,True,False,0.00017842886334846987
19,random,4,-30.0,43,20,20,True,False,0.00017842886334846987
19,random,5,-30.0,43,20,20,True,False,0.00017842886334846987
19,random,6,-30.0,43,20,20,True,False,0.00017842886334846987
19,random,7,-20.0,42,20,20,True,False,0.00017263060479999877
19,random,8,-20.0,42,20,20,True,False,0.00017263060479999877
19,random,9,-20.0,42,20,20,True,False,0.00017263060479999877
19,random,10,-20.0,42,20,20,True,False,0.00017263060479999877
19,random,11,-30.0,43,20,20,True,False,0.00017273189201502448
19,random,12,-40.0,44,20,20,True,False,0.00017473656807916825
19,random,13,-50.0,45,20,20,True,False,0.00017508393309359995
19,random,14,-40.0,44,20,20,True,False,0.00017473656807916744
19,random,15,-40.0,44,20,20,True,False,0.00017473656807916744
19,random,16,-30.0,43,20,20,True,False,0.000168978107251895
19,random,17,-30.0,43,20,20,True,False,0.000168978107251895
19,random,18,-20.0,42,20,20,True,False,0.00015797512468940496
19,random,19,-30.0,43,20,20,True,False,0.0001694392159558077
19,random,20,-20.0,42,20,20,True,False,0.0001654400209639716
19,random,21,-10.0,41,20,20,True,False,0.00016383499822368374
19,random,22,-10.0,41,20,20,True,False,0.00016383499822368374
19,random,23,0.0,40,20,20,True,False,0.00016203430456168664
19,random,24,10.0,39,20,20,True,False,0.00014814433376308426
19,random,25,10.0,39,20,20,True,False,0.00014814433376308426
19,random,26,10.0,39,20,20,True,False,0.00014814433376308426
19,random,27,10.0,39,20,20,True,False,0.00014814433376308426
19,random,28,0.0,40,20,20,True,False,0.00016203430456168664
19,random,29,0.0,40,20,20,True,False,0.00016203430456168664
19,random,30,0.0,40,20,20,True,False,0.00016203430456168664
19,random,31,0.0,40,20,20,True,False,0.00016203430456168664
19,random,32,-10.0,41,20,20,True,False,0.00016576719932191245
19,random,33,0.0,40,20,20,True,False,0.000161186599197207
19,random,34,0.0,40,20,20,True,False,0.000161186599197207
19,random,35,10.0,39,20,20,True,False,0.00014567299497063045
19,random,36,20.0,38,20,20,True,False,0.00013577819476477018
19,random,37,30.0,37,20,20,True,False,9.22964190424219e-05
19,random,38,30.0,37,20,20,True,False,9.22964190424219e-05
19,random,39,30.0,37,20,20,True,False,9.22964190424219e-05
19,random,40,30.0,37,20,20,True,False,9.22964190424219e-05
19,random,41,40.0,36,20,20,True,False,9.22817959851443e-05
19,random,42,40.0,36,20,20,True,False,9.22817959851443e-05
19,random,43,40.0,36,20,20,True,False,9.22817959851443e-05
19,random,44,50.0,35,20,20,True,False,9.227114663929675e-05
19,random,45,40.0,36,20,20,True,False,9.238840136330023e-05
19,random,46,40.0,36,20,20,True,False,9.238840136330023e-05
19,random,47,40.0,36,20,20,True,False,9.238840136330023e-05
19,random,48,30.0,37,20,20,True,False,9.24312880871648e-05
19,random,49,40.0,36,20,20,True,False,9.235016971588671e-05
19,random,50,40.0,36,20,20,True,False,9.235016971588671e-05
19,random,51,40.0,36,20,20,True,False,9.235016971588671e-05
19,random,52,30.0,37,20,20,True,False,0.0001528164166119713
19,random,53,20.0,38,20,20,True,False,0.00015308640886250782
19,random,54,10.0,39,20,20,True,False,0.00015790663704127645
19,random,55,20.0,38,20,20,True,False,0.00013858281410686056
19,random,56,10.0,39,20,20,True,False,0.00015164239364480822
19,random,57,0.0,40,20,20,True,False,0.0001630653601270114
19,random,58,0.0,40,20,20,True,False,0.0001630653601270114
19,random,59,0.0,40,20,20,True,False,0.0001630653601270114
19,random,60,10.0,39,20,20,True,False,0.00015442847647112787
19,random,61,20.0,38,20,20,True,False,0.00014767702827839295
19,random,62,20.0,38,20,20,True,False,0.00014767702827839295
19,random,63,30.0,37,20,20,True,False,0.0001442318334974833
19,random,64,40.0,36,20,20,True,False,0.00013244279147939326
19,random,65,40.0,36,20,20,True,False,0.00013244279147939326
19,random,66,50.0,35,20,20,True,False,0.0001286096760470984
19,random,67,50.0,35,20,20,True,False,0.0001286096760470984
19,random,68,60.0,34,20,20,True,False,0.00012020427273797949
19,random,69,70.0,33,20,20,True,False,0.00012001978066753076
19,random,70,70.0,33,20,20,True,False,0.00012001978066753076
19,random,71,80.0,32,20,20,True,False,0.00011399133997832667
19,random,72,80.0,32,20,20,True,False,0.00011399133997832667
19,random,73,80.0,32,20,20,True,False,0.00011399133997832667
19,random,74,90.0,31,20,20,True,False,0.00011346097778133092
19,random,75,80.0,32,20,20,True,False,0.00011352388809336463
19,random,76,90.0,31,20,20,True,False,0.00011114411467325035
19,random,77,100.0,30,20,20,True,False,0.00010617565952607218
19,random,78,110.0,29,20,20,True,False,9.477431842490572e-05
19,random,79,110.0,29,20,20,True,False,9.477431842490572e-05
19,random,80,100.0,30,20,20,True,False,9.501916609753044e-05
19,random,81,110.0,29,20,20,True,False,6.771641930304365e-05
19,random,82,120.0,28,20,20,True,False,5.7942868834754964e-05
19,random,83,120.0,28,20,20,True,False,5.7942868834754964e-05
19,random,84,120.0,28,20,20,True,False,5.7942868834754964e-05
19,random,85,120.0,28,20,20,True,False,5.7942868834754964e-05
19,random,86,120.0,28,20,20,True,False,5.7942868834754964e-05
19,random,87,120.0,28,20,20,True,False,5.7942868834754964e-05
19,random,88,130.0,27,20,20,True,False,5.6671026300418264e-05
19,random,89,120.0,28,20,20,True,False,8.376597346626878e-05
19,random,90,120.0,28,20,20,True,False,8.376597346626878e-05
19,random,91,120.0,28,20,20,True,False,8.376597346626878e-05
19,random,92,110.0,29,20,20,True,False,8.684399617012794e-05
19,random,93,110.0,29,20,20,True,False,8.684399617012794e-05
19,random,94,110.0,29,20,20,True,False,8.684399617012794e-05
19,random,95,120.0,28,20,20,True,False,8.679813366899348e-05
19,random,96,120.0,28,20,20,True,False,8.679813366899348e-05
19,random,97,120.0,28,20,20,True,False,8.679813366899348e-05
19,random,98,120.0,28,20,20,True,False,8.679813366899348e-05
19,random,99,110.0,29,20,20,True,False,9.638494812176787e-05
19,random,100,110.0,29,20,20,True,False,9.638494812176787e-05
19,random,101,110.0,29,20,20,True,False,9.638494812176787e-05
19,random,102,100.0,30,20,20,True,False,0.00010025798758222346
19,random,103,100.0,30,20,20,True,False,0.00010025798758222346
19,random,104,100.0,30,20,20,True,False,0.00010025798758222346
19,random,105,90.0,31,20,20,True,False,0.00010056850176112683
19,random,106,80.0,32,20,20,True,False,0.00010198509937955265
19,random,107,80.0,32,20,20,True,False,0.00010198509937955265
19,random,108,90.0,31,20,20,True,False,9.927032553882593e-05
19,random,109,90.0,31,20,20,True,False,9.927032553882593e-05
19,random,110,90.0,31,20,20,True,False,9.927032553882593e-05
19,random,111,100.0,30,20,20,True,False,9.478617569464922e-05
19,random,112,100.0,30,20,20,True,False,9.478617569464922e-05
19,random,113,100.0,30,20,20,True,False,9.478617569464922e-05
19,random,114,100.0,30,20,20,True,False,9.478617569464922e-05
19,random,115,90.0,31,20,20,True,False,9.705249194244497e-05
19,random,116,100.0,30,20,20,True,False,9.568046902100711e-05
19,random,117,110.0,29,20,20,True,False,9.520954004749715e-05
19,random,118,100.0,30,20,20,True,False,0.00011192656933058606
19,random,119,100.0,30,20,20,True,False,0.00011192656933058606
19,random,120,100.0,30,20,20,True,False,0.00011192656933058606
19,random,121,90.0,31,20,20,True,False,0.00011994855674331607
19,random,122,100.0,30,20,20,True,False,9.238643100128686e-05
19,random,123,100.0,30,20,20,True,False,9.238643100128686e-05
19,random,124,100.0,30,20,20,True,False,9.238643100128686e-05
19,random,125,90.0,31,20,20,True,False,0.00010361227172521652
19,random,126,90.0,31,20,20,True,False,0.00010361227172521652
19,random,127,90.0,31,20,20,True,False,0.00010361227172521652
19,random,128,90.0,31,20,20,True,False,0.00010361227172521652
19,random,129,90.0,31,20,20,True,False,0.00010361227172521652
19,random,130,90.0,31,20,20,True,False,0.00010361227172521652
19,random,131,90.0,31,20,20,True,False,0.00010361227172521652
19,random,132,90.0,31,20,20,True,False,0.00010361227172521652
19,random,133,90.0,31,20,20,True,False,0.00010361227172521652
19,random,134,90.0,31,20,20,True,False,0.00010361227172521652
19,random,135,90.0,31,20,20,True,False,0.00010361227172521652
19,random,136,80.0,32,20,20,True,False,0.00010366215814107083
19,random,137,80.0,32,20,20,True,False,0.00010366215814107083
19,random,138,80.0,32,20,20,True,False,0.00010366215814107083
19,random,139,80.0,32,20,20,True,False,0.00010366215814107083
19,random,140,70.0,33,20,20,True,False,0.00010695915642358938
19,random,141,70.0,33,20,20,True,False,0.00010695915642358938
19,random,142,70.0,33,20,20,True,False,0.00010695915642358938
19,random,143,70.0,33,20,20,True,False,0.00010695915642358938
19,random,144,70.0,33,20,20,True,False,0.00010695915642358938
19,random,145,80.0,32,20,20,True,False,9.930492819519914e-05
19,random,146,80.0,32,20,20,True,False,9.930492819519914e-05
19,random,147,80.0,32,20,20,True,False,9.930492819519914e-05
19,random,148,70.0,33,20,20,True,False,9.948175043512335e-05
19,random,149,70.0,33,20,20,True,False,9.948175043512335e-05
19,random,150,70.0,33,20,20,True,False,9.948175043512335e-05
19,random,151,70.0,33,20,20,True,False,9.948175043512335e-05
19,random,152,70.0,33,20,20,True,False,9.948175043512335e-05
19,random,153,60.0,34,20,20,True,False,0.00010132759008208507
19,random,154,60.0,34,20,20,True,False,0.00010132759008208507
19,random,155,70.0,33,20,20,True,False,9.948175043512335e-05
19,random,156,60.0,34,20,20,True,False,0.0001023568449821583
19,random,157,50.0,35,20,20,True,False,0.00010347157878163006
19,random,158,40.0,36,20,20,True,False,0.00010852831748951249
19,random,159,40.0,36,20,20,True,False,0.00010852831748951249
19,random,160,30.0,37,20,20,True,False,0.00011017032679851552
19,random,161,30.0,37,20,20,True,False,0.00011017032679851552
19,random,162,30.0,37,20,20,True,False,0.00011017032679851552
19,random,163,20.0,38,20,20,True,False,0.00011679011132706784
19,random,164,20.0,38,20,20,True,False,0.00011679011132706784
19,random,165,30.0,37,20,20,True,False,0.00010484523403300545
19,random,166,40.0,36,20,20,True,False,8.305146144112557e-05
19,random,167,40.0,36,20,20,True,False,8.305146144112557e-05
19,random,168,50.0,35,20,20,True,False,8.27317957682292e-05
19,random,169,60.0,34,20,20,True,False,7.966113387281375e-05
19,random,170,60.0,34,20,20,True,False,7.966113387281375e-05
19,random,171,50.0,35,20,20,True,False,7.987721588067096e-05
19,random,172,40.0,36,20,20,True,False,8.41843300964615e-05
19,random,173,30.0,37,20,20,True,False,8.624801941336179e-05
19,random,174,20.0,38,20,20,True,False,9.197010066023437e-05
19,random,175,20.0,38,20,20,True,False,9.197010066023437e-05
19,random,176,30.0,37,20,20,True,False,9.152356675475798e-05
19,random,177,30.0,37,20,20,True,False,9.152356675475798e-05
19,random,178,20.0,38,20,20,True,False,0.00013774934495264143
19,random,179,20.0,38,20,20,True,False,0.00013774934495264143
19,random,180,20.0,38,20,20,True,False,0.00013774934495264143
19,random,181,20.0,38,20,20,True,False,0.00013774934495264143
19,random,182,30.0,37,20,20,True,False,0.00012630920297079353
19,random,183,30.0,37,20,20,True,False,0.00012630920297079353
19,random,184,20.0,38,20,20,True,False,0.0001282663961127363
19,random,185,30.0,37,20,20,True,False,0.00012825771601329393
19,random,186,40.0,36,20,20,True,False,6.567865967293541e-05
19,random,187,30.0,37,20,20,True,False,0.00011250755062579264
19,random,188,20.0,38,20,20,True,False,0.00011496436714611701
19,random,189,10.0,39,20,20,True,False,0.00011506236308400746
19,random,190,10.0,39,20,20,True,False,0.00011506236308400746
19,random,191,10.0,39,20,20,True,False,0.00011506236308400746
19,random,192,10.0,39,20,20,True,False,0.00011506236308400746
19,random,193,10.0,39,20,20,True,False,0.00011506236308400746
19,random,194,20.0,38,20,20,True,False,0.00010826945038079339
19,random,195,20.0,38,20,20,True,False,0.00010826945038079339
19,random,196,20.0,38,20,20,True,False,0.00010826945038079339
19,random,197,20.0,38,20,20,True,False,0.00010826945038079339
19,random,198,10.0,39,20,20,True,False,0.00010839523324564248
19,random,199,10.0,39,20,20,True,False,0.00010839523324564248
19,random,200,10.0,39,20,20,True,False,0.00010839523324564248
19,learned,0,-40.0,44,20,20,True,False,0.0001840639896413547
19,learned,1,-30.0,43,20,20,True,False,0.00018297035431126554
19,learned,2,-20.0,42,20,20,True,False,0.00017538369591865035
19,learned,3,-10.0,41,20,20,True,False,0.00017434619867053467
19,learned,4,0.0,40,20,20,True,False,0.00017028043235660286
19,learned,5,10.0,39,20,20,True,False,0.00016838900883795
19,learned,6,20.0,38,20,20,True,False,0.0001583235574175724
19,learned,7,30.0,37,20,20,True,False,0.00015449492100910235
19,learned,8,40.0,36,20,20,True,False,0.0001423748437205549
19,learned,9,50.0,35,20,20,True,False,0.00014125336597017057
19,learned,10,60.0,34,20,20,True,False,0.00012162123710684258
19,learned,11,70.0,33,20,20,True,False,0.00011240186728538444
19,learned,12,80.0,32,20,20,True,False,9.664285351134001e-05
19,learned,13,90.0,31,20,20,True,False,9.658898043507533e-05
19,learned,14,100.0,30,20,20,True,False,2.201022390524588e-05
19,learned,15,110.0,29,20,20,True,False,2.1972813649011626e-05
19,learned,16,120.0,28,20,20,True,False,2.1676698420223657e-05
19,learned,17,130.0,27,20,20,True,False,2.1130498766308595e-05
19,learned,18,140.0,26,20,20,True,False,2.0239538359778266e-05
19,learned,19,150.0,25,20,20,True,False,2.014718751788125e-05
19,learned,20,160.0,24,20,20,True,False,2.0072265652741982e-05
19,learned,21,170.0,23,20,20,True,False,1.873039641160989e-05
19,learned,22,180.0,22,20,20,True,False,1.8719692136172087e-05
19,learned,23,190.0,21,20,20,True,False,1.8572997406568695e-05
19,learned,24,200.0,20,20,20,True,False,1.8563843224325127e-05
19,learned,25,190.0,21,20,20,True,False,3.347176197021483e-05
19,learned,26,200.0,20,20,20,True,False,3.299033440365422e-05
19,learned,27,210.0,19,20,20,True,False,2.3617984237638918e-05
19,learned,28,220.0,18,20,20,True,False,1.6891295576320138e-05
19,learned,29,230.0,17,20,20,True,False,1.6695106346689862e-05
19,learned,30,240.0,16,20,20,True,False,1.2587116693514342e-05
19,learned,31,250.0,15,20,20,True,False,2.935699923441562e-06
19,learned,32,260.0,14,20,20,True,False,2.9130964651653424e-06
19,learned,33,270.0,13,20,20,True,False,2.870796513631353e-06
19,learned,34,280.0,12,20,20,True,False,1.3130714199094385e-06
19,learned,35,270.0,13,20,20,True,False,1.3311937193321735e-06
19,learned,36,260.0,14,20,20,True,False,3.049714070620618e-06
19,learned,37,270.0,13,20,20,True,False,5.650648390929463e-07
19,learned,38,260.0,14,20,20,True,False,3.049714070620618e-06
19,learned,39,270.0,13,20,20,True,False,5.650648390929463e-07
19,learned,40,260.0,14,20,20,True,False,3.049714070620618e-06
19,learned,41,270.0,13,20,20,True,False,5.650648390929463e-07
19,learned,42,260.0,14,20,20,True,False,3.049714070620618e-06
19,learned,43,270.0,13,20,20,True,False,5.650648390929463e-07
19,learned,44,260.0,14,20,20,True,False,3.049714070620618e-06
19,learned,45,270.0,13,20,20,True,False,5.650648390929463e-07
19,learned,46,260.0,14,20,20,True,False,3.049714070620618e-06
19,learned,47,270.0,13,20,20,True,False,5.650648390929463e-07
19,learned,48,260.0,14,20,20,True,False,3.049714070620618e-06
19,learned,49,270.0,13,20,20,True,False,5.650648390929463e-07
19,learned,50,260.0,14,20,20,True,False,3.049714070620618e-06
19,learned,51,270.0,13,20,20,True,False,5.650648390929463e-07
19,learned,52,260.0,14,20,20,True,False,3.049714070620618e-06
19,learned,53,270.0,13,20,20,True,False,5.650648390929463e-07
19,learned,54,260.0,14,20,20,True,False,3.049714070620618e-06
19,learned,55,270.0,13,20,20,True,False,5.650648390929463e-07
19,learned,56,260.0,14,20,20,True,False,3.049714070620618e-06
19,learned,57,270.0,13,20,20,True,False,5.650648390929463e-07
19,learned,58,260.0,14,20,20,True,False,3.049714070620618e-06
19,learned,59,270.0,13,20,20,True,False,5.650648390929463e-07
19,learned,60,260.0,14,20,20,True,False,3.049714070620618e-06
19,learned,61,270.0,13,20,20,True,False,5.650648390929463e-07
19,learned,62,260.0,14,20,20,True,False,3.049714070620618e-06
19,learned,63,270.0,13,20,20,True,False,5.650648390929463e-07
19,learned,64,260.0,14,20,20,True,False,3.049714070620618e-06
19,learned,65,270.0,13,20,20,True,False,5.650648390929463e-07
19,learned,66,260.0,14,20,20,True,False,3.049714070620618e-06
19,learned,67,270.0,13,20,20,True,False,5.650648390929463e-07
19,learned,68,260.0,14,20,20,True,False,3.049714070620618e-06
19,learned,69,270.0,13,20,20,True,False,5.650648390929463e-07
19,learned,70,260.0,14,20,20,True,False,3.049714070620618e-06
19,learned,71,270.0,13,20,20,True,False,5.650648390929463e-07
19,learned,72,260.0,14,20,20,True,False,3.049714070620618e-06
19,learned,73,270.0,13,20,20,True,False,5.650648390929463e-07
19,learned,74,260.0,14,20,20,True,False,3.049714070620618e-06
19,learned,75,270.0,13,20,20,True,False,5.650648390929463e-07
19,learned,76,260.0,14,20,20,True,False,3.049714070620618e-06
19,learned,77,270.0,13,20,20,True,False,5.650648390929463e-07
19,learned,78,260.0,14,20,20,True,False,3.049714070620618e-06
19,learned,79,270.0,13,20,20,True,False,5.650648390929463e-07
19,learned,80,260.0,14,20,20,True,False,3.049714070620618e-06
19,learned,81,270.0,13,20,20,True,False,5.650648390929463e-07
19,learned,82,260.0,14,20,20,True,False,3.049714070620618e-06
19,learned,83,270.0,13,20,20,True,False,5.650648390929463e-07
19,learned,84,260.0,14,20,20,True,False,3.049714070620618e-06
19,learned,85,270.0,13,20,20,True,False,5.650648390929463e-07
19,learned,86,260.0,14,20,20,True,False,3.049714070620618e-06
19,learned,87,270.0,13,20,20,True,False,5.650648390929463e-07
19,learned,88,260.0,14,20,20,True,False,3.049714070620618e-06
19,learned,89,270.0,13,20,20,True,False,5.650648390929463e-07
19,learned,90,260.0,14,20,20,True,False,3.049714070620618e-06
19,learned,91,270.0,13,20,20,True,False,5.650648390929463e-07
19,learned,92,260.0,14,20,20,True,False,3.049714070620618e-06
19,learned,93,270.0,13,20,20,True,False,5.650648390929463e-07
19,learned,94,260.0,14,20,20,True,False,3.049714070620618e-06
19,learned,95,270.0,13,20,20,True,False,5.650648390929463e-07
19,learned,96,260.0,14,20,20,True,False,3.049714070620618e-06
19,learned,97,270.0,13,20,20,True,False,5.650648390929463e-07
19,learned,98,260.0,14,20,20,True,False,3.049714070620618e-06
19,learned,99,270.0,13,20,20,True,False,5.650648390929463e-07
19,learned,100,260.0,14,20,20,True,False,3.049714070620618e-06
19,learned,101,270.0,13,20,20,True,False,5.650648390929463e-07
19,learned,102,260.0,14,20,20,True,False,3.049714070620618e-06
19,learned,103,270.0,13,20,20,True,False,5.650648390929463e-07
19,learned,104,260.0,14,20,20,True,False,3.049714070620618e-06
19,learned,105,270.0,13,20,20,True,False,5.650648390929463e-07
19,learned,106,260.0,14,20,20,True,False,3.049714070620618e-06
19,learned,107,270.0,13,20,20,True,False,5.650648390929463e-07
19,learned,108,260.0,14,20,20,True,False,3.049714070620618e-06
19,learned,109,270.0,13,20,20,True,False,5.650648390929463e-07
19,learned,110,260.0,14,20,20,True,False,3.049714070620618e-06
19,learned,111,270.0,13,20,20,True,False,5.650648390929463e-07
19,learned,112,260.0,14,20,20,True,False,3.049714070620618e-06
19,learned,113,270.0,13,20,20,True,False,5.650648390929463e-07
19,learned,114,260.0,14,20,20,True,False,3.049714070620618e-06
19,learned,115,270.0,13,20,20,True,False,5.650648390929463e-07
19,learned,116,260.0,14,20,20,True,False,3.049714070620618e-06
19,learned,117,270.0,13,20,20,True,False,5.650648390929463e-07
19,learned,118,260.0,14,20,20,True,False,3.049714070620618e-06
19,learned,119,270.0,13,20,20,True,False,5.650648390929463e-07
19,learned,120,260.0,14,20,20,True,False,3.049714070620618e-06
19,learned,121,270.0,13,20,20,True,False,5.650648390929463e-07
19,learned,122,260.0,14,20,20,True,False,3.049714070620618e-06
19,learned,123,270.0,13,20,20,True,False,5.650648390929463e-07
19,learned,124,260.0,14,20,20,True,False,3.049714070620618e-06
19,learned,125,270.0,13,20,20,True,False,5.650648390929463e-07
19,learned,126,260.0,14,20,20,True,False,3.049714070620618e-06
19,learned,127,270.0,13,20,20,True,False,5.650648390929463e-07
19,learned,128,260.0,14,20,20,True,False,3.049714070620618e-06
19,learned,129,270.0,13,20,20,True,False,5.650648390929463e-07
19,learned,130,260.0,14,20,20,True,False,3.049714070620618e-06
19,learned,131,270.0,13,20,20,True,False,5.650648390929463e-07
19,learned,132,260.0,14,20,20,True,False,3.049714070620618e-06
19,learned,133,270.0,13,20,20,True,False,5.650648390929463e-07
19,learned,134,260.0,14,20,20,True,False,3.049714070620618e-06
19,learned,135,270.0,13,20,20,True,False,5.650648390929463e-07
19,learned,136,260.0,14,20,20,True,False,3.049714070620618e-06
19,learned,137,270.0,13,20,20,True,False,5.650648390929463e-07
19,learned,138,260.0,14,20,20,True,False,3.049714070620618e-06
19,learned,139,270.0,13,20,20,True,False,5.650648390929463e-07
19,learned,140,260.0,14,20,20,True,False,3.049714070620618e-06
19,learned,141,270.0,13,20,20,True,False,5.650648390929463e-07
19,learned,142,260.0,14,20,20,True,False,3.049714070620618e-06
19,learned,143,270.0,13,20,20,True,False,5.650648390929463e-07
19,learned,144,260.0,14,20,20,True,False,3.049714070620618e-06
19,learned,145,270.0,13,20,20,True,False,5.650648390929463e-07
19,learned,146,260.0,14,20,20,True,False,3.049714070620618e-06
19,learned,147,270.0,13,20,20,True,False,5.650648390929463e-07
19,learned,148,260.0,14,20,20,True,False,3.049714070620618e-06
19,learned,149,270.0,13,20,20,True,False,5.650648390929463e-07
19,learned,150,260.0,14,20,20,True,False,3.049714070620618e-06
19,learned,151,270.0,13,20,20,True,False,5.650648390929463e-07
19,learned,152,260.0,14,20,20,True,False,3.049714070620618e-06
19,learned,153,270.0,13,20,20,True,False,5.650648390929463e-07
19,learned,154,260.0,14,20,20,True,False,3.049714070620618e-06
19,learned,155,270.0,13,20,20,True,False,5.650648390929463e-07
19,learned,156,260.0,14,20,20,True,False,3.049714070620618e-06
19,learned,157,270.0,13,20,20,True,False,5.650648390929463e-07
19,learned,158,260.0,14,20,20,True,False,3.049714070620618e-06
19,learned,159,270.0,13,20,20,True,False,5.650648390929463e-07
19,learned,160,260.0,14,20,20,True,False,3.049714070620618e-06
19,learned,161,270.0,13,20,20,True,False,5.650648390929463e-07
19,learned,162,260.0,14,20,20,True,False,3.049714070620618e-06
19,learned,163,270.0,13,20,20,True,False,5.650648390929463e-07
19,learned,164,260.0,14,20,20,True,False,3.049714070620618e-06
19,learned,165,270.0,13,20,20,True,False,5.650648390929463e-07
19,learned,166,260.0,14,20,20,True,False,3.049714070620618e-06
19,learned,167,270.0,13,20,20,True,False,5.650648390929463e-07
19,learned,168,260.0,14,20,20,True,False,3.049714070620618e-06
19,learned,169,270.0,13,20,20,True,False,5.650648390929463e-07
19,learned,170,260.0,14,20,20,True,False,3.049714070620618e-06
19,learned,171,270.0,13,20,20,True,False,5.650648390929463e-07
19,learned,172,260.0,14,20,20,True,False,3.049714070620618e-06
19,learned,173,270.0,13,20,20,True,False,5.650648390929463e-07
19,learned,174,260.0,14,20,20,True,False,3.049714070620618e-06
19,learned,175,270.0,13,20,20,True,False,5.650648390929463e-07
19,learned,176,260.0,14,20,20,True,False,3.049714070620618e-06
19,learned,177,270.0,13,20,20,True,False,5.650648390929463e-07
19,learned,178,260.0,14,20,20,True,False,3.049714070620618e-06
19,learned,179,270.0,13,20,20,True,False,5.650648390929463e-07
19,learned,180,260.0,14,20,20,True,False,3.049714070620618e-06
19,learned,181,270.0,13,20,20,True,False,5.650648390929463e-07
19,learned,182,260.0,14,20,20,True,False,3.049714070620618e-06
19,learned,183,270.0,13,20,20,True,False,5.650648390929463e-07
19,learned,184,260.0,14,20,20,True,False,3.049714070620618e-06
19,learned,185,270.0,13,20,20,True,False,5.650648390929463e-07
19,learned,186,260.0,14,20,20,True,False,3.049714070620618e-06
19,learned,187,270.0,13,20,20,True,False,5.650648390929463e-07
19,learned,188,260.0,14,20,20,True,False,3.049714070620618e-06
19,learned,189,270.0,13,20,20,True,False,5.650648390929463e-07
19,learned,190,260.0,14,20,20,True,False,3.049714070620618e-06
19,learned,191,270.0,13,20,20,True,False,5.650648390929463e-07
19,learned,192,260.0,14,20,20,True,False,3.049714070620618e-06
19,learned,193,270.0,13,20,20,True,False,5.650648390929463e-07
19,learned,194,260.0,14,20,20,True,False,3.049714070620618e-06
19,learned,195,270.0,13,20,20,True,False,5.650648390929463e-07
19,learned,196,260.0,14,20,20,True,False,3.049714070620618e-06
19,learned,197,270.0,13,20,20,True,False,5.650648390929463e-07
19,learned,198,260.0,14,20,20,True,False,3.049714070620618e-06
19,learned,199,270.0,13,20,20,True,False,5.650648390929463e-07
19,learned,200,260.0,14,20,20,True,False,3.049714070620618e-06
